"","id_acidente","codloga","logradouroA","codlogb","logradouroB","alt_num","referencia","data","cod_acid","tipo_acidente","dp","numero_BO","sentido","pista","automovel","moto","onibus","caminhao","bicicleta","moto_taxi","onibus_fretado","onibus_urbano","microonibus","van","vuc","caminhonete","carreta","jipe","outros","sem_informacao","carroca","princ_a","paiA","princ_b","paiB","cod_distrito","distrito","vit_ferida","vit_morta","local","lat","lon"
"173","D011300380",14447,"NAZARE PAULISTA, RUA",16096,"PEREIRA LEITE, RUA",0,"","05/01/2013 15:00",2,"CL",14,118," "," ",1,0,0,0,1,0,0,0,0,0,0,0,0,0,0,0,0,14447,"NAZARE PAULISTA, RUA",16096,"PEREIRA LEITE, RUA",2,"ALTO DE PINHEIR",1,0,"NAZARE PAULISTA, RUA SAO PAULO SP &  PEREIRA LEITE, RUA SAO PAULO SP",-23.5457223,-46.6999026
"174","D011301165",15507,"TEOTONIO VILELA, AV SEN",NA,"",1600,"","05/01/2013 15:30",2,"CO",48,150," "," ",0,1,0,0,0,0,0,0,0,0,0,1,0,0,0,0,0,15507,"TEOTONIO VILELA, AV SEN",NA,"",23,"CIDADE DUTRA",2,0,"TEOTONIO VILELA, AV SEN 1600 SAO PAULO SP",-23.7153724,-46.6991164
"175","D011301485",4936,"CEMBIRA, RUA",NA,"",495,"","05/01/2013 16:00",2,"CT",67,216,"C"," ",1,1,0,0,0,0,0,0,0,0,0,0,0,0,0,0,0,4936,"CEMBIRA, RUA",NA,"",86,"VILA CURUCA",1,0,"CEMBIRA, RUA 495 SAO PAULO SP",-23.5005033,-46.4272748
"176","D011300353",2235,"ARMANDO DE ARRUDA PEREIRA, AV ENG",NA,"",5562,"","05/01/2013 16:50",2,"CH",97,46," "," ",1,0,0,1,0,0,0,0,0,0,0,0,0,0,0,0,0,2235,"ARMANDO DE ARRUDA PEREIRA, AV ENG",NA,"",37,"JABAQUARA",1,0,"ARMANDO DE ARRUDA PEREIRA, AV ENG 5562 SAO PAULO SP",-23.67456,-46.6308304
"177","D011300497",11699,"LEITAO DA CUNHA, RUA PROF",NA,"",1120,"","05/01/2013 17:30",2,"CO",37,133," "," ",1,1,0,0,0,0,0,0,0,0,0,0,0,0,0,0,0,11699,"LEITAO DA CUNHA, RUA PROF",NA,"",17,"CAMPO LIMPO",1,0,"LEITAO DA CUNHA, RUA PROF 1120 SAO PAULO SP",-23.6352135,-46.7529431
"178","D011300784",15188,"OTAVIANO ALVES DE LIMA, AV",NA,"",100,"","05/01/2013 18:30",2,"QM",28,613," "," ",0,1,0,0,0,0,0,0,0,0,0,0,0,0,0,0,0,29772,"MARGINAL DO RIO TIETE, AV",NA,"",23,"CIDADE DUTRA",1,0,"OTAVIANO ALVES DE LIMA, AV 100 SAO PAULO SP",-23.5077262,-46.6913919
"180","D011301646",17824,"SAPOPEMBA, AV",NA,"",9700,"","05/01/2013 19:00",2,"CO",70,118," "," ",1,0,0,0,1,0,0,0,0,0,0,0,0,0,0,0,0,17824,"SAPOPEMBA, AV",NA,"",33,"IPIRANGA",1,0,"SAPOPEMBA, AV 9700 SAO PAULO SP",-23.6061739,-46.5079984
"181","D011301363",16667,"PROVINCIAS, RUA DAS",13881,"MIGUEL, AV S",0,"","05/01/2013 19:04",2,"CO",24,175," "," ",0,1,0,0,0,0,0,0,0,0,0,1,0,0,0,0,0,13881,"MIGUEL, AV S",16667,"PROVINCIAS, RUA DAS",60,"PENHA",1,0,"PROVINCIAS, RUA DAS SAO PAULO SP &  MIGUEL, AV S SAO PAULO SP",-23.5181373,-46.5216592
"182","D011300228",11913,"LINO COUTINHO, RUA",11952,"LOBO, RUA ALM",0,"","05/01/2013 20:30",2,"CO",17,129," "," ",1,1,0,0,0,0,0,0,0,0,0,0,0,0,0,0,0,11913,"LINO COUTINHO, RUA",11952,"LOBO, RUA ALM",33,"IPIRANGA",1,0,"LINO COUTINHO, RUA SAO PAULO SP &  LOBO, RUA ALM SAO PAULO SP",-23.5888051,-46.6027546
"183","D011300940",4128,"CANGAIBA, AV",19757,"VINTE E QUATRO DE FEVEREIRO, AV",0,"","05/01/2013 21:00",4,"AT",10,195," "," ",0,1,0,0,0,0,0,0,0,0,0,0,0,0,0,0,0,4128,"CANGAIBA, AV",19757,"VINTE E QUATRO DE FEVEREIRO, AV",18,"CANGAIBA",2,0,"CANGAIBA, AV SAO PAULO SP &  VINTE E QUATRO DE FEVEREIRO, AV SAO PAULO SP",-23.5109823,-46.5426667
"184","D011301251",6090,"PAULINO VITAL DE MORAIS, RUA",NA,"",492,"","05/01/2013 22:40",2,"QM",92,900003," "," ",0,1,0,0,0,0,0,0,0,0,0,0,0,0,0,0,0,6090,"PAULINO VITAL DE MORAIS, RUA",NA,"",17,"CAMPO LIMPO",1,0,"PAULINO VITAL DE MORAIS, RUA 492 SAO PAULO SP",-23.6626317,-46.7631296
"186","D011301364",17424,"ROSA MENDES, RUA",NA,"",609,"","05/01/2013 23:00",2,"SI",24,185," "," ",1,1,0,0,0,0,0,0,0,0,0,0,0,0,0,0,0,17424,"ROSA MENDES, RUA",NA,"",49,"LIBERDADE",1,0,"ROSA MENDES, RUA 609 SAO PAULO SP",-23.5079713,-46.4957243
"187","D011301708",24338,"LUIZ IGNACIO ANHAIA MELLO, AV PROF",NA,"",2253,"","05/01/2013 23:01",2,"CL",56,91,"B"," ",0,1,1,0,0,0,0,0,0,0,0,0,0,0,0,0,0,24338,"LUIZ IGNACIO ANHAIA MELLO, AV PROF",NA,"",26,"CONSOLACAO",0,1,"LUIZ IGNACIO ANHAIA MELLO, AV PROF 2253 SAO PAULO SP",-23.5826248,-46.5702091
"188","D011301398",21457,"DECIO DE TOLEDO LEITE, AV DR",NA,"",278,"","05/01/2013 23:05",2,"CL",50,223,"B"," ",0,1,0,0,0,0,0,1,0,0,0,0,0,0,0,0,0,21457,"DECIO DE TOLEDO LEITE, AV DR",NA,"",54,"MOOCA",2,0,"DECIO DE TOLEDO LEITE, AV DR 278 SAO PAULO SP",-23.4871479,-46.3825595
"189","D011301346",60426,"ALMECEGUEIRAS, RUA",NA,"",1,"","06/01/2013 00:20",4,"AT",22,128," "," ",0,1,0,0,0,0,0,0,0,0,0,0,0,0,0,0,0,60426,"ALMECEGUEIRAS, RUA",NA,"",53,"MOEMA",1,0,"ALMECEGUEIRAS, RUA 1 SAO PAULO SP",-23.5126122,-46.4436668
"190","D011301029",19319,"UHLAND, RUA",NA,"",486,"","06/01/2013 00:56",2,"QM",42,93," "," ",0,1,0,0,0,0,0,0,0,0,0,0,0,0,0,0,0,19319,"UHLAND, RUA",NA,"",56,"PARELHEIROS",1,0,"UHLAND, RUA 486 SAO PAULO SP",-23.589437,-46.5390235
"192","D011301214",2758,"BALTAZAR DE SA, RUA",NA,"",123,"","06/01/2013 01:10",2,"CO",92,218," "," ",1,1,0,0,0,0,0,0,0,0,0,0,0,0,0,0,0,2758,"BALTAZAR DE SA, RUA",NA,"",32,"IGUATEMI",1,0,"BALTAZAR DE SA, RUA 123 SAO PAULO SP",-23.6729128,-46.7451493
"193","D011300881",15425,"CANTIDIO SAMPAIO, AV DEP",NA,"",2971,"","06/01/2013 01:30",2,"QM",72,967," "," ",1,1,0,0,0,0,0,0,0,0,0,0,0,0,0,0,0,15425,"CANTIDIO SAMPAIO, AV DEP",NA,"",41,"JARAGUA",1,0,"CANTIDIO SAMPAIO, AV DEP 2971 SAO PAULO SP",-23.4590492,-46.6897715
"194","D011301347",30231,"PARMENIDES, RUA",11542,"NORDESTINA, AV",0,"","06/01/2013 02:00",4,"AT",22,132," "," ",0,0,0,0,0,0,0,0,0,0,0,0,0,0,0,1,0,11542,"NORDESTINA, AV",30231,"PARMENIDES, RUA",NA,"",1,0,"PARMENIDES, RUA SAO PAULO SP &  NORDESTINA, AV SAO PAULO SP",-23.5074931,-46.4374693
"195","D011301548",99397,"SAUDADE PASSAGEIRA, TR",46250,"MENINA DE TRANCA, TR",0,"","06/01/2013 02:30",4,"AT",49,1551," "," ",0,1,0,0,0,0,0,0,0,0,0,0,0,0,0,0,0,46250,"MENINA DE TRANCA, TR",99397,"SAUDADE PASSAGEIRA, TR",32,"IGUATEMI",1,0,"SAUDADE PASSAGEIRA, TR SAO PAULO SP &  MENINA DE TRANCA, TR SAO PAULO SP",-23.6062492,-46.4491136
"196","D011301182",20048,"YERVANT KISSAJIKIAN, AV",NA,"",3000,"","06/01/2013 02:39",2,"CF",80,115," "," ",1,1,0,0,0,0,0,0,0,0,0,0,0,0,0,0,0,20048,"YERVANT KISSAJIKIAN, AV",NA,"",29,"FREGUESIA DO O",1,0,"YERVANT KISSAJIKIAN, AV 3000 SAO PAULO SP",-23.6810934,-46.6537825
"197","D011300551",3937,"CAMARGO, RUA",NA,"",123,"","06/01/2013 03:30",2,"CO",51,109," "," ",1,1,0,0,0,0,0,0,0,0,0,0,0,0,0,0,0,3937,"CAMARGO, RUA",NA,"",12,"BUTANTA",1,0,"CAMARGO, RUA 123 SAO PAULO SP",-23.5725197,-46.7097554
"199","D011301255",20048,"YERVANT KISSAJIKIAN, AV",NA,"",3726,"","06/01/2013 07:30",2,"CO",98,214," "," ",1,1,0,0,0,0,0,0,0,0,0,0,0,0,0,0,0,20048,"YERVANT KISSAJIKIAN, AV",NA,"",29,"FREGUESIA DO O",1,0,"YERVANT KISSAJIKIAN, AV 3726 SAO PAULO SP",-23.6850119,-46.6476732
"201","D011300624",1687,"ANTONIO DE SALLES PENTEADO, AV",NA,"",192,"","06/01/2013 08:15",4,"AT",89,900004," "," ",1,0,0,0,0,0,0,0,0,0,0,0,0,0,0,0,0,1687,"ANTONIO DE SALLES PENTEADO, AV",NA,"",NA,"",1,0,"ANTONIO DE SALLES PENTEADO, AV 192 SAO PAULO SP",-23.6101125,-46.751121
"202","D011301256",5606,"CUPECE, AV",NA,"",2875,"","06/01/2013 08:28",2,"CT",98,217," "," ",1,1,0,0,0,0,0,0,0,0,0,0,0,0,0,0,0,5606,"CUPECE, AV",NA,"",22,"CIDADE ADEMAR",2,0,"CUPECE, AV 2875 SAO PAULO SP",-23.6654527,-46.6576321
"203","D011300318",13915,"MIGUEL ESTEFANO, AV",8757,"HERMOGENES, RUA S",0,"","06/01/2013 10:30",2,"CF",83,124," "," ",1,1,0,0,0,0,0,0,0,0,0,0,0,0,0,0,0,8757,"HERMOGENES, RUA S",13915,"MIGUEL ESTEFANO, AV",27,"CURSINO",2,0,"MIGUEL ESTEFANO, AV SAO PAULO SP &  HERMOGENES, RUA S SAO PAULO SP",-23.6508594,-46.6210807
"204","D011301443",62147,"FRUTA-DO-PARAISO, RUA",NA,"",10,"","06/01/2013 11:50",4,"AT",63,146," "," ",0,0,1,0,0,0,0,0,0,0,0,0,0,0,0,0,0,62147,"FRUTA-DO-PARAISO, RUA",NA,"",53,"MOEMA",1,0,"FRUTA-DO-PARAISO, RUA 10 SAO PAULO SP",-23.5104003,-46.4530308
"205","D011300463",855,"ALVARENGA, RUA",NA,"",260,"","06/01/2013 12:00",2,"CO",34,136," "," ",1,1,0,0,0,0,0,0,0,0,0,0,0,0,0,0,0,855,"ALVARENGA, RUA",NA,"",55,"MORUMBI",1,0,"ALVARENGA, RUA 260 SAO PAULO SP",-23.5788677,-46.7080012
"206","D011300326",1247,"ANCHIETA, VIA",NA,"",413,"","06/01/2013 12:20",2,"CT",95,127," "," ",1,0,0,0,0,0,0,1,0,0,0,0,0,0,0,0,0,1247,"ANCHIETA, VIA",NA,"",33,"IPIRANGA",3,0,"ANCHIETA, VIA 413 SAO PAULO SP",-23.6057906,-46.5993587
"207","D011300691",6515,"EPAMINONDAS MELO DO AMARAL, RUA",NA,"",620,"","06/01/2013 12:50",2,"CP",13,175," "," ",1,0,0,0,0,0,0,0,0,0,0,0,0,0,0,0,0,6515,"EPAMINONDAS MELO DO AMARAL, RUA",NA,"",21,"CASA VERDE",2,0,"EPAMINONDAS MELO DO AMARAL, RUA 620 SAO PAULO SP",-23.4854586,-46.6590905
"208","D011300824",19201,"TUCURUVI, AV",NA,"",900,"","06/01/2013 13:30",2,"CL",39,191," "," ",0,1,0,0,0,0,0,0,0,0,0,1,0,0,0,0,0,19201,"TUCURUVI, AV",NA,"",22,"CIDADE ADEMAR",1,0,"TUCURUVI, AV 900 SAO PAULO SP",-23.4815296,-46.6033909
"210","D011300420",2476,"ATILIO INNOCENTI, RUA PROF",NA,"",165,"","06/01/2013 14:25",2,"CH",15,120," "," ",3,0,0,0,0,0,0,0,0,0,0,0,0,0,0,0,0,2476,"ATILIO INNOCENTI, RUA PROF",NA,"",34,"ITAIM BIBI",1,0,"ATILIO INNOCENTI, RUA PROF 165 SAO PAULO SP",-23.5887348,-46.6809394
"211","D011300379",33683,"PAULO VI, AV",11935,"LISBOA, RUA",0,"","06/01/2013 14:47",2,"CO",14,116," "," ",1,1,0,0,0,0,0,0,0,0,0,0,0,0,0,0,0,11935,"LISBOA, RUA",33683,"PAULO VI, AV",63,"PINHEIROS",2,0,"PAULO VI, AV SAO PAULO SP &  LISBOA, RUA SAO PAULO SP",-23.5521173,-46.6784213
"212","D011300766",17295,"RODRIGUES, RUA DOS",NA,"",481,"","06/01/2013 15:00",2,"CO",28,183," "," ",1,1,0,0,0,0,0,0,0,0,0,0,0,0,0,0,0,17295,"RODRIGUES, RUA DOS",NA,"",50,"LIMAO",1,0,"RODRIGUES, RUA DOS 481 SAO PAULO SP",-23.4922345,-46.6833033
"213","D011301430",62008,"BELISARIO BENITEZ, RUA",NA,"",60,"","06/01/2013 15:30",2,"QM",62,214," "," ",0,1,0,0,0,0,0,0,0,0,0,0,0,0,0,0,0,62008,"BELISARIO BENITEZ, RUA",NA,"",49,"LIBERDADE",1,0,"BELISARIO BENITEZ, RUA 60 SAO PAULO SP",-23.4858919,-46.4867591
"214","D011301143",20543,"ALTO DE VILA PIRAJUSSARA, AV",NA,"",726,"","06/01/2013 15:40",2,"CT",47,248," "," ",1,1,0,0,0,0,0,0,0,0,0,0,0,0,0,0,0,20543,"ALTO DE VILA PIRAJUSSARA, AV",NA,"",29,"FREGUESIA DO O",1,0,"ALTO DE VILA PIRAJUSSARA, AV 726 SAO PAULO SP",-23.6505046,-46.7837911
"215","D011300388",17590,"SAGARANA, RUA",NA,"",82,"","06/01/2013 17:00",4,"AT",14,223," "," ",1,0,0,0,0,0,0,0,0,0,0,0,0,0,0,0,0,17590,"SAGARANA, RUA",NA,"",39,"JAGUARA",1,0,"SAGARANA, RUA 82 SAO PAULO SP",-23.555979,-46.6981717
"216","D011301387",2516,"AUGUSTO CARLOS BAUMAN, RUA",NA,"",591,"","06/01/2013 17:30",2,"CF",32,151," "," ",1,1,0,0,0,0,0,0,0,0,0,0,0,0,0,0,0,2516,"AUGUSTO CARLOS BAUMAN, RUA",NA,"",36,"ITAQUERA",1,0,"AUGUSTO CARLOS BAUMAN, RUA 591 SAO PAULO SP",-23.5331757,-46.4490259
"217","D011301314",15507,"TEOTONIO VILELA, AV SEN",NA,"",7000,"","06/01/2013 19:10",4,"AT",101,153," "," ",1,0,0,0,0,0,0,0,0,0,0,0,0,0,0,0,0,15507,"TEOTONIO VILELA, AV SEN",NA,"",23,"CIDADE DUTRA",1,0,"TEOTONIO VILELA, AV SEN 7000 SAO PAULO SP",-23.7567074,-46.7140567
"218","D011301575",99894,"CACHOEIRA MORENA, RUA",NA,"",832,"","06/01/2013 19:28",4,"AT",54,274," "," ",1,0,0,0,0,0,0,0,0,0,0,0,0,0,0,0,0,99894,"CACHOEIRA MORENA, RUA",NA,"",25,"CIDADE TIRADENT",1,0,"CACHOEIRA MORENA, RUA 832 SAO PAULO SP",-23.5737905,-46.4014604
"219","D011301257",12196,"ESTRELA SOLITARIA, RUA",NA,"",176,"","06/01/2013 19:28",4,"AT",98,231," "," ",0,1,0,0,0,0,0,0,0,0,0,0,0,0,0,0,0,12196,"ESTRELA SOLITARIA, RUA",NA,"",29,"FREGUESIA DO O",1,0,"ESTRELA SOLITARIA, RUA 176 SAO PAULO SP",-23.6845889,-46.6426362
"220","D011301554",46936,"JACU-PESSEGO/NOVA TRABALHADORE, AV",NA,"",15000,"","06/01/2013 21:30",2,"CO",53,131," "," ",1,0,0,0,0,0,0,0,1,0,0,0,0,0,0,0,0,46936,"JACU-PESSEGO/NOVA TRABALHADORE, AV",NA,"",46,"JOSE BONIFACIO",1,0,"JACU-PESSEGO/NOVA TRABALHADORE, AV 15000 SAO PAULO SP",-23.556921,-46.4453943
"221","D011300201",9715,"JABAQUARA, AV",NA,"",1259,"","06/01/2013 22:16",4,"AT",16,213,"C"," ",0,0,0,0,0,0,0,1,0,0,0,0,0,0,0,0,0,9715,"JABAQUARA, AV",NA,"",79,"SAUDE",1,0,"JABAQUARA, AV 1259 SAO PAULO SP",-23.61536,-46.6384265
"222","D011300474",16337,"ELISEU DE ALMEIDA, AV",11612,"LAUDO FERREIRA DE CAMARGO, AV MIN",0,"","07/01/2013 00:29",2,"CH",34,393," "," ",1,0,0,0,0,0,0,0,0,0,0,0,0,0,0,0,0,11612,"LAUDO FERREIRA DE CAMARGO, AV MIN",16337,"ELISEU DE ALMEIDA, AV",96,"VILA SONIA",1,0,"ELISEU DE ALMEIDA, AV SAO PAULO SP &  LAUDO FERREIRA DE CAMARGO, AV MIN SAO PAULO SP",-23.580821,-46.721895
"223","D011301576",45523,"IGARAPE DA MISSAO, RUA",NA,"",663,"","07/01/2013 01:16",2,"QM",54,281," "," ",0,1,0,0,0,0,0,0,0,0,0,0,0,0,0,0,0,45523,"IGARAPE DA MISSAO, RUA",NA,"",25,"CIDADE TIRADENT",1,0,"IGARAPE DA MISSAO, RUA 663 SAO PAULO SP",-23.5941638,-46.412579
"224","D011300381",16919,"REBOUCAS, AV",NA,"",623,"","07/01/2013 01:50",2,"SI",14,163," "," ",2,1,0,0,0,0,0,0,0,0,0,0,0,0,0,0,0,16919,"REBOUCAS, AV",NA,"",44,"JARDIM PAULISTA",1,0,"REBOUCAS, AV 623 SAO PAULO SP",-23.5590312,-46.669182
"225","D011301207",12134,"ANTONIO RAMOS ROSA, RUA",NA,"",188,"","07/01/2013 06:02",4,"AT",92,84," "," ",0,1,0,0,0,0,0,0,0,0,0,0,0,0,0,0,0,12134,"ANTONIO RAMOS ROSA, RUA",NA,"",45,"JARDIM SAO LUIS",1,0,"ANTONIO RAMOS ROSA, RUA 188 SAO PAULO SP",-23.6614529,-46.7497094
"226","D011300520",35449,"BANDEIRANTES, VIA DOS",NA,"",23000,"","07/01/2013 06:24",2,"CT",46,89," "," ",1,0,0,0,0,0,0,0,0,0,0,1,0,0,0,0,0,35449,"BANDEIRANTES, VIA DOS",NA,"",64,"PIRITUBA",1,0,"BANDEIRANTES, VIA DOS 23000 SAO PAULO SP",-23.5962255,-46.6921266
"227","D011300904",36927,"SAVERIO VALENTE, RUA",NA,"",42,"","07/01/2013 06:40",2,"CH",74,76," "," ",0,1,0,0,0,0,0,0,0,0,0,0,0,0,0,0,0,36927,"SAVERIO VALENTE, RUA",NA,"",52,"MARSILAC",1,0,"SAVERIO VALENTE, RUA 42 SAO PAULO SP",-23.4414673,-46.7380882
"228","D011300715",16496,"PORANGATU, RUA",NA,"",320,"","07/01/2013 07:19",2,"CH",19,60," "," ",1,0,0,0,0,0,0,0,0,0,0,0,0,0,0,0,0,16496,"PORANGATU, RUA",NA,"",36,"ITAQUERA",1,0,"PORANGATU, RUA 320 SAO PAULO SP",-23.5048876,-46.5904215
"229","D011301208",2208,"ARISTODEMO GAZZOTTI, RUA",NA,"",500,"","07/01/2013 07:25",2,"CH",92,89," "," ",0,1,0,0,0,0,0,0,0,0,0,0,0,0,0,0,0,2208,"ARISTODEMO GAZZOTTI, RUA",NA,"",45,"JARDIM SAO LUIS",1,0,"ARISTODEMO GAZZOTTI, RUA 500 SAO PAULO SP",-23.6468331,-46.7403664
"230","D011300056",5245,"CONSOLACAO, RUA DA",NA,"",2195,"","07/01/2013 07:46",2,"CO",4,127," "," ",1,1,0,0,0,0,0,0,0,0,0,0,0,0,0,0,0,5245,"CONSOLACAO, RUA DA",NA,"",26,"CONSOLACAO",1,0,"CONSOLACAO, RUA DA 2195 SAO PAULO SP",-23.5540868,-46.6608437
"231","D011301611",9580,"ITAQUERA, AV",NA,"",2100,"","07/01/2013 07:50",2,"CO",66,83," "," ",0,1,0,0,0,0,0,0,0,0,0,0,0,0,0,1,0,9580,"ITAQUERA, AV",NA,"",24,"CIDADE LIDER",1,0,"ITAQUERA, AV 2100 SAO PAULO SP",-23.5489318,-46.5054045
"233","D011300658",36061,"LUIZ DUMONT VILLARES, AV",NA,"",707,"","07/01/2013 08:00",2,"CO",9,128," "," ",1,1,0,0,0,0,0,0,0,0,0,0,0,0,0,0,0,36061,"LUIZ DUMONT VILLARES, AV",NA,"",22,"CIDADE ADEMAR",1,0,"LUIZ DUMONT VILLARES, AV 707 SAO PAULO SP",-23.4955522,-46.6121088
"234","D011300087",19583,"VERGUEIRO, RUA",NA,"",1835,"","07/01/2013 08:30",2,"CO",5,231," "," ",1,0,0,0,1,0,0,0,0,0,0,0,0,0,0,0,0,19583,"VERGUEIRO, RUA",NA,"",33,"IPIRANGA",1,0,"VERGUEIRO, RUA 1835 SAO PAULO SP",-23.5784746,-46.6401388
"235","D011301277",9220,"INTERLAGOS, AV",19931,"WASHINGTON LUIS, AV",0,"","07/01/2013 08:30",4,"AT",99,62," "," ",1,0,0,0,0,0,0,0,0,0,0,0,0,0,0,0,0,9220,"INTERLAGOS, AV",19931,"WASHINGTON LUIS, AV",72,"SANTO AMARO",1,0,"INTERLAGOS, AV SAO PAULO SP &  WASHINGTON LUIS, AV SAO PAULO SP",-23.6872639,-46.6953006
"236","D011301090",6238,"NACOES UNIDAS, AV DAS",NA,"",18700,"","07/01/2013 08:40",2,"CO",11,198," "," ",1,1,0,0,0,0,0,0,0,0,0,0,0,0,0,0,0,13014,"MARGINAL DO RIO PINHEIROS, AV",NA,"",90,"VILA LEOPOLDINA",1,0,"NACOES UNIDAS, AV DAS 18700 SAO PAULO SP",-23.6791499,-46.6960713
"237","D011300762",3771,"INAJAR DE SOUZA, AV",NA,"",1067,"","07/01/2013 09:00",2,"CO",28,89," "," ",1,1,0,0,0,0,0,0,0,0,0,0,0,0,0,0,0,3771,"INAJAR DE SOUZA, AV",NA,"",50,"LIMAO",2,0,"INAJAR DE SOUZA, AV 1067 SAO PAULO SP",-23.4962025,-46.6846757
"238","D011300283",449,"ALBA, RUA",NA,"",998,"","07/01/2013 09:30",2,"CO",35,170," "," ",1,1,0,0,0,0,0,0,0,0,0,0,0,0,0,0,0,449,"ALBA, RUA",NA,"",37,"JABAQUARA",1,0,"ALBA, RUA 998 SAO PAULO SP",-23.6448584,-46.6585556
"239","D011300057",16957,"REGO FREITAS, RUA",NA,"",377,"","07/01/2013 09:50",4,"AT",4,135," "," ",1,0,0,0,0,0,0,0,0,0,0,0,0,0,0,0,0,16957,"REGO FREITAS, RUA",NA,"",7,"BELA VISTA",1,0,"REGO FREITAS, RUA 377 SAO PAULO SP",-23.545209,-46.6466112
"240","D011301015",12381,"LUTECIA, RUA",14861,"ODETE GOMES BARRETO, RUA",0,"","07/01/2013 10:00",2,"CO",31,111," "," ",1,0,0,0,0,0,0,0,0,0,0,1,0,0,0,0,0,12381,"LUTECIA, RUA",14861,"ODETE GOMES BARRETO, RUA",20,"CARRAO",1,0,"LUTECIA, RUA SAO PAULO SP &  ODETE GOMES BARRETO, RUA SAO PAULO SP",-23.5444849,-46.5394152
"241","D011300142",10177,"JOAO BOEMER, RUA",6432,"EMIDIO PIEDADE, RUA CEL",0,"","07/01/2013 10:47",2,"CO",12,110," "," ",1,1,0,0,0,0,0,0,0,0,0,0,0,0,0,0,0,6432,"EMIDIO PIEDADE, RUA CEL",10177,"JOAO BOEMER, RUA",57,"PARI",1,0,"JOAO BOEMER, RUA SAO PAULO SP &  EMIDIO PIEDADE, RUA CEL SAO PAULO SP",-23.5312342,-46.6130982
"242","D011301508",37209,"NAGIB FARAH MALUF, AV",37190,"FRANCISCO ALBANI, RUA",0,"","07/01/2013 11:00",2,"CL",103,86," "," ",1,1,0,0,0,0,0,0,0,0,0,0,0,0,0,0,0,37190,"FRANCISCO ALBANI, RUA",37209,"NAGIB FARAH MALUF, AV",46,"JOSE BONIFACIO",1,0,"NAGIB FARAH MALUF, AV SAO PAULO SP &  FRANCISCO ALBANI, RUA SAO PAULO SP",-23.5360834,-46.429702
"243","D011300763",9420,"ITABERABA, AV",NA,"",1200,"","07/01/2013 11:30",2,"CO",28,115," "," ",0,1,0,0,0,0,0,0,0,0,0,0,0,0,0,1,0,9420,"ITABERABA, AV",NA,"",29,"FREGUESIA DO O",1,0,"ITABERABA, AV 1200 SAO PAULO SP",-23.491445,-46.6950888
"245","D011301000",43408,"ABEL FERREIRA, AV VER",6932,"FEIJO, AV REG",0,"","07/01/2013 12:30",2,"CL",30,98," "," ",0,1,0,0,0,0,0,0,0,0,0,1,0,0,0,0,0,6932,"FEIJO, AV REG",43408,"ABEL FERREIRA, AV VER",87,"VILA FORMOSA",1,0,"ABEL FERREIRA, AV VER SAO PAULO SP &  FEIJO, AV REG SAO PAULO SP",-23.5650195,-46.5589073
"246","D011300999",75645,"JOAO DE OLIVEIRA TORRES, RUA PROF",78707,"ANTONIO ALVES BARRIL, RUA",0,"","07/01/2013 12:30",2,"CO",30,97," "," ",1,1,0,0,0,0,0,0,0,0,0,0,0,0,0,0,0,75645,"JOAO DE OLIVEIRA TORRES, RUA PROF",78707,"ANTONIO ALVES BARRIL, RUA",87,"VILA FORMOSA",1,0,"JOAO DE OLIVEIRA TORRES, RUA PROF SAO PAULO SP &  ANTONIO ALVES BARRIL, RUA SAO PAULO SP",-23.5577252,-46.5616055
"247","D011300002",7610,"FREDERICO ALVARENGA, RUA",NA,"",62,"","07/01/2013 13:10",2,"CO",1,154," "," ",1,1,0,0,0,0,0,0,0,0,0,0,0,0,0,0,0,7610,"FREDERICO ALVARENGA, RUA",NA,"",80,"SE",1,0,"FREDERICO ALVARENGA, RUA 62 SAO PAULO SP",-23.5498547,-46.6297457
"248","D011300790",6843,"EVARISTO ROQUE, RUA",NA,"",288,"","07/01/2013 13:26",2,"QM",38,102," "," ",0,1,0,0,0,0,0,0,0,0,0,0,0,0,0,0,0,6843,"EVARISTO ROQUE, RUA",NA,"",13,"CACHOEIRINHA",1,0,"EVARISTO ROQUE, RUA 288 SAO PAULO SP",-23.4772599,-46.6532834
"250","D011300602",13014,"MARGINAL DO RIO PINHEIROS, AV",NA,"",15000,"","07/01/2013 13:55",2,"CT",89,137," "," ",1,1,0,0,0,0,0,0,0,0,0,0,0,0,0,0,0,13014,"MARGINAL DO RIO PINHEIROS, AV",NA,"",40,"JAGUARE",2,0,"MARGINAL DO RIO PINHEIROS, AV 15000 SAO PAULO SP",-23.5604208,-46.6574734
"251","D011300816",2455,"ATALIBA LEONEL, AV GAL",NA,"",3705,"","07/01/2013 14:40",2,"CO",39,88," "," ",1,1,0,0,0,0,0,0,0,0,0,0,0,0,0,0,0,2455,"ATALIBA LEONEL, AV GAL",NA,"",88,"VILA GUILHERME",1,0,"ATALIBA LEONEL, AV GAL 3705 SAO PAULO SP",-23.4852718,-46.6040548