"","id_acidente","codloga","logradouroA","codlogb","logradouroB","alt_num","referencia","data","cod_acid","tipo_acidente","dp","numero_BO","sentido","pista","automovel","moto","onibus","caminhao","bicicleta","moto_taxi","onibus_fretado","onibus_urbano","microonibus","van","vuc","caminhonete","carreta","jipe","outros","sem_informacao","carroca","princ_a","paiA","princ_b","paiB","cod_distrito","distrito","vit_ferida","vit_morta","local","lat","lon"
"252","D011300627",14172,"MONTE PASCAL, RUA",NA,"",210,"","07/01/2013 15:00",2,"CH",91,152," "," ",1,0,0,0,0,0,0,0,0,0,0,0,0,0,0,0,0,14172,"MONTE PASCAL, RUA",NA,"",48,"LAPA",1,0,"MONTE PASCAL, RUA 210 SAO PAULO SP",-23.5194304,-46.7232663
"253","D011301499",5408,"COSME DEODATO TADEU, RUA PROF",NA,"",432,"","07/01/2013 15:00",4,"AT",68,312," "," ",0,1,0,0,0,0,0,0,0,0,0,0,0,0,0,0,0,5408,"COSME DEODATO TADEU, RUA PROF",NA,"",45,"JARDIM SAO LUIS",1,0,"COSME DEODATO TADEU, RUA PROF 432 SAO PAULO SP",-23.5444557,-46.4060595
"254","D011301514",17135,"RIO DAS PEDRAS, AV",NA,"",1033,"","07/01/2013 15:08",4,"AT",41,124," "," ",0,1,0,0,0,0,0,0,0,0,0,0,0,0,0,0,0,17135,"RIO DAS PEDRAS, AV",NA,"",27,"CURSINO",1,0,"RIO DAS PEDRAS, AV 1033 SAO PAULO SP",-23.5643395,-46.5135739
"255","D011300253",19100,"BANDEIRANTES, AV DOS",19251,"TUPINIQUINS, AL DOS",0,"","07/01/2013 15:15",2,"CO",27,220," "," ",0,1,0,1,0,0,0,0,0,0,0,0,0,0,0,0,0,19100,"BANDEIRANTES, AV DOS",19251,"TUPINIQUINS, AL DOS",15,"CAMPO BELO",1,0,"BANDEIRANTES, AV DOS SAO PAULO SP &  TUPINIQUINS, AL DOS SAO PAULO SP",-23.6016317,-46.6827292
"256","D011300990",43408,"ABEL FERREIRA, AV VER",NA,"",999,"","07/01/2013 16:28",2,"CO",29,69," "," ",1,1,0,0,0,0,0,0,0,0,0,0,0,0,0,0,0,43408,"ABEL FERREIRA, AV VER",NA,"",46,"JOSE BONIFACIO",1,0,"ABEL FERREIRA, AV VER 999 SAO PAULO SP",-23.5580977,-46.5686269
"257","D011301163",15507,"TEOTONIO VILELA, AV SEN",NA,"",1140,"","07/01/2013 16:30",2,"CO",48,90," "," ",2,1,0,0,0,0,0,0,0,0,0,0,0,0,0,0,0,15507,"TEOTONIO VILELA, AV SEN",NA,"",23,"CIDADE DUTRA",2,0,"TEOTONIO VILELA, AV SEN 1140 SAO PAULO SP",-23.7113616,-46.6991212
"258","D011300058",5245,"CONSOLACAO, RUA DA",NA,"",867,"","07/01/2013 16:30",2,"CO",4,153," "," ",0,1,0,0,0,0,0,1,0,0,0,1,0,0,0,0,0,5245,"CONSOLACAO, RUA DA",NA,"",26,"CONSOLACAO",1,0,"CONSOLACAO, RUA DA 867 SAO PAULO SP",-23.5482703,-46.6496056
"259","D011300422",11870,"LIMA BARROS, RUA",3220,"BENTO DE ANDRADE, RUA",0,"","07/01/2013 16:30",2,"CO",15,175," "," ",1,1,0,0,0,0,0,0,0,0,0,0,0,0,0,0,0,3220,"BENTO DE ANDRADE, RUA",11870,"LIMA BARROS, RUA",53,"MOEMA",2,0,"LIMA BARROS, RUA SAO PAULO SP &  BENTO DE ANDRADE, RUA SAO PAULO SP",-23.5823818,-46.6643093
"260","D011300498",67351,"NELSON BRISSAC, RUA",67176,"JOAO PAIS MALIO, PCA",0,"","07/01/2013 16:49",2,"CO",37,167," "," ",0,2,0,0,0,0,0,0,0,0,0,0,0,0,0,0,0,67176,"JOAO PAIS MALIO, PCA",67351,"NELSON BRISSAC, RUA",17,"CAMPO LIMPO",1,0,"NELSON BRISSAC, RUA SAO PAULO SP &  JOAO PAIS MALIO, PCA SAO PAULO SP",-23.6384696,-46.7549692
"262","D011301016",4502,"CARRAO, AV CONS",NA,"",2463,"","07/01/2013 17:30",2,"SI",31,118," "," ",1,1,0,0,0,0,0,0,0,0,0,0,0,0,0,0,0,4502,"CARRAO, AV CONS",NA,"",20,"CARRAO",1,0,"CARRAO, AV CONS 2463 SAO PAULO SP",-23.5483395,-46.5378914
"263","D011301091",10270,"JOAO DIAS, AV",NA,"",71,"","07/01/2013 17:40",4,"AT",11,232," "," ",0,0,0,0,0,0,0,1,0,0,0,0,0,0,0,0,0,10270,"JOAO DIAS, AV",NA,"",72,"SANTO AMARO",1,0,"JOAO DIAS, AV 71 SAO PAULO SP",-23.6442428,-46.7017787
"264","D011300254",19100,"BANDEIRANTES, AV DOS",NA,"",4800,"","07/01/2013 18:30",2,"CO",27,224," "," ",1,1,0,0,0,0,0,0,0,0,0,0,0,0,0,0,0,19100,"BANDEIRANTES, AV DOS",NA,"",24,"CIDADE LIDER",1,0,"BANDEIRANTES, AV DOS 4800 SAO PAULO SP",-23.6213663,-46.6547516
"265","D011301594",17824,"SAPOPEMBA, AV",63256,"CANDIDO XAVIER, RUA",0,"","07/01/2013 18:45",2,"CF",55,341," "," ",0,1,1,0,0,0,0,0,0,0,0,0,0,0,0,0,0,17824,"SAPOPEMBA, AV",63256,"CANDIDO XAVIER, RUA",77,"SAO RAFAEL",2,0,"SAPOPEMBA, AV SAO PAULO SP &  CANDIDO XAVIER, RUA SAO PAULO SP",-23.6148326,-46.5024993
"266","D011300906",6361,"ELISIO TEIXEIRA LEITE, AV",NA,"",6999,"","07/01/2013 18:50",2,"QD",74,181," "," ",0,0,1,0,0,0,0,0,0,0,0,0,0,0,0,0,0,6361,"ELISIO TEIXEIRA LEITE, AV",NA,"",29,"FREGUESIA DO O",1,0,"ELISIO TEIXEIRA LEITE, AV 6999 SAO PAULO SP",-23.4410253,-46.7169352
"267","D011300692",3813,"CAETANO ALVARES, AV ENG",14242,"MOREIRA DE BARROS, RUA CONS",0,"","07/01/2013 19:05",2,"CT",13,186," "," ",1,1,0,0,0,0,0,0,0,0,0,0,0,0,0,0,0,3813,"CAETANO ALVARES, AV ENG",13197,"MARIA CUSTODIA, RUA DONA",51,"MANDAQUI",1,0,"CAETANO ALVARES, AV ENG SAO PAULO SP &  MOREIRA DE BARROS, RUA CONS SAO PAULO SP",-23.4830811,-46.6330478
"268","D011300499",20956,"NINA STOCCO, RUA PROFA",61114,"ARNALDO D'AVILA FLORENCE, RUA",0,"","07/01/2013 19:45",2,"CO",37,181," "," ",1,1,0,0,0,0,0,0,0,0,0,0,0,0,0,0,0,4388,"CARLOS MARINHO, RUA",20956,"NINA STOCCO, RUA PROFA",17,"CAMPO LIMPO",2,0,"NINA STOCCO, RUA PROFA SAO PAULO SP &  ARNALDO D'AVILA FLORENCE, RUA SAO PAULO SP",-23.631159,-46.7594929
"269","D011301612",9017,"INACIO V. ZUASNABAR, RUA",NA,"",6,"","07/01/2013 21:40",2,"SI",66,146," "," ",1,1,0,0,0,0,0,0,0,0,0,0,0,0,0,0,0,9017,"INACIO V. ZUASNABAR, RUA",NA,"",38,"JACANA",1,0,"INACIO V. ZUASNABAR, RUA 6 SAO PAULO SP",-23.5549882,-46.499542
"270","D011300383",6819,"EUSEBIO MATOSO, AV",2149,"ARCOVERDE, RUA CARD",0,"","07/01/2013 21:40",4,"AT",14,177," "," ",0,0,0,0,0,0,0,0,0,0,0,0,0,0,0,1,0,2149,"ARCOVERDE, RUA CARD",6819,"EUSEBIO MATOSO, AV",63,"PINHEIROS",1,0,"EUSEBIO MATOSO, AV SAO PAULO SP &  ARCOVERDE, RUA CARD SAO PAULO SP",-23.5715591,-46.6948518
"271","D011300644",5309,"CORIFEU DE AZEVEDO MARQUES, AV",NA,"",2400,"","07/01/2013 21:45",4,"AT",93,162," "," ",0,1,0,0,0,0,0,0,0,0,0,0,0,0,0,0,0,5309,"CORIFEU DE AZEVEDO MARQUES, AV",NA,"",12,"BUTANTA",1,0,"CORIFEU DE AZEVEDO MARQUES, AV 2400 SAO PAULO SP",-23.5739213,-46.7357479
"272","D011300382",7086,"FERREIRA DE ARAUJO, RUA",NA,"",107,"","07/01/2013 21:53",2,"CO",14,174," "," ",0,1,2,0,0,0,0,0,0,0,0,0,0,0,0,0,0,7086,"FERREIRA DE ARAUJO, RUA",NA,"",63,"PINHEIROS",1,0,"FERREIRA DE ARAUJO, RUA 107 SAO PAULO SP",-23.5590142,-46.6978949
"273","D011301579",37161,"NOVA GUAIANAZES, RUA",NA,"",395,"","07/01/2013 22:20",4,"AT",54,340,"B"," ",0,1,0,0,0,0,0,0,0,0,0,0,0,0,0,0,0,37161,"NOVA GUAIANAZES, RUA",NA,"",50,"LIMAO",1,0,"NOVA GUAIANAZES, RUA 395 SAO PAULO SP",-23.5751871,-46.3965637
"274","D011301694",75435,"ARRAIAS DO ARAGUAIA, AV",NA,"",10,"","07/01/2013 22:39",4,"AT",69,242," "," ",0,1,0,0,0,0,0,0,0,0,0,0,0,0,0,0,0,75435,"ARRAIAS DO ARAGUAIA, AV",NA,"",27,"CURSINO",1,1,"ARRAIAS DO ARAGUAIA, AV 10 SAO PAULO SP",-23.5776828,-46.5024196
"275","D011301074",43408,"ABEL FERREIRA, AV VER",NA,"",2880,"","07/01/2013 23:00",2,"CH",58,54," "," ",0,1,0,0,0,0,0,0,0,0,0,0,0,0,0,0,0,43408,"ABEL FERREIRA, AV VER",NA,"",46,"JOSE BONIFACIO",1,0,"ABEL FERREIRA, AV VER 2880 SAO PAULO SP",-23.5695257,-46.5531869
"277","D011300603",7180,"FLAVIO AMERICO MAURANO, RUA DR",NA,"",59,"","08/01/2013 02:58",2,"CH",89,191," "," ",1,0,0,0,0,0,0,0,0,0,0,0,0,0,0,0,0,7180,"FLAVIO AMERICO MAURANO, RUA DR",NA,"",55,"MORUMBI",4,0,"FLAVIO AMERICO MAURANO, RUA DR 59 SAO PAULO SP",-23.6137311,-46.7143348
"278","D011301695",9044,"RAGUEB CHOHFI, AV",NA,"",4285,"","08/01/2013 05:24",2,"CO",49,79," "," ",1,1,0,0,0,0,0,0,0,0,0,0,0,0,0,0,0,9044,"RAGUEB CHOHFI, AV",NA,"",32,"IGUATEMI",0,1,"RAGUEB CHOHFI, AV 4285 SAO PAULO SP",-23.5946472,-46.4446188
"280","D011300059",16957,"REGO FREITAS, RUA",5245,"CONSOLACAO, RUA DA",0,"","08/01/2013 06:40",2,"CO",4,161," "," ",1,1,0,0,0,0,0,0,0,0,0,0,0,0,0,0,0,5245,"CONSOLACAO, RUA DA",16957,"REGO FREITAS, RUA",67,"REPUBLICA",2,0,"REGO FREITAS, RUA SAO PAULO SP &  CONSOLACAO, RUA DA SAO PAULO SP",-23.5470938,-46.6467086
"281","D011300521",18262,"SILVIO DE CAMPOS, AV DR",NA,"",360,"","08/01/2013 06:45",2,"CT",46,116," "," ",2,0,0,0,0,0,0,0,0,0,0,0,0,0,0,0,0,18262,"SILVIO DE CAMPOS, AV DR",NA,"",NA,"",1,0,"SILVIO DE CAMPOS, AV DR 360 SAO PAULO SP",-23.4069763,-46.7580195
"283","D011300143",10177,"JOAO BOEMER, RUA",9554,"ITAPIRACABA, RUA",0,"","08/01/2013 07:00",2,"CO",12,126," "," ",0,2,0,0,0,0,0,0,0,0,0,0,0,0,0,0,0,9554,"ITAPIRACABA, RUA",10177,"JOAO BOEMER, RUA",8,"BELEM",2,0,"JOAO BOEMER, RUA SAO PAULO SP &  ITAPIRACABA, RUA SAO PAULO SP",-23.5312342,-46.6130982
"284","D011300060",19721,"VILABOIM, PCA",NA,"",41,"","08/01/2013 07:00",2,"CO",4,163," "," ",1,1,0,0,0,0,0,0,0,0,0,0,0,0,0,0,0,19721,"VILABOIM, PCA",NA,"",7,"BELA VISTA",1,0,"VILABOIM, PCA 41 SAO PAULO SP",-23.5443772,-46.6608859
"285","D011301315",3509,"BELMIRA MARIN, AV DONA",NA,"",960,"","08/01/2013 07:10",2,"CO",101,186," "," ",1,1,0,0,0,0,0,0,0,0,0,0,0,0,0,0,0,3509,"BELMIRA MARIN, AV DONA",NA,"",30,"GRAJAU",1,0,"BELMIRA MARIN, AV DONA 960 SAO PAULO SP",-23.7387446,-46.6917915
"286","D011300660",5567,"CRUZEIRO DO SUL, AV",4219,"ZAKI NARCHI, AV",0,"","08/01/2013 07:45",2,"CO",9,164," "," ",1,1,0,0,0,0,0,0,0,0,0,0,0,0,0,0,0,4219,"ZAKI NARCHI, AV",5567,"CRUZEIRO DO SUL, AV",71,"SANTANA",1,0,"CRUZEIRO DO SUL, AV SAO PAULO SP &  ZAKI NARCHI, AV SAO PAULO SP",-23.5073033,-46.6250321
"287","D011301714",19100,"BANDEIRANTES, AV DOS",NA,"",6000,"","08/01/2013 07:59",2,"CH",27,246," "," ",0,1,0,0,0,0,0,0,0,0,0,0,0,0,0,0,0,19100,"BANDEIRANTES, AV DOS",NA,"",24,"CIDADE LIDER",0,1,"BANDEIRANTES, AV DOS 6000 SAO PAULO SP",-23.4118264,-46.7671552
"288","D011300465",8000,"GIOVANNI GRONCHI, AV",1081,"AMERICO, RUA STO",0,"","08/01/2013 08:55",2,"CO",34,194," "," ",1,1,0,0,0,0,0,0,0,0,0,0,0,0,0,0,0,1081,"AMERICO, RUA STO",8000,"GIOVANNI GRONCHI, AV",96,"VILA SONIA",1,0,"GIOVANNI GRONCHI, AV SAO PAULO SP &  AMERICO, RUA STO SAO PAULO SP",-23.6004501,-46.710515
"290","D011300003",7664,"FURTADO, RUA CONS",NA,"",100,"","08/01/2013 09:20",2,"CO",1,182," "," ",1,1,0,0,0,0,0,0,0,0,0,0,0,0,0,0,0,7664,"FURTADO, RUA CONS",NA,"",80,"SE",1,0,"FURTADO, RUA CONS 100 SAO PAULO SP",-23.5537459,-46.6332317
"292","D011301274",20048,"YERVANT KISSAJIKIAN, AV",NA,"",3702,"","08/01/2013 09:50",2,"CO",98,900012," "," ",1,1,0,0,0,0,0,0,0,0,0,0,0,0,0,0,0,20048,"YERVANT KISSAJIKIAN, AV",NA,"",29,"FREGUESIA DO O",1,0,"YERVANT KISSAJIKIAN, AV 3702 SAO PAULO SP",-23.6850205,-46.6480007
"293","D011300385",16919,"REBOUCAS, AV",NA,"",2259,"","08/01/2013 10:05",4,"AT",14,183," "," ",1,0,0,0,0,0,0,0,0,0,0,0,0,0,0,0,0,16919,"REBOUCAS, AV",NA,"",44,"JARDIM PAULISTA",1,0,"REBOUCAS, AV 2259 SAO PAULO SP",-23.5665735,-46.6817361
"294","D011300522",99847,"VIOLETA SILVESTRE, RUA",NA,"",20,"","08/01/2013 10:15",4,"AT",46,129," "," ",0,0,1,0,0,0,0,0,0,0,0,0,0,0,0,0,0,99847,"VIOLETA SILVESTRE, RUA",NA,"",62,"PERUS",1,0,"VIOLETA SILVESTRE, RUA 20 SAO PAULO SP",-23.4103637,-46.7492528
"295","D011300355",5072,"CLELIA, RUA",19600,"VESPASIANO, RUA",0,"","08/01/2013 10:25",2,"CO",7,148," "," ",0,2,0,0,0,0,0,0,0,0,0,0,0,0,0,0,0,5072,"CLELIA, RUA",19600,"VESPASIANO, RUA",48,"LAPA",1,0,"CLELIA, RUA SAO PAULO SP &  VESPASIANO, RUA SAO PAULO SP",-23.5249704,-46.6908623
"296","D011301473",60359,"SALIM JORGE ID, RUA",NA,"",300,"","08/01/2013 10:40",2,"CO",65,85," "," ",1,1,0,0,0,0,0,0,0,0,0,0,0,0,0,0,0,60359,"SALIM JORGE ID, RUA",NA,"",51,"MANDAQUI",1,0,"SALIM JORGE ID, RUA 300 SAO PAULO SP",-23.5405295,-46.4628789
"297","D011300227",19583,"VERGUEIRO, RUA",NA,"",6303,"","08/01/2013 10:40",2,"CO",17,114," "," ",0,1,0,0,0,0,0,0,0,0,0,1,0,0,0,0,0,19583,"VERGUEIRO, RUA",NA,"",33,"IPIRANGA",1,0,"VERGUEIRO, RUA 6303 SAO PAULO SP",-23.6011862,-46.6152319
"298","D011300817",19201,"TUCURUVI, AV",896,"ALVARO MACHADO PEDROSA, AV",0,"","08/01/2013 11:00",2,"CO",39,118," "," ",1,1,0,0,0,0,0,0,0,0,0,0,0,0,0,0,0,896,"ALVARO MACHADO PEDROSA, AV",19201,"TUCURUVI, AV",84,"TUCURUVI",1,0,"TUCURUVI, AV SAO PAULO SP &  ALVARO MACHADO PEDROSA, AV SAO PAULO SP",-23.4805385,-46.6062237
"300","D011300144",6642,"ESTADO, AV DO",NA,"",2434,"","08/01/2013 11:30",2,"CT",12,132," "," ",1,1,0,0,0,0,0,0,0,0,0,0,0,0,0,0,0,6642,"ESTADO, AV DO",NA,"",9,"BOM RETIRO",1,0,"ESTADO, AV DO 2434 SAO PAULO SP",-23.5359276,-46.6261641
"301","D011300732",70413,"JOAO CREFF, RUA IRMAO",NA,"",128,"","08/01/2013 12:25",2,"CH",20,210," "," ",1,0,0,0,0,0,0,0,0,0,0,0,0,0,0,0,0,70413,"JOAO CREFF, RUA IRMAO",NA,"",8,"BELEM",1,0,"JOAO CREFF, RUA IRMAO 128 SAO PAULO SP",-23.4722583,-46.6275156
"302","D011300500",34682,"CAMPO LIMPO, ES DO",NA,"",3907,"","08/01/2013 12:30",2,"CO",37,188," "," ",1,1,0,0,0,0,0,0,0,0,0,0,0,0,0,0,0,34682,"CAMPO LIMPO, ES DO",NA,"",17,"CAMPO LIMPO",1,0,"CAMPO LIMPO, ES DO 3907 SAO PAULO SP",-23.2019463,-46.785846
"303","D011301533",9044,"RAGUEB CHOHFI, AV",NA,"",960,"","08/01/2013 12:30",2,"CO",49,376," "," ",0,1,0,1,0,0,0,0,0,0,0,0,0,0,0,0,0,9044,"RAGUEB CHOHFI, AV",NA,"",32,"IGUATEMI",1,0,"RAGUEB CHOHFI, AV 960 SAO PAULO SP",-23.6032684,-46.4706319
"304","D011301001",6305,"ELEONORA CINTRA, RUA",12101,"LUCILIA DE QUEIROZ, RUA",0,"","08/01/2013 12:56",2,"CO",30,128,"C"," ",1,0,1,1,0,0,0,0,0,0,0,0,0,0,0,0,0,6305,"ELEONORA CINTRA, RUA",12101,"LUCILIA DE QUEIROZ, RUA",NA,"",5,0,"ELEONORA CINTRA, RUA SAO PAULO SP &  LUCILIA DE QUEIROZ, RUA SAO PAULO SP",-23.5570165,-46.5594888
"305","D011301556",6927,"HARRY DANHENBERG, RUA",NA,"",600,"","08/01/2013 13:20",2,"CO",53,159," "," ",1,1,0,0,0,0,0,0,0,0,0,0,0,0,0,0,0,6927,"HARRY DANHENBERG, RUA",NA,"",24,"CIDADE LIDER",1,0,"HARRY DANHENBERG, RUA 600 SAO PAULO SP",-23.757739,-46.7052442
"306","D011300171",14947,"OLIMPIO DA SILVEIRA, AV GAL",NA,"",46,"","08/01/2013 14:00",2,"CO",77,109," "," ",0,1,0,0,0,0,0,0,0,0,0,1,0,0,0,0,0,14947,"OLIMPIO DA SILVEIRA, AV GAL",NA,"",19,"CAPAO REDONDO",2,0,"OLIMPIO DA SILVEIRA, AV GAL 46 SAO PAULO SP",-23.5326995,-46.656986
"307","D011301210",21293,"LUIS PENIDO BURNIER, RUA ALM",NA,"",140,"","08/01/2013 14:00",2,"CO",92,134," "," ",0,1,0,0,0,0,0,0,0,0,0,0,0,0,0,0,0,21293,"LUIS PENIDO BURNIER, RUA ALM",NA,"",29,"FREGUESIA DO O",1,0,"LUIS PENIDO BURNIER, RUA ALM 140 SAO PAULO SP",-23.6639196,-46.7683929
"310","D011300661",1661,"ANTONIO DE CARVALHO, RUA CEL",19414,"URUPIARA, RUA",0,"","08/01/2013 15:10",2,"CO",9,180," "," ",1,0,0,0,0,0,0,0,0,0,0,1,0,0,0,0,0,1661,"ANTONIO DE CARVALHO, RUA CEL",19414,"URUPIARA, RUA",71,"SANTANA",1,0,"ANTONIO DE CARVALHO, RUA CEL SAO PAULO SP &  URUPIARA, RUA SAO PAULO SP",-23.5132162,-46.6249348
"311","D011300307",11922,"LINS DE VASCONCELOS, AV",NA,"",1951,"","08/01/2013 15:15",4,"AT",36,254," "," ",0,1,0,0,0,0,0,0,0,0,0,0,0,0,0,0,0,11922,"LINS DE VASCONCELOS, AV",NA,"",92,"VILA MARIANA",1,0,"LINS DE VASCONCELOS, AV 1951 SAO PAULO SP",-23.5805184,-46.6244511
"312","D011300061",4120,"CANECA, RUA FREI",NA,"",1332,"","08/01/2013 15:20",4,"AT",4,186," "," ",1,0,0,0,0,0,0,0,0,0,0,0,0,0,0,0,0,4120,"CANECA, RUA FREI",NA,"",26,"CONSOLACAO",1,0,"CANECA, RUA FREI 1332 SAO PAULO SP",-23.5580679,-46.6581937
"313","D011300432",3999,"CAMPEVAS, RUA",NA,"",706,"","08/01/2013 16:10",2,"CT",23,111," "," ",1,1,0,0,0,0,0,0,0,0,0,0,0,0,0,0,0,3999,"CAMPEVAS, RUA",NA,"",61,"PERDIZES",1,0,"CAMPEVAS, RUA 706 SAO PAULO SP",-23.5405519,-46.6784041
"314","D011301497",14913,"COPENHAGUE, RUA",NA,"",1,"","08/01/2013 16:15",2,"QD",68,237," "," ",0,0,0,0,0,0,0,1,0,0,0,0,0,0,0,0,0,14913,"COPENHAGUE, RUA",NA,"",50,"LIMAO",1,0,"COPENHAGUE, RUA 1 SAO PAULO SP",-23.5404269,-46.4212454
"315","D011300146",4736,"CELSO GARCIA, AV",NA,"",162,"","08/01/2013 16:48",2,"CT",12,152," "," ",0,0,1,1,0,0,0,0,0,0,0,0,0,0,0,0,0,4736,"CELSO GARCIA, AV",NA,"",82,"TATUAPE",1,0,"CELSO GARCIA, AV 162 SAO PAULO SP",-23.5399216,-46.6107915
"316","D011301014",14782,"NOVA JERUSALEM, RUA",2673,"AZEVEDO SOARES, RUA",0,"","08/01/2013 17:50",2,"CO",31,84," "," ",1,1,0,0,0,0,0,0,0,0,0,0,0,0,0,0,0,2673,"AZEVEDO SOARES, RUA",14782,"NOVA JERUSALEM, RUA",20,"CARRAO",1,0,"NOVA JERUSALEM, RUA SAO PAULO SP &  AZEVEDO SOARES, RUA SAO PAULO SP",-23.5451144,-46.5487379
"317","D011300605",13014,"MARGINAL DO RIO PINHEIROS, AV",NA,"",16800,"","08/01/2013 18:10",2,"CT",89,211," "," ",1,1,0,0,0,0,0,0,0,0,0,0,0,0,0,0,0,13014,"MARGINAL DO RIO PINHEIROS, AV",NA,"",40,"JAGUARE",1,0,"MARGINAL DO RIO PINHEIROS, AV 16800 SAO PAULO SP",-23.5604208,-46.6574734
"318","D011301144",79177,"AFONSO SANCHES, RUA",NA,"",300,"","08/01/2013 18:20",2,"QD",47,353," "," ",0,0,1,0,0,0,0,0,0,0,0,0,0,0,0,0,0,79177,"AFONSO SANCHES, RUA",NA,"",29,"FREGUESIA DO O",1,0,"AFONSO SANCHES, RUA 300 SAO PAULO SP",-23.6824667,-46.7883733
"319","D011300819",13727,"MATSU INAGUE, RUA",NA,"",105,"","08/01/2013 18:22",4,"AT",39,128," "," ",0,1,0,0,0,0,0,0,0,0,0,0,0,0,0,0,0,13727,"MATSU INAGUE, RUA",NA,"",22,"CIDADE ADEMAR",1,0,"MATSU INAGUE, RUA 105 SAO PAULO SP",-23.4963853,-46.5873728
"320","D011300337",19100,"BANDEIRANTES, AV DOS",NA,"",821,"","08/01/2013 18:25",2,"CO",96,104," "," ",1,1,0,0,0,0,0,0,0,0,0,0,0,0,0,0,0,19100,"BANDEIRANTES, AV DOS",NA,"",24,"CIDADE LIDER",1,0,"BANDEIRANTES, AV DOS 821 SAO PAULO SP",-23.5992852,-46.6852224
"321","D011301614",2181,"ARICANDUVA, AV",NA,"",11000,"","08/01/2013 19:00",2,"CO",66,166," "," ",1,0,1,1,0,0,0,0,0,0,0,0,0,0,0,0,0,2181,"ARICANDUVA, AV",NA,"",60,"PENHA",1,0,"ARICANDUVA, AV 11000 SAO PAULO SP",-23.5912641,-46.4766561
"322","D011300389",2149,"ARCOVERDE, RUA CARD",NA,"",3084,"","08/01/2013 19:30",2,"CO",14,229," "," ",1,0,1,0,0,0,0,0,0,0,0,0,0,0,0,0,0,2149,"ARCOVERDE, RUA CARD",NA,"",44,"JARDIM PAULISTA",1,0,"ARCOVERDE, RUA CARD 3084 SAO PAULO SP",-23.5709234,-46.6952609
"323","D011301366",12595,"MANGAL, RUA",16974,"RENATO, RUA",0,"","08/01/2013 19:30",2,"CF",24,315," "," ",2,0,0,0,0,0,0,0,0,0,0,0,0,0,0,0,0,12595,"MANGAL, RUA",16974,"RENATO, RUA",60,"PENHA",1,0,"MANGAL, RUA SAO PAULO SP &  RENATO, RUA SAO PAULO SP",-23.5265799,-46.5060685
"324","D011300101",17083,"RICARDO JAFET, AV DR",NA,"",994,"","08/01/2013 19:40",2,"CO",6,185," "," ",1,1,0,0,0,0,0,0,0,0,0,0,0,0,0,0,0,17083,"RICARDO JAFET, AV DR",NA,"",37,"JABAQUARA",1,0,"RICARDO JAFET, AV DR 994 SAO PAULO SP",-23.5856577,-46.6184133
"326","D011301031",19708,"VILA EMA, AV",NA,"",1819,"","08/01/2013 20:57",2,"CF",42,160," "," ",2,0,0,0,0,0,0,0,0,0,0,0,0,0,0,0,0,19708,"VILA EMA, AV",NA,"",26,"CONSOLACAO",1,0,"VILA EMA, AV 1819 SAO PAULO SP",-23.5807471,-46.559044
"327","D011300150",19516,"VAUTIER, AV",NA,"",388,"","08/01/2013 21:00",2,"SI",12,249," "," ",0,1,0,0,0,0,0,0,0,0,0,0,0,0,0,0,0,19516,"VAUTIER, AV",NA,"",25,"CIDADE TIRADENT",1,0,"VAUTIER, AV 388 SAO PAULO SP",-23.5316684,-46.6213266
"328","D011300528",26792,"ERNESTO BOTTONI, RUA",NA,"",17000,"","08/01/2013 22:00",2,"CH",46,259," "," ",0,1,0,0,0,0,0,0,0,0,0,0,0,0,0,0,0,26792,"ERNESTO BOTTONI, RUA",NA,"",52,"MARSILAC",1,0,"ERNESTO BOTTONI, RUA 17000 SAO PAULO SP",-23.4077386,-46.7349275
"329","D011301042",4736,"CELSO GARCIA, AV",NA,"",5680,"","08/01/2013 22:09",2,"CT",52,329,"B"," ",1,1,0,0,0,0,0,0,0,0,0,0,0,0,0,0,0,4736,"CELSO GARCIA, AV",NA,"",82,"TATUAPE",1,0,"CELSO GARCIA, AV 5680 SAO PAULO SP",-23.5311531,-46.5580902
"331","D011301205",76320,"CONSTELACAO DO CARANGUEJO, RUA",NA,"",665,"","08/01/2013 22:30",2,"CL",85,900004," "," ",1,1,0,0,0,0,0,0,0,0,0,0,0,0,0,0,0,76320,"CONSTELACAO DO CARANGUEJO, RUA",NA,"",32,"IGUATEMI",1,0,"CONSTELACAO DO CARANGUEJO, RUA 665 SAO PAULO SP",-23.76795,-46.7056541
"332","D011301067",18337,"SIQUEIRA BUENO, RUA",19018,"TOBIAS BARRETO, RUA",0,"","08/01/2013 22:36",2,"CO",57,189,"B"," ",2,0,0,0,0,0,0,0,0,0,0,0,0,0,0,0,0,18337,"SIQUEIRA BUENO, RUA",19018,"TOBIAS BARRETO, RUA",NA,"",1,0,"SIQUEIRA BUENO, RUA SAO PAULO SP &  TOBIAS BARRETO, RUA SAO PAULO SP",-23.5457795,-46.5925681
"333","D011300387",16919,"REBOUCAS, AV",NA,"",170,"","09/01/2013 00:12",2,"CO",14,213," "," ",1,1,0,0,0,0,0,0,0,0,0,0,0,0,0,0,0,16919,"REBOUCAS, AV",NA,"",44,"JARDIM PAULISTA",1,0,"REBOUCAS, AV 170 SAO PAULO SP",-23.5815553,-46.5068228