"","id_acidente","codloga","logradouroA","codlogb","logradouroB","alt_num","referencia","data","cod_acid","tipo_acidente","dp","numero_BO","sentido","pista","automovel","moto","onibus","caminhao","bicicleta","moto_taxi","onibus_fretado","onibus_urbano","microonibus","van","vuc","caminhonete","carreta","jipe","outros","sem_informacao","carroca","princ_a","paiA","princ_b","paiB","cod_distrito","distrito","vit_ferida","vit_morta","local","lat","lon"
"334","D011301032",7545,"FRANCISCO REBELO, RUA",16826,"RAIMUNDO, RUA S",0,"","09/01/2013 01:41",2,"CO",42,162," "," ",1,0,0,1,0,0,0,0,0,0,0,0,0,0,0,0,0,7545,"FRANCISCO REBELO, RUA",16826,"RAIMUNDO, RUA S",95,"VILA PRUDENTE",1,0,"FRANCISCO REBELO, RUA SAO PAULO SP &  RAIMUNDO, RUA S SAO PAULO SP",-23.6044242,-46.5616234
"336","D011301581",45354,"SARA KUBITSCHEK, RUA",NA,"",300,"","09/01/2013 02:23",2,"CH",54,406," "," ",0,1,0,0,0,0,0,0,0,0,0,0,0,0,0,0,0,45354,"SARA KUBITSCHEK, RUA",NA,"",25,"CIDADE TIRADENT",1,0,"SARA KUBITSCHEK, RUA 300 SAO PAULO SP",-23.5813743,-46.4047623
"337","D011300553",13019,"ESCOLA POLITECNICA, AV",NA,"",500,"","09/01/2013 03:20",4,"AT",51,215," "," ",0,0,0,0,0,0,0,0,0,0,0,0,0,0,0,1,0,13019,"ESCOLA POLITECNICA, AV",NA,"",40,"JAGUARE",1,0,"ESCOLA POLITECNICA, AV 500 SAO PAULO SP",-23.5528172,-46.7331917
"338","D011300733",14767,"NOVA CANTAREIRA, AV",NA,"",5090,"","09/01/2013 03:30",2,"QM",20,228," "," ",0,1,0,0,0,0,0,0,0,0,0,0,0,0,0,0,0,14767,"NOVA CANTAREIRA, AV",NA,"",83,"TREMEMBE",1,0,"NOVA CANTAREIRA, AV 5090 SAO PAULO SP",-23.4565745,-46.6141519
"339","D011301365",954,"AMADOR BUENO DA VEIGA, AV",NA,"",2774,"","09/01/2013 05:20",2,"QD",24,306," "," ",0,0,1,0,0,0,0,0,0,0,0,0,0,0,0,0,0,954,"AMADOR BUENO DA VEIGA, AV",NA,"",60,"PENHA",1,0,"AMADOR BUENO DA VEIGA, AV 2774 SAO PAULO SP",-23.5229937,-46.5193177
"340","D011301278",9220,"INTERLAGOS, AV",6238,"NACOES UNIDAS, AV DAS",0,"","09/01/2013 05:50",2,"CO",99,99," "," ",1,1,0,0,0,0,0,0,0,0,0,0,0,0,0,0,0,6238,"NACOES UNIDAS, AV DAS",9220,"INTERLAGOS, AV",16,"CAMPO GRANDE",1,0,"INTERLAGOS, AV SAO PAULO SP &  NACOES UNIDAS, AV DAS SAO PAULO SP",-23.6872639,-46.6953006
"341","D011301164",15507,"TEOTONIO VILELA, AV SEN",3962,"CAMBUCI DO VALE, RUA",0,"","09/01/2013 07:12",2,"CL",48,108,"B"," ",1,1,0,0,0,0,0,0,0,0,0,0,0,0,0,0,0,3962,"CAMBUCI DO VALE, RUA",15507,"TEOTONIO VILELA, AV SEN",23,"CIDADE DUTRA",1,0,"TEOTONIO VILELA, AV SEN SAO PAULO SP &  CAMBUCI DO VALE, RUA SAO PAULO SP",-23.7290679,-46.698928
"343","D011301030",18408,"SOLIDONIO LEITE, RUA",NA,"",1070,"","09/01/2013 08:00",2,"SI",42,110," "," ",1,1,0,0,0,0,0,0,0,0,0,0,0,0,0,0,0,18408,"SOLIDONIO LEITE, RUA",NA,"",26,"CONSOLACAO",1,0,"SOLIDONIO LEITE, RUA 1070 SAO PAULO SP",-23.5815129,-46.5478415
"344","D011300580",15626,"PAULA FERREIRA, AV",NA,"",2840,"","09/01/2013 08:35",4,"AT",87,149," "," ",0,0,0,0,0,0,0,1,0,0,0,0,0,0,0,0,0,15626,"PAULA FERREIRA, AV",NA,"",64,"PIRITUBA",1,0,"PAULA FERREIRA, AV 2840 SAO PAULO SP",-23.4889465,-46.7190711
"345","D011300024",6642,"ESTADO, AV DO",NA,"",297,"","09/01/2013 08:40",2,"QM",2,167," "," ",0,1,0,0,0,0,0,0,0,0,0,0,0,0,0,0,0,6642,"ESTADO, AV DO",NA,"",9,"BOM RETIRO",2,0,"ESTADO, AV DO 297 SAO PAULO SP",-23.5416339,-46.6286532
"346","D011300764",5947,"EDGAR FACO, AV GAL",NA,"",777,"","09/01/2013 09:00",2,"CO",28,122," "," ",0,2,0,0,0,0,0,0,0,0,0,0,0,0,0,0,0,5947,"EDGAR FACO, AV GAL",NA,"",64,"PIRITUBA",2,0,"EDGAR FACO, AV GAL 777 SAO PAULO SP",-23.4993622,-46.7069445
"347","D011301330",8368,"GUARAPIRANGA, AV",NA,"",900,"","09/01/2013 09:30",2,"QM",102,87," "," ",0,1,0,0,0,0,0,0,0,0,0,0,0,0,0,0,0,8368,"GUARAPIRANGA, AV",NA,"",45,"JARDIM SAO LUIS",1,0,"GUARAPIRANGA, AV 900 SAO PAULO SP",-23.6767015,-46.7342776
"348","D011300415",8714,"HENRIQUE SCHAUMANN, RUA",NA,"",777,"","09/01/2013 10:00",2,"CO",14,900014," "," ",1,1,0,0,0,0,0,0,0,0,0,0,0,0,0,0,0,8714,"HENRIQUE SCHAUMANN, RUA",NA,"",63,"PINHEIROS",1,0,"HENRIQUE SCHAUMANN, RUA 777 SAO PAULO SP",-23.5583936,-46.682214
"350","D011301632",4752,"LUIS PIRES DE MINAS, AV",NA,"",743,"","09/01/2013 10:40",4,"AT",69,291," "," ",0,1,0,0,0,0,0,0,0,0,0,0,0,0,0,0,0,4752,"LUIS PIRES DE MINAS, AV",NA,"",75,"SAO MATEUS",1,0,"LUIS PIRES DE MINAS, AV 743 SAO PAULO SP",-23.5881025,-46.5004392
"351","D011301212",21601,"DEOCLECIANO DE OLIVEIRA FILHO, RUA",78290,"LAET DE TOLEDO CESAR, RUA",0,"","09/01/2013 11:07",2,"SI",92,171," "," ",1,1,0,0,0,0,0,0,0,0,0,0,0,0,0,0,0,21601,"DEOCLECIANO DE OLIVEIRA FILHO, RUA",78290,"LAET DE TOLEDO CESAR, RUA",NA,"",1,0,"DEOCLECIANO DE OLIVEIRA FILHO, RUA SAO PAULO SP &  LAET DE TOLEDO CESAR, RUA SAO PAULO SP",-23.6689222,-46.7560778
"352","D011300791",15426,"PARADA PINTO, AV",NA,"",2035,"","09/01/2013 11:10",2,"CO",38,177,"B"," ",1,1,0,0,0,0,0,0,0,0,0,0,0,0,0,0,0,15426,"PARADA PINTO, AV",NA,"",8,"BELEM",1,0,"PARADA PINTO, AV 2035 SAO PAULO SP",-23.471043,-46.6509918
"353","D011300843",4715,"CELESTINO BOURROUL, AV PROF",NA,"",644,"","09/01/2013 11:16",2,"SI",40,77," "," ",0,1,0,0,0,0,0,0,1,0,0,0,0,0,0,0,0,4715,"CELESTINO BOURROUL, AV PROF",NA,"",50,"LIMAO",1,0,"CELESTINO BOURROUL, AV PROF 644 SAO PAULO SP",-23.5079964,-46.6736765
"354","D011300062",14804,"NOVE DE JULHO, AV",NA,"",851,"","09/01/2013 11:55",4,"AT",4,200," "," ",1,0,0,0,0,0,0,0,0,0,0,0,0,0,0,0,0,14804,"NOVE DE JULHO, AV",NA,"",63,"PINHEIROS",1,0,"NOVE DE JULHO, AV 851 SAO PAULO SP",-23.5514388,-46.6462206
"355","D011301426",15467,"PARANAGUA, AV",NA,"",2028,"","09/01/2013 13:00",2,"CO",62,140," "," ",1,1,0,0,0,0,0,0,0,0,0,0,0,0,0,0,0,15467,"PARANAGUA, AV",NA,"",49,"LIBERDADE",1,0,"PARANAGUA, AV 2028 SAO PAULO SP",-23.4883035,-46.4794789
"356","D011300449",1427,"ANHANGUERA, RUA",NA,"",14500,"","09/01/2013 13:10",2,"CO",33,276," "," ",1,1,0,0,0,0,0,0,0,0,0,0,0,0,0,0,0,1427,"ANHANGUERA, RUA",NA,"",70,"SANTA CECILIA",1,0,"ANHANGUERA, RUA 14500 SAO PAULO SP",-23.4900941,-46.7665396
"357","D011300501",3079,"BELEZAS, AV DAS",NA,"",513,"","09/01/2013 13:30",2,"CO",37,196," "," ",1,1,0,0,0,0,0,0,0,0,0,0,0,0,0,0,0,3079,"BELEZAS, AV DAS",NA,"",85,"VILA ANDRADE",1,0,"BELEZAS, AV DAS 513 SAO PAULO SP",-23.6418541,-46.7427922
"358","D011300212",5902,"DIOGO DE FARIA, RUA DR",NA,"",826,"","09/01/2013 13:50",4,"AT",16,819," "," ",1,0,0,0,0,0,0,0,0,0,0,0,0,0,0,0,0,5902,"DIOGO DE FARIA, RUA DR",NA,"",92,"VILA MARIANA",1,0,"DIOGO DE FARIA, RUA DR 826 SAO PAULO SP",-23.5956018,-46.6447352
"359","D011301215",21326,"GERALDO FRAGA DE OLIVEIRA, RUA",NA,"",300,"","09/01/2013 14:00",2,"CO",92,221," "," ",1,1,0,0,0,0,0,0,0,0,0,0,0,0,0,0,0,21326,"GERALDO FRAGA DE OLIVEIRA, RUA",NA,"",29,"FREGUESIA DO O",1,0,"GERALDO FRAGA DE OLIVEIRA, RUA 300 SAO PAULO SP",-23.6532335,-46.7372193
"360","D011300202",6013,"DOMINGOS DE MORAIS, RUA",NA,"",2564,"","09/01/2013 14:30",4,"AT",16,336," "," ",1,0,0,0,0,0,0,0,0,0,0,0,0,0,0,0,0,6013,"DOMINGOS DE MORAIS, RUA",NA,"",92,"VILA MARIANA",1,0,"DOMINGOS DE MORAIS, RUA 2564 SAO PAULO SP",-23.5987076,-46.6367573
"361","D011300327",11681,"LEON TOLSTOI, LGO",NA,"",24,"","09/01/2013 14:40",4,"AT",95,138," "," ",0,0,0,0,0,0,0,0,0,0,0,0,0,0,0,1,0,11681,"LEON TOLSTOI, LGO",NA,"",18,"CANGAIBA",1,0,"LEON TOLSTOI, LGO 24 SAO PAULO SP",-23.5440829,-46.8022216
"362","D011300255",10918,"JOSE DINIZ, AV VER",10076,"JESUINO MACIEL, RUA DR",0,"","09/01/2013 14:52",4,"AT",27,300," "," ",0,1,0,0,0,0,0,0,0,0,0,0,0,0,0,0,0,10076,"JESUINO MACIEL, RUA DR",10918,"JOSE DINIZ, AV VER",15,"CAMPO BELO",1,0,"JOSE DINIZ, AV VER SAO PAULO SP &  JESUINO MACIEL, RUA DR SAO PAULO SP",-23.6339852,-46.6908948
"363","D011301516",9134,"INCONFIDENCIA MINEIRA, AV",8479,"GUILHERME CRISTIANO FRENDER, RUA ENG",0,"","09/01/2013 15:00",2,"CO",41,176,"B"," ",1,1,0,0,0,0,0,0,0,0,0,0,0,0,0,0,0,8479,"GUILHERME CRISTIANO FRENDER, RUA ENG",9134,"INCONFIDENCIA MINEIRA, AV",4,"ARICANDUVA",1,0,"INCONFIDENCIA MINEIRA, AV SAO PAULO SP &  GUILHERME CRISTIANO FRENDER, RUA ENG SAO PAULO SP",-23.577714,-46.516821
"364","D011300820",12716,"MANUEL GAYA, RUA",NA,"",172,"","09/01/2013 15:09",2,"CO",39,147," "," ",1,1,0,0,0,0,0,0,0,0,0,0,0,0,0,0,0,12716,"MANUEL GAYA, RUA",NA,"",83,"TREMEMBE",1,0,"MANUEL GAYA, RUA 172 SAO PAULO SP",-23.467321,-46.5945845
"365","D011301049",15275,"PACHECO E CHAVES, RUA CAP",NA,"",368,"","09/01/2013 15:15",4,"AT",56,167," "," ",1,0,0,0,0,0,0,0,0,0,0,0,0,0,0,0,0,15275,"PACHECO E CHAVES, RUA CAP",NA,"",26,"CONSOLACAO",1,0,"PACHECO E CHAVES, RUA CAP 368 SAO PAULO SP",-23.5819736,-46.5934078
"366","D011300792",15426,"PARADA PINTO, AV",NA,"",2920,"","09/01/2013 15:20",2,"CO",38,189," "," ",3,0,0,0,0,0,0,0,0,0,0,0,0,0,0,0,0,15426,"PARADA PINTO, AV",NA,"",8,"BELEM",2,0,"PARADA PINTO, AV 2920 SAO PAULO SP",-23.4682437,-46.6434607
"367","D011300581",6939,"FEIZ ZARZUR, RUA COMEN",NA,"",476,"","09/01/2013 15:30",2,"QM",87,166," "," ",0,1,0,0,0,0,0,0,0,0,0,0,0,0,0,0,0,6939,"FEIZ ZARZUR, RUA COMEN",NA,"",64,"PIRITUBA",1,0,"FEIZ ZARZUR, RUA COMEN 476 SAO PAULO SP",-23.4780165,-46.7196122
"368","D011301259",17315,"RODRIGUES DE MEDEIROS, RUA",NA,"",214,"","09/01/2013 16:09",2,"CO",98,356,"C"," ",0,1,0,0,0,0,0,0,0,0,0,1,0,0,0,0,0,17315,"RODRIGUES DE MEDEIROS, RUA",NA,"",29,"FREGUESIA DO O",1,0,"RODRIGUES DE MEDEIROS, RUA 214 SAO PAULO SP",-23.6986949,-46.6606211
"371","D011300131",3653,"BRESSER, RUA",NA,"",2400,"","09/01/2013 16:30",2,"QM",8,578," "," ",0,1,0,0,0,0,0,0,0,0,0,0,0,0,0,0,0,3653,"BRESSER, RUA",NA,"",10,"BRAS",1,0,"BRESSER, RUA 2400 SAO PAULO SP",-23.5489201,-46.6018733
"372","D011300120",6642,"ESTADO, AV DO",14213,"MOOCA, RUA DA",0,"","09/01/2013 16:30",4,"AT",8,216," "," ",0,0,0,1,0,0,0,0,0,0,0,0,0,0,0,0,0,6642,"ESTADO, AV DO",7122,"FIGUEIRA, RUA DA",14,"CAMBUCI",1,0,"ESTADO, AV DO SAO PAULO SP &  MOOCA, RUA DA SAO PAULO SP",-23.5635869,-46.6112253
"373","D011300629",6238,"NACOES UNIDAS, AV DAS",NA,"",4849,"","09/01/2013 16:35",2,"CO",91,220," "," ",0,0,0,0,0,0,0,0,0,0,0,3,0,0,0,0,0,13014,"MARGINAL DO RIO PINHEIROS, AV",NA,"",90,"VILA LEOPOLDINA",2,0,"NACOES UNIDAS, AV DAS 4849 SAO PAULO SP",-23.6791599,-46.6961185
"374","D011301388",18803,"TEODORO, RUA S",NA,"",500,"","09/01/2013 16:50",2,"CO",32,231," "," ",0,1,0,0,0,0,0,0,0,0,0,1,0,0,0,0,0,18803,"TEODORO, RUA S",NA,"",51,"MANDAQUI",1,0,"TEODORO, RUA S 500 SAO PAULO SP",-23.5565741,-46.4477772
"376","D011300866",33642,"MASAO WATANABE, AV",NA,"",152,"","09/01/2013 18:30",2,"QM",72,258," "," ",0,1,0,0,0,0,0,0,0,0,0,0,0,0,0,0,0,33642,"MASAO WATANABE, AV",NA,"",8,"BELEM",1,0,"MASAO WATANABE, AV 152 SAO PAULO SP",-23.4633021,-46.6675235
"377","D011301613",9580,"ITAQUERA, AV",NA,"",2200,"","09/01/2013 19:11",2,"CO",66,149," "," ",2,0,0,0,0,0,0,0,0,0,0,0,0,0,0,0,0,9580,"ITAQUERA, AV",NA,"",24,"CIDADE LIDER",1,0,"ITAQUERA, AV 2200 SAO PAULO SP",-23.5490733,-46.5045184
"378","D011301050",19708,"VILA EMA, AV",NA,"",1209,"","09/01/2013 19:24",2,"CO",56,172," "," ",0,1,0,0,1,0,0,0,0,0,0,0,0,0,0,0,0,19708,"VILA EMA, AV",NA,"",26,"CONSOLACAO",1,0,"VILA EMA, AV 1209 SAO PAULO SP",-23.5813936,-46.5650872
"380","D011301732",4385,"CARLOS MARCHAIS, AL",NA,"",90,"","09/01/2013 21:00",4,"AT",47,429," "," ",1,0,0,0,0,0,0,0,0,0,0,0,0,0,0,0,0,4385,"CARLOS MARCHAIS, AL",NA,"",42,"JARDIM ANGELA",0,1,"CARLOS MARCHAIS, AL 90 SAO PAULO SP",-23.7136869,-46.7782484
"381","D011300425",6897,"FARIA LIMA, AV BRIG",12326,"JUSCELINO KUBITSCHEK, AV PRES",0,"","09/01/2013 22:00",2,"CO",15,255," "," ",3,0,0,0,0,0,0,0,0,0,0,0,0,0,0,0,0,6897,"FARIA LIMA, AV BRIG",12326,"JUSCELINO KUBITSCHEK, AV PRES",34,"ITAIM BIBI",2,0,"FARIA LIMA, AV BRIG SAO PAULO SP &  JUSCELINO KUBITSCHEK, AV PRES SAO PAULO SP",-23.5786046,-46.685823
"383","D011300749",18151,"SEZEFREDO FAGUNDES, AV CEL",NA,"",180,"","09/01/2013 22:30",2,"QM",20,614," "," ",0,1,0,0,0,0,0,0,0,0,0,0,0,0,0,0,0,18151,"SEZEFREDO FAGUNDES, AV CEL",NA,"",22,"CIDADE ADEMAR",1,0,"SEZEFREDO FAGUNDES, AV CEL 180 SAO PAULO SP",-23.373736,-46.5788693
"385","D011300943",4128,"CANGAIBA, AV",NA,"",2369,"","10/01/2013 02:45",2,"QM",10,389," "," ",0,1,0,0,0,0,0,0,0,0,0,0,0,0,0,0,0,4128,"CANGAIBA, AV",NA,"",18,"CANGAIBA",1,0,"CANGAIBA, AV 2369 SAO PAULO SP",-23.5067918,-46.5327416
"386","D011300689",19884,"VOLUNTARIOS DA PATRIA, RUA",NA,"",1,"","10/01/2013 05:45",2,"CT",13,133," "," ",2,0,0,0,0,0,0,0,0,0,0,0,0,0,0,0,0,19884,"VOLUNTARIOS DA PATRIA, RUA",NA,"",8,"BELEM",1,0,"VOLUNTARIOS DA PATRIA, RUA 1 SAO PAULO SP",-23.4788573,-46.6327042
"387","D011300466",14267,"MORUMBI, AV",11687,"LEBRET, AV PDE",0,"","10/01/2013 06:05",2,"CO",34,196," "," ",1,1,0,0,0,0,0,0,0,0,0,0,0,0,0,0,0,11687,"LEBRET, AV PDE",14267,"MORUMBI, AV",55,"MORUMBI",1,0,"MORUMBI, AV SAO PAULO SP &  LEBRET, AV PDE SAO PAULO SP",-23.5871012,-46.7059801
"388","D011301400",41893,"JOSE DE AMENABAR, RUA",NA,"",370,"","10/01/2013 06:19",2,"CO",50,419," "," ",1,0,0,0,0,0,0,1,0,0,0,0,0,0,0,0,0,41893,"JOSE DE AMENABAR, RUA",NA,"",54,"MOOCA",1,0,"JOSE DE AMENABAR, RUA 370 SAO PAULO SP",-23.5127767,-46.3821936
"389","D011300911",15425,"CANTIDIO SAMPAIO, AV DEP",NA,"",6570,"","10/01/2013 06:20",2,"CH",74,562," "," ",1,0,0,0,0,0,0,0,0,0,0,0,0,0,0,0,0,15425,"CANTIDIO SAMPAIO, AV DEP",NA,"",41,"JARAGUA",3,0,"CANTIDIO SAMPAIO, AV DEP 6570 SAO PAULO SP",-23.4350323,-46.7180872
"390","D011301348",10785,"JOSE ARTUR NOVA, AV DR",NA,"",2371,"","10/01/2013 06:30",4,"AT",22,170," "," ",0,0,0,0,0,0,0,0,0,0,0,0,0,0,0,1,0,10785,"JOSE ARTUR NOVA, AV DR",NA,"",43,"JARDIM HELENA",1,0,"JOSE ARTUR NOVA, AV DR 2371 SAO PAULO SP",-23.4771179,-46.4273526
"391","D011300147",6642,"ESTADO, AV DO",NA,"",2255,"","10/01/2013 06:45",4,"AT",12,195," "," ",1,0,0,0,0,0,0,0,0,0,0,0,0,0,0,0,0,6642,"ESTADO, AV DO",NA,"",9,"BOM RETIRO",1,0,"ESTADO, AV DO 2255 SAO PAULO SP",-23.5712326,-46.6045177
"392","D011301002",34122,"MELO FREIRE, RUA",35652,"PIRES DO RIO, VD",0,"","10/01/2013 07:02",2,"CO",30,160," "," ",1,1,0,0,0,0,0,0,0,0,0,0,0,0,0,0,0,34122,"MELO FREIRE, RUA",35652,"PIRES DO RIO, VD",NA,"",1,0,"MELO FREIRE, RUA SAO PAULO SP &  PIRES DO RIO, VD SAO PAULO SP",-23.5391715,-46.5695321
"393","D011300667",13172,"MARIA CANDIDA, RUA",NA,"",2150,"","10/01/2013 07:10",2,"CO",9,363," "," ",0,1,0,0,0,0,0,0,0,0,0,1,0,0,0,0,0,13172,"MARIA CANDIDA, RUA",NA,"",NA,"",1,0,"MARIA CANDIDA, RUA 2150 SAO PAULO SP",-23.509569,-46.5954624
"394","D011300735",14767,"NOVA CANTAREIRA, AV",NA,"",2811,"","10/01/2013 07:33",2,"QM",20,262,"B"," ",0,1,0,0,0,0,0,0,0,0,0,0,0,0,0,0,0,14767,"NOVA CANTAREIRA, AV",NA,"",83,"TREMEMBE",1,0,"NOVA CANTAREIRA, AV 2811 SAO PAULO SP",-23.4741349,-46.6138834
"396","D011300257",19100,"BANDEIRANTES, AV DOS",NA,"",3725,"","10/01/2013 08:00",2,"CO",27,345," "," ",1,1,0,0,0,0,0,0,0,0,0,1,0,0,0,0,0,19100,"BANDEIRANTES, AV DOS",NA,"",24,"CIDADE LIDER",2,0,"BANDEIRANTES, AV DOS 3725 SAO PAULO SP",-23.6164571,-46.6634128
"397","D011301509",41386,"LUIZ MATHEUS ALPIOVEZZA, RUA",NA,"",1558,"","10/01/2013 08:00",2,"CO",103,141," "," ",1,1,0,0,0,0,0,0,0,0,0,0,0,0,0,0,0,41386,"LUIZ MATHEUS ALPIOVEZZA, RUA",NA,"",47,"LAJEADO",1,0,"LUIZ MATHEUS ALPIOVEZZA, RUA 1558 SAO PAULO SP",-23.516601,-46.6022067
"399","D011300266",9334,"IRERE, AV",NA,"",2030,"","10/01/2013 08:30",4,"AT",27,740," "," ",1,0,0,0,0,0,0,0,0,0,0,0,0,0,0,0,0,9334,"IRERE, AV",NA,"",79,"SAUDE",1,0,"IRERE, AV 2030 SAO PAULO SP",-23.6283389,-46.6456163
"400","D011300867",15425,"CANTIDIO SAMPAIO, AV DEP",NA,"",2613,"","10/01/2013 08:40",2,"CL",72,273," "," ",0,1,0,0,0,0,0,1,0,0,0,0,0,0,0,0,0,15425,"CANTIDIO SAMPAIO, AV DEP",NA,"",41,"JARAGUA",1,0,"CANTIDIO SAMPAIO, AV DEP 2613 SAO PAULO SP",-23.4591422,-46.6897637
"401","D011300885",6224,"EDU CHAVES, AV",17339,"ROLAND GARROS, AV",0,"","10/01/2013 08:58",4,"AT",73,322," "," ",1,0,0,0,0,0,0,0,0,0,0,0,0,0,0,0,0,6224,"EDU CHAVES, AV",17339,"ROLAND GARROS, AV",38,"JACANA",1,0,"EDU CHAVES, AV SAO PAULO SP &  ROLAND GARROS, AV SAO PAULO SP",-23.4721429,-46.5718386
"402","D011300694",17799,"SANTOS DUMONT, AV",3637,"BRAZ LEME, AV",0,"","10/01/2013 09:10",2,"QM",13,312," "," ",0,1,0,0,0,0,0,0,0,0,0,0,0,0,0,0,0,3637,"BRAZ LEME, AV",17799,"SANTOS DUMONT, AV",71,"SANTANA",1,0,"SANTOS DUMONT, AV SAO PAULO SP &  BRAZ LEME, AV SAO PAULO SP",-23.5257861,-46.6307889
"403","D011300467",17822,"SAPETUBA, RUA",6105,"DRAUSIO, RUA",0,"","10/01/2013 09:30",2,"CO",34,197," "," ",1,1,0,0,0,0,0,0,0,0,0,0,0,0,0,0,0,6105,"DRAUSIO, RUA",17822,"SAPETUBA, RUA",12,"BUTANTA",1,0,"SAPETUBA, RUA SAO PAULO SP &  DRAUSIO, RUA SAO PAULO SP",-23.5733923,-46.7111489
"404","D011301390",9587,"SERRA DE SAO DOMINGOS, RUA",NA,"",555,"","10/01/2013 09:45",4,"AT",32,252," "," ",0,0,0,0,0,0,0,0,0,0,0,0,0,0,0,1,0,9587,"SERRA DE SAO DOMINGOS, RUA",NA,"",36,"ITAQUERA",1,0,"SERRA DE SAO DOMINGOS, RUA 555 SAO PAULO SP",-23.5510819,-46.4505028
"405","D011300765",5947,"EDGAR FACO, AV GAL",NA,"",441,"","10/01/2013 09:55",2,"CO",28,152," "," ",1,1,0,0,0,0,0,0,0,0,0,0,0,0,0,0,0,5947,"EDGAR FACO, AV GAL",NA,"",64,"PIRITUBA",1,0,"EDGAR FACO, AV GAL 441 SAO PAULO SP",-23.5031181,-46.7064976
"406","D011300230",11379,"JUNTAS PROVISORIAS, AV",6642,"ESTADO, AV DO",0,"","10/01/2013 10:40",2,"SI",17,189," "," ",1,1,0,0,0,0,0,0,0,0,0,0,0,0,0,0,0,10648,"JORDAO, RUA BRIG",11379,"JUNTAS PROVISORIAS, AV",48,"LAPA",1,0,"JUNTAS PROVISORIAS, AV SAO PAULO SP &  ESTADO, AV DO SAO PAULO SP",-23.6035256,-46.6020793
"408","D011300695",3241,"BENTO PICKEL, RUA DOM",NA,"",418,"","10/01/2013 11:15",4,"AT",13,336," "," ",1,0,0,0,0,0,0,0,0,0,0,0,0,0,0,0,0,3241,"BENTO PICKEL, RUA DOM",NA,"",21,"CASA VERDE",1,0,"BENTO PICKEL, RUA DOM 418 SAO PAULO SP",-23.4893578,-46.6604522
"409","D011301718",16055,"PENSILVANIA, RUA",17064,"RIBEIRO DO VALE, RUA",0,"","10/01/2013 11:30",4,"AT",16,542," "," ",1,0,0,0,0,0,0,0,0,0,0,0,0,0,0,0,0,16055,"PENSILVANIA, RUA",17064,"RIBEIRO DO VALE, RUA",NA,"",0,1,"PENSILVANIA, RUA SAO PAULO SP &  RIBEIRO DO VALE, RUA SAO PAULO SP",-23.6160194,-46.6810369
"410","D011300433",4561,"CASTELO BRANCO, AV PRES",7396,"JOSE GOMES FALCAO, RUA",0,"","10/01/2013 12:00",2,"CO",23,153," "," ",0,1,0,1,0,0,0,0,0,0,0,0,0,0,0,0,0,4561,"CASTELO BRANCO, AV PRES",7396,"JOSE GOMES FALCAO, RUA",6,"BARRA FUNDA",1,0,"CASTELO BRANCO, AV PRES SAO PAULO SP &  JOSE GOMES FALCAO, RUA SAO PAULO SP",-23.5216047,-46.6390428
"411","D011300172",8023,"GLETE, AL",15358,"PALMEIRAS, RUA DAS",0,"","10/01/2013 12:15",4,"AT",77,146," "," ",1,0,0,0,0,0,0,0,0,0,0,0,0,0,0,0,0,8023,"GLETE, AL",15358,"PALMEIRAS, RUA DAS",70,"SANTA CECILIA",1,0,"GLETE, AL SAO PAULO SP &  PALMEIRAS, RUA DAS SAO PAULO SP",-23.5372939,-46.6502599
"413","D011300099",11922,"LINS DE VASCONCELOS, AV",NA,"",2398,"","10/01/2013 12:20",2,"QM",6,150," "," ",0,1,0,0,0,0,0,0,0,0,0,0,0,0,0,0,0,11922,"LINS DE VASCONCELOS, AV",NA,"",92,"VILA MARIANA",1,0,"LINS DE VASCONCELOS, AV 2398 SAO PAULO SP",-23.5832108,-46.6276048
"415","D011300317",5618,"CURSINO, AV DO",NA,"",6800,"","10/01/2013 12:30",2,"CO",83,76," "," ",0,1,0,0,0,0,0,0,0,0,0,1,0,0,0,0,0,5618,"CURSINO, AV DO",NA,"",27,"CURSINO",1,0,"CURSINO, AV DO 6800 SAO PAULO SP",-23.6559391,-46.6144924
"416","D011301260",4253,"CARDOSO JARROS, RUA",NA,"",35,"","10/01/2013 12:52",4,"AT",98,388,"B"," ",1,0,0,0,0,0,0,0,0,0,0,0,0,0,0,0,0,4253,"CARDOSO JARROS, RUA",NA,"",29,"FREGUESIA DO O",1,0,"CARDOSO JARROS, RUA 35 SAO PAULO SP",-23.6903217,-46.6638755
"417","D011300822",19201,"TUCURUVI, AV",NA,"",520,"","10/01/2013 13:30",2,"CO",39,171," "," ",1,1,0,0,0,0,0,0,0,0,0,0,0,0,0,0,0,19201,"TUCURUVI, AV",NA,"",22,"CIDADE ADEMAR",1,0,"TUCURUVI, AV 520 SAO PAULO SP",-23.4803634,-46.606774
"418","D011301093",10270,"JOAO DIAS, AV",NA,"",775,"","10/01/2013 14:00",2,"QM",11,369," "," ",0,1,0,0,0,0,0,0,0,0,0,0,0,0,0,0,0,10270,"JOAO DIAS, AV",NA,"",72,"SANTO AMARO",1,0,"JOAO DIAS, AV 775 SAO PAULO SP",-23.6464318,-46.7076895
"420","D011301415",10010,"JUIOANA, RUA",18541,"PONTA DA PINHEIRA, RUA",0,"","10/01/2013 14:38",2,"CO",59,118," "," ",2,0,0,0,0,0,0,0,0,0,0,0,0,0,0,0,0,4700,"FRANCISCO LUIS DE OLIVEIRA, RUA",10010,"JUIOANA, RUA",86,"VILA CURUCA",1,0,"JUIOANA, RUA SAO PAULO SP &  PONTA DA PINHEIRA, RUA SAO PAULO SP",-23.5091244,-46.4092236