"","id_acidente","codloga","logradouroA","codlogb","logradouroB","alt_num","referencia","data","cod_acid","tipo_acidente","dp","numero_BO","sentido","pista","automovel","moto","onibus","caminhao","bicicleta","moto_taxi","onibus_fretado","onibus_urbano","microonibus","van","vuc","caminhonete","carreta","jipe","outros","sem_informacao","carroca","princ_a","paiA","princ_b","paiB","cod_distrito","distrito","vit_ferida","vit_morta","local","lat","lon"
"421","D011300606",43747,"DIEGO DE CASTILHO, RUA",NA,"",150,"","10/01/2013 14:54",2,"CO",89,259," "," ",2,0,0,0,0,0,0,0,0,0,0,0,0,0,0,0,0,43747,"DIEGO DE CASTILHO, RUA",NA,"",29,"FREGUESIA DO O",1,0,"DIEGO DE CASTILHO, RUA 150 SAO PAULO SP",-23.6284383,-46.7213428
"422","D011301425",59746,"RUI PIROZZELLI, RUA",NA,"",129,"","10/01/2013 15:29",2,"CP",62,115," "," ",1,0,0,0,0,0,0,0,0,0,0,0,0,0,0,0,0,59746,"RUI PIROZZELLI, RUA",NA,"",49,"LIBERDADE",1,0,"RUI PIROZZELLI, RUA 129 SAO PAULO SP",-23.4899996,-46.4804256
"424","D011300328",19583,"VERGUEIRO, RUA",6298,"ELBA, RUA",0,"","10/01/2013 15:30",2,"CT",95,151," "," ",2,0,0,0,0,0,0,0,0,0,0,0,0,0,0,0,0,6298,"ELBA, RUA",19583,"VERGUEIRO, RUA",69,"SACOMA",1,0,"VERGUEIRO, RUA SAO PAULO SP &  ELBA, RUA SAO PAULO SP",-23.6104332,-46.6085751
"425","D011301279",6238,"NACOES UNIDAS, AV DAS",NA,"",22452,"","10/01/2013 15:43",4,"AT",99,128," "," ",0,0,1,0,0,0,0,0,0,0,0,0,0,0,0,0,0,13014,"MARGINAL DO RIO PINHEIROS, AV",NA,"",90,"VILA LEOPOLDINA",1,0,"NACOES UNIDAS, AV DAS 22452 SAO PAULO SP",-23.6791496,-46.6960548
"426","D011301716",98963,"RODOANEL MARIO COVAS, VIA",NA,"",49900,"","10/01/2013 15:50",2,"CT",101,235," "," ",0,0,0,2,0,0,0,0,0,0,0,0,0,0,0,0,0,98963,"RODOANEL MARIO COVAS, VIA",NA,"",62,"PERUS",0,1,"RODOANEL MARIO COVAS, VIA 49900 SAO PAULO SP",-23.760612,-46.5934574
"427","D011301047",6642,"ESTADO, AV DO",NA,"",450,"","10/01/2013 15:54",2,"CO",56,128," "," ",0,1,0,0,1,0,0,0,0,0,0,0,0,0,0,0,0,6642,"ESTADO, AV DO",NA,"",9,"BOM RETIRO",1,0,"ESTADO, AV DO 450 SAO PAULO SP",-23.5416117,-46.6286445
"428","D011300100",11922,"LINS DE VASCONCELOS, AV",NA,"",86,"","10/01/2013 16:00",2,"CT",6,158," "," ",0,2,0,0,0,0,0,0,0,0,0,0,0,0,0,0,0,11922,"LINS DE VASCONCELOS, AV",NA,"",92,"VILA MARIANA",1,0,"LINS DE VASCONCELOS, AV 86 SAO PAULO SP",-23.5639438,-46.620997
"429","D011300256",3590,"EDUARDO SACCAB, RUA COMEN",NA,"",32,"","10/01/2013 16:31",2,"CO",27,339," "," ",1,1,0,0,0,0,0,0,0,0,0,0,0,0,0,0,0,3590,"EDUARDO SACCAB, RUA COMEN",NA,"",15,"CAMPO BELO",1,0,"EDUARDO SACCAB, RUA COMEN 32 SAO PAULO SP",-23.6139611,-46.6779335
"430","D011301598",17824,"SAPOPEMBA, AV",NA,"",16540,"","10/01/2013 16:40",2,"CT",55,511,"B"," ",0,1,1,0,0,0,0,0,0,0,0,0,0,0,0,0,0,17824,"SAPOPEMBA, AV",NA,"",33,"IPIRANGA",2,0,"SAPOPEMBA, AV 16540 SAO PAULO SP",-23.6226054,-46.446932
"431","D011300793",7639,"FRIBURGO, RUA",NA,"",555,"","10/01/2013 17:00",2,"CO",38,210," "," ",0,1,0,0,0,0,0,2,0,0,0,0,0,0,0,0,0,7639,"FRIBURGO, RUA",NA,"",51,"MANDAQUI",1,0,"FRIBURGO, RUA 555 SAO PAULO SP",-23.5040225,-46.4958753
"433","D011300287",4596,"CATARINA, AV STA",NA,"",2277,"","10/01/2013 17:30",2,"CO",35,327," "," ",1,1,0,0,0,0,0,0,0,0,0,0,0,0,0,0,0,4596,"CATARINA, AV STA",NA,"",37,"JABAQUARA",1,0,"CATARINA, AV STA 2277 SAO PAULO SP",-23.6537288,-46.6572089
"434","D011300348",2235,"ARMANDO DE ARRUDA PEREIRA, AV ENG",NA,"",5536,"","10/01/2013 18:00",4,"AT",97,86," "," ",0,0,1,0,0,0,0,0,0,0,0,0,0,0,0,0,0,2235,"ARMANDO DE ARRUDA PEREIRA, AV ENG",NA,"",37,"JABAQUARA",1,0,"ARMANDO DE ARRUDA PEREIRA, AV ENG 5536 SAO PAULO SP",-23.6699678,-46.6331022
"438","D011301488",59358,"MAE PRETA, PCA",NA,"",67,"","10/01/2013 19:00",2,"CH",67,462," "," ",1,0,0,0,0,0,0,1,0,0,0,0,0,0,0,0,0,59358,"MAE PRETA, PCA",NA,"",50,"LIMAO",1,0,"MAE PRETA, PCA 67 SAO PAULO SP",-23.5095112,-46.4166232
"440","D011300831",62455,"ARLINDO LUZ, PCA",NA,"",992,"","10/01/2013 19:30",4,"AT",39,349," "," ",1,0,0,0,0,0,0,0,0,0,0,0,0,0,0,0,0,62455,"ARLINDO LUZ, PCA",NA,"",22,"CIDADE ADEMAR",1,0,"ARLINDO LUZ, PCA 992 SAO PAULO SP",-23.4836198,-46.5769658
"442","D011300992",17824,"SAPOPEMBA, AV",NA,"",2635,"","10/01/2013 19:45",2,"QD",29,237," "," ",0,0,1,0,0,0,0,0,0,0,0,0,0,0,0,0,0,17824,"SAPOPEMBA, AV",NA,"",33,"IPIRANGA",1,0,"SAPOPEMBA, AV 2635 SAO PAULO SP",-23.5732621,-46.5635522
"444","D011300908",15425,"CANTIDIO SAMPAIO, AV DEP",NA,"",6557,"","10/01/2013 20:00",2,"CO",74,298," "," ",1,1,0,0,0,0,0,0,0,0,0,0,0,0,0,0,0,15425,"CANTIDIO SAMPAIO, AV DEP",NA,"",41,"JARAGUA",2,0,"CANTIDIO SAMPAIO, AV DEP 6557 SAO PAULO SP",-23.4351182,-46.7179784
"445","D011301444",46936,"JACU-PESSEGO/NOVA TRABALHADORE, AV",NA,"",1000,"","10/01/2013 20:30",2,"CL",63,249," "," ",1,1,0,0,0,0,0,0,0,0,0,0,0,0,0,0,0,46936,"JACU-PESSEGO/NOVA TRABALHADORE, AV",NA,"",46,"JOSE BONIFACIO",1,0,"JACU-PESSEGO/NOVA TRABALHADORE, AV 1000 SAO PAULO SP",-23.5239177,-46.45724
"446","D011301077",10503,"JOAO XXIII, AV",1782,"ANTONIO MANOGRASSO, AV",0,"","10/01/2013 20:40",2,"CO",58,315," "," ",1,1,0,0,0,0,0,0,0,0,0,0,0,0,0,0,0,1782,"ANTONIO MANOGRASSO, AV",10503,"JOAO XXIII, AV",87,"VILA FORMOSA",1,0,"JOAO XXIII, AV SAO PAULO SP &  ANTONIO MANOGRASSO, AV SAO PAULO SP",-23.5591082,-46.5209759
"447","D011300330",609,"ALENCAR ARARIPE, RUA",NA,"",1041,"","10/01/2013 21:00",2,"QD",95,197," "," ",0,0,0,0,0,0,0,0,0,0,0,0,0,0,0,1,0,609,"ALENCAR ARARIPE, RUA",NA,"",69,"SACOMA",1,0,"ALENCAR ARARIPE, RUA 1041 SAO PAULO SP",-23.6165847,-46.5966426
"448","D011301095",9384,"ISABEL SCHMIDT, RUA",35438,"BENEDITO, RUA S",0,"","10/01/2013 22:00",2,"CO",11,390," "," ",1,1,0,0,0,0,0,0,0,0,0,0,0,0,0,0,0,9384,"ISABEL SCHMIDT, RUA",35438,"BENEDITO, RUA S",72,"SANTO AMARO",1,0,"ISABEL SCHMIDT, RUA SAO PAULO SP &  BENEDITO, RUA S SAO PAULO SP",-23.6511631,-46.7037715
"449","D011300042",2300,"AROUCHE, LGO DO",NA,"",307,"","10/01/2013 22:30",4,"AT",3,192," "," ",1,0,0,0,0,0,0,0,0,0,0,0,0,0,0,0,0,2300,"AROUCHE, LGO DO",NA,"",67,"REPUBLICA",1,0,"AROUCHE, LGO DO 307 SAO PAULO SP",-23.5408892,-46.6447648
"451","D011300174",1356,"ANGELICA, AV",8771,"HIGIENOPOLIS, AV",0,"","11/01/2013 00:50",2,"CO",77,194," "," ",1,0,0,0,0,0,0,0,0,0,0,1,0,0,0,0,0,1356,"ANGELICA, AV",8771,"HIGIENOPOLIS, AV",26,"CONSOLACAO",3,0,"ANGELICA, AV SAO PAULO SP &  HIGIENOPOLIS, AV SAO PAULO SP",-23.5474146,-46.6586504
"452","D011301227",10270,"JOAO DIAS, AV",NA,"",3900,"","11/01/2013 03:00",2,"CO",92,438," "," ",1,1,0,0,0,0,0,0,0,0,0,0,0,0,0,0,0,10270,"JOAO DIAS, AV",NA,"",72,"SANTO AMARO",1,0,"JOAO DIAS, AV 3900 SAO PAULO SP",-23.6438845,-46.7313919
"454","D011300390",16263,"PINHEIROS, RUA DOS",NA,"",1518,"","11/01/2013 05:40",2,"CO",14,295," "," ",2,0,0,0,0,0,0,0,0,0,0,0,0,0,0,0,0,16263,"PINHEIROS, RUA DOS",NA,"",63,"PINHEIROS",1,0,"PINHEIROS, RUA DOS 1518 SAO PAULO SP",-23.5678983,-46.6922143
"455","D011301445",13881,"MIGUEL, AV S",NA,"",6345,"","11/01/2013 05:50",2,"CL",63,257," "," ",1,1,0,0,0,0,0,0,0,0,0,0,0,0,0,0,0,13881,"MIGUEL, AV S",NA,"",65,"PONTE RASA",1,0,"MIGUEL, AV S 6345 SAO PAULO SP",-23.5040258,-46.4728763
"456","D011301475",12156,"LUIZ AYRES, RUA DR",NA,"",1882,"","11/01/2013 06:00",2,"CO",65,128," "," ",1,1,0,0,0,0,0,0,0,0,0,0,0,0,0,0,0,12156,"LUIZ AYRES, RUA DR",NA,"",5,"ARTUR ALVIM",1,0,"LUIZ AYRES, RUA DR 1882 SAO PAULO SP",-23.5411749,-46.4842053
"458","D011300121",543,"ALCANTARA MACHADO, AV",NA,"",4456,"","11/01/2013 06:24",2,"QM",8,249," "," ",0,1,0,0,0,0,0,0,0,0,0,0,0,0,0,0,0,543,"ALCANTARA MACHADO, AV",NA,"",10,"BRAS",1,0,"ALCANTARA MACHADO, AV 4456 SAO PAULO SP",-23.5427156,-46.5833172
"459","D011300844",71780,"FRANCISCO RODRIGUES NUNES, RUA",26089,"JACOFER, RUA",0,"","11/01/2013 06:25",2,"CO",40,110," "," ",0,1,0,1,0,0,0,0,0,0,0,0,0,0,0,0,0,26089,"JACOFER, RUA",71780,"FRANCISCO RODRIGUES NUNES, RUA",NA,"",2,0,"FRANCISCO RODRIGUES NUNES, RUA SAO PAULO SP &  JACOFER, RUA SAO PAULO SP",-23.5080834,-46.6761994
"460","D011301702",9044,"RAGUEB CHOHFI, AV",NA,"",1956,"","11/01/2013 07:00",2,"CL",53,349," "," ",1,1,0,0,0,0,0,0,0,0,0,0,0,0,0,0,0,9044,"RAGUEB CHOHFI, AV",NA,"",NA,"",0,1,"RAGUEB CHOHFI, AV 1956 SAO PAULO SP",-23.598867,-46.4661313
"461","D011300157",16870,"RANGEL PESTANA, AV",NA,"",1491,"","11/01/2013 07:00",2,"CF",12,384," "," ",1,0,0,0,0,0,0,1,0,0,0,0,0,0,0,0,0,16870,"RANGEL PESTANA, AV",NA,"",1,"AGUA RASA",3,0,"RANGEL PESTANA, AV 1491 SAO PAULO SP",-23.5450675,-46.6202232
"463","D011300469",7500,"FRANCISCO MORATO, AV PROF",NA,"",100,"","11/01/2013 07:30",2,"CO",34,258," "," ",2,1,0,0,0,0,0,0,0,0,0,0,0,0,0,0,0,7500,"FRANCISCO MORATO, AV PROF",NA,"",12,"BUTANTA",1,0,"FRANCISCO MORATO, AV PROF 100 SAO PAULO SP",-23.5731025,-46.70559
"464","D011300568",16878,"RAPOSO TAVARES, VIA",NA,"",17200,"","11/01/2013 07:30",2,"QM",75,120," "," ",0,1,0,0,0,0,0,0,0,0,0,0,0,0,0,0,0,16878,"RAPOSO TAVARES, VIA",NA,"",13,"CACHOEIRINHA",1,0,"RAPOSO TAVARES, VIA 17200 SAO PAULO SP",-23.5182579,-48.5000767
"465","D011301134",5606,"CUPECE, AV",10765,"FELICIO CINTRA DO PRADO, RUA PROF",0,"","11/01/2013 07:40",2,"CL",43,145,"B"," ",2,0,0,0,0,0,0,0,0,0,0,0,0,0,0,0,0,5606,"CUPECE, AV",10765,"FELICIO CINTRA DO PRADO, RUA PROF",22,"CIDADE ADEMAR",2,0,"CUPECE, AV SAO PAULO SP &  FELICIO CINTRA DO PRADO, RUA PROF SAO PAULO SP",-23.6626179,-46.6622987
"466","D011300942",4128,"CANGAIBA, AV",NA,"",3500,"","11/01/2013 08:00",2,"CO",10,444," "," ",1,1,0,0,0,0,0,0,0,0,0,0,0,0,0,0,0,4128,"CANGAIBA, AV",NA,"",18,"CANGAIBA",1,0,"CANGAIBA, AV 3500 SAO PAULO SP",-23.5061388,-46.523129
"468","D011301213",11242,"JOSEFINA MORETTI, RUA",NA,"",309,"","11/01/2013 08:00",4,"AT",92,204," "," ",1,0,0,0,0,0,0,0,0,0,0,0,0,0,0,0,0,11242,"JOSEFINA MORETTI, RUA",NA,"",29,"FREGUESIA DO O",1,0,"JOSEFINA MORETTI, RUA 309 SAO PAULO SP",-23.644324,-46.740269
"469","D011300552",19817,"VITAL BRASIL, AV",NA,"",711,"","11/01/2013 08:20",4,"AT",51,163,"C"," ",1,1,0,0,0,0,0,0,0,0,0,0,0,0,0,0,0,19817,"VITAL BRASIL, AV",NA,"",13,"CACHOEIRINHA",2,0,"VITAL BRASIL, AV 711 SAO PAULO SP",-23.5704746,-46.7112503
"470","D011300423",7691,"GABRIEL MONTEIRO DA SILVA, AL",683,"ALFREDO CABRAL, RUA CEL",0,"","11/01/2013 09:37",2,"CO",15,202," "," ",0,1,0,0,0,0,0,0,0,0,0,1,0,0,0,0,0,683,"ALFREDO CABRAL, RUA CEL",7691,"GABRIEL MONTEIRO DA SILVA, AL",63,"PINHEIROS",1,0,"GABRIEL MONTEIRO DA SILVA, AL SAO PAULO SP &  ALFREDO CABRAL, RUA CEL SAO PAULO SP",-23.574341,-46.6853256
"471","D011301361",13881,"MIGUEL, AV S",NA,"",3551,"","11/01/2013 09:45",2,"CL",24,123," "," ",1,1,0,0,0,0,0,0,0,0,0,0,0,0,0,0,0,13881,"MIGUEL, AV S",NA,"",65,"PONTE RASA",1,0,"MIGUEL, AV S 3551 SAO PAULO SP",-23.5102952,-46.4983113
"472","D011300697",3813,"CAETANO ALVARES, AV ENG",20066,"ZILDA, RUA",0,"","11/01/2013 09:50",2,"CO",13,365," "," ",0,1,0,1,0,0,0,0,0,0,0,0,0,0,0,0,0,3813,"CAETANO ALVARES, AV ENG",20066,"ZILDA, RUA",21,"CASA VERDE",1,0,"CAETANO ALVARES, AV ENG SAO PAULO SP &  ZILDA, RUA SAO PAULO SP",-23.4830811,-46.6330478
"473","D011300869",3771,"INAJAR DE SOUZA, AV",NA,"",4750,"","11/01/2013 09:55",4,"AT",72,303," "," ",0,0,0,0,0,0,0,0,0,0,0,1,0,0,0,0,0,3771,"INAJAR DE SOUZA, AV",NA,"",50,"LIMAO",1,0,"INAJAR DE SOUZA, AV 4750 SAO PAULO SP",-23.4705433,-46.6703863
"475","D011300451",1232,"ANASTACIO, AV DO",NA,"",2409,"","11/01/2013 10:10",2,"CO",33,345," "," ",1,1,0,0,0,0,0,0,0,0,0,0,0,0,0,0,0,1232,"ANASTACIO, AV DO",NA,"",73,"SAO DOMINGOS",1,0,"ANASTACIO, AV DO 2409 SAO PAULO SP",-23.4883978,-46.7380002
"476","D011300696",3813,"CAETANO ALVARES, AV ENG",NA,"",3287,"","11/01/2013 10:11",4,"AT",13,363," "," ",1,0,0,0,0,0,0,0,0,0,0,0,0,0,0,0,0,3813,"CAETANO ALVARES, AV ENG",NA,"",21,"CASA VERDE",1,0,"CAETANO ALVARES, AV ENG 3287 SAO PAULO SP",-23.490434,-46.6555798
"477","D011300148",4561,"CASTELO BRANCO, AV PRES",18197,"SILVA TELES, RUA",0,"","11/01/2013 10:15",2,"CO",12,215," "," ",0,0,0,0,0,0,0,0,0,0,0,2,0,0,0,0,0,4561,"CASTELO BRANCO, AV PRES",18197,"SILVA TELES, RUA",8,"BELEM",1,0,"CASTELO BRANCO, AV PRES SAO PAULO SP &  SILVA TELES, RUA SAO PAULO SP",-23.5216047,-46.6390428
"478","D011300104",6642,"ESTADO, AV DO",NA,"",2000,"","11/01/2013 11:00",2,"CT",6,231," "," ",1,0,0,1,0,0,0,0,0,0,0,0,0,0,0,0,0,6642,"ESTADO, AV DO",NA,"",9,"BOM RETIRO",1,0,"ESTADO, AV DO 2000 SAO PAULO SP",-23.5862844,-46.5987073
"479","D011301696",9044,"RAGUEB CHOHFI, AV",NA,"",115,"","11/01/2013 11:30",4,"AT",69,378," "," ",1,0,0,0,0,0,0,0,0,0,0,0,0,0,0,0,0,9044,"RAGUEB CHOHFI, AV",NA,"",NA,"",0,1,"RAGUEB CHOHFI, AV 115 SAO PAULO SP",-23.6108952,-46.4752327
"480","D011301261",8477,"WILSON CANTONI, RUA",NA,"",376,"","11/01/2013 11:56",4,"AT",98,424,"B"," ",0,0,1,0,0,0,0,0,0,0,0,0,0,0,0,0,0,8477,"WILSON CANTONI, RUA",NA,"",29,"FREGUESIA DO O",1,0,"WILSON CANTONI, RUA 376 SAO PAULO SP",-23.6925836,-46.6452808
"481","D011300583",16838,"RAIMUNDO PEREIRA DE MAGAL., AV",NA,"",6500,"","11/01/2013 12:30",2,"CO",87,202," "," ",0,1,0,1,0,0,0,0,0,0,0,0,0,0,0,0,0,16838,"RAIMUNDO PEREIRA DE MAGAL., AV",NA,"",31,"GUAIANASES",1,0,"RAIMUNDO PEREIRA DE MAGAL., AV 6500 SAO PAULO SP",-23.4772214,-46.728046
"482","D011300025",22237,"DAVID BIGIO, RUA",6642,"ESTADO, AV DO",0,"","11/01/2013 13:00",2,"CO",2,201," "," ",0,1,0,1,0,0,0,0,0,0,0,0,0,0,0,0,0,6642,"ESTADO, AV DO",22237,"DAVID BIGIO, RUA",9,"BOM RETIRO",1,0,"DAVID BIGIO, RUA SAO PAULO SP &  ESTADO, AV DO SAO PAULO SP",-23.5230551,-46.6373221
"483","D011300259",8944,"IBIRAPUERA, AV",NA,"",3219,"","11/01/2013 13:05",2,"CO",27,372," "," ",3,0,0,0,0,0,0,0,0,0,0,0,0,0,0,0,0,8944,"IBIRAPUERA, AV",NA,"",53,"MOEMA",1,0,"IBIRAPUERA, AV 3219 SAO PAULO SP",-23.6106267,-46.6685663
"484","D011300203",5618,"CURSINO, AV DO",NA,"",1515,"","11/01/2013 13:15",2,"CO",16,446," "," ",1,1,0,0,0,0,0,0,0,0,0,0,0,0,0,0,0,5618,"CURSINO, AV DO",NA,"",27,"CURSINO",1,0,"CURSINO, AV DO 1515 SAO PAULO SP",-23.6159085,-46.6175973
"485","D011301647",24338,"LUIZ IGNACIO ANHAIA MELLO, AV PROF",NA,"",7083,"","11/01/2013 13:30",2,"CO",70,241," "," ",2,0,0,0,0,0,0,0,0,0,0,0,0,0,0,0,0,24338,"LUIZ IGNACIO ANHAIA MELLO, AV PROF",NA,"",26,"CONSOLACAO",1,0,"LUIZ IGNACIO ANHAIA MELLO, AV PROF 7083 SAO PAULO SP",-23.5983244,-46.5328673
"486","D011301066",17033,"RIBEIRAO BRANCO, RUA",2540,"AUGUSTO GALVAO VAZ CERQUINHO, RUA DR",0,"","11/01/2013 13:30",2,"CO",57,145," "," ",0,1,0,0,0,0,0,0,0,0,0,1,0,0,0,0,0,2540,"AUGUSTO GALVAO VAZ CERQUINHO, RUA DR",4034,"CAMPO LARGO, RUA",1,"AGUA RASA",1,0,"RIBEIRAO BRANCO, RUA SAO PAULO SP &  AUGUSTO GALVAO VAZ CERQUINHO, RUA DR SAO PAULO SP",-23.5671792,-46.5772734
"487","D011300204",5902,"DIOGO DE FARIA, RUA DR",NA,"",113,"","11/01/2013 13:35",2,"CO",16,456,"B"," ",1,1,0,0,0,0,0,0,0,0,0,0,0,0,0,0,0,5902,"DIOGO DE FARIA, RUA DR",NA,"",92,"VILA MARIANA",1,0,"DIOGO DE FARIA, RUA DR 113 SAO PAULO SP",-23.5962464,-46.6378252
"488","D011301051",24338,"LUIZ IGNACIO ANHAIA MELLO, AV PROF",NA,"",850,"","11/01/2013 14:00",2,"CO",56,203," "," ",0,0,1,0,0,0,0,0,0,0,0,1,0,0,0,0,0,24338,"LUIZ IGNACIO ANHAIA MELLO, AV PROF",NA,"",26,"CONSOLACAO",2,0,"LUIZ IGNACIO ANHAIA MELLO, AV PROF 850 SAO PAULO SP",-23.5844985,-46.5847992
"489","D011301487",11542,"NORDESTINA, AV",NA,"",3000,"","11/01/2013 14:00",4,"AT",67,398," "," ",0,0,0,0,0,0,0,0,0,0,0,0,0,0,0,1,0,11542,"NORDESTINA, AV",NA,"",76,"SAO MIGUEL",1,0,"NORDESTINA, AV 3000 SAO PAULO SP",-23.5111263,-46.431366
"490","D011300173",1162,"ANA CINTRA, RUA",10101,"JOAO, AV S",0,"","11/01/2013 14:11",2,"CO",77,176," "," ",1,1,0,0,0,0,0,0,0,0,0,0,0,0,0,0,0,1162,"ANA CINTRA, RUA",10101,"JOAO, AV S",70,"SANTA CECILIA",1,0,"ANA CINTRA, RUA SAO PAULO SP &  JOAO, AV S SAO PAULO SP",-23.5402618,-46.6478014
"491","D011300122",14213,"MOOCA, RUA DA",NA,"",416,"","11/01/2013 14:17",2,"CO",8,259," "," ",0,1,0,0,0,0,0,0,0,0,0,1,0,0,0,0,0,14213,"MOOCA, RUA DA",NA,"",16,"CAMPO GRANDE",1,0,"MOOCA, RUA DA 416 SAO PAULO SP",-23.5604552,-46.5856187
"492","D011300149",21637,"HUMBERTO DE SOUZA MELLO, PCA GAL",4632,"CATUMBI, RUA",0,"","11/01/2013 14:45",4,"AT",12,227," "," ",0,0,0,1,0,0,0,0,0,0,0,0,0,0,0,0,0,4632,"CATUMBI, RUA",10042,"JEQUITINHONHA, RUA",8,"BELEM",1,0,"HUMBERTO DE SOUZA MELLO, PCA GAL SAO PAULO SP &  CATUMBI, RUA SAO PAULO SP",-23.5300884,-46.6021669
"493","D011301096",10270,"JOAO DIAS, AV",NA,"",2046,"","11/01/2013 15:20",2,"CT",11,415," "," ",1,1,0,0,0,0,0,0,0,0,0,0,0,0,0,0,0,10270,"JOAO DIAS, AV",NA,"",72,"SANTO AMARO",1,0,"JOAO DIAS, AV 2046 SAO PAULO SP",-23.6446697,-46.7201858
"494","D011300086",12165,"LUIS ANTONIO, AV BRIG",NA,"",1813,"","11/01/2013 15:25",4,"AT",5,227," "," ",1,0,0,0,0,0,0,0,0,0,0,0,0,0,0,0,0,12165,"LUIS ANTONIO, AV BRIG",NA,"",7,"BELA VISTA",1,0,"LUIS ANTONIO, AV BRIG 1813 SAO PAULO SP",-23.5642269,-46.6464176
"496","D011300631",7836,"GASTAO VIDIGAL, AV DR",13854,"MERGENTHALER, RUA",0,"","11/01/2013 15:26",2,"CO",91,272," "," ",1,1,0,0,0,0,0,0,0,0,0,0,0,0,0,0,0,7836,"GASTAO VIDIGAL, AV DR",13854,"MERGENTHALER, RUA",90,"VILA LEOPOLDINA",1,0,"GASTAO VIDIGAL, AV DR SAO PAULO SP &  MERGENTHALER, RUA SAO PAULO SP",-23.5250205,-46.7409786
"497","D011300123",543,"ALCANTARA MACHADO, AV",3596,"BRASIL, RUA ALM",0,"","11/01/2013 15:30",2,"CO",8,260," "," ",1,1,0,0,0,0,0,0,0,0,0,0,0,0,0,0,0,543,"ALCANTARA MACHADO, AV",3596,"BRASIL, RUA ALM",54,"MOOCA",1,0,"ALCANTARA MACHADO, AV SAO PAULO SP &  BRASIL, RUA ALM SAO PAULO SP",-23.5528151,-46.613419
"498","D011301216",33664,"ANTONIO DE SENA, RUA",NA,"",82,"","11/01/2013 15:30",2,"CO",92,225," "," ",1,0,0,1,0,0,0,0,0,0,0,0,0,0,0,0,0,33664,"ANTONIO DE SENA, RUA",NA,"",32,"IGUATEMI",1,0,"ANTONIO DE SENA, RUA 82 SAO PAULO SP",-23.6605107,-46.7447686
"499","D011300468",7500,"FRANCISCO MORATO, AV PROF",NA,"",479,"","11/01/2013 15:40",2,"CT",34,234," "," ",1,1,0,0,0,0,0,0,0,0,0,0,0,0,0,0,0,7500,"FRANCISCO MORATO, AV PROF",NA,"",12,"BUTANTA",1,0,"FRANCISCO MORATO, AV PROF 479 SAO PAULO SP",-23.5758373,-46.7072421
"500","D011301523",21711,"SATURNINO PEREIRA, RUA",NA,"",360,"","11/01/2013 15:54",4,"AT",44,253," "," ",0,0,0,0,0,0,0,0,0,0,0,0,0,0,0,1,0,21711,"SATURNINO PEREIRA, RUA",NA,"",50,"LIMAO",1,0,"SATURNINO PEREIRA, RUA 360 SAO PAULO SP",-23.5471599,-46.4118529
"501","D011301459",61827,"ALVES E ROCHA FILHO, AV CEL",75265,"JARAMATAIA, RUA",0,"","11/01/2013 16:00",2,"CF",64,304," "," ",1,1,0,0,0,0,0,0,0,0,0,0,0,0,0,0,0,61827,"ALVES E ROCHA FILHO, AV CEL",75265,"JARAMATAIA, RUA",36,"ITAQUERA",2,0,"ALVES E ROCHA FILHO, AV CEL SAO PAULO SP &  JARAMATAIA, RUA SAO PAULO SP",-23.5205828,-46.4665341
"502","D011300291",449,"ALBA, RUA",21929,"NELSON WASHINGTON PEREIRA, RUA",0,"","11/01/2013 16:00",2,"CO",35,656," "," ",1,1,0,0,0,0,0,0,0,0,0,0,0,0,0,0,0,449,"ALBA, RUA",21929,"NELSON WASHINGTON PEREIRA, RUA",37,"JABAQUARA",1,0,"ALBA, RUA SAO PAULO SP &  NELSON WASHINGTON PEREIRA, RUA SAO PAULO SP",-23.6400473,-46.6505331
"503","D011300329",19583,"VERGUEIRO, RUA",NA,"",8000,"","11/01/2013 16:40",2,"CO",95,162,"C"," ",1,1,0,0,0,0,0,0,0,0,0,0,0,0,0,0,0,19583,"VERGUEIRO, RUA",NA,"",33,"IPIRANGA",1,0,"VERGUEIRO, RUA 8000 SAO PAULO SP",-23.6124266,-46.6078038
"506","D011300944",42369,"AIRTON SENNA DA SILVA, VIA",NA,"",13500,"","11/01/2013 17:25",2,"CO",10,466," "," ",1,1,0,0,0,0,0,0,0,0,0,0,0,0,0,0,0,42369,"AIRTON SENNA DA SILVA, VIA",NA,"",18,"CANGAIBA",1,0,"AIRTON SENNA DA SILVA, VIA 13500 SAO PAULO SP",-23.4965579,-46.530574
"507","D011300434",18519,"SUMARE, AV",NA,"",318,"","11/01/2013 17:30",2,"CO",23,190,"B"," ",1,1,0,0,0,0,0,0,0,0,0,0,0,0,0,0,0,18519,"SUMARE, AV",NA,"",61,"PERDIZES",1,0,"SUMARE, AV 318 SAO PAULO SP",-23.5323172,-46.6759628
"508","D011300584",16838,"RAIMUNDO PEREIRA DE MAGAL., AV",NA,"",1500,"","11/01/2013 17:30",2,"CO",87,214," "," ",0,1,0,0,0,0,0,0,0,0,0,1,0,0,0,0,0,16838,"RAIMUNDO PEREIRA DE MAGAL., AV",NA,"",31,"GUAIANASES",2,0,"RAIMUNDO PEREIRA DE MAGAL., AV 1500 SAO PAULO SP",-23.4866379,-46.7258915