"","id_acidente","codloga","logradouroA","codlogb","logradouroB","alt_num","referencia","data","cod_acid","tipo_acidente","dp","numero_BO","sentido","pista","automovel","moto","onibus","caminhao","bicicleta","moto_taxi","onibus_fretado","onibus_urbano","microonibus","van","vuc","caminhonete","carreta","jipe","outros","sem_informacao","carroca","princ_a","paiA","princ_b","paiB","cod_distrito","distrito","vit_ferida","vit_morta","local","lat","lon"
"509","D011301593",78856,"LEONOR DE SIQUEIRO, RUA",NA,"",20,"","11/01/2013 18:00",4,"AT",55,205," "," ",1,0,0,0,0,0,0,0,0,0,0,0,0,0,0,0,0,78856,"LEONOR DE SIQUEIRO, RUA",NA,"",55,"MORUMBI",1,0,"LEONOR DE SIQUEIRO, RUA 20 SAO PAULO SP",-23.6181419,-46.4694337
"511","D011300945",42369,"AIRTON SENNA DA SILVA, VIA",NA,"",15850,"","11/01/2013 18:15",2,"CT",10,470," "," ",1,1,0,0,0,0,0,0,0,0,0,0,0,0,0,0,0,42369,"AIRTON SENNA DA SILVA, VIA",NA,"",18,"CANGAIBA",2,0,"AIRTON SENNA DA SILVA, VIA 15850 SAO PAULO SP",-23.4881096,-46.5079319
"512","D011300188",15656,"PAULISTA, AV",NA,"",1200,"","11/01/2013 18:20",2,"CT",78,279," "," ",1,1,0,0,0,0,0,0,0,0,0,0,0,0,0,0,0,15656,"PAULISTA, AV",NA,"",7,"BELA VISTA",1,0,"PAULISTA, AV 1200 SAO PAULO SP",-23.5632201,-46.6545057
"513","D011300738",16178,"PESTANA, RUA",NA,"",37,"","11/01/2013 18:30",2,"CO",20,319," "," ",1,1,0,0,0,0,0,0,0,0,0,0,0,0,0,0,0,16178,"PESTANA, RUA",NA,"",8,"BELEM",1,0,"PESTANA, RUA 37 SAO PAULO SP",-23.4822121,-46.6354521
"514","D011300043",15323,"PAICANDU, LGO DO",NA,"",20,"","11/01/2013 18:34",4,"AT",3,320," "," ",0,1,0,0,0,0,0,0,0,0,0,0,0,0,0,0,0,15323,"PAICANDU, LGO DO",NA,"",5,"ARTUR ALVIM",1,0,"PAICANDU, LGO DO 20 SAO PAULO SP",-23.4394159,-46.2753202
"515","D011301648",70596,"CORREIA DA CAMARA, RUA",NA,"",47,"","11/01/2013 19:04",4,"AT",70,250," "," ",0,0,0,0,0,0,0,0,0,0,0,1,0,0,0,0,0,70596,"CORREIA DA CAMARA, RUA",NA,"",56,"PARELHEIROS",1,0,"CORREIA DA CAMARA, RUA 47 SAO PAULO SP",-23.5987007,-46.5286722
"516","D011300698",17832,"SAGUAIRU, RUA",10458,"JOAO RUDGE, RUA",0,"","11/01/2013 19:22",2,"CL",13,388," "," ",2,0,0,0,0,0,0,0,0,0,0,0,0,0,0,0,0,10458,"JOAO RUDGE, RUA",17832,"SAGUAIRU, RUA",21,"CASA VERDE",2,0,"SAGUAIRU, RUA SAO PAULO SP &  JOAO RUDGE, RUA SAO PAULO SP",-23.5092964,-46.6531503
"517","D011301671",9836,"JAGUARE, AV",NA,"",695,"","11/01/2013 19:35",4,"AT",93,258," "," ",0,1,0,0,0,0,0,0,0,0,0,0,0,0,0,0,0,9836,"JAGUARE, AV",NA,"",40,"JAGUARE",0,2,"JAGUARE, AV 695 SAO PAULO SP",-23.5540481,-46.7432926
"518","D011300593",16838,"RAIMUNDO PEREIRA DE MAGAL., AV",NA,"",1000,"","11/01/2013 20:00",2,"CO",87,385," "," ",1,1,0,0,0,0,0,0,0,0,0,0,0,0,0,0,0,16838,"RAIMUNDO PEREIRA DE MAGAL., AV",NA,"",31,"GUAIANASES",1,0,"RAIMUNDO PEREIRA DE MAGAL., AV 1000 SAO PAULO SP",-23.5095869,-46.7150048
"519","D011300044",9276,"IPIRANGA, AV",10101,"JOAO, AV S",0,"","11/01/2013 20:18",4,"AT",3,321," "," ",0,0,0,0,0,0,0,1,0,0,0,0,0,0,0,0,0,9276,"IPIRANGA, AV",10101,"JOAO, AV S",67,"REPUBLICA",1,0,"IPIRANGA, AV SAO PAULO SP &  JOAO, AV S SAO PAULO SP",-23.5457285,-46.6440924
"520","D011300591",6939,"FEIZ ZARZUR, RUA COMEN",NA,"",580,"","11/01/2013 20:29",4,"AT",87,361," "," ",0,0,0,0,0,0,0,0,0,0,0,0,0,0,0,1,0,6939,"FEIZ ZARZUR, RUA COMEN",NA,"",64,"PIRITUBA",1,0,"FEIZ ZARZUR, RUA COMEN 580 SAO PAULO SP",-23.4777337,-46.7206425
"521","D011300853",21017,"GABRIEL MIGLIORI, RUA MAEST",73663,"NELSON FRANCISCO, RUA",0,"","11/01/2013 20:34",2,"CO",40,387," "," ",0,0,1,0,1,0,0,0,0,0,0,0,0,0,0,0,0,21017,"GABRIEL MIGLIORI, RUA MAEST",73663,"NELSON FRANCISCO, RUA",NA,"",1,0,"GABRIEL MIGLIORI, RUA MAEST SAO PAULO SP &  NELSON FRANCISCO, RUA SAO PAULO SP",-23.5091837,-46.6803036
"523","D011300704",14242,"MOREIRA DE BARROS, RUA CONS",NA,"",1747,"","11/01/2013 21:00",2,"CO",13,577," "," ",1,1,0,0,0,0,0,0,0,0,0,0,0,0,0,0,0,14242,"MOREIRA DE BARROS, RUA CONS",NA,"",0,"NULL",1,0,"MOREIRA DE BARROS, RUA CONS 1747 SAO PAULO SP",-23.4879574,-46.6383299
"524","D011300888",3199,"BENJAMIN PEREIRA, RUA",NA,"",232,"","11/01/2013 21:35",2,"CO",73,384," "," ",2,0,0,0,0,0,0,0,0,0,0,0,0,0,0,0,0,3199,"BENJAMIN PEREIRA, RUA",NA,"",38,"JACANA",1,0,"BENJAMIN PEREIRA, RUA 232 SAO PAULO SP",-23.468523,-46.5912494
"525","D011301097",10918,"JOSE DINIZ, AV VER",11350,"ALEXANDRE DUMAS, RUA",0,"","11/01/2013 21:45",2,"CO",11,426," "," ",2,0,0,0,0,0,0,0,0,0,0,0,0,0,0,0,0,10918,"JOSE DINIZ, AV VER",11350,"ALEXANDRE DUMAS, RUA",72,"SANTO AMARO",1,0,"JOSE DINIZ, AV VER SAO PAULO SP &  ALEXANDRE DUMAS, RUA SAO PAULO SP",-23.6339852,-46.6908948
"526","D011300946",44299,"AIRTON PRETINI, AV",NA,"",200,"","11/01/2013 22:00",2,"CT",10,478," "," ",2,0,0,0,0,0,0,0,0,0,0,0,0,0,0,0,0,44299,"AIRTON PRETINI, AV",NA,"",82,"TATUAPE",2,0,"AIRTON PRETINI, AV 200 SAO PAULO SP",-23.5253912,-46.5564767
"527","D011300721",11481,"KANEDA, RUA",NA,"",518,"","11/01/2013 22:15",2,"CO",19,325," "," ",1,1,0,0,0,0,0,0,0,0,0,0,0,0,0,0,0,11481,"KANEDA, RUA",NA,"",91,"VILA MARIA",1,0,"KANEDA, RUA 518 SAO PAULO SP",-23.5022947,-46.5787389
"528","D011301675",6544,"ERMANO MARCHETTI, AV",NA,"",642,"","11/01/2013 22:20",4,"AT",14,378," "," ",0,0,1,0,0,0,0,0,0,0,0,0,0,0,0,0,0,6544,"ERMANO MARCHETTI, AV",NA,"",NA,"",0,1,"ERMANO MARCHETTI, AV 642 SAO PAULO SP",-23.5149223,-46.6982155
"529","D011300026",8161,"GRACA, RUA DA",11326,"JULIO CONCEICAO, RUA",0,"","11/01/2013 22:45",4,"AT",2,207," "," ",0,1,0,0,0,0,0,0,0,0,0,0,0,0,0,0,0,8161,"GRACA, RUA DA",11326,"JULIO CONCEICAO, RUA",9,"BOM RETIRO",1,0,"GRACA, RUA DA SAO PAULO SP &  JULIO CONCEICAO, RUA SAO PAULO SP",-23.5267822,-46.6400912
"530","D011300607",13014,"MARGINAL DO RIO PINHEIROS, AV",NA,"",1500,"","11/01/2013 23:00",2,"CT",89,274," "," ",1,0,0,0,0,0,0,0,0,0,0,0,0,0,0,1,0,13014,"MARGINAL DO RIO PINHEIROS, AV",NA,"",40,"JAGUARE",1,0,"MARGINAL DO RIO PINHEIROS, AV 1500 SAO PAULO SP",-23.5621218,-46.6553275
"531","D011300588",15626,"PAULA FERREIRA, AV",NA,"",2016,"","11/01/2013 23:00",2,"CT",87,304," "," ",1,1,0,0,0,0,0,0,0,0,0,0,0,0,0,0,0,15626,"PAULA FERREIRA, AV",NA,"",64,"PIRITUBA",1,0,"PAULA FERREIRA, AV 2016 SAO PAULO SP",-23.4942109,-46.7145388
"532","D011301098",19844,"VITOR MANZINI, AV",NA,"",123,"","11/01/2013 23:05",4,"AT",11,427," "," ",0,0,0,0,0,0,0,1,0,0,0,0,0,0,0,0,0,19844,"VITOR MANZINI, AV",NA,"",29,"FREGUESIA DO O",1,0,"VITOR MANZINI, AV 123 SAO PAULO SP",-23.6629254,-46.7067427
"533","D011300064",5245,"CONSOLACAO, RUA DA",NA,"",120,"","12/01/2013 00:45",2,"CO",4,282," "," ",2,1,0,0,0,0,0,0,0,0,0,0,0,0,0,0,0,5245,"CONSOLACAO, RUA DA",NA,"",26,"CONSOLACAO",1,0,"CONSOLACAO, RUA DA 120 SAO PAULO SP",-23.5473315,-46.6458784
"534","D011300503",34682,"CAMPO LIMPO, ES DO",61562,"PHELIPPE NAGI HADDAD, RUA",0,"","12/01/2013 00:45",2,"CO",37,273," "," ",1,1,0,0,0,0,0,0,0,0,0,0,0,0,0,0,0,34682,"CAMPO LIMPO, ES DO",61562,"PHELIPPE NAGI HADDAD, RUA",NA,"",2,0,"CAMPO LIMPO, ES DO SAO PAULO SP &  PHELIPPE NAGI HADDAD, RUA SAO PAULO SP",-23.2019463,-46.785846
"535","D011300592",21095,"JOSE SALOMON, AV CON",NA,"",714,"","12/01/2013 02:15",2,"CH",87,367," "," ",2,0,0,0,0,0,0,0,0,0,0,0,0,0,0,0,0,21095,"JOSE SALOMON, AV CON",NA,"",31,"GUAIANASES",1,0,"JOSE SALOMON, AV CON 714 SAO PAULO SP",-23.4941292,-46.7193451
"536","D011301717",11379,"JUNTAS PROVISORIAS, AV",5972,"DOIS DE JULHO, RUA",0,"","12/01/2013 02:55",2,"CV",17,475," "," ",1,1,0,0,0,0,0,0,0,0,0,0,0,0,0,0,0,5972,"DOIS DE JULHO, RUA",11379,"JUNTAS PROVISORIAS, AV",NA,"",1,1,"JUNTAS PROVISORIAS, AV SAO PAULO SP &  DOIS DE JULHO, RUA SAO PAULO SP",-23.6035256,-46.6020793
"537","D011301673",3813,"CAETANO ALVARES, AV ENG",NA,"",3540,"","12/01/2013 03:40",2,"CH",13,163,"B"," ",1,0,0,0,0,0,0,0,0,0,0,0,0,0,0,0,0,3813,"CAETANO ALVARES, AV ENG",NA,"",21,"CASA VERDE",3,1,"CAETANO ALVARES, AV ENG 3540 SAO PAULO SP",-23.4889235,-46.6535267
"538","D011301175",9220,"INTERLAGOS, AV",NA,"",6318,"","12/01/2013 03:48",2,"CO",48,465," "," ",2,0,0,0,0,0,0,0,0,0,0,0,0,0,0,0,0,9220,"INTERLAGOS, AV",NA,"",16,"CAMPO GRANDE",4,0,"INTERLAGOS, AV 6318 SAO PAULO SP",-23.7015998,-46.7016228
"539","D011300767",5947,"EDGAR FACO, AV GAL",15229,"OTTO LABASTILLE, RUA",0,"","12/01/2013 04:10",2,"CL",28,191," "," ",1,0,0,1,0,0,0,0,0,0,0,0,0,0,0,0,0,5947,"EDGAR FACO, AV GAL",15229,"OTTO LABASTILLE, RUA",64,"PIRITUBA",1,0,"EDGAR FACO, AV GAL SAO PAULO SP &  OTTO LABASTILLE, RUA SAO PAULO SP",-23.4986333,-46.7070233
"540","D011301146",6493,"RODRIGO SANCHES, AV DOM",NA,"",525,"","12/01/2013 04:25",4,"AT",47,482," "," ",1,0,0,0,0,0,0,0,0,0,0,0,0,0,0,0,0,6493,"RODRIGO SANCHES, AV DOM",NA,"",19,"CAPAO REDONDO",3,0,"RODRIGO SANCHES, AV DOM 525 SAO PAULO SP",-23.6613244,-46.7842756
"541","D011300647",831,"ALTINO, AV PRES",NA,"",100,"","12/01/2013 04:32",2,"CO",93,283," "," ",1,1,0,0,0,0,0,0,0,0,0,0,0,0,0,0,0,831,"ALTINO, AV PRES",NA,"",40,"JAGUARE",2,0,"ALTINO, AV PRES 100 SAO PAULO SP",-23.5541438,-46.7508777
"542","D011301672",34348,"MARGINAL ESQUERD RIO PINHEIROS, AV",NA,"",400,"","12/01/2013 05:20",4,"AT",93,80," "," ",1,0,0,0,0,0,0,0,0,0,0,0,0,0,0,0,0,13014,"MARGINAL DO RIO PINHEIROS, AV",NA,"",40,"JAGUARE",0,1,"MARGINAL ESQUERD RIO PINHEIROS, AV 400 SAO PAULO SP",-23.6493531,-46.7036126
"543","D011301427",21253,"AGUIA DE HAIA, AV",NA,"",4200,"","12/01/2013 06:10",2,"CO",62,141," "," ",3,1,0,0,0,0,0,0,0,0,0,0,0,0,0,0,0,21253,"AGUIA DE HAIA, AV",NA,"",0,"NULL",2,0,"AGUIA DE HAIA, AV 4200 SAO PAULO SP",-23.5089791,-46.4775593
"544","D011300662",10622,"JOAQUINA RAMALHO, AV",NA,"",1222,"","12/01/2013 06:30",2,"CH",9,281," "," ",1,0,0,0,0,0,0,0,0,0,0,0,0,0,0,0,0,10622,"JOAQUINA RAMALHO, AV",NA,"",88,"VILA GUILHERME",1,0,"JOAQUINA RAMALHO, AV 1222 SAO PAULO SP",-23.5059756,-46.6044129
"545","D011301368",2387,"ARISTOBULO DE FREITAS, RUA PROF",NA,"",70,"","12/01/2013 06:45",2,"CO",24,411," "," ",0,1,0,0,0,0,0,0,0,0,0,1,0,0,0,0,0,2387,"ARISTOBULO DE FREITAS, RUA PROF",NA,"",65,"PONTE RASA",1,0,"ARISTOBULO DE FREITAS, RUA PROF 70 SAO PAULO SP",-23.511273,-46.5008732
"546","D011301649",17824,"SAPOPEMBA, AV",NA,"",6890,"","12/01/2013 06:46",2,"CO",70,260," "," ",1,0,0,1,0,0,0,0,0,0,0,0,0,0,0,0,0,17824,"SAPOPEMBA, AV",NA,"",33,"IPIRANGA",1,0,"SAPOPEMBA, AV 6890 SAO PAULO SP",-23.5912893,-46.5308044
"547","D011301349",9806,"PIRES DO RIO, AV",NA,"",1871,"","12/01/2013 06:50",2,"CL",22,213," "," ",1,0,0,0,0,0,0,1,0,0,0,0,0,0,0,0,0,9806,"PIRES DO RIO, AV",NA,"",76,"SAO MIGUEL",1,0,"PIRES DO RIO, AV 1871 SAO PAULO SP",-23.5133076,-46.443735
"548","D011300768",15188,"OTAVIANO ALVES DE LIMA, AV",NA,"",4400,"","12/01/2013 06:50",2,"CH",28,192," "," ",1,0,0,0,0,0,0,0,0,0,0,0,0,0,0,0,0,29772,"MARGINAL DO RIO TIETE, AV",NA,"",23,"CIDADE DUTRA",1,0,"OTAVIANO ALVES DE LIMA, AV 4400 SAO PAULO SP",-23.5076038,-46.6921118
"549","D011301253",1659,"ANTONIO DO CAMPO, RUA",NA,"",759,"","12/01/2013 07:05",2,"CF",98,144," "," ",1,0,0,0,0,0,0,0,0,0,0,0,0,0,0,0,0,1659,"ANTONIO DO CAMPO, RUA",NA,"",59,"PEDREIRA",1,0,"ANTONIO DO CAMPO, RUA 759 SAO PAULO SP",-23.6911599,-46.670698
"550","D011301633",43404,"VILANOVA ARTIGAS, AV ARQ",NA,"",1900,"","12/01/2013 07:14",2,"CO",69,398,"B"," ",1,1,0,0,0,0,0,0,0,0,0,0,0,0,0,0,0,43404,"VILANOVA ARTIGAS, AV ARQ",NA,"",56,"PARELHEIROS",1,0,"VILANOVA ARTIGAS, AV ARQ 1900 SAO PAULO SP",-23.6069907,-46.5018636
"551","D011300205",12242,"LUIS GOIS, RUA",NA,"",243,"","12/01/2013 07:30",2,"CO",16,480," "," ",1,1,0,0,0,0,0,0,0,0,0,0,0,0,0,0,0,12242,"LUIS GOIS, RUA",NA,"",79,"SAUDE",1,0,"LUIS GOIS, RUA 243 SAO PAULO SP",-23.6041966,-46.629886
"553","D011300421",14804,"NOVE DE JULHO, AV",2783,"BANDEIRA PAULISTA, RUA",0,"","12/01/2013 08:33",2,"CO",15,143," "," ",1,0,0,0,1,0,0,0,0,0,0,0,0,0,0,0,0,2783,"BANDEIRA PAULISTA, RUA",14804,"NOVE DE JULHO, AV",34,"ITAIM BIBI",1,0,"NOVE DE JULHO, AV SAO PAULO SP &  BANDEIRA PAULISTA, RUA SAO PAULO SP",-23.5517584,-46.6473069
"554","D011301428",13881,"MIGUEL, AV S",NA,"",4512,"","12/01/2013 09:30",2,"CO",62,144," "," ",1,1,0,0,0,0,0,0,0,0,0,0,0,0,0,0,0,13881,"MIGUEL, AV S",NA,"",65,"PONTE RASA",1,0,"MIGUEL, AV S 4512 SAO PAULO SP",-23.5075472,-46.4897963
"555","D011301081",17613,"SALDANHA MARINHO, RUA",NA,"",210,"","12/01/2013 09:40",2,"CO",81,101," "," ",1,1,0,0,0,0,0,0,0,0,0,0,0,0,0,0,0,17613,"SALDANHA MARINHO, RUA",NA,"",10,"BRAS",1,0,"SALDANHA MARINHO, RUA 210 SAO PAULO SP",-23.5399368,-46.5984279
"556","D011300731",3813,"CAETANO ALVARES, AV ENG",NA,"",5518,"","12/01/2013 09:45",2,"CH",20,62,"B"," ",0,1,0,1,0,0,0,0,0,0,0,0,0,0,0,0,0,3813,"CAETANO ALVARES, AV ENG",NA,"",21,"CASA VERDE",1,0,"CAETANO ALVARES, AV ENG 5518 SAO PAULO SP",-23.4837902,-46.6362768
"557","D011300645",3376,"BILLINGS, AV ENG",13019,"ESCOLA POLITECNICA, AV",0,"","12/01/2013 10:40",2,"CP",93,266," "," ",1,0,0,0,0,0,0,0,0,0,0,1,0,0,0,0,0,3376,"BILLINGS, AV ENG",13019,"ESCOLA POLITECNICA, AV",12,"BUTANTA",1,0,"BILLINGS, AV ENG SAO PAULO SP &  ESCOLA POLITECNICA, AV SAO PAULO SP",-23.5355054,-46.7476126
"558","D011300902",8320,"GUAPIRA, AV",NA,"",2900,"","12/01/2013 11:00",2,"QM",73,992," "," ",0,1,0,0,0,0,0,0,0,0,0,0,0,0,0,0,0,8320,"GUAPIRA, AV",NA,"",38,"JACANA",1,0,"GUAPIRA, AV 2900 SAO PAULO SP",-23.4646551,-46.5834264
"561","D011301515",2878,"BARREIRA GRANDE, AV DA",24154,"JOAO FAOLIM, RUA",0,"","12/01/2013 11:37",2,"CO",41,128," "," ",1,1,0,0,0,0,0,0,0,0,0,0,0,0,0,0,0,2878,"BARREIRA GRANDE, AV DA",24154,"JOAO FAOLIM, RUA",78,"SAPOPEMBA",2,0,"BARREIRA GRANDE, AV DA SAO PAULO SP &  JOAO FAOLIM, RUA SAO PAULO SP",-23.5850458,-46.5249226
"562","D011300769",3771,"INAJAR DE SOUZA, AV",NA,"",3476,"","12/01/2013 11:59",2,"CO",28,198," "," ",0,2,0,0,0,0,0,0,0,0,0,0,0,0,0,0,0,3771,"INAJAR DE SOUZA, AV",NA,"",50,"LIMAO",1,0,"INAJAR DE SOUZA, AV 3476 SAO PAULO SP",-23.4799964,-46.6733408
"563","D011300846",6450,"EMILIO CARLOS, AV DEP",1803,"ANTONIO MUNHOZ BONILHA, AV",0,"","12/01/2013 12:12",2,"CO",40,172,"B"," ",1,0,0,0,0,0,0,0,0,0,0,1,0,0,0,0,0,5738,"DARIO RIBEIRO, RUA PROF",6450,"EMILIO CARLOS, AV DEP",50,"LIMAO",1,0,"EMILIO CARLOS, AV DEP SAO PAULO SP &  ANTONIO MUNHOZ BONILHA, AV SAO PAULO SP",-23.4995589,-46.6750786
"564","D011300206",3502,"BORGES LAGOA, RUA",NA,"",897,"","12/01/2013 12:15",2,"QD",16,482,"B"," ",0,0,0,0,0,0,0,1,0,0,0,0,0,0,0,0,0,3502,"BORGES LAGOA, RUA",NA,"",92,"VILA MARIANA",1,0,"BORGES LAGOA, RUA 897 SAO PAULO SP",-23.5969947,-46.6454699
"565","D011300569",11600,"JOAO DE LORENZO, RUA PROF",NA,"",185,"","12/01/2013 12:15",2,"QD",75,134," "," ",0,0,0,0,0,0,0,1,0,0,0,0,0,0,0,0,0,11600,"JOAO DE LORENZO, RUA PROF",NA,"",66,"RAPOSO TAVARES",1,0,"JOAO DE LORENZO, RUA PROF 185 SAO PAULO SP",-23.5958814,-46.78301
"566","D011301477",12156,"LUIZ AYRES, RUA DR",NA,"",2500,"","12/01/2013 12:29",2,"CO",65,149,"C"," ",2,0,0,0,0,0,0,0,0,0,0,0,0,0,0,0,0,12156,"LUIZ AYRES, RUA DR",NA,"",5,"ARTUR ALVIM",1,0,"LUIZ AYRES, RUA DR 2500 SAO PAULO SP",-23.5422396,-46.4814708
"567","D011300231",18172,"SILVA BUENO, RUA",NA,"",2165,"","12/01/2013 12:30",4,"AT",17,222," "," ",0,1,0,0,0,0,0,0,0,0,0,0,0,0,0,0,0,18172,"SILVA BUENO, RUA",NA,"",18,"CANGAIBA",1,0,"SILVA BUENO, RUA 2165 SAO PAULO SP",-23.5977124,-46.6006351
"568","D011301017",4502,"CARRAO, AV CONS",NA,"",1763,"","12/01/2013 12:45",2,"CO",31,195,"B"," ",1,1,0,0,0,0,0,0,0,0,0,0,0,0,0,0,0,4502,"CARRAO, AV CONS",NA,"",20,"CARRAO",1,0,"CARRAO, AV CONS 1763 SAO PAULO SP",-23.5457458,-46.5438019
"570","D011300585",6939,"FEIZ ZARZUR, RUA COMEN",NA,"",594,"","12/01/2013 13:10",2,"CF",87,274," "," ",2,0,0,0,0,0,0,0,0,0,0,0,0,0,0,0,0,6939,"FEIZ ZARZUR, RUA COMEN",NA,"",64,"PIRITUBA",1,0,"FEIZ ZARZUR, RUA COMEN 594 SAO PAULO SP",-23.4776889,-46.7206826
"571","D011301018",19221,"TUMUCUMAQUE, RUA",NA,"",114,"","12/01/2013 13:10",2,"CO",31,196," "," ",1,1,0,0,0,0,0,0,0,0,0,0,0,0,0,0,0,19221,"TUMUCUMAQUE, RUA",NA,"",27,"CURSINO",1,0,"TUMUCUMAQUE, RUA 114 SAO PAULO SP",-23.5444987,-46.531247
"572","D011301434",42369,"AIRTON SENNA DA SILVA, VIA",NA,"",18450,"","12/01/2013 13:20",2,"CH",62,418," "," ",2,0,0,0,0,0,0,0,0,0,0,0,0,0,0,0,0,42369,"AIRTON SENNA DA SILVA, VIA",NA,"",18,"CANGAIBA",1,0,"AIRTON SENNA DA SILVA, VIA 18450 SAO PAULO SP",-23.476591,-46.4997403
"574","D011300102",5934,"DIONISIO DA COSTA, RUA",NA,"",73,"","12/01/2013 15:10",2,"CO",6,199," "," ",1,1,0,0,0,0,0,0,0,0,0,0,0,0,0,0,0,5934,"DIONISIO DA COSTA, RUA",NA,"",92,"VILA MARIANA",1,0,"DIONISIO DA COSTA, RUA 73 SAO PAULO SP",-23.5894244,-46.6277429
"575","D011301651",78511,"AURELIO NEVES, RUA",NA,"",29,"","12/01/2013 16:00",4,"AT",70,272," "," ",0,0,0,0,0,0,0,0,0,0,0,0,0,0,0,1,0,78511,"AURELIO NEVES, RUA",NA,"",56,"PARELHEIROS",1,0,"AURELIO NEVES, RUA 29 SAO PAULO SP",-23.6094596,-46.5184243
"576","D011300189",4160,"CAPANEMA, RUA BR DE",10362,"JOAO MANUEL, RUA PDE",0,"","12/01/2013 16:04",2,"CO",78,296," "," ",1,0,0,0,0,0,0,0,0,0,0,0,0,0,1,0,0,4160,"CAPANEMA, RUA BR DE",10362,"JOAO MANUEL, RUA PDE",44,"JARDIM PAULISTA",1,0,"CAPANEMA, RUA BR DE SAO PAULO SP &  JOAO MANUEL, RUA PDE SAO PAULO SP",-23.5675249,-46.6659683
"579","D011300701",2479,"ATILIO PIFFER, RUA",20043,"ZANZIBAR, RUA",0,"","12/01/2013 16:50",2,"CO",13,467," "," ",2,0,0,0,0,0,0,0,0,0,0,0,0,0,0,0,0,2479,"ATILIO PIFFER, RUA",20043,"ZANZIBAR, RUA",21,"CASA VERDE",2,0,"ATILIO PIFFER, RUA SAO PAULO SP &  ZANZIBAR, RUA SAO PAULO SP",-23.5101768,-46.65999
"581","D011300557",20745,"GALILEO TORRANO, RUA",NA,"",218,"","12/01/2013 18:20",2,"CH",51,354," "," ",3,0,0,0,0,0,0,1,0,0,0,0,0,0,0,0,0,20745,"GALILEO TORRANO, RUA",NA,"",13,"CACHOEIRINHA",2,0,"GALILEO TORRANO, RUA 218 SAO PAULO SP",-23.5757841,-46.7507448
"582","D011300190",2497,"AUGUSTA, RUA",12202,"LUIS COELHO, RUA",0,"","12/01/2013 18:50",2,"CT",78,297," "," ",0,0,0,0,0,0,0,0,0,0,0,2,0,0,0,0,0,2497,"AUGUSTA, RUA",12202,"LUIS COELHO, RUA",26,"CONSOLACAO",2,0,"AUGUSTA, RUA SAO PAULO SP &  LUIS COELHO, RUA SAO PAULO SP",-23.5560595,-46.658132
"583","D011301099",1586,"ANTONIO BENTO, RUA DR",NA,"",509,"","12/01/2013 18:50",2,"QM",11,445," "," ",1,1,0,0,0,0,0,0,0,0,0,0,0,0,0,0,0,1586,"ANTONIO BENTO, RUA DR",NA,"",72,"SANTO AMARO",1,0,"ANTONIO BENTO, RUA DR 509 SAO PAULO SP",-23.6462885,-46.7028504
"584","D011301153",64905,"OSCAR PAES DE LIRA SALGADO, RUA",NA,"",111,"","12/01/2013 19:00",2,"CO",47,845," "," ",1,1,0,0,0,0,0,0,0,0,0,0,0,0,0,0,0,64905,"OSCAR PAES DE LIRA SALGADO, RUA",NA,"",29,"FREGUESIA DO O",1,0,"OSCAR PAES DE LIRA SALGADO, RUA 111 SAO PAULO SP",-23.6768827,-46.7758699
"585","D011301584",99999,"METALURGICOS, AV DOS",NA,"",2100,"","12/01/2013 19:30",2,"CF",54,582," "," ",1,0,1,0,0,0,0,0,0,0,0,0,0,0,0,0,0,99999,"METALURGICOS, AV DOS",NA,"",25,"CIDADE TIRADENT",2,0,"METALURGICOS, AV DOS 2100 SAO PAULO SP",-23.5996197,-46.4018414
"586","D011300854",6450,"EMILIO CARLOS, AV DEP",NA,"",2279,"","12/01/2013 19:59",4,"AT",40,401," "," ",1,0,0,0,0,0,0,0,0,0,0,0,0,0,0,0,0,6450,"EMILIO CARLOS, AV DEP",NA,"",50,"LIMAO",1,0,"EMILIO CARLOS, AV DEP 2279 SAO PAULO SP",-23.487388,-46.6757514
"588","D011300331",19755,"VINTE E OITO DE SETEMBRO, RUA",7875,"GENTIL DE MOURA, AV DR",0,"","12/01/2013 20:49",4,"AT",95,319," "," ",1,0,0,0,0,0,0,0,0,0,0,0,0,0,0,0,0,7875,"GENTIL DE MOURA, AV DR",19755,"VINTE E OITO DE SETEMBRO, RUA",33,"IPIRANGA",1,0,"VINTE E OITO DE SETEMBRO, RUA SAO PAULO SP &  GENTIL DE MOURA, AV DR SAO PAULO SP",-23.5997767,-46.6105947
"589","D011300332",6201,"EDMUNDO CARVALHO, RUA",NA,"",89,"","12/01/2013 20:54",2,"CO",95,321," "," ",2,0,0,0,0,0,0,0,0,0,0,0,0,0,0,0,0,6201,"EDMUNDO CARVALHO, RUA",NA,"",69,"SACOMA",3,0,"EDMUNDO CARVALHO, RUA 89 SAO PAULO SP",-23.6247752,-46.5989076
"590","D011301435",61826,"WENCESLAU GUIMARAES, AV",NA,"",744,"","12/01/2013 21:20",4,"AT",62,434," "," ",0,1,0,0,0,0,0,0,0,0,0,0,0,0,0,0,0,61826,"WENCESLAU GUIMARAES, AV",NA,"",49,"LIBERDADE",1,0,"WENCESLAU GUIMARAES, AV 744 SAO PAULO SP",-23.4896865,-46.4911142