"","id_acidente","codloga","logradouroA","codlogb","logradouroB","alt_num","referencia","data","cod_acid","tipo_acidente","dp","numero_BO","sentido","pista","automovel","moto","onibus","caminhao","bicicleta","moto_taxi","onibus_fretado","onibus_urbano","microonibus","van","vuc","caminhonete","carreta","jipe","outros","sem_informacao","carroca","princ_a","paiA","princ_b","paiB","cod_distrito","distrito","vit_ferida","vit_morta","local","lat","lon"
"593","D011300608",8000,"GIOVANNI GRONCHI, AV",NA,"",6500,"","12/01/2013 23:16",2,"SI",89,297," "," ",1,1,0,0,0,0,0,0,0,0,0,0,0,0,0,0,0,8000,"GIOVANNI GRONCHI, AV",NA,"",55,"MORUMBI",1,0,"GIOVANNI GRONCHI, AV 6500 SAO PAULO SP",-23.6361838,-46.7370151
"594","D011301338",60297,"BRANCA BARRETI, RUA",NA,"",23,"","12/01/2013 23:20",2,"QM",102,448," "," ",1,1,0,0,0,0,0,0,0,0,0,0,0,0,0,0,0,60297,"BRANCA BARRETI, RUA",NA,"",32,"IGUATEMI",1,0,"BRANCA BARRETI, RUA 23 SAO PAULO SP",-23.6935519,-46.7032508
"595","D011301369",67533,"NOVO ORIENTE DO PIAUI, RUA",67660,"PRATA DO PIAUI, RUA",0,"","12/01/2013 23:20",2,"CO",24,442,"C"," ",1,1,0,0,0,0,0,0,0,0,0,0,0,0,0,0,0,67533,"NOVO ORIENTE DO PIAUI, RUA",67660,"PRATA DO PIAUI, RUA",18,"CANGAIBA",2,0,"NOVO ORIENTE DO PIAUI, RUA SAO PAULO SP &  PRATA DO PIAUI, RUA SAO PAULO SP",-23.493908,-46.5036829
"596","D011301599",17824,"SAPOPEMBA, AV",NA,"",14500,"","12/01/2013 23:30",2,"CT",55,615," "," ",1,0,0,0,0,0,0,0,0,0,0,0,0,0,0,0,0,17824,"SAPOPEMBA, AV",NA,"",33,"IPIRANGA",1,0,"SAPOPEMBA, AV 14500 SAO PAULO SP",-23.616334,-46.4691261
"598","D011301232",70322,"CANDIDO JOSE XAVIER, AV",NA,"",110,"","13/01/2013 00:02",4,"AT",92,510," "," ",1,0,0,0,0,0,0,0,0,0,0,0,0,0,0,0,0,70322,"CANDIDO JOSE XAVIER, AV",NA,"",32,"IGUATEMI",1,0,"CANDIDO JOSE XAVIER, AV 110 SAO PAULO SP",-23.661539,-46.7532959
"602","D011300176",1356,"ANGELICA, AV",NA,"",30,"","13/01/2013 01:00",4,"AT",77,218," "," ",1,0,0,0,0,0,0,0,0,0,0,0,0,0,0,0,0,1356,"ANGELICA, AV",NA,"",70,"SANTA CECILIA",1,0,"ANGELICA, AV 30 SAO PAULO SP",-23.5332318,-46.6531359
"603","D011300175",9969,"JARDIM, RUA GAL",NA,"",65,"","13/01/2013 03:54",2,"CT",77,216," "," ",2,0,0,0,0,0,0,0,0,0,0,0,0,0,0,0,0,9969,"JARDIM, RUA GAL",NA,"",67,"REPUBLICA",1,0,"JARDIM, RUA GAL 65 SAO PAULO SP",-23.5448149,-46.6452123
"604","D011301674",27094,"SALIM FARAH MALUF, AV",15421,"PARACAMBI, RUA",0,"","13/01/2013 04:30",2,"CH",31,208," "," ",1,0,0,0,0,0,0,0,0,0,0,0,0,0,0,0,0,15421,"PARACAMBI, RUA",27094,"SALIM FARAH MALUF, AV",NA,"",2,1,"SALIM FARAH MALUF, AV SAO PAULO SP &  PARACAMBI, RUA SAO PAULO SP",-23.5555392,-46.5773751
"605","D011301698",13881,"MIGUEL, AV S",NA,"",5362,"","13/01/2013 05:00",4,"AT",10,518," "," ",1,0,0,0,0,0,0,0,0,0,0,0,0,0,0,0,0,13881,"MIGUEL, AV S",NA,"",NA,"",0,1,"MIGUEL, AV S 5362 SAO PAULO SP",-23.5073177,-46.4815894
"606","D011301559",35713,"ITALIA GIUSTI, RUA",NA,"",50,"","13/01/2013 05:30",2,"CO",53,289,"B"," ",2,0,0,0,0,0,0,0,0,0,0,0,0,0,0,0,0,35713,"ITALIA GIUSTI, RUA",NA,"",50,"LIMAO",1,0,"ITALIA GIUSTI, RUA 50 SAO PAULO SP",-23.5685439,-46.4581243
"607","D011300208",9715,"JABAQUARA, AV",NA,"",1526,"","13/01/2013 06:00",2,"CT",16,565,"B"," ",2,0,0,0,0,0,0,0,0,0,0,0,0,0,0,0,0,9715,"JABAQUARA, AV",NA,"",79,"SAUDE",1,0,"JABAQUARA, AV 1526 SAO PAULO SP",-23.6176901,-46.6391323
"608","D011301147",17772,"SANT'ANNA, AV COMEN",NA,"",300,"","13/01/2013 06:20",2,"CO",47,516," "," ",0,1,0,0,0,0,0,0,0,0,0,0,0,0,0,1,0,17772,"SANT'ANNA, AV COMEN",NA,"",29,"FREGUESIA DO O",1,0,"SANT'ANNA, AV COMEN 300 SAO PAULO SP",-23.5186813,-46.6999583
"610","D011300088",19764,"VINTE E TRES DE MAIO, AV",NA,"",469,"","13/01/2013 06:50",4,"AT",5,312," "," ",0,0,0,0,0,0,0,0,0,0,0,1,0,0,0,0,0,19764,"VINTE E TRES DE MAIO, AV",NA,"",17,"CAMPO LIMPO",2,0,"VINTE E TRES DE MAIO, AV 469 SAO PAULO SP",-23.583074,-46.6522536
"611","D011300391",5596,"CUNHA GAGO, RUA",2149,"ARCOVERDE, RUA CARD",0,"","13/01/2013 06:50",4,"AT",14,359," "," ",0,1,0,0,0,0,0,0,0,0,0,0,0,0,0,0,0,2149,"ARCOVERDE, RUA CARD",5596,"CUNHA GAGO, RUA",26,"CONSOLACAO",1,0,"CUNHA GAGO, RUA SAO PAULO SP &  ARCOVERDE, RUA CARD SAO PAULO SP",-23.5656617,-46.6915282
"612","D011301148",70943,"CANDIDO LUSITANO, RUA",NA,"",301,"","13/01/2013 07:00",2,"CO",47,524," "," ",0,1,1,0,0,0,0,0,0,0,0,0,0,0,0,0,0,70943,"CANDIDO LUSITANO, RUA",NA,"",29,"FREGUESIA DO O",2,0,"CANDIDO LUSITANO, RUA 301 SAO PAULO SP",-23.6818973,-46.7826208
"613","D011300191",14811,"NOVE DE NOVEMBRO, RUA",NA,"",848,"","13/01/2013 07:36",2,"CH",78,313," "," ",1,0,0,0,0,0,0,0,0,0,0,0,0,0,0,0,0,14811,"NOVE DE NOVEMBRO, RUA",NA,"",13,"CACHOEIRINHA",1,0,"NOVE DE NOVEMBRO, RUA 848 SAO PAULO SP",-23.4725151,-46.6539042
"614","D011301176",15507,"TEOTONIO VILELA, AV SEN",NA,"",306,"","13/01/2013 07:40",2,"CO",48,508,"C"," ",1,1,0,0,0,0,0,0,0,0,0,0,0,0,0,0,0,15507,"TEOTONIO VILELA, AV SEN",NA,"",23,"CIDADE DUTRA",1,0,"TEOTONIO VILELA, AV SEN 306 SAO PAULO SP",-23.7040903,-46.7008973
"617","D011300005",9758,"JACAREI, VD",NA,"",10,"","13/01/2013 10:44",4,"AT",1,309,"C"," ",1,0,0,0,0,0,0,0,0,0,0,0,0,0,0,0,0,9758,"JACAREI, VD",NA,"",67,"REPUBLICA",1,0,"JACAREI, VD 10 SAO PAULO SP",-23.5511095,-46.6417558
"618","D011301511",11762,"LEONIDIO ALLEGRETTI, RUA PROF",NA,"",100,"","13/01/2013 11:00",4,"AT",103,305," "," ",1,0,0,0,0,0,0,0,0,0,0,0,0,0,0,0,0,11762,"LEONIDIO ALLEGRETTI, RUA PROF",NA,"",36,"ITAQUERA",1,0,"LEONIDIO ALLEGRETTI, RUA PROF 100 SAO PAULO SP",-23.5325349,-46.4460467
"619","D011300504",63062,"CAMPO NOVO DO SUL, RUA",NA,"",245,"","13/01/2013 12:37",4,"AT",37,302," "," ",1,0,0,0,0,0,0,0,0,0,0,0,0,0,0,0,0,63062,"CAMPO NOVO DO SUL, RUA",NA,"",29,"FREGUESIA DO O",1,0,"CAMPO NOVO DO SUL, RUA 245 SAO PAULO SP",-23.6375775,-46.7401692
"620","D011300006",6642,"ESTADO, AV DO",13853,"MERCURIO, AV",0,"","13/01/2013 12:45",2,"CO",1,316," "," ",1,0,0,0,0,0,0,0,0,0,0,1,0,0,0,0,0,6642,"ESTADO, AV DO",13853,"MERCURIO, AV",80,"SE",3,0,"ESTADO, AV DO SAO PAULO SP &  MERCURIO, AV SAO PAULO SP",-23.5635869,-46.6112253
"621","D011301291",9220,"INTERLAGOS, AV",NA,"",2500,"","13/01/2013 12:50",4,"AT",99,457,"C"," ",1,0,0,0,0,0,0,0,0,0,0,0,0,0,0,0,0,9220,"INTERLAGOS, AV",NA,"",16,"CAMPO GRANDE",1,0,"INTERLAGOS, AV 2500 SAO PAULO SP",-23.6535949,-46.6799718
"623","D011301039",4736,"CELSO GARCIA, AV",19206,"TUIUTI, RUA",0,"","13/01/2013 13:00",2,"CO",52,218,"C"," ",1,0,0,0,1,0,0,0,0,0,0,0,0,0,0,0,0,4736,"CELSO GARCIA, AV",19206,"TUIUTI, RUA",82,"TATUAPE",1,0,"CELSO GARCIA, AV SAO PAULO SP &  TUIUTI, RUA SAO PAULO SP",-23.5359522,-46.5717652
"624","D011300452",17049,"JOSE RUFINO FREIRE, RUA CEL",NA,"",430,"","13/01/2013 13:10",2,"CO",33,402," "," ",2,1,0,0,0,0,0,0,0,0,0,0,0,0,0,0,0,17049,"JOSE RUFINO FREIRE, RUA CEL",NA,"",31,"GUAIANASES",1,0,"JOSE RUFINO FREIRE, RUA CEL 430 SAO PAULO SP",-23.4900481,-46.7547044
"625","D011300993",17824,"SAPOPEMBA, AV",NA,"",255,"","13/01/2013 13:30",2,"CO",29,255," "," ",2,0,0,0,0,0,0,0,0,0,0,0,0,0,0,0,0,17824,"SAPOPEMBA, AV",NA,"",33,"IPIRANGA",1,0,"SAPOPEMBA, AV 255 SAO PAULO SP",-23.5596721,-46.5763243
"628","D011300890",3199,"BENJAMIN PEREIRA, RUA",NA,"",478,"","13/01/2013 14:56",2,"CH",73,419," "," ",0,0,0,0,0,0,0,0,0,0,0,1,0,0,0,0,0,3199,"BENJAMIN PEREIRA, RUA",NA,"",38,"JACANA",1,0,"BENJAMIN PEREIRA, RUA 478 SAO PAULO SP",-23.4679697,-46.5890596
"629","D011300573",16878,"RAPOSO TAVARES, VIA",NA,"",16500,"","13/01/2013 15:00",2,"SI",75,301," "," ",1,0,0,0,0,0,0,0,0,0,0,0,0,0,0,0,0,16878,"RAPOSO TAVARES, VIA",NA,"",13,"CACHOEIRINHA",1,0,"RAPOSO TAVARES, VIA 16500 SAO PAULO SP",-23.520952,-48.4927693
"630","D011300007",7610,"FREDERICO ALVARENGA, RUA",69149,"ALEXANDRIA, RUA",0,"","13/01/2013 15:13",4,"AT",1,318," "," ",1,0,0,0,0,0,0,0,0,0,0,0,0,0,0,0,0,7610,"FREDERICO ALVARENGA, RUA",69149,"ALEXANDRIA, RUA",80,"SE",1,0,"FREDERICO ALVARENGA, RUA SAO PAULO SP &  ALEXANDRIA, RUA SAO PAULO SP",-23.5508582,-46.6286402
"631","D011300350",2235,"ARMANDO DE ARRUDA PEREIRA, AV ENG",NA,"",5000,"","13/01/2013 15:25",4,"AT",97,344," "," ",0,0,0,0,0,0,0,0,0,0,0,1,0,0,0,0,0,2235,"ARMANDO DE ARRUDA PEREIRA, AV ENG",NA,"",37,"JABAQUARA",1,0,"ARMANDO DE ARRUDA PEREIRA, AV ENG 5000 SAO PAULO SP",-23.6680917,-46.636225
"632","D011300833",17339,"ROLAND GARROS, AV",NA,"",1467,"","13/01/2013 15:50",2,"CH",39,431," "," ",4,0,0,0,0,0,0,0,0,0,0,0,0,0,0,0,0,17339,"ROLAND GARROS, AV",NA,"",22,"CIDADE ADEMAR",3,0,"ROLAND GARROS, AV 1467 SAO PAULO SP",-23.4771616,-46.5741912
"633","D011301652",6374,"MATIAS OLIMPIO, RUA",NA,"",191,"","13/01/2013 15:50",2,"CH",70,442," "," ",1,0,0,0,0,0,0,0,0,0,0,0,0,0,0,0,0,6374,"MATIAS OLIMPIO, RUA",NA,"",56,"PARELHEIROS",2,0,"MATIAS OLIMPIO, RUA 191 SAO PAULO SP",-23.611903,-46.5329185
"634","D011301262",15880,"PEDRO DE AVOS, AV",NA,"",296,"","13/01/2013 17:30",2,"CH",98,521," "," ",2,0,0,0,0,0,0,0,0,0,0,0,0,0,0,0,0,15880,"PEDRO DE AVOS, AV",NA,"",0,"NULL",2,0,"PEDRO DE AVOS, AV 296 SAO PAULO SP",-23.6834767,-46.6419915
"635","D011300312",10630,"PEDRO ALVARES CABRAL, AV",NA,"",120,"","13/01/2013 17:43",4,"AT",36,424," "," ",0,1,0,0,0,0,0,0,0,0,0,0,0,0,0,0,0,10630,"PEDRO ALVARES CABRAL, AV",NA,"",53,"MOEMA",1,0,"PEDRO ALVARES CABRAL, AV 120 SAO PAULO SP",-23.5345707,-46.6259204
"636","D011301235",79059,"JULIO LOURENCO PINTO, RUA",NA,"",186,"","13/01/2013 17:53",2,"SI",92,548," "," ",1,1,0,0,0,0,0,0,0,0,0,0,0,0,0,0,0,79059,"JULIO LOURENCO PINTO, RUA",NA,"",32,"IGUATEMI",1,0,"JULIO LOURENCO PINTO, RUA 186 SAO PAULO SP",-23.6629197,-46.7570557
"637","D011300110",17083,"RICARDO JAFET, AV DR",NA,"",1900,"","13/01/2013 18:00",2,"CT",6,323," "," ",2,0,0,0,0,0,0,0,0,0,0,0,0,0,0,0,0,17083,"RICARDO JAFET, AV DR",NA,"",37,"JABAQUARA",1,0,"RICARDO JAFET, AV DR 1900 SAO PAULO SP",-23.5917788,-46.6209298
"638","D011300891",45241,"FILHOS DA TERRA, RUA DOS",NA,"",788,"","13/01/2013 18:40",2,"QM",73,435," "," ",1,1,0,0,0,0,0,0,0,0,0,0,0,0,0,0,0,45241,"FILHOS DA TERRA, RUA DOS",NA,"",83,"TREMEMBE",1,0,"FILHOS DA TERRA, RUA DOS 788 SAO PAULO SP",-23.4511612,-46.585194
"639","D011300260",26500,"VICENTE RAO, AV PROF.",10918,"JOSE DINIZ, AV VER",0,"","13/01/2013 18:40",2,"CO",27,427," "," ",1,1,0,0,0,0,0,0,0,0,0,0,0,0,0,0,0,10918,"JOSE DINIZ, AV VER",26500,"VICENTE RAO, AV PROF.",NA,"",2,0,"VICENTE RAO, AV PROF. SAO PAULO SP &  JOSE DINIZ, AV VER SAO PAULO SP",-23.6435945,-46.6729476
"640","D011301370",3438,"MATEUS LOURENCO DE CARVALHO, RUA",NA,"",328,"","13/01/2013 19:00",2,"CH",24,473," "," ",2,0,0,0,0,0,0,0,0,0,0,0,0,0,0,0,0,3438,"MATEUS LOURENCO DE CARVALHO, RUA",NA,"",18,"CANGAIBA",1,0,"MATEUS LOURENCO DE CARVALHO, RUA 328 SAO PAULO SP",-23.5094277,-46.5152375
"641","D011301449",69713,"PALMEIRA DE LEQUE, RUA",NA,"",15,"","13/01/2013 19:03",4,"AT",63,321," "," ",1,0,0,0,0,0,0,0,0,0,0,0,0,0,0,0,0,69713,"PALMEIRA DE LEQUE, RUA",NA,"",53,"MOEMA",1,0,"PALMEIRA DE LEQUE, RUA 15 SAO PAULO SP",-23.5014281,-46.4692984
"642","D011300177",8771,"HIGIENOPOLIS, AV",13596,"MARTIM FRANCISCO, RUA",0,"","13/01/2013 20:27",4,"AT",77,238," "," ",1,0,0,0,0,0,0,0,0,0,0,0,0,0,0,0,0,8771,"HIGIENOPOLIS, AV",13596,"MARTIM FRANCISCO, RUA",26,"CONSOLACAO",1,0,"HIGIENOPOLIS, AV SAO PAULO SP &  MARTIM FRANCISCO, RUA SAO PAULO SP",-23.5414149,-46.6603878
"644","D011300892",40517,"DIVA RODRIGUES DE OLIVEIRA, RUA",NA,"",212,"","13/01/2013 20:40",4,"AT",73,444," "," ",0,0,0,1,0,0,0,0,0,0,0,0,0,0,0,0,0,40517,"DIVA RODRIGUES DE OLIVEIRA, RUA",NA,"",22,"CIDADE ADEMAR",1,0,"DIVA RODRIGUES DE OLIVEIRA, RUA 212 SAO PAULO SP",-23.4452501,-46.5858041
"646","D011301437",14917,"OLAVO EGIDIO DE SOUZA ARANHA, AV",NA,"",299,"","13/01/2013 21:00",4,"AT",62,480," "," ",0,0,0,0,0,0,0,0,0,0,0,0,0,0,0,1,0,14917,"OLAVO EGIDIO DE SOUZA ARANHA, AV",NA,"",49,"LIBERDADE",2,0,"OLAVO EGIDIO DE SOUZA ARANHA, AV 299 SAO PAULO SP",-23.5043323,-46.494072
"647","D011300982",11098,"JOSE MASCARENHAS, RUA",NA,"",398,"","13/01/2013 21:20",2,"CT",21,515," "," ",1,1,0,0,0,0,0,0,0,0,0,0,0,0,0,0,0,11098,"JOSE MASCARENHAS, RUA",NA,"",38,"JACANA",1,0,"JOSE MASCARENHAS, RUA 398 SAO PAULO SP",-23.5392627,-46.5334326
"648","D011300392",5885,"DIOGENES RIBEIRO DE LIMA, AV",9862,"JAIME FONSECA RODRIGUES, RUA ARQ",0,"","13/01/2013 22:00",2,"SI",14,384," "," ",1,0,1,0,0,0,0,0,0,0,0,0,0,0,0,0,0,5885,"DIOGENES RIBEIRO DE LIMA, AV",9862,"JAIME FONSECA RODRIGUES, RUA ARQ",2,"ALTO DE PINHEIR",1,0,"DIOGENES RIBEIRO DE LIMA, AV SAO PAULO SP &  JAIME FONSECA RODRIGUES, RUA ARQ SAO PAULO SP",-23.5335586,-46.7188173
"649","D011301068",18901,"TEREZINHA, RUA",NA,"",540,"","13/01/2013 22:10",2,"CO",57,266,"C"," ",1,1,0,0,0,0,0,0,0,0,0,0,0,0,0,0,0,18901,"TEREZINHA, RUA",NA,"",0,"NULL",1,0,"TEREZINHA, RUA 540 SAO PAULO SP",-23.8256338,-46.7201965
"650","D011300450",33234,"MARGINAL DIREITA DO TIETE, AV",NA,"",1200,"","13/01/2013 22:15",2,"CH",33,312," "," ",0,0,0,0,0,0,0,0,0,0,0,1,0,0,0,0,0,29772,"MARGINAL DO RIO TIETE, AV",NA,"",39,"JAGUARA",1,0,"MARGINAL DIREITA DO TIETE, AV 1200 SAO PAULO SP",-23.5168723,-46.7412642
"651","D011300124",8798,"HIPODROMO, RUA",NA,"",220,"","13/01/2013 22:38",4,"AT",8,329," "," ",1,0,0,0,0,0,0,0,0,0,0,0,0,0,0,0,0,8798,"HIPODROMO, RUA",NA,"",10,"BRAS",1,0,"HIPODROMO, RUA 220 SAO PAULO SP",-23.5422463,-46.6116304
"652","D011300207",9433,"ITACIRA, AV",NA,"",867,"","13/01/2013 23:14",2,"CO",16,543,"B"," ",2,0,0,0,0,0,0,0,0,0,0,0,0,0,0,0,0,9433,"ITACIRA, AV",NA,"",79,"SAUDE",1,0,"ITACIRA, AV 867 SAO PAULO SP",-23.6098809,-46.6505173
"653","D011301169",9220,"INTERLAGOS, AV",NA,"",200,"","14/01/2013 00:30",2,"CO",48,303," "," ",2,0,0,0,0,0,0,1,0,0,0,0,0,0,0,0,0,9220,"INTERLAGOS, AV",NA,"",16,"CAMPO GRANDE",1,0,"INTERLAGOS, AV 200 SAO PAULO SP",-23.6547662,-46.6799142
"654","D011301634",98857,"JIM BACKUS, RUA",NA,"",100,"","14/01/2013 00:33",4,"AT",69,449," "," ",0,0,0,0,0,0,0,0,0,0,0,0,0,0,0,1,0,98857,"JIM BACKUS, RUA",NA,"",78,"SAPOPEMBA",1,0,"JIM BACKUS, RUA 100 SAO PAULO SP",-23.6202189,-46.4857142
"655","D011301616",71986,"SAUL BORGES CARNEIRO, RUA",NA,"",16,"","14/01/2013 01:58",2,"SI",66,297," "," ",0,1,0,0,0,0,0,0,0,0,0,0,0,0,0,1,0,71986,"SAUL BORGES CARNEIRO, RUA",NA,"",38,"JACANA",1,0,"SAUL BORGES CARNEIRO, RUA 16 SAO PAULO SP",-23.5590164,-46.5093321
"656","D011301701",17820,"TITO, AV MAL",NA,"",1850,"","14/01/2013 02:30",2,"CH",62,220," "," ",1,0,0,0,0,0,0,0,0,0,0,0,0,0,0,0,0,17820,"TITO, AV MAL",NA,"",NA,"",1,1,"TITO, AV MAL 1850 SAO PAULO SP",-23.4950797,-46.4283721
"657","D011301617",2181,"ARICANDUVA, AV",75433,"LATINOS, AV DOS",0,"","14/01/2013 02:50",2,"QM",66,302," "," ",0,1,0,0,0,0,0,0,0,0,0,0,0,0,0,0,0,2181,"ARICANDUVA, AV",75433,"LATINOS, AV DOS",4,"ARICANDUVA",1,0,"ARICANDUVA, AV SAO PAULO SP &  LATINOS, AV DOS SAO PAULO SP",-23.5479783,-46.5260893
"658","D011300665",6856,"EZEQUIEL FREIRE, RUA",14916,"OLAVO EGIDIO, RUA DR",0,"","14/01/2013 04:00",2,"CO",9,304," "," ",2,0,0,0,0,0,0,0,0,0,0,0,0,0,0,0,0,6856,"EZEQUIEL FREIRE, RUA",14916,"OLAVO EGIDIO, RUA DR",71,"SANTANA",2,0,"EZEQUIEL FREIRE, RUA SAO PAULO SP &  OLAVO EGIDIO, RUA DR SAO PAULO SP",-23.5029107,-46.6235844
"661","D011301263",1391,"ANGELO CRISTIANINI, AV",7764,"GARCIA DE AVILA, AV",0,"","14/01/2013 06:30",2,"CO",98,535," "," ",0,1,0,0,0,0,0,1,0,0,0,0,0,0,0,0,0,1391,"ANGELO CRISTIANINI, AV",7764,"GARCIA DE AVILA, AV",22,"CIDADE ADEMAR",2,0,"ANGELO CRISTIANINI, AV SAO PAULO SP &  GARCIA DE AVILA, AV SAO PAULO SP",-23.6876052,-46.6413346
"662","D011300524",1429,"ANHANGUERA, VIA",NA,"",22,"","14/01/2013 07:10",2,"CO",46,208," "," ",1,1,0,0,0,0,0,0,0,0,0,0,0,0,0,0,0,1429,"ANHANGUERA, VIA",NA,"",73,"SAO DOMINGOS",1,0,"ANHANGUERA, VIA 22 SAO PAULO SP",-23.527651,-46.6527087
"663","D011301218",8368,"GUARAPIRANGA, AV",NA,"",1806,"","14/01/2013 07:12",4,"AT",92,245," "," ",0,0,0,0,0,0,0,1,0,0,0,0,0,0,0,0,0,8368,"GUARAPIRANGA, AV",NA,"",45,"JARDIM SAO LUIS",1,0,"GUARAPIRANGA, AV 1806 SAO PAULO SP",-23.6674578,-46.7298763
"664","D011301416",66958,"SALINAS DE MOSSORO, RUA",63214,"AGOSTINHO ALVES MARINHO, RUA",0,"","14/01/2013 07:30",2,"CO",59,202," "," ",2,0,0,0,0,0,0,0,0,0,0,0,0,0,0,0,0,63214,"AGOSTINHO ALVES MARINHO, RUA",66958,"SALINAS DE MOSSORO, RUA",NA,"",2,0,"SALINAS DE MOSSORO, RUA SAO PAULO SP &  AGOSTINHO ALVES MARINHO, RUA SAO PAULO SP",-23.4849321,-46.391624
"666","D011300192",7691,"GABRIEL MONTEIRO DA SILVA, AL",3581,"BRASIL, AV",0,"","14/01/2013 08:15",2,"CT",78,422," "," ",1,0,0,1,0,0,0,0,0,0,0,0,0,0,0,0,0,3581,"BRASIL, AV",7691,"GABRIEL MONTEIRO DA SILVA, AL",44,"JARDIM PAULISTA",1,0,"GABRIEL MONTEIRO DA SILVA, AL SAO PAULO SP &  BRASIL, AV SAO PAULO SP",-23.574341,-46.6853256
"667","D011300290",8940,"IBIRAJA, RUA",18363,"SOARES DE AVELLAR, RUA",0,"","14/01/2013 08:30",2,"CO",35,556," "," ",1,1,0,0,0,0,0,0,0,0,0,0,0,0,0,0,0,8940,"IBIRAJA, RUA",18363,"SOARES DE AVELLAR, RUA",NA,"",1,0,"IBIRAJA, RUA SAO PAULO SP &  SOARES DE AVELLAR, RUA SAO PAULO SP",-23.6313594,-46.6399803
"668","D011300314",6013,"DOMINGOS DE MORAIS, RUA",4639,"CAVALCANTI, RUA CAP",0,"","14/01/2013 08:40",2,"CO",36,591,"C"," ",0,2,0,0,0,0,0,0,0,0,0,0,0,0,0,0,0,4639,"CAVALCANTI, RUA CAP",6013,"DOMINGOS DE MORAIS, RUA",92,"VILA MARIANA",1,0,"DOMINGOS DE MORAIS, RUA SAO PAULO SP &  CAVALCANTI, RUA CAP SAO PAULO SP",-23.591806,-46.6362643
"669","D011300825",19599,"VERTENTES, RUA DAS",11360,"JULIO XAVIER JUNIOR, RUA",0,"","14/01/2013 09:55",2,"CO",39,225," "," ",1,0,0,1,0,0,0,0,0,0,0,0,0,0,0,0,0,11360,"JULIO XAVIER JUNIOR, RUA",19599,"VERTENTES, RUA DAS",38,"JACANA",2,0,"VERTENTES, RUA DAS SAO PAULO SP &  JULIO XAVIER JUNIOR, RUA SAO PAULO SP",-23.4754112,-46.5871782
"670","D011301082",3072,"BELEM, RUA",NA,"",419,"","14/01/2013 10:05",4,"AT",81,112,"B"," ",0,1,0,0,0,0,0,0,0,0,0,0,0,0,0,0,0,3072,"BELEM, RUA",NA,"",8,"BELEM",1,0,"BELEM, RUA 419 SAO PAULO SP",-23.5403178,-46.595059
"671","D011300526",76382,"ANTONIO CARDOSO NOGUEIRA, RUA",NA,"",800,"","14/01/2013 10:30",2,"CO",46,236," "," ",0,1,0,0,0,0,0,1,0,0,0,0,0,0,0,0,0,76382,"ANTONIO CARDOSO NOGUEIRA, RUA",NA,"",41,"JARAGUA",1,0,"ANTONIO CARDOSO NOGUEIRA, RUA 800 SAO PAULO SP",-23.4566885,-46.7562228
"672","D011300065",5245,"CONSOLACAO, RUA DA",NA,"",2239,"","14/01/2013 10:40",4,"AT",4,323," "," ",0,0,0,0,0,0,0,1,0,0,0,0,0,0,0,0,0,5245,"CONSOLACAO, RUA DA",NA,"",26,"CONSOLACAO",1,0,"CONSOLACAO, RUA DA 2239 SAO PAULO SP",-23.5544223,-46.6612485
"673","D011300719",8478,"GUILHERME COTCHING, AV",NA,"",1920,"","14/01/2013 10:50",2,"CH",19,281," "," ",0,0,1,0,0,0,0,0,0,0,0,1,0,0,0,0,0,8478,"GUILHERME COTCHING, AV",NA,"",91,"VILA MARIA",1,0,"GUILHERME COTCHING, AV 1920 SAO PAULO SP",-23.513453,-46.5856129
"675","D011300103",11922,"LINS DE VASCONCELOS, AV",NA,"",400,"","14/01/2013 12:08",4,"AT",6,228," "," ",1,0,0,0,0,0,0,0,0,0,0,0,0,0,0,0,0,11922,"LINS DE VASCONCELOS, AV",NA,"",92,"VILA MARIANA",1,0,"LINS DE VASCONCELOS, AV 400 SAO PAULO SP",-23.5668168,-46.6217018
"676","D011301535",13671,"MATEO BEI, AV",NA,"",2831,"","14/01/2013 12:20",2,"CO",49,660," "," ",1,1,0,0,0,0,0,0,0,0,0,0,0,0,0,0,0,13671,"MATEO BEI, AV",NA,"",75,"SAO MATEUS",1,0,"MATEO BEI, AV 2831 SAO PAULO SP",-23.6058203,-46.4797218
"677","D011300640",6238,"NACOES UNIDAS, AV DAS",NA,"",6000,"","14/01/2013 12:20",2,"CO",91,90023," "," ",1,1,0,0,0,0,0,0,0,0,0,0,0,0,0,0,0,13014,"MARGINAL DO RIO PINHEIROS, AV",NA,"",90,"VILA LEOPOLDINA",1,0,"NACOES UNIDAS, AV DAS 6000 SAO PAULO SP",-23.6791585,-46.6961138
"678","D011300471",18470,"PIRAJUSSARA, AV",NA,"",5171,"","14/01/2013 12:41",2,"CO",34,289," "," ",1,1,0,0,0,0,0,0,0,0,0,0,0,0,0,0,0,18470,"PIRAJUSSARA, AV",NA,"",13,"CACHOEIRINHA",1,0,"PIRAJUSSARA, AV 5171 SAO PAULO SP",-23.6037973,-46.7487069
"679","D011300962",15304,"PAES DE BARROS, AV",NA,"",3405,"","14/01/2013 12:52",4,"AT",18,92," "," ",1,0,0,0,0,0,0,0,0,0,0,0,0,0,0,0,0,15304,"PAES DE BARROS, AV",NA,"",16,"CAMPO GRANDE",1,0,"PAES DE BARROS, AV 3405 SAO PAULO SP",-23.5807231,-46.5865804