"","id_acidente","codloga","logradouroA","codlogb","logradouroB","alt_num","referencia","data","cod_acid","tipo_acidente","dp","numero_BO","sentido","pista","automovel","moto","onibus","caminhao","bicicleta","moto_taxi","onibus_fretado","onibus_urbano","microonibus","van","vuc","caminhonete","carreta","jipe","outros","sem_informacao","carroca","princ_a","paiA","princ_b","paiB","cod_distrito","distrito","vit_ferida","vit_morta","local","lat","lon"
"680","D011300794",15186,"ODASSI NAZZALI, RUA",NA,"",216,"","14/01/2013 13:45",4,"AT",38,260," "," ",0,0,1,0,0,0,0,0,0,0,0,0,0,0,0,0,0,15186,"ODASSI NAZZALI, RUA",NA,"",48,"LAPA",1,0,"ODASSI NAZZALI, RUA 216 SAO PAULO SP",-22.7869162,-49.2849628
"681","D011301350",4653,"CAVOA, RUA",1527,"ESPIRITO SANTO DO DOURADO, RUA",0,"","14/01/2013 14:30",2,"CL",22,252," "," ",2,0,0,0,0,0,0,0,0,0,0,0,0,0,0,0,0,1527,"ESPIRITO SANTO DO DOURADO, RUA",4653,"CAVOA, RUA",86,"VILA CURUCA",1,0,"CAVOA, RUA SAO PAULO SP &  ESPIRITO SANTO DO DOURADO, RUA SAO PAULO SP",-23.4964045,-46.4231604
"682","D011300700",2233,"ARMANDO COELHO SILVA, RUA",7677,"GABRIEL COVELLI, RUA",0,"","14/01/2013 14:40",2,"CO",13,458," "," ",1,1,0,0,0,0,0,0,0,0,0,0,0,0,0,0,0,2233,"ARMANDO COELHO SILVA, RUA",7677,"GABRIEL COVELLI, RUA",21,"CASA VERDE",1,0,"ARMANDO COELHO SILVA, RUA SAO PAULO SP &  GABRIEL COVELLI, RUA SAO PAULO SP",-23.4940594,-46.6567884
"683","D011301019",19965,"WINIFRED, RUA",16990,"RENATO RINALDI, RUA",0,"","14/01/2013 15:00",2,"QM",31,241," "," ",0,1,0,0,0,0,0,0,0,0,0,0,0,0,0,0,0,16990,"RENATO RINALDI, RUA",19965,"WINIFRED, RUA",NA,"",1,0,"WINIFRED, RUA SAO PAULO SP &  RENATO RINALDI, RUA SAO PAULO SP",-23.5482263,-46.5383172
"684","D011300632",6238,"NACOES UNIDAS, AV DAS",NA,"",2000,"","14/01/2013 16:15",2,"CO",91,337," "," ",1,0,0,0,1,0,0,0,0,0,0,0,0,0,0,0,0,13014,"MARGINAL DO RIO PINHEIROS, AV",NA,"",90,"VILA LEOPOLDINA",1,0,"NACOES UNIDAS, AV DAS 2000 SAO PAULO SP",-23.6791599,-46.6961185
"685","D011301052",24338,"LUIZ IGNACIO ANHAIA MELLO, AV PROF",NA,"",2100,"","14/01/2013 16:24",2,"QD",56,277," "," ",0,0,1,0,0,0,0,0,0,0,0,0,0,0,0,0,0,24338,"LUIZ IGNACIO ANHAIA MELLO, AV PROF",NA,"",26,"CONSOLACAO",1,0,"LUIZ IGNACIO ANHAIA MELLO, AV PROF 2100 SAO PAULO SP",-23.5911702,-46.5425846
"686","D011300105",637,"ALEXANDRE LEVI, RUA",NA,"",150,"","14/01/2013 16:30",4,"AT",6,234," "," ",0,0,0,0,0,0,0,0,0,0,0,1,0,0,0,0,0,637,"ALEXANDRE LEVI, RUA",NA,"",12,"BUTANTA",1,0,"ALEXANDRE LEVI, RUA 150 SAO PAULO SP",-23.5588426,-46.6206709
"687","D011300027",13733,"MAUA, RUA",36104,"ROMERO ZANDER, VD ENG",0,"","14/01/2013 16:39",2,"CO",2,271," "," ",1,1,0,0,0,0,0,0,0,0,0,0,0,0,0,0,0,7204,"FLORENCIO DE ABREU, RUA",13733,"MAUA, RUA",80,"SE",2,0,"MAUA, RUA SAO PAULO SP &  ROMERO ZANDER, VD ENG SAO PAULO SP",-23.6721095,-46.4464711
"688","D011301461",17125,"RIO EIRO, RUA",NA,"",21,"","14/01/2013 17:15",4,"AT",64,376," "," ",1,0,0,0,0,0,0,0,0,0,0,0,0,0,0,0,0,17125,"RIO EIRO, RUA",NA,"",49,"LIBERDADE",1,0,"RIO EIRO, RUA 21 SAO PAULO SP",-23.5214831,-46.5272687
"689","D011300525",35449,"BANDEIRANTES, VIA DOS",NA,"",21,"","14/01/2013 17:25",2,"QM",46,226," "," ",0,1,0,0,0,0,0,0,0,0,0,0,0,0,0,0,0,35449,"BANDEIRANTES, VIA DOS",NA,"",64,"PIRITUBA",1,0,"BANDEIRANTES, VIA DOS 21 SAO PAULO SP",-23.4912471,-46.7351868
"690","D011300453",8002,"GIOVANI RECORDATI, RUA DR",NA,"",140,"","14/01/2013 18:00",2,"CO",33,447," "," ",1,0,0,0,1,0,0,0,0,0,0,0,0,0,0,0,0,8002,"GIOVANI RECORDATI, RUA DR",NA,"",73,"SAO DOMINGOS",1,0,"GIOVANI RECORDATI, RUA DR 140 SAO PAULO SP",-23.5069481,-46.7392651
"691","D011300066",16204,"PIAUI, RUA",17557,"SABARA, RUA",0,"","14/01/2013 18:00",2,"CO",4,350," "," ",3,0,0,0,0,0,0,0,0,0,0,0,0,0,0,0,0,16204,"PIAUI, RUA",17557,"SABARA, RUA",26,"CONSOLACAO",1,0,"PIAUI, RUA SAO PAULO SP &  SABARA, RUA SAO PAULO SP",-23.5474501,-46.6534603
"692","D011300106",6872,"FABIO PRADO, AV PREF",41400,"CAROLINA RIBEIRO, RUA PROFA",0,"","14/01/2013 18:11",2,"CH",6,237," "," ",1,0,0,0,0,0,0,0,0,0,0,0,0,0,0,0,0,6872,"FABIO PRADO, AV PREF",41400,"CAROLINA RIBEIRO, RUA PROFA",92,"VILA MARIANA",1,0,"FABIO PRADO, AV PREF SAO PAULO SP &  CAROLINA RIBEIRO, RUA PROFA SAO PAULO SP",-23.5920124,-46.6276613
"693","D011300209",5618,"CURSINO, AV DO",3523,"BOSQUE DA SAUDE, AV",0,"","14/01/2013 18:15",2,"CO",16,579," "," ",2,0,0,0,0,0,0,0,0,0,0,0,0,0,0,0,0,3523,"BOSQUE DA SAUDE, AV",5618,"CURSINO, AV DO",27,"CURSINO",1,0,"CURSINO, AV DO SAO PAULO SP &  BOSQUE DA SAUDE, AV SAO PAULO SP",-23.6106139,-46.6176401
"694","D011301250",13357,"MARIA COELHO AGUIAR, AV",NA,"",50,"","14/01/2013 18:21",2,"QM",92,900001," "," ",0,1,0,0,0,0,0,0,0,0,0,0,0,0,0,0,0,13357,"MARIA COELHO AGUIAR, AV",NA,"",45,"JARDIM SAO LUIS",1,0,"MARIA COELHO AGUIAR, AV 50 SAO PAULO SP",-23.6454572,-46.7300376
"696","D011300028",1421,"ANHAIA, RUA",NA,"",360,"","14/01/2013 19:30",4,"AT",2,272," "," ",1,0,0,0,0,0,0,0,0,0,0,0,0,0,0,0,0,1421,"ANHAIA, RUA",NA,"",9,"BOM RETIRO",1,0,"ANHAIA, RUA 360 SAO PAULO SP",-23.5270563,-46.6435412
"697","D011300393",6238,"NACOES UNIDAS, AV DAS",NA,"",750,"","14/01/2013 19:31",2,"CO",14,420," "," ",1,1,0,0,0,0,0,0,0,0,0,0,0,0,0,0,0,13014,"MARGINAL DO RIO PINHEIROS, AV",NA,"",90,"VILA LEOPOLDINA",1,0,"NACOES UNIDAS, AV DAS 750 SAO PAULO SP",-23.67917,-46.6961419
"698","D011300741",14767,"NOVA CANTAREIRA, AV",NA,"",1400,"","14/01/2013 19:50",2,"CO",20,421," "," ",1,1,0,0,0,0,0,0,0,0,0,0,0,0,0,0,0,14767,"NOVA CANTAREIRA, AV",NA,"",83,"TREMEMBE",1,0,"NOVA CANTAREIRA, AV 1400 SAO PAULO SP",-23.4831562,-46.6135772
"699","D011300152",3812,"CAETANO, RUA S",NA,"",905,"","14/01/2013 19:51",4,"AT",12,353," "," ",0,0,0,0,0,0,0,0,0,0,0,0,0,0,0,1,0,3812,"CAETANO, RUA S",NA,"",5,"ARTUR ALVIM",1,0,"CAETANO, RUA S 905 SAO PAULO SP",-23.5359068,-46.6242411
"700","D011300952",43777,"CARVALHO PINTO, AV GOV",NA,"",2546,"","14/01/2013 20:00",4,"AT",10,949,"B"," ",0,1,0,0,0,0,0,0,0,0,0,0,0,0,0,0,0,43777,"CARVALHO PINTO, AV GOV",NA,"",41,"JARAGUA",1,0,"CARVALHO PINTO, AV GOV 2546 SAO PAULO SP",-23.514585,-46.5284504
"701","D011300872",15425,"CANTIDIO SAMPAIO, AV DEP",NA,"",4000,"","14/01/2013 20:43",4,"AT",72,410," "," ",0,1,0,0,0,0,0,0,0,0,0,0,0,0,0,0,0,15425,"CANTIDIO SAMPAIO, AV DEP",NA,"",41,"JARAGUA",1,0,"CANTIDIO SAMPAIO, AV DEP 4000 SAO PAULO SP",-23.4531303,-46.6974392
"703","D011301700",76402,"INACIO DE OLIVEIRA CAMPOS, RUA",NA,"",709,"","14/01/2013 23:00",2,"CF",53,327," "," ",0,1,0,0,0,0,0,0,1,0,0,0,0,0,0,0,0,76402,"INACIO DE OLIVEIRA CAMPOS, RUA",NA,"",50,"LIMAO",0,2,"INACIO DE OLIVEIRA CAMPOS, RUA 709 SAO PAULO SP",-23.5455144,-46.3931506
"704","D011301373",9632,"ITINGUCU, RUA",NA,"",2009,"","15/01/2013 06:50",4,"AT",24,572,"C"," ",1,0,0,0,0,0,0,0,0,0,0,0,0,0,0,0,0,9632,"ITINGUCU, RUA",NA,"",60,"PENHA",1,0,"ITINGUCU, RUA 2009 SAO PAULO SP",-23.52976,-46.4968175
"705","D011301280",9220,"INTERLAGOS, AV",NA,"",285,"","15/01/2013 07:33",4,"AT",99,189,"C"," ",0,1,0,0,0,0,0,0,0,0,0,0,0,0,0,0,0,9220,"INTERLAGOS, AV",NA,"",16,"CAMPO GRANDE",1,0,"INTERLAGOS, AV 285 SAO PAULO SP",-23.6537091,-46.6799765
"706","D011300339",8341,"GUARAIUVA, RUA",7237,"FLORIDA, RUA",0,"","15/01/2013 07:58",2,"CV",96,213," "," ",1,2,0,1,0,0,0,0,0,0,0,0,0,0,0,0,0,7237,"FLORIDA, RUA",8341,"GUARAIUVA, RUA",34,"ITAIM BIBI",1,0,"GUARAIUVA, RUA SAO PAULO SP &  FLORIDA, RUA SAO PAULO SP",-23.6105962,-46.6890653
"709","D011300857",8409,"JOAQUIM FERREIRA DA ROCHA, RUA",NA,"",1163,"","15/01/2013 09:50",2,"CO",45,121," "," ",1,0,0,1,0,0,0,0,0,0,0,0,0,0,0,0,0,8409,"JOAQUIM FERREIRA DA ROCHA, RUA",NA,"",11,"BRASILANDIA",1,0,"JOAQUIM FERREIRA DA ROCHA, RUA 1163 SAO PAULO SP",-23.4651915,-46.6941834
"710","D011300742",10945,"JOSE ERMIRIO DE MORAES, AV SEN",NA,"",4040,"","15/01/2013 10:00",2,"CH",20,441,"C"," ",1,0,0,0,0,0,0,0,0,0,0,0,0,0,0,0,0,10945,"JOSE ERMIRIO DE MORAES, AV SEN",NA,"",83,"TREMEMBE",1,0,"JOSE ERMIRIO DE MORAES, AV SEN 4040 SAO PAULO SP",-23.421422,-46.6213157
"712","D011301220",8368,"GUARAPIRANGA, AV",NA,"",115,"","15/01/2013 11:10",2,"CO",92,288," "," ",0,1,0,0,0,0,0,0,0,0,0,1,0,0,0,0,0,8368,"GUARAPIRANGA, AV",NA,"",45,"JARDIM SAO LUIS",1,0,"GUARAPIRANGA, AV 115 SAO PAULO SP",-23.6789221,-46.7343919
"714","D011300571",8603,"HEITOR ANTONIO EIRAS GARCIA, AV ENG",NA,"",4109,"","15/01/2013 12:00",2,"CO",75,162," "," ",1,0,0,0,1,0,0,0,0,0,0,0,0,0,0,0,0,8603,"HEITOR ANTONIO EIRAS GARCIA, AV ENG",NA,"",68,"RIO PEQUENO",1,0,"HEITOR ANTONIO EIRAS GARCIA, AV ENG 4109 SAO PAULO SP",-23.5903228,-46.7677655
"716","D011300770",3771,"INAJAR DE SOUZA, AV",NA,"",20,"","15/01/2013 12:50",4,"AT",28,231," "," ",0,0,1,0,0,0,0,0,0,0,0,0,0,0,0,0,0,3771,"INAJAR DE SOUZA, AV",NA,"",50,"LIMAO",1,0,"INAJAR DE SOUZA, AV 20 SAO PAULO SP",-23.5049614,-46.6885468
"717","D011300795",44645,"DIREITOS HUMANOS, AV",19337,"ULTRAMARINO, AV",0,"","15/01/2013 12:50",2,"CO",38,276," "," ",1,1,0,0,0,0,0,0,0,0,0,0,0,0,0,0,0,19337,"ULTRAMARINO, AV",44645,"DIREITOS HUMANOS, AV",51,"MANDAQUI",1,0,"DIREITOS HUMANOS, AV SAO PAULO SP &  ULTRAMARINO, AV SAO PAULO SP",-23.4761224,-46.6402686
"718","D011300424",17003,"REPUBLICA DO LIBANO, AV",NA,"",510,"","15/01/2013 13:30",4,"AT",15,209," "," ",0,1,0,0,0,0,0,0,0,0,0,0,0,0,0,0,0,17003,"REPUBLICA DO LIBANO, AV",NA,"",9,"BOM RETIRO",1,0,"REPUBLICA DO LIBANO, AV 510 SAO PAULO SP",-23.5850743,-46.6638993
"719","D011301510",13207,"MARIA DE CAMARGO, RUA DONA",NA,"",124,"","15/01/2013 13:50",2,"CO",103,165," "," ",1,0,0,0,0,0,0,0,0,0,0,1,0,0,0,0,0,13207,"MARIA DE CAMARGO, RUA DONA",NA,"",36,"ITAQUERA",2,0,"MARIA DE CAMARGO, RUA DONA 124 SAO PAULO SP",-23.5321963,-46.4477492
"720","D011300125",3653,"BRESSER, RUA",1783,"ANTONIO MARCELO, RUA CEL",0,"","15/01/2013 14:08",2,"CO",8,378," "," ",1,0,0,0,1,0,0,0,0,0,0,0,0,0,0,0,0,1783,"ANTONIO MARCELO, RUA CEL",3653,"BRESSER, RUA",10,"BRAS",1,0,"BRESSER, RUA SAO PAULO SP &  ANTONIO MARCELO, RUA CEL SAO PAULO SP",-23.5353694,-46.6103911
"721","D011300633",6238,"NACOES UNIDAS, AV DAS",NA,"",2200,"","15/01/2013 15:51",4,"AT",91,372," "," ",0,1,0,0,0,0,0,0,0,0,0,0,0,0,0,0,0,13014,"MARGINAL DO RIO PINHEIROS, AV",NA,"",90,"VILA LEOPOLDINA",1,0,"NACOES UNIDAS, AV DAS 2200 SAO PAULO SP",-23.6791599,-46.6961185
"722","D011300771",5947,"EDGAR FACO, AV GAL",NA,"",700,"","15/01/2013 16:47",4,"AT",28,235," "," ",0,0,0,0,0,0,0,0,0,0,0,0,0,0,0,1,0,5947,"EDGAR FACO, AV GAL",NA,"",64,"PIRITUBA",1,0,"EDGAR FACO, AV GAL 700 SAO PAULO SP",-23.5002894,-46.7064517
"724","D011300586",15188,"OTAVIANO ALVES DE LIMA, AV",NA,"",6000,"","15/01/2013 17:30",2,"CT",87,286," "," ",0,0,2,1,0,0,0,0,0,0,0,0,0,0,0,0,0,29772,"MARGINAL DO RIO TIETE, AV",NA,"",23,"CIDADE DUTRA",2,0,"OTAVIANO ALVES DE LIMA, AV 6000 SAO PAULO SP",-23.5076286,-46.6919994
"725","D011300265",19931,"WASHINGTON LUIS, AV",4567,"CASTRO, RUA VISC DE",0,"","15/01/2013 17:30",2,"CO",27,632," "," ",0,2,0,0,0,0,0,0,0,0,0,0,0,0,0,0,0,4567,"CASTRO, RUA VISC DE",19931,"WASHINGTON LUIS, AV",15,"CAMPO BELO",1,0,"WASHINGTON LUIS, AV SAO PAULO SP &  CASTRO, RUA VISC DE SAO PAULO SP",-23.6605391,-46.7039265
"726","D011300609",8000,"GIOVANNI GRONCHI, AV",NA,"",4300,"","15/01/2013 18:00",2,"QD",89,381," "," ",0,0,1,0,0,0,0,0,0,0,0,0,0,0,0,0,0,8000,"GIOVANNI GRONCHI, AV",NA,"",55,"MORUMBI",1,0,"GIOVANNI GRONCHI, AV 4300 SAO PAULO SP",-23.6165477,-46.731573
"729","D011300472",16337,"ELISEU DE ALMEIDA, AV",NA,"",3200,"","15/01/2013 18:55",2,"CT",34,354," "," ",1,0,0,0,0,0,0,0,0,0,0,1,0,0,0,0,0,16337,"ELISEU DE ALMEIDA, AV",NA,"",0,"NULL",1,0,"ELISEU DE ALMEIDA, AV 3200 SAO PAULO SP",-23.5897038,-46.7352548
"730","D011300969",5836,"DIANOPOLIS, RUA",NA,"",1497,"","15/01/2013 18:58",2,"CL",18,900019," "," ",1,1,0,0,0,0,0,0,0,0,0,0,0,0,0,0,0,5836,"DIANOPOLIS, RUA",NA,"",54,"MOOCA",1,0,"DIANOPOLIS, RUA 1497 SAO PAULO SP",-23.5815575,-46.591109
"731","D011301422",2185,"ARICANGA, RUA",NA,"",367,"","15/01/2013 19:02",4,"AT",59,657," "," ",0,0,0,0,0,0,0,0,0,0,0,0,0,0,0,1,0,2185,"ARICANGA, RUA",NA,"",86,"VILA CURUCA",1,0,"ARICANGA, RUA 367 SAO PAULO SP",-23.4990801,-46.4112339
"732","D011300703",3637,"BRAZ LEME, AV",NA,"",268,"","15/01/2013 20:04",2,"CO",13,498," "," ",1,1,0,0,0,0,0,0,0,0,0,0,0,0,0,0,0,3637,"BRAZ LEME, AV",NA,"",21,"CASA VERDE",1,0,"BRAZ LEME, AV 268 SAO PAULO SP",-23.5124995,-46.6532187
"734","D011300983",2181,"ARICANDUVA, AV",12612,"MANILHA, RUA",0,"","15/01/2013 20:10",2,"CT",21,607,"C"," ",0,0,0,2,0,0,0,0,0,0,0,0,0,0,0,0,0,2181,"ARICANDUVA, AV",2440,"ASTARTE, RUA",20,"CARRAO",2,0,"ARICANDUVA, AV SAO PAULO SP &  MANILHA, RUA SAO PAULO SP",-23.5479783,-46.5260893
"735","D011300090",12165,"LUIS ANTONIO, AV BRIG",NA,"",683,"","15/01/2013 21:10",4,"AT",5,376," "," ",0,0,0,0,0,0,0,1,0,0,0,0,0,0,0,0,0,12165,"LUIS ANTONIO, AV BRIG",NA,"",7,"BELA VISTA",1,0,"LUIS ANTONIO, AV BRIG 683 SAO PAULO SP",-23.5562471,-46.6396818
"739","D011300873",15425,"CANTIDIO SAMPAIO, AV DEP",NA,"",3644,"","15/01/2013 23:00",4,"AT",72,442," "," ",1,0,0,0,0,0,0,0,0,0,0,0,0,0,0,0,0,15425,"CANTIDIO SAMPAIO, AV DEP",NA,"",41,"JARAGUA",1,0,"CANTIDIO SAMPAIO, AV DEP 3644 SAO PAULO SP",-23.4547818,-46.6954926
"740","D011300949",10207,"JOAO CESARIO, RUA CAP",16052,"PENHA DE FRANCA, AV",0,"","16/01/2013 01:42",2,"CO",10,612," "," ",0,1,1,0,0,0,0,0,0,0,0,0,0,0,0,0,0,10207,"JOAO CESARIO, RUA CAP",16052,"PENHA DE FRANCA, AV",10,"BRAS",1,0,"JOAO CESARIO, RUA CAP SAO PAULO SP &  PENHA DE FRANCA, AV SAO PAULO SP",-23.5233956,-46.5503256
"741","D011300394",16017,"PEDROSO DE MORAIS, AV",NA,"",1956,"","16/01/2013 01:50",2,"CH",14,456," "," ",0,0,0,1,0,0,0,0,0,0,0,0,0,0,0,0,0,16017,"PEDROSO DE MORAIS, AV",NA,"",45,"JARDIM SAO LUIS",3,0,"PEDROSO DE MORAIS, AV 1956 SAO PAULO SP",-23.5575441,-46.7008557
"743","D011300743",14767,"NOVA CANTAREIRA, AV",NA,"",3659,"","16/01/2013 07:06",4,"AT",20,463,"B"," ",1,0,0,0,0,0,0,0,0,0,0,0,0,0,0,0,0,14767,"NOVA CANTAREIRA, AV",NA,"",83,"TREMEMBE",1,0,"NOVA CANTAREIRA, AV 3659 SAO PAULO SP",-23.4688684,-46.6168531
"745","D011301100",6238,"NACOES UNIDAS, AV DAS",NA,"",19000,"","16/01/2013 07:58",2,"CO",11,565," "," ",1,1,0,0,0,0,0,0,0,0,0,0,0,0,0,0,0,13014,"MARGINAL DO RIO PINHEIROS, AV",NA,"",90,"VILA LEOPOLDINA",1,0,"NACOES UNIDAS, AV DAS 19000 SAO PAULO SP",-23.6791498,-46.6960703
"746","D011301615",2181,"ARICANDUVA, AV",NA,"",5555,"","16/01/2013 08:00",2,"CL",66,258," "," ",0,1,0,0,0,0,0,0,0,0,0,1,0,0,0,0,0,2181,"ARICANDUVA, AV",NA,"",60,"PENHA",1,0,"ARICANDUVA, AV 5555 SAO PAULO SP",-23.5610792,-46.5113397
"747","D011301536",2181,"ARICANDUVA, AV",NA,"",8500,"","16/01/2013 08:06",2,"CO",49,764," "," ",1,1,0,1,0,0,0,0,0,0,0,0,0,0,0,0,0,2181,"ARICANDUVA, AV",NA,"",60,"PENHA",2,0,"ARICANDUVA, AV 8500 SAO PAULO SP",-23.5873008,-46.4829311
"748","D011300845",6450,"EMILIO CARLOS, AV DEP",17386,"ROQUE DE MORAIS, RUA",0,"","16/01/2013 08:30",4,"AT",40,162," "," ",1,0,0,0,0,0,0,0,0,0,0,0,0,0,0,0,0,6450,"EMILIO CARLOS, AV DEP",17386,"ROQUE DE MORAIS, RUA",NA,"",1,0,"EMILIO CARLOS, AV DEP SAO PAULO SP &  ROQUE DE MORAIS, RUA SAO PAULO SP",-23.4995589,-46.6750786
"749","D011300069",13632,"MARTINS FONTES, RUA",NA,"",270,"","16/01/2013 09:00",2,"CO",4,422," "," ",1,1,0,0,0,0,0,0,0,0,0,0,0,0,0,0,0,13632,"MARTINS FONTES, RUA",NA,"",67,"REPUBLICA",1,0,"MARTINS FONTES, RUA 270 SAO PAULO SP",-23.5495936,-46.6449726
"750","D011300126",543,"ALCANTARA MACHADO, AV",NA,"",4000,"","16/01/2013 10:20",2,"CT",8,403," "," ",1,1,0,0,0,0,0,0,0,0,0,0,0,0,0,0,0,543,"ALCANTARA MACHADO, AV",NA,"",10,"BRAS",1,0,"ALCANTARA MACHADO, AV 4000 SAO PAULO SP",-23.5507858,-46.6079009
"751","D011301570",35713,"ITALIA GIUSTI, RUA",NA,"",100,"","16/01/2013 10:30",2,"CL",53,900006," "," ",1,0,1,0,0,0,0,0,0,0,0,0,0,0,0,0,0,35713,"ITALIA GIUSTI, RUA",NA,"",50,"LIMAO",1,0,"ITALIA GIUSTI, RUA 100 SAO PAULO SP",-23.5685439,-46.4581243
"752","D011300917",35880,"APARECIDA, RUA NSRA",NA,"",214,"","16/01/2013 10:30",4,"AT",90,193," "," ",0,1,0,0,0,0,0,0,0,0,0,0,0,0,0,0,0,35880,"APARECIDA, RUA NSRA",NA,"",76,"SAO MIGUEL",1,0,"APARECIDA, RUA NSRA 214 SAO PAULO SP",-23.5202917,-46.5756652
"754","D011300668",6238,"NACOES UNIDAS, AV DAS",NA,"",880,"","16/01/2013 11:26",2,"CO",9,393," "," ",0,1,0,0,0,0,0,0,0,0,0,1,0,0,0,0,0,13014,"MARGINAL DO RIO PINHEIROS, AV",NA,"",90,"VILA LEOPOLDINA",1,0,"NACOES UNIDAS, AV DAS 880 SAO PAULO SP",-23.679168,-46.6961374
"755","D011301719",1247,"ANCHIETA, VIA",NA,"",592,"","16/01/2013 11:30",2,"CL",95,227," "," ",0,1,0,1,0,0,0,0,0,0,0,0,0,0,0,0,0,1247,"ANCHIETA, VIA",NA,"",33,"IPIRANGA",0,1,"ANCHIETA, VIA 592 SAO PAULO SP",-23.6065196,-46.5992649
"756","D011301463",3994,"CAMPANELLA, AV",NA,"",1848,"","16/01/2013 11:40",2,"QD",64,479," "," ",0,0,0,0,0,0,0,1,0,0,0,0,0,0,0,0,0,3994,"CAMPANELLA, AV",NA,"",36,"ITAQUERA",1,0,"CAMPANELLA, AV 1848 SAO PAULO SP",-23.5337232,-46.4592418
"759","D011300008",11818,"LIBERDADE, AV DA",NA,"",456,"","16/01/2013 12:45",4,"AT",1,398," "," ",0,0,0,0,0,0,0,0,0,0,0,1,0,0,0,0,0,11818,"LIBERDADE, AV DA",NA,"",49,"LIBERDADE",1,0,"LIBERDADE, AV DA 456 SAO PAULO SP",-23.5568255,-46.6365246
"760","D011301451",13881,"MIGUEL, AV S",NA,"",8000,"","16/01/2013 12:59",4,"AT",63,404," "," ",0,0,0,0,0,0,0,0,0,0,0,0,0,0,0,1,0,13881,"MIGUEL, AV S",NA,"",65,"PONTE RASA",1,0,"MIGUEL, AV S 8000 SAO PAULO SP",-23.4979731,-46.4596621
"761","D011300288",13915,"MIGUEL ESTEFANO, AV",2883,"BARRETO MUNIZ, RUA",0,"","16/01/2013 13:00",2,"CO",35,513," "," ",1,1,0,0,0,0,0,0,0,0,0,0,0,0,0,0,0,2883,"BARRETO MUNIZ, RUA",13915,"MIGUEL ESTEFANO, AV",27,"CURSINO",1,0,"MIGUEL ESTEFANO, AV SAO PAULO SP &  BARRETO MUNIZ, RUA SAO PAULO SP",-23.6508594,-46.6210807
"762","D011301688",18423,"AMALIA MATARAZZO, RUA CDSSA",NA,"",496,"","16/01/2013 13:01",4,"AT",38,295," "," ",1,0,0,1,0,0,0,0,0,0,0,0,0,0,0,0,0,18423,"AMALIA MATARAZZO, RUA CDSSA",NA,"",8,"BELEM",1,1,"AMALIA MATARAZZO, RUA CDSSA 496 SAO PAULO SP",-23.4589113,-46.6535103
"763","D011300587",15626,"PAULA FERREIRA, AV",NA,"",705,"","16/01/2013 13:01",2,"QM",87,303," "," ",0,1,0,0,0,0,0,0,0,0,0,0,0,0,0,0,0,15626,"PAULA FERREIRA, AV",NA,"",64,"PIRITUBA",1,0,"PAULA FERREIRA, AV 705 SAO PAULO SP",-23.5020069,-46.7067311
"764","D011300716",4775,"CEREJEIRAS, AV DAS",NA,"",1300,"","16/01/2013 13:12",4,"AT",19,188," "," ",0,1,0,0,0,0,0,0,0,0,0,0,0,0,0,0,0,4775,"CEREJEIRAS, AV DAS",NA,"",94,"VILA MEDEIROS",2,0,"CEREJEIRAS, AV DAS 1300 SAO PAULO SP",-23.5060231,-46.5771496
"765","D011301192",35320,"LEAO DE ARAUJO NOVAES, RUA DR",NA,"",160,"","16/01/2013 13:43",4,"AT",85,312," "," ",0,0,0,0,0,0,0,0,0,0,0,1,0,0,0,0,0,35320,"LEAO DE ARAUJO NOVAES, RUA DR",NA,"",32,"IGUATEMI",1,0,"LEAO DE ARAUJO NOVAES, RUA DR 160 SAO PAULO SP",-23.7687171,-46.6926258
"766","D011301328",17110,"RIO BONITO, AV DO",NA,"",1260,"","16/01/2013 16:20",2,"CO",102,70," "," ",2,0,0,0,0,0,0,0,0,0,0,0,0,0,0,0,0,17110,"RIO BONITO, AV DO",NA,"",32,"IGUATEMI",3,0,"RIO BONITO, AV DO 1260 SAO PAULO SP",-23.6838171,-46.7035149
"767","D011300107",6642,"ESTADO, AV DO",18847,"TERESA CRISTINA, AV",0,"","16/01/2013 16:50",2,"CO",6,282," "," ",0,1,0,0,0,0,0,0,0,0,0,1,0,0,0,0,0,6642,"ESTADO, AV DO",18847,"TERESA CRISTINA, AV",33,"IPIRANGA",1,0,"ESTADO, AV DO SAO PAULO SP &  TERESA CRISTINA, AV SAO PAULO SP",-23.5635869,-46.6112253
"768","D011301221",13357,"MARIA COELHO AGUIAR, AV",NA,"",408,"","16/01/2013 17:30",2,"SI",92,327," "," ",1,1,0,0,0,0,0,0,0,0,0,0,0,0,0,0,0,13357,"MARIA COELHO AGUIAR, AV",NA,"",45,"JARDIM SAO LUIS",1,0,"MARIA COELHO AGUIAR, AV 408 SAO PAULO SP",-23.6496212,-46.732975
"769","D011300151",6432,"EMIDIO PIEDADE, RUA CEL",8048,"GODOI PRETO, RUA",0,"","16/01/2013 18:25",2,"CO",12,328," "," ",1,1,0,0,0,0,0,0,0,0,0,0,0,0,0,0,0,6432,"EMIDIO PIEDADE, RUA CEL",8048,"GODOI PRETO, RUA",57,"PARI",1,0,"EMIDIO PIEDADE, RUA CEL SAO PAULO SP &  GODOI PRETO, RUA SAO PAULO SP",-23.5290192,-46.6112926