"","id_acidente","codloga","logradouroA","codlogb","logradouroB","alt_num","referencia","data","cod_acid","tipo_acidente","dp","numero_BO","sentido","pista","automovel","moto","onibus","caminhao","bicicleta","moto_taxi","onibus_fretado","onibus_urbano","microonibus","van","vuc","caminhonete","carreta","jipe","outros","sem_informacao","carroca","princ_a","paiA","princ_b","paiB","cod_distrito","distrito","vit_ferida","vit_morta","local","lat","lon"
"770","D011300895",8320,"GUAPIRA, AV",NA,"",3000,"","16/01/2013 18:30",4,"AT",73,586," "," ",0,1,0,0,0,0,0,0,0,0,0,0,0,0,0,0,0,8320,"GUAPIRA, AV",NA,"",38,"JACANA",1,0,"GUAPIRA, AV 3000 SAO PAULO SP",-23.4646551,-46.5834264
"771","D011300261",35829,"MOREIRA GUIMARAES, AV",4882,"CHIBARAS, AV",0,"","16/01/2013 18:45",4,"AT",27,542," "," ",0,0,0,0,0,0,0,1,0,0,0,0,0,0,0,0,0,4882,"CHIBARAS, AV",35829,"MOREIRA GUIMARAES, AV",47,"LAJEADO",1,0,"MOREIRA GUIMARAES, AV SAO PAULO SP &  CHIBARAS, AV SAO PAULO SP",-23.6112321,-46.6554476
"772","D011300589",16838,"RAIMUNDO PEREIRA DE MAGAL., AV",NA,"",5500,"","16/01/2013 19:00",2,"CH",87,308," "," ",0,1,0,0,1,0,0,0,0,0,0,0,0,0,0,0,0,16838,"RAIMUNDO PEREIRA DE MAGAL., AV",NA,"",31,"GUAIANASES",3,0,"RAIMUNDO PEREIRA DE MAGAL., AV 5500 SAO PAULO SP",-23.4836151,-46.7223889
"773","D011301020",12612,"MANILHA, RUA",2181,"ARICANDUVA, AV",0,"","16/01/2013 19:17",2,"CT",31,282," "," ",1,0,1,0,0,0,0,0,0,0,0,0,0,0,0,0,0,2181,"ARICANDUVA, AV",2440,"ASTARTE, RUA",20,"CARRAO",1,0,"MANILHA, RUA SAO PAULO SP &  ARICANDUVA, AV SAO PAULO SP",-23.5480252,-46.5261119
"775","D011300796",9170,"INES, AV STA",NA,"",3000,"","16/01/2013 20:00",2,"CO",38,303," "," ",1,1,0,0,0,0,0,0,0,0,0,0,0,0,0,0,0,9170,"INES, AV STA",NA,"",51,"MANDAQUI",1,0,"INES, AV STA 3000 SAO PAULO SP",-23.456645,-46.6490756
"777","D011301101",10270,"JOAO DIAS, AV",NA,"",718,"","16/01/2013 21:29",4,"AT",11,582," "," ",0,0,0,0,0,0,0,1,0,0,0,0,0,0,0,0,0,10270,"JOAO DIAS, AV",NA,"",72,"SANTO AMARO",1,0,"JOAO DIAS, AV 718 SAO PAULO SP",-23.6462557,-46.7075288
"778","D011300359",19102,"TRAJANO, RUA",10575,"JOAQUIM MACHADO, RUA",0,"","16/01/2013 21:30",2,"CO",7,406," "," ",1,2,0,0,0,0,0,0,0,0,0,0,0,0,0,0,0,10575,"JOAQUIM MACHADO, RUA",19102,"TRAJANO, RUA",48,"LAPA",2,0,"TRAJANO, RUA SAO PAULO SP &  JOAQUIM MACHADO, RUA SAO PAULO SP",-23.5216568,-46.7017357
"779","D011300009",6708,"ESTUDANTES, RUA DOS",7664,"FURTADO, RUA CONS",0,"","16/01/2013 22:27",4,"AT",1,419," "," ",0,1,0,0,0,0,0,0,0,0,0,0,0,0,0,0,0,6708,"ESTUDANTES, RUA DOS",7664,"FURTADO, RUA CONS",80,"SE",1,0,"ESTUDANTES, RUA DOS SAO PAULO SP &  FURTADO, RUA CONS SAO PAULO SP",-23.555575,-46.6337512
"780","D011301340",16247,"PINEDO, AV DE",NA,"",186,"","16/01/2013 22:40",4,"AT",102,588," "," ",1,0,0,0,0,0,0,0,0,0,0,0,0,0,0,0,0,16247,"PINEDO, AV DE",NA,"",32,"IGUATEMI",1,0,"PINEDO, AV DE 186 SAO PAULO SP",-23.6670681,-46.7129861
"781","D011301393",5745,"DAVID DOMINGUES FERREIRA, AV",17553,"GERALDO VIEIRA DE CASTRO, RUA",0,"","16/01/2013 23:19",2,"CL",32,413," "," ",1,1,0,0,0,0,0,0,0,0,0,0,0,0,0,0,0,5745,"DAVID DOMINGUES FERREIRA, AV",17553,"GERALDO VIEIRA DE CASTRO, RUA",47,"LAJEADO",1,0,"DAVID DOMINGUES FERREIRA, AV SAO PAULO SP &  GERALDO VIEIRA DE CASTRO, RUA SAO PAULO SP",-23.5301941,-46.4477152
"782","D011300884",13133,"MARIA AMALIA LOPES AZEVEDO, RUA",NA,"",3862,"","17/01/2013 01:40",2,"CO",73,295," "," ",1,1,0,0,0,0,0,0,0,0,0,0,0,0,0,0,0,13133,"MARIA AMALIA LOPES AZEVEDO, RUA",NA,"",83,"TREMEMBE",1,0,"MARIA AMALIA LOPES AZEVEDO, RUA 3862 SAO PAULO SP",-23.4567629,-46.5897925
"783","D011300395",18813,"TEODORO SAMPAIO, RUA",15114,"OSCAR FREIRE, RUA",0,"","17/01/2013 02:10",2,"CO",14,492," "," ",1,0,0,1,0,0,0,0,0,0,0,0,0,0,0,0,0,15114,"OSCAR FREIRE, RUA",18813,"TEODORO SAMPAIO, RUA",NA,"",2,0,"TEODORO SAMPAIO, RUA SAO PAULO SP &  OSCAR FREIRE, RUA SAO PAULO SP",-23.5652586,-46.6903013
"784","D011301452",46936,"JACU-PESSEGO/NOVA TRABALHADORE, AV",36386,"SUGAYA, RUA AGRIM",0,"","17/01/2013 02:28",2,"CH",63,419," "," ",0,1,0,0,0,0,0,0,0,0,0,0,0,0,0,0,0,16173,"PESSEGO, ES DO",46936,"JACU-PESSEGO/NOVA TRABALHADORE, AV",58,"PARQUE DO CARMO",1,0,"JACU-PESSEGO/NOVA TRABALHADORE, AV SAO PAULO SP &  SUGAYA, RUA AGRIM SAO PAULO SP",-23.5754203,-46.4449094
"785","D011300210",9159,"INDIANOPOLIS, AV",NA,"",1888,"","17/01/2013 03:50",2,"CO",16,700," "," ",1,1,0,0,0,0,0,0,0,0,0,0,0,0,0,0,0,9159,"INDIANOPOLIS, AV",NA,"",79,"SAUDE",1,0,"INDIANOPOLIS, AV 1888 SAO PAULO SP",-23.614841,-46.6498547
"786","D011301720",6238,"NACOES UNIDAS, AV DAS",NA,"",15169,"","17/01/2013 04:00",2,"CT",6,71," "," ",1,1,0,0,0,0,0,0,0,0,0,0,0,0,0,0,0,13014,"MARGINAL DO RIO PINHEIROS, AV",NA,"",90,"VILA LEOPOLDINA",0,1,"NACOES UNIDAS, AV DAS 15169 SAO PAULO SP",-23.6791518,-46.6960828
"788","D011301104",3516,"MARIO VILAS BOAS RODRIGUES, AV DR",NA,"",117,"","17/01/2013 05:40",2,"CO",11,641," "," ",0,1,0,0,0,0,0,0,0,0,0,1,0,0,0,0,0,3516,"MARIO VILAS BOAS RODRIGUES, AV DR",NA,"",72,"SANTO AMARO",2,0,"MARIO VILAS BOAS RODRIGUES, AV DR 117 SAO PAULO SP",-23.6515793,-46.7220371
"789","D011300241",43154,"TANCREDO NEVES, AV PRES",14705,"SAUDE, RUA NSRA DA",0,"","17/01/2013 06:17",2,"CT",26,446," "," ",0,0,0,0,0,0,0,0,0,0,0,2,0,0,0,0,0,3482,"BOQUEIRAO, RUA DO",14705,"SAUDE, RUA NSRA DA",69,"SACOMA",3,0,"TANCREDO NEVES, AV PRES SAO PAULO SP &  SAUDE, RUA NSRA DA SAO PAULO SP",-23.6208548,-46.6115493
"790","D011301167",16151,"JOAO GOULART, AV PRES",NA,"",710,"","17/01/2013 06:30",4,"AT",48,216," "," ",1,0,0,0,0,0,0,0,0,0,0,0,0,0,0,0,0,16151,"JOAO GOULART, AV PRES",NA,"",32,"IGUATEMI",1,0,"JOAO GOULART, AV PRES 710 SAO PAULO SP",-23.7221432,-46.6921897
"791","D011300590",6939,"FEIZ ZARZUR, RUA COMEN",NA,"",599,"","17/01/2013 06:40",4,"AT",87,314," "," ",0,1,0,0,0,0,0,0,0,0,0,0,0,0,0,0,0,6939,"FEIZ ZARZUR, RUA COMEN",NA,"",64,"PIRITUBA",3,0,"FEIZ ZARZUR, RUA COMEN 599 SAO PAULO SP",-23.4779712,-46.7201352
"792","D011301102",19844,"VITOR MANZINI, AV",NA,"",500,"","17/01/2013 06:55",2,"CO",11,597," "," ",1,1,0,0,0,0,0,0,0,0,0,0,0,0,0,0,0,19844,"VITOR MANZINI, AV",NA,"",29,"FREGUESIA DO O",2,0,"VITOR MANZINI, AV 500 SAO PAULO SP",-23.663907,-46.7084963
"795","D011300772",5947,"EDGAR FACO, AV GAL",NA,"",300,"","17/01/2013 07:38",2,"CO",28,240," "," ",2,1,0,0,0,0,0,0,0,0,0,0,0,0,0,0,0,5947,"EDGAR FACO, AV GAL",NA,"",64,"PIRITUBA",1,0,"EDGAR FACO, AV GAL 300 SAO PAULO SP",-23.5039663,-46.706101
"796","D011301296",13035,"MIGUEL YUNES, RUA",NA,"",581,"","17/01/2013 07:50",2,"CO",99,900023," "," ",1,1,0,0,0,0,0,0,0,0,0,0,0,0,0,0,0,13035,"MIGUEL YUNES, RUA",NA,"",16,"CAMPO GRANDE",1,0,"MIGUEL YUNES, RUA 581 SAO PAULO SP",-23.6945516,-46.6805183
"797","D011300194",9642,"ITU, AL",8562,"HADDOCK LOBO, RUA",0,"","17/01/2013 08:00",2,"CO",78,472," "," ",0,1,0,0,0,0,0,0,0,0,0,1,0,0,0,0,0,8562,"HADDOCK LOBO, RUA",9642,"ITU, AL",44,"JARDIM PAULISTA",1,0,"ITU, AL SAO PAULO SP &  HADDOCK LOBO, RUA SAO PAULO SP",-23.3090105,-47.2975689
"798","D011300802",9170,"INES, AV STA",3285,"TOME AFONSO DE MOURA, RUA",0,"","17/01/2013 08:30",2,"CT",38,494," "," ",3,0,0,0,0,0,0,0,0,0,0,0,0,0,0,0,0,3285,"TOME AFONSO DE MOURA, RUA",9170,"INES, AV STA",51,"MANDAQUI",1,0,"INES, AV STA SAO PAULO SP &  TOME AFONSO DE MOURA, RUA SAO PAULO SP",-23.4571244,-46.6487598
"799","D011301395",26046,"ITALINA, RUA",NA,"",244,"","17/01/2013 08:35",2,"CO",32,761," "," ",1,1,0,0,0,0,0,0,0,0,0,0,0,0,0,0,0,26046,"ITALINA, RUA",NA,"",51,"MANDAQUI",1,0,"ITALINA, RUA 244 SAO PAULO SP",-23.5406753,-46.4510273
"800","D011301417",19412,"CARAIPE DAS AGUAS, RUA",39037,"POMBO-CORREIO, RUA DO",0,"","17/01/2013 08:40",2,"QM",59,249," "," ",0,1,0,0,0,0,0,0,0,0,0,0,0,0,0,0,0,19412,"CARAIPE DAS AGUAS, RUA",39037,"POMBO-CORREIO, RUA DO",86,"VILA CURUCA",1,0,"CARAIPE DAS AGUAS, RUA SAO PAULO SP &  POMBO-CORREIO, RUA DO SAO PAULO SP",-23.5004566,-46.4140688
"801","D011300108",17083,"RICARDO JAFET, AV DR",NA,"",1100,"","17/01/2013 08:50",2,"CO",6,298," "," ",1,1,0,0,0,0,0,0,0,0,0,0,0,0,0,0,0,17083,"RICARDO JAFET, AV DR",NA,"",37,"JABAQUARA",1,0,"RICARDO JAFET, AV DR 1100 SAO PAULO SP",-23.5868856,-46.6190603
"802","D011300340",12193,"LUIS CARLOS BERRINI, AV ENG",NA,"",10,"","17/01/2013 09:00",2,"CT",96,247," "," ",0,1,0,0,0,0,0,0,0,0,0,1,0,0,0,0,0,12193,"LUIS CARLOS BERRINI, AV ENG",NA,"",34,"ITAIM BIBI",1,0,"LUIS CARLOS BERRINI, AV ENG 10 SAO PAULO SP",-23.597145,-46.691529
"803","D011300717",5626,"CURUCA, RUA",14448,"NAZARE DA MATA, RUA",0,"","17/01/2013 09:15",2,"CO",19,210," "," ",2,0,0,0,0,0,0,0,0,0,0,0,0,0,0,0,0,5626,"CURUCA, RUA",14448,"NAZARE DA MATA, RUA",91,"VILA MARIA",3,0,"CURUCA, RUA SAO PAULO SP &  NAZARE DA MATA, RUA SAO PAULO SP",-23.5117217,-46.5923548
"804","D011301222",8368,"GUARAPIRANGA, AV",NA,"",1126,"","17/01/2013 09:16",2,"CL",92,344," "," ",1,1,0,0,0,0,0,0,0,0,0,0,0,0,0,0,0,8368,"GUARAPIRANGA, AV",NA,"",45,"JARDIM SAO LUIS",1,0,"GUARAPIRANGA, AV 1126 SAO PAULO SP",-23.6795671,-46.7345623
"806","D011300744",10945,"JOSE ERMIRIO DE MORAES, AV SEN",NA,"",3000,"","17/01/2013 09:45",2,"CO",20,509," "," ",2,0,0,0,0,0,0,0,0,0,0,0,0,0,0,0,0,10945,"JOSE ERMIRIO DE MORAES, AV SEN",NA,"",83,"TREMEMBE",1,0,"JOSE ERMIRIO DE MORAES, AV SEN 3000 SAO PAULO SP",-23.424704,-46.6203287
"807","D011300529",7153,"FIORELLI PECCICACCO, RUA",NA,"",80,"","17/01/2013 10:15",2,"CO",46,274," "," ",1,1,0,0,0,0,0,0,0,0,0,0,0,0,0,0,0,7153,"FIORELLI PECCICACCO, RUA",NA,"",62,"PERUS",1,0,"FIORELLI PECCICACCO, RUA 80 SAO PAULO SP",-23.4044721,-46.7505392
"808","D011301462",9806,"PIRES DO RIO, AV",NA,"",4342,"","17/01/2013 11:00",4,"AT",64,474," "," ",1,0,0,0,0,0,0,0,0,0,0,0,0,0,0,0,0,9806,"PIRES DO RIO, AV",NA,"",76,"SAO MIGUEL",1,0,"PIRES DO RIO, AV 4342 SAO PAULO SP",-23.5310284,-46.4530997
"809","D011300745",19884,"VOLUNTARIOS DA PATRIA, RUA",NA,"",2786,"","17/01/2013 12:30",2,"CO",20,514," "," ",1,1,0,0,0,0,0,0,0,0,0,0,0,0,0,0,0,19884,"VOLUNTARIOS DA PATRIA, RUA",NA,"",8,"BELEM",1,0,"VOLUNTARIOS DA PATRIA, RUA 2786 SAO PAULO SP",-23.4956808,-46.6257545
"810","D011301493",1076,"AMERICANO FREIRE, RUA GAL",NA,"",461,"","17/01/2013 12:35",2,"SI",68,174," "," ",0,2,0,0,0,0,0,0,0,0,0,0,0,0,0,0,0,1076,"AMERICANO FREIRE, RUA GAL",NA,"",47,"LAJEADO",1,0,"AMERICANO FREIRE, RUA GAL 461 SAO PAULO SP",-23.5391666,-46.4129569
"811","D011301103",11350,"ALEXANDRE DUMAS, RUA",NA,"",1981,"","17/01/2013 12:40",4,"AT",11,604," "," ",1,0,0,0,0,0,0,0,0,0,0,0,0,0,0,0,0,11350,"ALEXANDRE DUMAS, RUA",NA,"",72,"SANTO AMARO",1,0,"ALEXANDRE DUMAS, RUA 1981 SAO PAULO SP",-23.6295059,-46.7088461
"812","D011300555",296,"AFRANIO PEIXOTO, AV",NA,"",280,"","17/01/2013 12:40",2,"CO",51,282," "," ",3,0,0,0,0,0,0,0,0,0,0,0,0,0,0,0,0,296,"AFRANIO PEIXOTO, AV",NA,"",12,"BUTANTA",1,0,"AFRANIO PEIXOTO, AV 280 SAO PAULO SP",-23.5666833,-46.7101569
"813","D011301578",99385,"ANTONIO CARLOS MINGUEZ LOPES, RUA",NA,"",1352,"","17/01/2013 13:00",2,"CH",54,317," "," ",0,0,0,0,0,0,0,0,0,0,0,1,0,0,0,0,0,99385,"ANTONIO CARLOS MINGUEZ LOPES, RUA",NA,"",25,"CIDADE TIRADENT",1,0,"ANTONIO CARLOS MINGUEZ LOPES, RUA 1352 SAO PAULO SP",-23.4580832,-46.5723777
"814","D011300396",18813,"TEODORO SAMPAIO, RUA",4200,"CAPOTE VALENTE, RUA",0,"","17/01/2013 13:37",2,"CO",14,509," "," ",1,1,0,0,0,0,0,0,0,0,0,0,0,0,0,0,0,4200,"CAPOTE VALENTE, RUA",18813,"TEODORO SAMPAIO, RUA",44,"JARDIM PAULISTA",1,0,"TEODORO SAMPAIO, RUA SAO PAULO SP &  CAPOTE VALENTE, RUA SAO PAULO SP",-23.5652586,-46.6903013
"816","D011300109",13860,"MESQUITA, RUA",5886,"DIOGO, RUA CEL",0,"","17/01/2013 13:40",2,"CO",6,308," "," ",1,1,0,0,0,0,0,0,0,0,0,0,0,0,0,0,0,5886,"DIOGO, RUA CEL",13860,"MESQUITA, RUA",92,"VILA MARIANA",1,0,"MESQUITA, RUA SAO PAULO SP &  DIOGO, RUA CEL SAO PAULO SP",-23.5780702,-46.6214094
"817","D011300289",8816,"GUSTAVO DA SILVEIRA, RUA",NA,"",650,"","17/01/2013 13:47",2,"CO",35,548," "," ",1,1,0,0,0,0,0,0,0,0,0,0,0,0,0,0,0,8816,"GUSTAVO DA SILVEIRA, RUA",NA,"",37,"JABAQUARA",1,0,"GUSTAVO DA SILVEIRA, RUA 650 SAO PAULO SP",-23.6509538,-46.6584869
"819","D011300847",10540,"JOAQUIM DE FREITAS, RUA CEL",17245,"ROCHA LIMA, RUA",0,"","17/01/2013 14:22",2,"CO",40,200,"C"," ",1,1,0,0,0,0,0,0,0,0,0,0,0,0,0,0,0,10540,"JOAQUIM DE FREITAS, RUA CEL",17245,"ROCHA LIMA, RUA",50,"LIMAO",1,0,"JOAQUIM DE FREITAS, RUA CEL SAO PAULO SP &  ROCHA LIMA, RUA SAO PAULO SP",-23.5021246,-46.6710145
"820","D011300967",15304,"PAES DE BARROS, AV",11389,"JAPURUCHITA, RUA",0,"","17/01/2013 14:30",4,"AT",18,287," "," ",1,0,0,0,0,0,0,0,0,0,0,0,0,0,0,0,0,11389,"JAPURUCHITA, RUA",15304,"PAES DE BARROS, AV",54,"MOOCA",1,0,"PAES DE BARROS, AV SAO PAULO SP &  JAPURUCHITA, RUA SAO PAULO SP",-23.5743005,-46.5876557
"821","D011300611",73704,"AFONSO VIDAL, RUA",61669,"ITAPAIUNA, RUA",0,"","17/01/2013 14:58",2,"SI",89,406," "," ",1,0,0,0,0,0,0,0,0,0,0,1,0,0,0,0,0,61669,"ITAPAIUNA, RUA",73704,"AFONSO VIDAL, RUA",85,"VILA ANDRADE",1,0,"AFONSO VIDAL, RUA SAO PAULO SP &  ITAPAIUNA, RUA SAO PAULO SP",-23.6417688,-46.7322756
"823","D011300439",6471,"SAO VICENTE, AV MARQ DE",NA,"",435,"","17/01/2013 15:00",2,"CO",23,402," "," ",1,0,0,0,0,0,0,1,0,0,0,0,0,0,0,0,0,6471,"SAO VICENTE, AV MARQ DE",NA,"",6,"BARRA FUNDA",1,0,"SAO VICENTE, AV MARQ DE 435 SAO PAULO SP",-23.5224633,-46.6597853
"824","D011300070",1991,"ARACAJU, RUA",NA,"",201,"","17/01/2013 15:30",2,"CO",4,436," "," ",2,0,0,0,0,0,0,0,0,0,0,0,0,0,0,0,0,1991,"ARACAJU, RUA",NA,"",26,"CONSOLACAO",1,0,"ARACAJU, RUA 201 SAO PAULO SP",-23.5434777,-46.6604354
"825","D011301174",15507,"TEOTONIO VILELA, AV SEN",NA,"",1380,"","17/01/2013 16:16",4,"AT",48,402," "," ",1,0,0,0,0,0,0,0,0,0,0,0,0,0,0,0,0,15507,"TEOTONIO VILELA, AV SEN",NA,"",23,"CIDADE DUTRA",1,0,"TEOTONIO VILELA, AV SEN 1380 SAO PAULO SP",-23.7135758,-46.6985308
"826","D011300397",16919,"REBOUCAS, AV",10387,"JOAO MOURA, RUA",0,"","17/01/2013 16:20",2,"CO",14,521," "," ",1,1,0,0,0,0,0,0,0,0,0,0,0,0,0,0,0,10387,"JOAO MOURA, RUA",16919,"REBOUCAS, AV",44,"JARDIM PAULISTA",1,0,"REBOUCAS, AV SAO PAULO SP &  JOAO MOURA, RUA SAO PAULO SP",-23.5666153,-46.6829404
"827","D011300193",3581,"BRASIL, AV",NA,"",1299,"","17/01/2013 16:33",2,"CO",78,440," "," ",1,1,0,0,0,0,0,0,0,0,0,0,0,0,0,0,0,3581,"BRASIL, AV",NA,"",63,"PINHEIROS",1,0,"BRASIL, AV 1299 SAO PAULO SP",-23.563444,-46.6542439
"828","D011300798",27689,"LUIS CARLOS GENTILE DE LAET, RUA",NA,"",1655,"","17/01/2013 16:46",2,"CO",38,323," "," ",1,1,0,0,0,0,0,0,0,0,0,0,0,0,0,0,0,27689,"LUIS CARLOS GENTILE DE LAET, RUA",NA,"",22,"CIDADE ADEMAR",1,0,"LUIS CARLOS GENTILE DE LAET, RUA 1655 SAO PAULO SP",-23.4533078,-46.6290148
"829","D011300896",42220,"USHIKICHI KAMYIA, RUA",NA,"",684,"","17/01/2013 17:15",2,"QM",73,599," "," ",0,1,0,0,0,0,0,0,0,0,0,0,0,0,0,0,0,42220,"USHIKICHI KAMYIA, RUA",NA,"",38,"JACANA",1,0,"USHIKICHI KAMYIA, RUA 684 SAO PAULO SP",-23.4418722,-46.5886036
"830","D011301403",19158,"MONTE CAMBERELA, RUA",NA,"",12,"","17/01/2013 17:23",4,"AT",50,747," "," ",1,0,0,0,0,0,0,0,0,0,0,0,0,0,0,0,0,19158,"MONTE CAMBERELA, RUA",NA,"",54,"MOOCA",3,0,"MONTE CAMBERELA, RUA 12 SAO PAULO SP",-23.4966697,-46.4062588
"831","D011300507",34682,"CAMPO LIMPO, ES DO",NA,"",2417,"","17/01/2013 17:30",2,"CO",37,481," "," ",1,1,0,0,0,0,0,0,0,0,0,0,0,0,0,0,0,34682,"CAMPO LIMPO, ES DO",NA,"",17,"CAMPO LIMPO",1,0,"CAMPO LIMPO, ES DO 2417 SAO PAULO SP",-23.2019463,-46.785846
"832","D011300780",17171,"RIO VERDE, RUA",5947,"EDGAR FACO, AV GAL",0,"","17/01/2013 17:30",2,"CO",28,572," "," ",2,0,0,0,0,0,0,0,0,0,0,0,0,0,0,0,0,5947,"EDGAR FACO, AV GAL",27358,"FUAD LUTFALLA, AV",64,"PIRITUBA",1,0,"RIO VERDE, RUA SAO PAULO SP &  EDGAR FACO, AV GAL SAO PAULO SP",-23.4885725,-46.7064062
"833","D011300319",62142,"GIOVANNI CARNOVALI, RUA",NA,"",190,"","17/01/2013 17:36",4,"AT",83,135," "," ",1,0,0,0,0,0,0,0,0,0,0,0,0,0,0,0,0,62142,"GIOVANNI CARNOVALI, RUA",NA,"",21,"CASA VERDE",1,0,"GIOVANNI CARNOVALI, RUA 190 SAO PAULO SP",-23.6434779,-46.6035965
"834","D011301677",5565,"CRUZEIRO, RUA",9885,"JAMES HOLLAND, RUA",0,"","17/01/2013 17:45",4,"AT",23,283," "," ",1,0,0,0,0,0,0,0,0,0,0,0,0,0,0,0,0,5565,"CRUZEIRO, RUA",9885,"JAMES HOLLAND, RUA",70,"SANTA CECILIA",0,1,"CRUZEIRO, RUA SAO PAULO SP &  JAMES HOLLAND, RUA SAO PAULO SP",-22.5864305,-44.9771325
"835","D011300274",19100,"BANDEIRANTES, AV DOS",22270,"JOSE FAVA, RUA",0,"","17/01/2013 18:00",2,"CO",27,982," "," ",0,2,0,0,0,0,0,0,0,0,0,0,0,0,0,0,0,19100,"BANDEIRANTES, AV DOS",22270,"JOSE FAVA, RUA",79,"SAUDE",1,0,"BANDEIRANTES, AV DOS SAO PAULO SP &  JOSE FAVA, RUA SAO PAULO SP",-23.6016317,-46.6827292
"837","D011300263",12847,"MARACATINS, AL DOS",NA,"",1380,"","17/01/2013 18:30",2,"CO",27,579," "," ",0,0,1,0,1,0,0,0,0,0,0,0,0,0,0,0,0,12847,"MARACATINS, AL DOS",NA,"",53,"MOEMA",1,0,"MARACATINS, AL DOS 1380 SAO PAULO SP",-23.6115469,-46.6652585
"838","D011300029",18993,"TIRADENTES, AV",NA,"",749,"","17/01/2013 18:30",4,"AT",2,322," "," ",1,0,0,0,0,0,0,0,0,0,0,0,0,0,0,0,0,18993,"TIRADENTES, AV",NA,"",9,"BOM RETIRO",1,0,"TIRADENTES, AV 749 SAO PAULO SP",-23.5294168,-46.6318131
"839","D011300747",3813,"CAETANO ALVARES, AV ENG",5698,"DANIEL MALETTINI, AV",0,"","17/01/2013 18:30",2,"QM",20,521," "," ",0,1,0,0,0,0,0,0,0,0,0,0,0,0,0,0,0,3813,"CAETANO ALVARES, AV ENG",5698,"DANIEL MALETTINI, AV",51,"MANDAQUI",1,0,"CAETANO ALVARES, AV ENG SAO PAULO SP &  DANIEL MALETTINI, AV SAO PAULO SP",-23.4830811,-46.6330478
"840","D011300426",14804,"NOVE DE JULHO, AV",NA,"",4559,"","17/01/2013 19:09",2,"CO",15,256," "," ",1,1,0,0,0,0,0,0,0,0,0,0,0,0,0,0,0,14804,"NOVE DE JULHO, AV",NA,"",63,"PINHEIROS",1,0,"NOVE DE JULHO, AV 4559 SAO PAULO SP",-23.5761349,-46.6697738
"841","D011300976",2181,"ARICANDUVA, AV",NA,"",273,"","17/01/2013 19:10",2,"QM",21,194," "," ",0,1,0,0,0,0,0,0,0,0,0,0,0,0,0,0,0,2181,"ARICANDUVA, AV",NA,"",60,"PENHA",1,0,"ARICANDUVA, AV 273 SAO PAULO SP",-23.5379454,-46.5459603
"842","D011300547",16838,"RAIMUNDO PEREIRA DE MAGAL., AV",NA,"",15222,"","17/01/2013 19:30",2,"CT",46,900003," "," ",1,1,0,0,0,0,0,0,0,0,0,0,0,0,0,0,0,16838,"RAIMUNDO PEREIRA DE MAGAL., AV",NA,"",31,"GUAIANASES",1,0,"RAIMUNDO PEREIRA DE MAGAL., AV 15222 SAO PAULO SP",-23.4084604,-46.7348285
"843","D011300577",69702,"BALTAZAR ALVES, RUA",NA,"",212,"","17/01/2013 19:32",2,"CO",75,415," "," ",1,1,0,0,0,0,0,0,0,0,0,0,0,0,0,0,0,69702,"BALTAZAR ALVES, RUA",NA,"",13,"CACHOEIRINHA",1,0,"BALTAZAR ALVES, RUA 212 SAO PAULO SP",-23.5810339,-46.7913843
"844","D011300861",67769,"RUI DE MORAIS APOCALIPSE, RUA",NA,"",347,"","17/01/2013 20:00",2,"CF",45,500," "," ",2,0,0,0,0,0,0,0,0,0,0,0,0,0,0,0,0,67769,"RUI DE MORAIS APOCALIPSE, RUA",NA,"",40,"JAGUARE",1,0,"RUI DE MORAIS APOCALIPSE, RUA 347 SAO PAULO SP",-23.4735572,-46.6871324
"846","D011300746",18151,"SEZEFREDO FAGUNDES, AV CEL",NA,"",158,"","17/01/2013 20:10",2,"CT",20,519," "," ",0,1,0,0,0,0,0,1,0,0,0,0,0,0,0,0,0,18151,"SEZEFREDO FAGUNDES, AV CEL",NA,"",22,"CIDADE ADEMAR",1,0,"SEZEFREDO FAGUNDES, AV CEL 158 SAO PAULO SP",-23.3737063,-46.5790705
"847","D011301655",24338,"LUIZ IGNACIO ANHAIA MELLO, AV PROF",NA,"",9251,"","17/01/2013 21:30",4,"AT",70,587," "," ",1,0,0,0,0,0,0,0,0,0,0,0,0,0,0,0,0,24338,"LUIZ IGNACIO ANHAIA MELLO, AV PROF",NA,"",26,"CONSOLACAO",1,0,"LUIZ IGNACIO ANHAIA MELLO, AV PROF 9251 SAO PAULO SP",-23.6030489,-46.5136071
"848","D011300923",11604,"AMADEU POLI, AV",NA,"",369,"","17/01/2013 21:30",2,"CF",90,605," "," ",0,2,0,0,0,0,0,0,0,0,0,0,0,0,0,0,0,11604,"AMADEU POLI, AV",NA,"",94,"VILA MEDEIROS",2,0,"AMADEU POLI, AV 369 SAO PAULO SP",-23.5088895,-46.5649188
"849","D011300909",16838,"RAIMUNDO PEREIRA DE MAGAL., AV",NA,"",9851,"","17/01/2013 22:00",2,"CH",74,503," "," ",0,0,0,1,0,0,0,0,0,0,0,0,0,0,0,0,0,16838,"RAIMUNDO PEREIRA DE MAGAL., AV",NA,"",31,"GUAIANASES",5,0,"RAIMUNDO PEREIRA DE MAGAL., AV 9851 SAO PAULO SP",-23.4546357,-46.7202438
"850","D011300897",98426,"FLOR DE LOTUS, R",NA,"",77,"","17/01/2013 22:20",4,"AT",73,622," "," ",1,0,0,0,0,0,0,0,0,0,0,0,0,0,0,0,0,98426,"FLOR DE LOTUS, R",NA,"",83,"TREMEMBE",2,0,"FLOR DE LOTUS, R 77 SAO PAULO SP",-23.4478258,-46.5823933