"","id_acidente","codloga","logradouroA","codlogb","logradouroB","alt_num","referencia","data","cod_acid","tipo_acidente","dp","numero_BO","sentido","pista","automovel","moto","onibus","caminhao","bicicleta","moto_taxi","onibus_fretado","onibus_urbano","microonibus","van","vuc","caminhonete","carreta","jipe","outros","sem_informacao","carroca","princ_a","paiA","princ_b","paiB","cod_distrito","distrito","vit_ferida","vit_morta","local","lat","lon"
"851","D011301069",18070,"SERRA DE JAIRE, RUA",NA,"",1372,"","17/01/2013 23:19",4,"AT",57,338," "," ",0,1,0,0,0,0,0,0,0,0,0,0,0,0,0,0,0,18070,"SERRA DE JAIRE, RUA",NA,"",10,"BRAS",1,0,"SERRA DE JAIRE, RUA 1372 SAO PAULO SP",-23.5531384,-46.5806039
"852","D011301678",16838,"RAIMUNDO PEREIRA DE MAGAL., AV",NA,"",16494,"","18/01/2013 00:37",2,"CP",33,547," "," ",1,0,0,0,0,0,0,0,0,0,0,0,0,0,0,0,0,16838,"RAIMUNDO PEREIRA DE MAGAL., AV",NA,"",31,"GUAIANASES",2,1,"RAIMUNDO PEREIRA DE MAGAL., AV 16494 SAO PAULO SP",-23.4043734,-46.7342754
"853","D011301657",70761,"MARROCOS, RUA",NA,"",120,"","18/01/2013 01:05",2,"CH",70,592," "," ",0,1,0,0,0,0,0,0,0,0,0,0,0,0,0,0,0,70761,"MARROCOS, RUA",NA,"",0,"NULL",2,0,"MARROCOS, RUA 120 SAO PAULO SP",-23.6418483,-46.8142828
"856","D011300530",1429,"ANHANGUERA, VIA",NA,"",21,"","18/01/2013 06:08",4,"AT",46,287," "," ",1,0,0,0,0,0,0,0,0,0,0,0,0,0,0,0,0,1429,"ANHANGUERA, VIA",NA,"",73,"SAO DOMINGOS",1,0,"ANHANGUERA, VIA 21 SAO PAULO SP",-23.4090332,-46.8209262
"857","D011301645",23588,"LEANDRO DE SEVILHA, RUA",NA,"",434,"","18/01/2013 07:02",2,"QM",69,900021," "," ",0,1,0,0,0,0,0,0,0,0,0,0,0,0,0,0,0,23588,"LEANDRO DE SEVILHA, RUA",NA,"",56,"PARELHEIROS",1,0,"LEANDRO DE SEVILHA, RUA 434 SAO PAULO SP",-23.6016879,-46.5035777
"858","D011301054",24338,"LUIZ IGNACIO ANHAIA MELLO, AV PROF",NA,"",1863,"","18/01/2013 07:05",2,"CO",56,345,"C"," ",3,1,0,0,0,0,0,0,0,0,0,0,0,0,0,0,0,24338,"LUIZ IGNACIO ANHAIA MELLO, AV PROF",NA,"",26,"CONSOLACAO",1,0,"LUIZ IGNACIO ANHAIA MELLO, AV PROF 1863 SAO PAULO SP",-23.5834036,-46.5755352
"859","D011300072",5245,"CONSOLACAO, RUA DA",12132,"LUIS, AV S",0,"","18/01/2013 07:50",2,"CO",4,446," "," ",1,1,0,0,0,0,0,0,0,0,0,0,0,0,0,0,0,5245,"CONSOLACAO, RUA DA",19996,"XAVIER DE TOLEDO, RUA CEL",67,"REPUBLICA",1,0,"CONSOLACAO, RUA DA SAO PAULO SP &  LUIS, AV S SAO PAULO SP",-23.5471579,-46.6469857
"861","D011300349",8423,"GUASSATUNGAS, RUA DOS",NA,"",12,"","18/01/2013 08:05",4,"AT",97,163," "," ",1,0,0,0,0,0,0,0,0,0,0,0,0,0,0,0,0,8423,"GUASSATUNGAS, RUA DOS",NA,"",37,"JABAQUARA",1,0,"GUASSATUNGAS, RUA DOS 12 SAO PAULO SP",-23.6586899,-46.6439253
"862","D011301021",4502,"CARRAO, AV CONS",NA,"",3381,"","18/01/2013 08:30",4,"AT",31,308,"B"," ",1,0,0,0,0,0,0,0,0,0,0,0,0,0,0,0,0,4502,"CARRAO, AV CONS",NA,"",20,"CARRAO",1,0,"CARRAO, AV CONS 3381 SAO PAULO SP",-23.5520556,-46.529675
"863","D011301055",24338,"LUIZ IGNACIO ANHAIA MELLO, AV PROF",22127,"GRANDE SAO PAULO, VD",0,"","18/01/2013 08:30",2,"CO",56,346," "," ",0,2,0,0,0,0,0,0,0,0,0,0,0,0,0,0,0,22127,"GRANDE SAO PAULO, VD",24338,"LUIZ IGNACIO ANHAIA MELLO, AV PROF",95,"VILA PRUDENTE",1,0,"LUIZ IGNACIO ANHAIA MELLO, AV PROF SAO PAULO SP &  GRANDE SAO PAULO, VD SAO PAULO SP",-23.5827842,-46.565808
"864","D011300828",5493,"CRISPIM DUARTE, RUA",10901,"JOSE DE MEDEIROS, RUA",0,"","18/01/2013 08:30",2,"CT",39,301," "," ",1,1,0,0,0,0,0,0,0,0,0,0,0,0,0,0,0,5493,"CRISPIM DUARTE, RUA",19612,"VICENTE, RUA CON",94,"VILA MEDEIROS",1,0,"CRISPIM DUARTE, RUA SAO PAULO SP &  JOSE DE MEDEIROS, RUA SAO PAULO SP",-23.4925619,-46.586935
"865","D011301105",19931,"WASHINGTON LUIS, AV",NA,"",910,"","18/01/2013 08:51",2,"CO",11,645," "," ",1,1,0,0,0,0,0,0,0,0,0,0,0,0,0,0,0,19931,"WASHINGTON LUIS, AV",NA,"",30,"GRAJAU",1,0,"WASHINGTON LUIS, AV 910 SAO PAULO SP",-23.6573842,-46.6961638
"866","D011300829",11321,"JULIO BUONO, AV",NA,"",2378,"","18/01/2013 09:00",2,"CO",39,304," "," ",2,0,0,0,0,0,0,0,0,0,0,0,0,0,0,0,0,11321,"JULIO BUONO, AV",NA,"",94,"VILA MEDEIROS",1,0,"JULIO BUONO, AV 2378 SAO PAULO SP",-23.4810687,-46.5869456
"867","D011301282",9220,"INTERLAGOS, AV",NA,"",2501,"","18/01/2013 09:01",2,"CO",99,255," "," ",1,1,0,0,0,0,0,0,0,0,0,0,0,0,0,0,0,9220,"INTERLAGOS, AV",NA,"",16,"CAMPO GRANDE",1,0,"INTERLAGOS, AV 2501 SAO PAULO SP",-23.6761351,-46.6791864
"868","D011301106",11572,"ADELINO ALVES, RUA",NA,"",50,"","18/01/2013 09:20",2,"CO",11,642," "," ",0,0,2,0,0,0,0,0,0,0,0,0,0,0,0,0,0,11572,"ADELINO ALVES, RUA",NA,"",30,"GRAJAU",1,0,"ADELINO ALVES, RUA 50 SAO PAULO SP",-23.6264794,-46.69587
"870","D011300508",34682,"CAMPO LIMPO, ES DO",NA,"",4903,"","18/01/2013 11:27",2,"CO",37,504," "," ",1,1,0,0,0,0,0,0,0,0,0,0,0,0,0,0,0,34682,"CAMPO LIMPO, ES DO",NA,"",17,"CAMPO LIMPO",1,0,"CAMPO LIMPO, ES DO 4903 SAO PAULO SP",-23.2019463,-46.785846
"872","D011301563",35713,"ITALIA GIUSTI, RUA",NA,"",1165,"","18/01/2013 11:33",2,"CT",53,418," "," ",1,1,0,0,0,0,0,0,0,0,0,0,0,0,0,0,0,35713,"ITALIA GIUSTI, RUA",NA,"",NA,"",1,0,"ITALIA GIUSTI, RUA 1165 SAO PAULO SP",-23.5688878,-46.4490584
"873","D011301223",1903,"ANTUNES DOS SANTOS, RUA COMEN",NA,"",953,"","18/01/2013 11:42",2,"SI",92,384," "," ",0,1,0,0,0,0,0,0,0,0,0,0,0,0,0,1,0,1903,"ANTUNES DOS SANTOS, RUA COMEN",NA,"",45,"JARDIM SAO LUIS",1,0,"ANTUNES DOS SANTOS, RUA COMEN 953 SAO PAULO SP",-23.6701139,-46.7644357
"874","D011300534",18262,"SILVIO DE CAMPOS, AV DR",NA,"",957,"","18/01/2013 12:40",2,"CT",46,360," "," ",0,2,0,0,0,0,0,0,0,0,0,0,0,0,0,0,0,18262,"SILVIO DE CAMPOS, AV DR",NA,"",NA,"",3,0,"SILVIO DE CAMPOS, AV DR 957 SAO PAULO SP",-23.4063783,-46.7636557
"875","D011300473",14267,"MORUMBI, AV",NA,"",5594,"","18/01/2013 12:40",2,"CT",34,380," "," ",1,1,0,0,0,0,0,0,0,0,0,0,0,0,0,0,0,14267,"MORUMBI, AV",NA,"",55,"MORUMBI",1,0,"MORUMBI, AV 5594 SAO PAULO SP",-23.6131765,-46.7138574
"877","D011300341",7658,"FUNCHAL, RUA",NA,"",619,"","18/01/2013 12:53",2,"CT",96,282," "," ",1,0,0,0,0,0,0,0,0,0,0,1,0,0,0,0,0,7658,"FUNCHAL, RUA",NA,"",34,"ITAIM BIBI",1,0,"FUNCHAL, RUA 619 SAO PAULO SP",-23.5961425,-46.690639
"878","D011300649",5309,"CORIFEU DE AZEVEDO MARQUES, AV",NA,"",2883,"","18/01/2013 13:00",2,"SI",93,428," "," ",1,1,0,0,0,0,0,0,0,0,0,0,0,0,0,0,0,5309,"CORIFEU DE AZEVEDO MARQUES, AV",NA,"",12,"BUTANTA",1,0,"CORIFEU DE AZEVEDO MARQUES, AV 2883 SAO PAULO SP",-23.570846,-46.7403626
"879","D011300073",1356,"ANGELICA, AV",18040,"SERGIPE, RUA",0,"","18/01/2013 13:45",2,"CO",4,465," "," ",2,0,0,0,0,0,0,0,0,0,0,0,0,0,0,0,0,1356,"ANGELICA, AV",18040,"SERGIPE, RUA",26,"CONSOLACAO",1,0,"ANGELICA, AV SAO PAULO SP &  SERGIPE, RUA SAO PAULO SP",-23.5474146,-46.6586504
"881","D011301107",999,"SANTO AMARO, AV",NA,"",7250,"","18/01/2013 14:04",2,"CH",11,658," "," ",0,0,0,0,0,0,0,0,0,0,0,1,0,0,0,0,0,999,"SANTO AMARO, AV",NA,"",34,"ITAIM BIBI",2,0,"SANTO AMARO, AV 7250 SAO PAULO SP",-23.6433724,-46.7010272
"883","D011300578",22307,"DOMINGOS ROSOLIA, RUA",NA,"",134,"","18/01/2013 14:30",4,"AT",75,343," "," ",1,0,0,0,0,0,0,0,0,0,0,0,0,0,0,0,0,22307,"DOMINGOS ROSOLIA, RUA",NA,"",13,"CACHOEIRINHA",1,0,"DOMINGOS ROSOLIA, RUA 134 SAO PAULO SP",-23.5941334,-46.7862954
"884","D011301184",20048,"YERVANT KISSAJIKIAN, AV",NA,"",1645,"","18/01/2013 14:30",4,"AT",80,232," "," ",0,1,0,0,0,0,0,0,0,0,0,0,0,0,0,0,0,20048,"YERVANT KISSAJIKIAN, AV",NA,"",29,"FREGUESIA DO O",1,0,"YERVANT KISSAJIKIAN, AV 1645 SAO PAULO SP",-23.6738434,-46.6641906
"886","D011300048",10101,"JOAO, AV S",19847,"VITORIA, RUA",0,"","18/01/2013 15:15",4,"AT",3,530," "," ",0,1,0,0,0,0,0,0,0,0,0,0,0,0,0,0,0,10101,"JOAO, AV S",19847,"VITORIA, RUA",67,"REPUBLICA",1,0,"JOAO, AV S SAO PAULO SP &  VITORIA, RUA SAO PAULO SP",-23.54057,-46.6434402
"887","D011300155",13269,"MARIA JOAQUINA, RUA",NA,"",204,"","18/01/2013 16:00",2,"QD",12,373," "," ",0,0,0,0,0,0,0,1,0,0,0,0,0,0,0,0,0,13269,"MARIA JOAQUINA, RUA",NA,"",10,"BRAS",1,0,"MARIA JOAQUINA, RUA 204 SAO PAULO SP",-23.5361516,-46.6128489
"888","D011301518",9134,"INCONFIDENCIA MINEIRA, AV",NA,"",1311,"","18/01/2013 16:00",2,"QD",41,420," "," ",0,0,0,0,0,0,0,1,0,0,0,0,0,0,0,0,0,9134,"INCONFIDENCIA MINEIRA, AV",NA,"",4,"ARICANDUVA",1,0,"INCONFIDENCIA MINEIRA, AV 1311 SAO PAULO SP",-23.5748763,-46.5141699
"889","D011301224",12134,"ANTONIO RAMOS ROSA, RUA",NA,"",147,"","18/01/2013 16:00",2,"CO",92,392," "," ",1,1,0,0,0,0,0,0,0,0,0,0,0,0,0,0,0,12134,"ANTONIO RAMOS ROSA, RUA",NA,"",45,"JARDIM SAO LUIS",1,0,"ANTONIO RAMOS ROSA, RUA 147 SAO PAULO SP",-23.6620013,-46.7518303
"890","D011301108",19574,"VERBO DIVINO, RUA",NA,"",714,"","18/01/2013 16:05",2,"CO",11,661," "," ",0,1,1,0,0,0,0,0,0,0,0,0,0,0,0,0,0,19574,"VERBO DIVINO, RUA",NA,"",29,"FREGUESIA DO O",1,0,"VERBO DIVINO, RUA 714 SAO PAULO SP",-23.634507,-46.7028271
"891","D011300803",4747,"FORTE DE SAO CAETANO, RUA",NA,"",185,"","18/01/2013 16:32",2,"CO",38,530," "," ",0,2,0,0,0,0,0,0,0,0,0,0,0,0,0,0,0,4747,"FORTE DE SAO CAETANO, RUA",NA,"",8,"BELEM",2,0,"FORTE DE SAO CAETANO, RUA 185 SAO PAULO SP",-23.4582872,-46.6559881
"892","D011301494",98422,"ROMULO GOMES (LAGEADO), R",NA,"",21,"","18/01/2013 16:50",4,"AT",68,196," "," ",0,0,0,0,0,0,0,0,0,0,0,0,0,0,0,1,0,98422,"ROMULO GOMES (LAGEADO), R",NA,"",47,"LAJEADO",1,0,"ROMULO GOMES (LAGEADO), R 21 SAO PAULO SP",-23.5284418,-46.4000337
"893","D011300610",13014,"MARGINAL DO RIO PINHEIROS, AV",NA,"",12,"","18/01/2013 17:00",2,"CT",89,388," "," ",1,1,0,0,0,0,0,0,0,0,0,0,0,0,0,0,0,13014,"MARGINAL DO RIO PINHEIROS, AV",NA,"",40,"JAGUARE",1,0,"MARGINAL DO RIO PINHEIROS, AV 12 SAO PAULO SP",-23.4453173,-46.5790431
"894","D011300509",34682,"CAMPO LIMPO, ES DO",NA,"",1503,"","18/01/2013 17:15",2,"CO",37,521," "," ",0,1,0,0,0,0,0,1,0,0,0,0,0,0,0,0,0,34682,"CAMPO LIMPO, ES DO",NA,"",17,"CAMPO LIMPO",1,0,"CAMPO LIMPO, ES DO 1503 SAO PAULO SP",-23.2019463,-46.785846
"895","D011301537",21732,"PHOBUS, RUA",NA,"",457,"","18/01/2013 17:30",2,"CO",49,896," "," ",1,1,0,0,0,0,0,0,0,0,0,0,0,0,0,0,0,21732,"PHOBUS, RUA",NA,"",51,"MANDAQUI",1,0,"PHOBUS, RUA 457 SAO PAULO SP",-23.6058006,-46.4623687
"898","D011300454",17170,"PEDRO HENRIQUE DE O.E BRAGANCA, RUA DOM",5644,"CUSTODIO SERRAO, RUA",0,"","18/01/2013 17:40",2,"QM",33,569,"C"," ",0,1,0,0,0,0,0,0,0,0,0,0,0,0,0,0,0,5644,"CUSTODIO SERRAO, RUA",17170,"PEDRO HENRIQUE DE O.E BRAGANCA, RUA DOM",39,"JAGUARA",1,0,"PEDRO HENRIQUE DE O.E BRAGANCA, RUA DOM SAO PAULO SP &  CUSTODIO SERRAO, RUA SAO PAULO SP",-23.6473233,-46.5963085
"900","D011300264",17518,"DEMOSTENES, RUA",999,"SANTO AMARO, AV",0,"","18/01/2013 18:00",2,"CO",27,609," "," ",0,1,0,0,0,0,0,0,0,0,0,1,0,0,0,0,0,999,"SANTO AMARO, AV",14455,"NEBRASKA, RUA",34,"ITAIM BIBI",1,0,"DEMOSTENES, RUA SAO PAULO SP &  SANTO AMARO, AV SAO PAULO SP",-23.617599,-46.6722611
"901","D011300011",6642,"ESTADO, AV DO",NA,"",3000,"","18/01/2013 18:10",4,"AT",1,491," "," ",0,0,0,0,0,0,0,0,0,0,0,0,0,0,0,1,0,6642,"ESTADO, AV DO",NA,"",9,"BOM RETIRO",1,0,"ESTADO, AV DO 3000 SAO PAULO SP",-23.5712514,-46.6045083
"903","D011300342",16535,"PORTUGAL, AV",7237,"FLORIDA, RUA",0,"","18/01/2013 18:30",2,"CO",96,291," "," ",2,0,0,0,0,0,0,0,0,0,0,0,0,0,0,0,0,7237,"FLORIDA, RUA",16535,"PORTUGAL, AV",34,"ITAIM BIBI",2,0,"PORTUGAL, AV SAO PAULO SP &  FLORIDA, RUA SAO PAULO SP",-23.616796,-46.6835904
"905","D011300543",63358,"YLIDIO FIGUEIREDO, RUA",NA,"",123,"","18/01/2013 18:45",2,"SI",46,570," "," ",1,1,0,0,0,0,0,0,0,0,0,0,0,0,0,0,0,63358,"YLIDIO FIGUEIREDO, RUA",NA,"",52,"MARSILAC",1,0,"YLIDIO FIGUEIREDO, RUA 123 SAO PAULO SP",-23.4092824,-46.7535255
"906","D011300398",513,"ALBERTO SEABRA, RUA DR",NA,"",1059,"","18/01/2013 19:30",2,"CO",14,564," "," ",1,1,0,0,0,0,0,0,0,0,0,0,0,0,0,0,0,513,"ALBERTO SEABRA, RUA DR",NA,"",2,"ALTO DE PINHEIR",1,0,"ALBERTO SEABRA, RUA DR 1059 SAO PAULO SP",-23.5423608,-46.7065022
"907","D011300400",8714,"HENRIQUE SCHAUMANN, RUA",NA,"",668,"","18/01/2013 19:30",2,"CO",14,585," "," ",2,1,0,0,0,0,0,0,0,0,0,0,0,0,0,0,0,8714,"HENRIQUE SCHAUMANN, RUA",NA,"",63,"PINHEIROS",1,0,"HENRIQUE SCHAUMANN, RUA 668 SAO PAULO SP",-23.5588555,-46.6814676
"908","D011300111",12011,"LOUREIRO DA CRUZ, RUA",19371,"URANO, RUA",0,"","18/01/2013 19:50",4,"AT",6,341," "," ",1,0,0,0,0,0,0,0,0,0,0,0,0,0,0,0,0,12011,"LOUREIRO DA CRUZ, RUA",19371,"URANO, RUA",49,"LIBERDADE",1,0,"LOUREIRO DA CRUZ, RUA SAO PAULO SP &  URANO, RUA SAO PAULO SP",-23.5691038,-46.6351505
"909","D011301244",8502,"GUILHERME VALENTE, RUA",NA,"",205,"","18/01/2013 20:15",2,"CO",92,767," "," ",1,1,0,0,0,0,0,0,0,0,0,0,0,0,0,0,0,8502,"GUILHERME VALENTE, RUA",NA,"",45,"JARDIM SAO LUIS",2,0,"GUILHERME VALENTE, RUA 205 SAO PAULO SP",-23.6636841,-46.7353649
"910","D011300049",9276,"IPIRANGA, AV",NA,"",786,"","18/01/2013 20:56",2,"CO",3,535," "," ",1,0,0,0,1,0,0,0,0,0,0,0,0,0,0,0,0,9276,"IPIRANGA, AV",NA,"",67,"REPUBLICA",1,0,"IPIRANGA, AV 786 SAO PAULO SP",-23.5427104,-46.640631
"912","D011300399",18813,"TEODORO SAMPAIO, RUA",NA,"",872,"","18/01/2013 21:33",2,"QD",14,566," "," ",0,0,0,0,0,0,0,1,0,0,0,0,0,0,0,0,0,18813,"TEODORO SAMPAIO, RUA",NA,"",20,"CARRAO",1,0,"TEODORO SAMPAIO, RUA 872 SAO PAULO SP",-23.5581903,-46.6785524
"914","D011301078",10503,"JOAO XXIII, AV",NA,"",569,"","18/01/2013 22:22",2,"CL",58,316," "," ",1,1,0,0,0,0,0,0,0,0,0,0,0,0,0,0,0,10503,"JOAO XXIII, AV",NA,"",4,"ARICANDUVA",1,0,"JOAO XXIII, AV 569 SAO PAULO SP",-23.5723691,-46.5351373
"915","D011300030",16581,"PRATES, RUA",NA,"",478,"","18/01/2013 22:25",4,"AT",2,352," "," ",1,0,0,0,0,0,0,0,0,0,0,0,0,0,0,0,0,16581,"PRATES, RUA",NA,"",15,"CAMPO BELO",1,0,"PRATES, RUA 478 SAO PAULO SP",-23.5298309,-46.6360128
"917","D011300579",70981,"PIEMONTESES, RUA DOS",NA,"",100,"","18/01/2013 23:20",2,"CH",75,451," "," ",0,1,0,0,0,0,0,0,0,0,0,0,0,0,0,0,0,70981,"PIEMONTESES, RUA DOS",NA,"",13,"CACHOEIRINHA",1,0,"PIEMONTESES, RUA DOS 100 SAO PAULO SP",-23.576872,-46.781437
"918","D011300782",36284,"PETRONIO PORTELA, AV MIN",6361,"ELISIO TEIXEIRA LEITE, AV",0,"","19/01/2013 00:50",2,"CO",28,598," "," ",1,1,0,0,0,0,0,0,0,0,0,0,0,0,0,0,0,6361,"ELISIO TEIXEIRA LEITE, AV",36284,"PETRONIO PORTELA, AV MIN",29,"FREGUESIA DO O",1,0,"PETRONIO PORTELA, AV MIN SAO PAULO SP &  ELISIO TEIXEIRA LEITE, AV SAO PAULO SP",-23.4893999,-46.6986662
"920","D011301498",11542,"NORDESTINA, AV",NA,"",6044,"","19/01/2013 01:30",2,"CO",68,263," "," ",2,0,0,0,0,0,0,0,0,0,0,0,0,0,0,0,0,11542,"NORDESTINA, AV",NA,"",76,"SAO MIGUEL",1,0,"NORDESTINA, AV 6044 SAO PAULO SP",-23.5299743,-46.4156964
"922","D011301464",98965,"CALIM EID, AV",NA,"",1294,"","19/01/2013 03:00",2,"CH",64,651," "," ",1,0,0,0,0,0,0,0,0,0,0,0,0,0,0,0,0,98965,"CALIM EID, AV",NA,"",60,"PENHA",1,0,"CALIM EID, AV 1294 SAO PAULO SP",-23.520282,-46.5002278
"923","D011301128",37956,"LIGACAO, EST DE",NA,"",31,"","19/01/2013 04:15",4,"AT",25,539," "," ",0,1,0,0,0,0,0,0,0,0,0,0,0,0,0,0,0,37956,"LIGACAO, EST DE",NA,"",30,"GRAJAU",1,0,"LIGACAO, EST DE 31 SAO PAULO SP",-23.438266,-46.7713214
"924","D011300826",2455,"ATALIBA LEONEL, AV GAL",NA,"",3376,"","19/01/2013 05:00",2,"CH",39,256," "," ",1,0,0,0,0,0,0,0,0,0,0,0,0,0,0,0,0,2455,"ATALIBA LEONEL, AV GAL",NA,"",88,"VILA GUILHERME",2,0,"ATALIBA LEONEL, AV GAL 3376 SAO PAULO SP",-23.486958,-46.6065409
"926","D011300932",73495,"ERNESTO AUGUSTO LOPES, AV",NA,"",119,"","19/01/2013 06:00",4,"AT",90,900030," "," ",1,0,0,0,0,0,0,0,0,0,0,0,0,0,0,0,0,73495,"ERNESTO AUGUSTO LOPES, AV",NA,"",36,"ITAQUERA",1,0,"ERNESTO AUGUSTO LOPES, AV 119 SAO PAULO SP",-23.5200109,-46.5760622
"929","D011300774",3771,"INAJAR DE SOUZA, AV",14233,"MORATO DE OLIVEIRA, RUA",0,"","19/01/2013 07:23",2,"CH",28,262," "," ",0,1,0,0,0,0,0,0,0,0,0,0,0,0,0,0,0,3771,"INAJAR DE SOUZA, AV",14233,"MORATO DE OLIVEIRA, RUA",13,"CACHOEIRINHA",1,0,"INAJAR DE SOUZA, AV SAO PAULO SP &  MORATO DE OLIVEIRA, RUA SAO PAULO SP",-23.461436,-46.6729346
"930","D011300734",13133,"MARIA AMALIA LOPES AZEVEDO, RUA",NA,"",352,"","19/01/2013 07:30",2,"CH",20,259,"B"," ",0,1,0,0,0,0,0,0,0,0,0,0,0,0,0,0,0,13133,"MARIA AMALIA LOPES AZEVEDO, RUA",NA,"",83,"TREMEMBE",2,0,"MARIA AMALIA LOPES AZEVEDO, RUA 352 SAO PAULO SP",-23.460105,-46.6208064
"931","D011301185",20048,"YERVANT KISSAJIKIAN, AV",NA,"",2701,"","19/01/2013 07:37",2,"CO",80,236," "," ",0,1,1,0,0,0,0,0,0,0,0,0,0,0,0,0,0,20048,"YERVANT KISSAJIKIAN, AV",NA,"",29,"FREGUESIA DO O",1,0,"YERVANT KISSAJIKIAN, AV 2701 SAO PAULO SP",-23.6793323,-46.6559329
"932","D011300773",3771,"INAJAR DE SOUZA, AV",NA,"",1550,"","19/01/2013 08:07",4,"AT",28,257," "," ",1,0,0,0,0,0,0,0,0,0,0,0,0,0,0,0,0,3771,"INAJAR DE SOUZA, AV",NA,"",50,"LIMAO",1,0,"INAJAR DE SOUZA, AV 1550 SAO PAULO SP",-23.4920769,-46.6851262
"933","D011301168",15507,"TEOTONIO VILELA, AV SEN",NA,"",1800,"","19/01/2013 08:29",2,"CO",48,251," "," ",0,1,0,0,0,0,0,0,0,0,0,0,0,0,0,1,0,15507,"TEOTONIO VILELA, AV SEN",NA,"",23,"CIDADE DUTRA",2,0,"TEOTONIO VILELA, AV SEN 1800 SAO PAULO SP",-23.7170966,-46.6993427
"934","D011300308",6356,"ELISEU GUILHERME, RUA DESEM",NA,"",126,"","19/01/2013 09:20",4,"AT",36,286," "," ",0,0,0,0,0,0,0,0,0,0,0,1,0,0,0,0,0,6356,"ELISEU GUILHERME, RUA DESEM",NA,"",92,"VILA MARIANA",1,0,"ELISEU GUILHERME, RUA DESEM 126 SAO PAULO SP",-23.5728996,-46.643979
"936","D011300035",16581,"PRATES, RUA",NA,"",100,"","19/01/2013 09:32",4,"AT",2,472," "," ",1,0,0,0,0,0,0,0,0,0,0,0,0,0,0,0,0,16581,"PRATES, RUA",NA,"",15,"CAMPO BELO",1,0,"PRATES, RUA 100 SAO PAULO SP",-23.5431562,-46.4194043
"937","D011301376",2299,"JOSE DO CAMPESTRE, RUA S",63992,"JOSE DA PENHA, RUA",0,"","19/01/2013 09:40",2,"QD",24,742,"B"," ",0,0,0,0,0,0,0,0,1,0,0,0,0,0,0,0,0,2299,"JOSE DO CAMPESTRE, RUA S",63992,"JOSE DA PENHA, RUA",18,"CANGAIBA",1,0,"JOSE DO CAMPESTRE, RUA S SAO PAULO SP &  JOSE DA PENHA, RUA SAO PAULO SP",-23.5013745,-46.5072802
"938","D011300050",19017,"TOBIAS, RUA BRIG",NA,"",740,"","19/01/2013 10:10",2,"CT",3,545," "," ",1,1,0,0,0,0,0,0,0,0,0,0,0,0,0,0,0,19017,"TOBIAS, RUA BRIG",NA,"",5,"ARTUR ALVIM",2,0,"TOBIAS, RUA BRIG 740 SAO PAULO SP",-23.5366103,-46.6341058
"939","D011300898",98943,"ARLEY GILBERTO DE ARAUJO, AV",NA,"",20,"","19/01/2013 11:00",2,"CO",73,717," "," ",0,1,0,0,0,0,0,0,0,0,0,1,0,0,0,0,0,98943,"ARLEY GILBERTO DE ARAUJO, AV",NA,"",83,"TREMEMBE",1,0,"ARLEY GILBERTO DE ARAUJO, AV 20 SAO PAULO SP",-23.4480766,-46.5756845
"940","D011300089",19764,"VINTE E TRES DE MAIO, AV",NA,"",385,"","19/01/2013 11:25",4,"AT",5,370," "," ",0,0,0,0,0,0,0,0,0,0,0,0,0,0,0,1,0,19764,"VINTE E TRES DE MAIO, AV",NA,"",17,"CAMPO LIMPO",1,0,"VINTE E TRES DE MAIO, AV 385 SAO PAULO SP",-23.5830742,-46.6522538
"941","D011301194",15507,"TEOTONIO VILELA, AV SEN",NA,"",4580,"","19/01/2013 11:50",4,"AT",85,360," "," ",0,0,0,0,0,0,0,0,0,0,0,1,0,0,0,0,0,15507,"TEOTONIO VILELA, AV SEN",NA,"",23,"CIDADE DUTRA",1,0,"TEOTONIO VILELA, AV SEN 4580 SAO PAULO SP",-23.759233,-46.7153521
"942","D011301431",59901,"JOAO MARCELINO DE S. GONZAGA, RUA",NA,"",300,"","19/01/2013 11:50",4,"AT",62,288," "," ",0,0,0,0,0,0,0,0,0,0,0,1,0,0,0,0,0,59901,"JOAO MARCELINO DE S. GONZAGA, RUA",NA,"",49,"LIBERDADE",1,0,"JOAO MARCELINO DE S. GONZAGA, RUA 300 SAO PAULO SP",-23.4936994,-46.4844988
"944","D011300849",3481,"CLAVASIO ALVES DA SILVA, AV",22239,"ALVARO SILVA, RUA",0,"","19/01/2013 12:34",2,"CO",40,268,"B"," ",1,1,0,0,0,0,0,0,0,0,0,0,0,0,0,0,0,3481,"CLAVASIO ALVES DA SILVA, AV",22239,"ALVARO SILVA, RUA",50,"LIMAO",1,0,"CLAVASIO ALVES DA SILVA, AV SAO PAULO SP &  ALVARO SILVA, RUA SAO PAULO SP",-23.5018329,-46.6784297
"945","D011300613",21164,"FRANCISCO DEGNI, RUA DR",8000,"GIOVANNI GRONCHI, AV",0,"","19/01/2013 13:05",2,"CO",89,528," "," ",1,1,0,0,0,0,0,0,0,0,0,0,0,0,0,0,0,61244,"JOSE GALANTE, AV",66268,"JAMES FERRAZ ALVIM, RUA DR",85,"VILA ANDRADE",1,0,"FRANCISCO DEGNI, RUA DR SAO PAULO SP &  GIOVANNI GRONCHI, AV SAO PAULO SP",-23.6187153,-46.7316306