"","id_acidente","codloga","logradouroA","codlogb","logradouroB","alt_num","referencia","data","cod_acid","tipo_acidente","dp","numero_BO","sentido","pista","automovel","moto","onibus","caminhao","bicicleta","moto_taxi","onibus_fretado","onibus_urbano","microonibus","van","vuc","caminhonete","carreta","jipe","outros","sem_informacao","carroca","princ_a","paiA","princ_b","paiB","cod_distrito","distrito","vit_ferida","vit_morta","local","lat","lon"
"946","D011301721",9220,"INTERLAGOS, AV",NA,"",3800,"","19/01/2013 13:20",4,"AT",99,274," "," ",0,1,0,0,0,0,0,0,0,0,0,0,0,0,0,0,0,9220,"INTERLAGOS, AV",NA,"",16,"CAMPO GRANDE",0,1,"INTERLAGOS, AV 3800 SAO PAULO SP",-23.6824307,-46.6900046
"947","D011300920",13822,"MENDES DA ROCHA, AV",4348,"CARLOS DOS SANTOS, RUA",0,"","19/01/2013 13:40",2,"CL",90,271," "," ",1,1,0,0,0,0,0,0,0,0,0,0,0,0,0,0,0,4348,"CARLOS DOS SANTOS, RUA",13822,"MENDES DA ROCHA, AV",94,"VILA MEDEIROS",1,0,"MENDES DA ROCHA, AV SAO PAULO SP &  CARLOS DOS SANTOS, RUA SAO PAULO SP",-23.4817987,-46.5712184
"948","D011300156",17420,"SANTA ROSA JUNIOR, RUA",NA,"",10,"","19/01/2013 13:55",2,"CO",12,380," "," ",1,1,0,0,0,0,0,0,0,0,0,0,0,0,0,0,0,17420,"SANTA ROSA JUNIOR, RUA",NA,"",13,"CACHOEIRINHA",1,0,"SANTA ROSA JUNIOR, RUA 10 SAO PAULO SP",-23.5700474,-46.7127431
"949","D011300127",543,"ALCANTARA MACHADO, AV",8798,"HIPODROMO, RUA",0,"","19/01/2013 14:21",4,"AT",8,481," "," ",0,0,0,0,0,0,0,0,0,0,0,0,0,0,0,1,0,543,"ALCANTARA MACHADO, AV",8798,"HIPODROMO, RUA",54,"MOOCA",1,0,"ALCANTARA MACHADO, AV SAO PAULO SP &  HIPODROMO, RUA SAO PAULO SP",-23.5528151,-46.613419
"950","D011300907",18594,"TAIPAS, ES",NA,"",457,"","19/01/2013 14:30",2,"QM",74,270," "," ",0,1,0,0,0,0,0,0,0,0,0,0,0,0,0,0,0,18594,"TAIPAS, ES",NA,"",52,"MARSILAC",1,0,"TAIPAS, ES 457 SAO PAULO SP",-23.4261258,-46.7260757
"951","D011301396",2516,"AUGUSTO CARLOS BAUMAN, RUA",NA,"",400,"","19/01/2013 14:40",2,"QD",32,965," "," ",0,0,1,0,0,0,0,0,0,0,0,0,0,0,0,0,0,2516,"AUGUSTO CARLOS BAUMAN, RUA",NA,"",36,"ITAQUERA",1,0,"AUGUSTO CARLOS BAUMAN, RUA 400 SAO PAULO SP",-23.5342344,-46.4505781
"952","D011300320",13915,"MIGUEL ESTEFANO, AV",NA,"",2595,"","19/01/2013 14:59",2,"CO",83,153," "," ",1,1,0,0,0,0,0,0,0,0,0,0,0,0,0,0,0,13915,"MIGUEL ESTEFANO, AV",NA,"",27,"CURSINO",1,0,"MIGUEL ESTEFANO, AV 2595 SAO PAULO SP",-23.6357358,-46.6270049
"953","D011300736",2872,"BARRA MANSA, RUA",14767,"NOVA CANTAREIRA, AV",0,"","19/01/2013 15:17",2,"QM",20,278,"C"," ",0,1,0,0,0,0,0,0,0,0,0,1,0,0,0,0,0,2872,"BARRA MANSA, RUA",14767,"NOVA CANTAREIRA, AV",84,"TUCURUVI",1,0,"BARRA MANSA, RUA SAO PAULO SP &  NOVA CANTAREIRA, AV SAO PAULO SP",-23.4762278,-46.6114836
"955","D011300455",1429,"ANHANGUERA, VIA",NA,"",15,"","19/01/2013 15:27",2,"CT",33,590," "," ",0,1,0,0,0,0,0,0,0,0,0,1,0,0,0,0,0,1429,"ANHANGUERA, VIA",NA,"",73,"SAO DOMINGOS",1,0,"ANHANGUERA, VIA 15 SAO PAULO SP",-23.4089995,-46.8209716
"956","D011301225",16053,"JOSE BARROS MAGALDI, RUA",NA,"",305,"","19/01/2013 15:27",2,"CO",92,413," "," ",1,1,0,0,0,0,0,0,0,0,0,0,0,0,0,0,0,16053,"JOSE BARROS MAGALDI, RUA",NA,"",32,"IGUATEMI",1,0,"JOSE BARROS MAGALDI, RUA 305 SAO PAULO SP",-23.6609523,-46.7363359
"957","D011300705",9078,"IMIRIM, AV",NA,"",256,"","19/01/2013 16:00",4,"AT",13,612," "," ",0,0,0,0,0,0,0,0,0,0,0,0,0,0,0,1,0,9078,"IMIRIM, AV",NA,"",71,"SANTANA",1,0,"IMIRIM, AV 256 SAO PAULO SP",-23.4979279,-46.6389641
"958","D011300128",3596,"BRASIL, RUA ALM",7790,"GASPAR, RUA FREI",0,"","19/01/2013 16:00",2,"CO",8,485," "," ",2,0,0,0,0,0,0,0,0,0,0,0,0,0,0,0,0,3596,"BRASIL, RUA ALM",7790,"GASPAR, RUA FREI",10,"BRAS",1,0,"BRASIL, RUA ALM SAO PAULO SP &  GASPAR, RUA FREI SAO PAULO SP",-23.5519071,-46.6062992
"960","D011301504",1255,"ANDES, RUA",NA,"",659,"","19/01/2013 16:35",4,"AT",68,494," "," ",1,0,0,0,0,0,0,0,0,0,0,0,0,0,0,0,0,1255,"ANDES, RUA",NA,"",47,"LAJEADO",1,0,"ANDES, RUA 659 SAO PAULO SP",-23.5370189,-46.4083229
"961","D011300213",66,"ABRAAO DE MORAIS, AV PROF",NA,"",999,"","19/01/2013 17:04",2,"SI",16,830," "," ",1,1,0,0,0,0,0,0,0,0,0,0,0,0,0,0,0,66,"ABRAAO DE MORAIS, AV PROF",NA,"",79,"SAUDE",1,0,"ABRAAO DE MORAIS, AV PROF 999 SAO PAULO SP",-23.6071862,-46.6273311
"962","D011301356",10785,"JOSE ARTUR NOVA, AV DR",NA,"",1580,"","19/01/2013 18:10",2,"CO",22,500," "," ",1,1,0,0,0,0,0,0,0,0,0,0,0,0,0,0,0,10785,"JOSE ARTUR NOVA, AV DR",NA,"",43,"JARDIM HELENA",1,0,"JOSE ARTUR NOVA, AV DR 1580 SAO PAULO SP",-23.4824282,-46.4315594
"963","D011300926",27,"ABDENAGE DA COSTA MOREIRA, RUA",NA,"",75,"","19/01/2013 18:40",4,"AT",90,655," "," ",1,0,0,0,0,0,0,0,0,0,0,0,0,0,0,0,0,27,"ABDENAGE DA COSTA MOREIRA, RUA",NA,"",94,"VILA MEDEIROS",1,0,"ABDENAGE DA COSTA MOREIRA, RUA 75 SAO PAULO SP",-23.4941246,-46.5760831
"964","D011300783",9420,"ITABERABA, AV",NA,"",865,"","19/01/2013 18:54",2,"CO",28,611," "," ",0,0,1,0,0,0,0,0,0,0,0,1,0,0,0,0,0,9420,"ITABERABA, AV",NA,"",29,"FREGUESIA DO O",1,0,"ITABERABA, AV 865 SAO PAULO SP",-23.4936685,-46.6970436
"965","D011301658",15032,"ORATORIO, AV DO",NA,"",5553,"","19/01/2013 20:15",2,"SI",70,637," "," ",0,2,0,0,0,0,0,0,0,0,0,0,0,0,0,0,0,15032,"ORATORIO, AV DO",NA,"",26,"CONSOLACAO",1,0,"ORATORIO, AV DO 5553 SAO PAULO SP",-23.6055179,-46.5224969
"966","D011301635",59174,"NOVA BRASILIA, RUA",NA,"",625,"","19/01/2013 20:55",2,"SI",69,642," "," ",1,1,0,0,0,0,0,0,0,0,0,0,0,0,0,0,0,59174,"NOVA BRASILIA, RUA",NA,"",56,"PARELHEIROS",1,0,"NOVA BRASILIA, RUA 625 SAO PAULO SP",-23.5973712,-46.5091811
"967","D011300927",39012,"POETA, AV DO",NA,"",895,"","19/01/2013 21:00",4,"AT",90,667," "," ",1,0,0,0,0,0,0,0,0,0,0,0,0,0,0,0,0,39012,"POETA, AV DO",NA,"",22,"CIDADE ADEMAR",1,0,"POETA, AV DO 895 SAO PAULO SP",-23.48575,-46.5653779
"969","D011300985",1762,"ANTONIO JUVENAL, RUA",8261,"WALDEMAR CARLOS PEREIRA, AV",0,"","19/01/2013 21:29",4,"AT",21,756," "," ",1,0,0,0,0,0,0,0,0,0,0,0,0,0,0,0,0,1762,"ANTONIO JUVENAL, RUA",8261,"WALDEMAR CARLOS PEREIRA, AV",93,"VILA MATILDE",1,0,"ANTONIO JUVENAL, RUA SAO PAULO SP &  WALDEMAR CARLOS PEREIRA, AV SAO PAULO SP",-23.5423683,-46.521448
"970","D011301585",99999,"METALURGICOS, AV DOS",NA,"",190,"","19/01/2013 21:34",2,"CO",54,951," "," ",1,1,0,0,0,0,0,0,0,0,0,0,0,0,0,0,0,99999,"METALURGICOS, AV DOS",NA,"",25,"CIDADE TIRADENT",2,0,"METALURGICOS, AV DOS 190 SAO PAULO SP",-23.5864183,-46.4092962
"971","D011300805",15426,"PARADA PINTO, AV",14242,"MOREIRA DE BARROS, RUA CONS",0,"","19/01/2013 21:50",4,"AT",38,550," "," ",1,0,0,0,0,0,0,0,0,0,0,0,0,0,0,0,0,14242,"MOREIRA DE BARROS, RUA CONS",15426,"PARADA PINTO, AV",51,"MANDAQUI",2,0,"PARADA PINTO, AV SAO PAULO SP &  MOREIRA DE BARROS, RUA CONS SAO PAULO SP",-23.4694786,-46.6646692
"972","D011301409",63465,"BANDEIRA DOS CATAGUAZES, AV",NA,"",19,"","19/01/2013 22:00",2,"QF",50,999," "," ",0,0,0,0,0,0,0,1,0,0,0,0,0,0,0,0,0,63465,"BANDEIRA DOS CATAGUAZES, AV",NA,"",54,"MOOCA",1,0,"BANDEIRA DOS CATAGUAZES, AV 19 SAO PAULO SP",-23.5066971,-46.3903397
"974","D011300402",14282,"MOURATO COELHO, RUA",NA,"",1174,"","19/01/2013 22:40",4,"AT",14,593," "," ",0,0,0,0,0,0,0,0,0,0,0,0,0,0,0,1,0,14282,"MOURATO COELHO, RUA",NA,"",45,"JARDIM SAO LUIS",1,0,"MOURATO COELHO, RUA 1174 SAO PAULO SP",-23.5578172,-46.6915662
"975","D011300804",9170,"INES, AV STA",NA,"",91,"","19/01/2013 22:41",4,"AT",38,547," "," ",0,0,0,0,0,0,0,0,0,0,0,0,0,0,0,1,0,9170,"INES, AV STA",NA,"",51,"MANDAQUI",1,0,"INES, AV STA 91 SAO PAULO SP",-23.4780848,-46.6325127
"976","D011301480",16029,"PEIXOTO WERNECK, RUA",NA,"",173,"","19/01/2013 22:43",2,"CO",65,673," "," ",1,1,0,0,0,0,0,0,0,0,0,0,0,0,0,0,0,16029,"PEIXOTO WERNECK, RUA",NA,"",38,"JACANA",1,0,"PEIXOTO WERNECK, RUA 173 SAO PAULO SP",-23.5409084,-46.4864815
"977","D011300635",7836,"GASTAO VIDIGAL, AV DR",NA,"",2345,"","19/01/2013 23:30",2,"CO",91,474," "," ",1,1,0,0,0,0,0,0,0,0,0,0,0,0,0,0,0,7836,"GASTAO VIDIGAL, AV DR",NA,"",90,"VILA LEOPOLDINA",1,0,"GASTAO VIDIGAL, AV DR 2345 SAO PAULO SP",-23.5366459,-46.7318946
"980","D011301341",8368,"GUARAPIRANGA, AV",NA,"",752,"","20/01/2013 00:35",2,"QM",102,719," "," ",0,1,0,0,0,0,0,0,0,0,0,0,0,0,0,0,0,8368,"GUARAPIRANGA, AV",NA,"",45,"JARDIM SAO LUIS",1,0,"GUARAPIRANGA, AV 752 SAO PAULO SP",-23.6663547,-46.7199235
"982","D011300074",2617,"AVANHANDAVA, RUA",NA,"",281,"","20/01/2013 00:59",4,"AT",4,502," "," ",0,0,0,0,0,0,0,0,0,0,0,1,0,0,0,0,0,2617,"AVANHANDAVA, RUA",NA,"",67,"REPUBLICA",1,0,"AVANHANDAVA, RUA 281 SAO PAULO SP",-23.5511593,-46.6469373
"983","D011301636",42020,"MANUEL DO PATROCINIO, RUA",NA,"",105,"","20/01/2013 01:00",4,"AT",69,644," "," ",0,1,0,0,0,0,0,0,0,0,0,0,0,0,0,0,0,42020,"MANUEL DO PATROCINIO, RUA",NA,"",26,"CONSOLACAO",1,0,"MANUEL DO PATROCINIO, RUA 105 SAO PAULO SP",-23.6030897,-46.4982679
"984","D011301681",16878,"RAPOSO TAVARES, VIA",NA,"",7000,"","20/01/2013 02:00",2,"CF",51,597," "," ",1,0,0,1,0,0,0,0,0,0,0,0,0,0,0,0,0,16878,"RAPOSO TAVARES, VIA",NA,"",13,"CACHOEIRINHA",3,2,"RAPOSO TAVARES, VIA 7000 SAO PAULO SP",-21.798402,-52.1194992
"985","D011300682",14916,"OLAVO EGIDIO, RUA DR",6856,"EZEQUIEL FREIRE, RUA",0,"","20/01/2013 02:20",2,"CO",9,900002," "," ",2,0,0,0,0,0,0,0,0,0,0,0,0,0,0,0,0,6856,"EZEQUIEL FREIRE, RUA",14916,"OLAVO EGIDIO, RUA DR",71,"SANTANA",1,0,"OLAVO EGIDIO, RUA DR SAO PAULO SP &  EZEQUIEL FREIRE, RUA SAO PAULO SP",-23.4999667,-46.6205539
"986","D011301564",60675,"AFONSO DE SAMPAIO E SOUSA, AV",NA,"",200,"","20/01/2013 02:45",2,"CH",53,432," "," ",1,0,0,0,0,0,0,0,0,0,0,0,0,0,0,0,0,60675,"AFONSO DE SAMPAIO E SOUSA, AV",NA,"",51,"MANDAQUI",2,0,"AFONSO DE SAMPAIO E SOUSA, AV 200 SAO PAULO SP",-23.5643376,-46.4671605
"987","D011300839",8320,"GUAPIRA, AV",NA,"",820,"","20/01/2013 03:00",2,"CH",39,674," "," ",0,1,0,0,0,0,0,0,0,0,0,0,0,0,0,0,0,8320,"GUAPIRA, AV",NA,"",38,"JACANA",2,0,"GUAPIRA, AV 820 SAO PAULO SP",-23.4770971,-46.5966135
"988","D011301109",19931,"WASHINGTON LUIS, AV",NA,"",1900,"","20/01/2013 03:10",2,"CH",11,718," "," ",1,0,0,0,0,0,0,0,0,0,0,1,0,0,0,0,0,19931,"WASHINGTON LUIS, AV",NA,"",30,"GRAJAU",1,0,"WASHINGTON LUIS, AV 1900 SAO PAULO SP",-23.6524981,-46.6878981
"990","D011301703",1657,"ANTONIO DE BARROS, RUA",8827,"HONORIO MAIA, RUA",0,"","20/01/2013 04:50",2,"CT",10,771," "," ",2,0,0,0,0,0,0,0,0,0,0,0,0,0,0,0,0,1657,"ANTONIO DE BARROS, RUA",8827,"HONORIO MAIA, RUA",82,"TATUAPE",0,1,"ANTONIO DE BARROS, RUA SAO PAULO SP &  HONORIO MAIA, RUA SAO PAULO SP",-23.5447741,-46.5559478
"991","D011300650",5309,"CORIFEU DE AZEVEDO MARQUES, AV",NA,"",4455,"","20/01/2013 05:30",2,"SI",93,480," "," ",1,0,0,0,0,0,0,0,0,0,0,0,0,0,0,0,0,5309,"CORIFEU DE AZEVEDO MARQUES, AV",NA,"",12,"BUTANTA",1,0,"CORIFEU DE AZEVEDO MARQUES, AV 4455 SAO PAULO SP",-23.5584793,-46.7480004
"992","D011301505",11542,"NORDESTINA, AV",73970,"PAULO OSORIO FLORES, RUA",0,"","20/01/2013 05:30",2,"CH",68,522," "," ",1,0,0,0,0,0,0,0,0,0,0,0,0,0,0,0,0,11542,"NORDESTINA, AV",73970,"PAULO OSORIO FLORES, RUA",47,"LAJEADO",4,0,"NORDESTINA, AV SAO PAULO SP &  PAULO OSORIO FLORES, RUA SAO PAULO SP",-23.5296164,-46.4159067
"993","D011300616",9710,"JOSE HOR. MEIRELLES TEIXEIRA, RUA PROF",73463,"JOSE DE JESUS, RUA",0,"","20/01/2013 05:40",2,"CO",89,603," "," ",2,0,0,0,0,0,0,0,0,0,0,0,0,0,0,0,0,9710,"JOSE HOR. MEIRELLES TEIXEIRA, RUA PROF",68504,"AMANDO FRANCO SOARES CAIUBY, RUA DR",96,"VILA SONIA",2,0,"JOSE HOR. MEIRELLES TEIXEIRA, RUA PROF SAO PAULO SP &  JOSE DE JESUS, RUA SAO PAULO SP",-23.5559971,-46.4105377
"994","D011301110",10270,"JOAO DIAS, AV",21251,"RUBENS GOMES BUENO, RUA DR",0,"","20/01/2013 05:49",2,"CO",11,723," "," ",1,0,0,0,0,0,0,0,0,0,0,1,0,0,0,0,0,10270,"JOAO DIAS, AV",21251,"RUBENS GOMES BUENO, RUA DR",72,"SANTO AMARO",1,0,"JOAO DIAS, AV SAO PAULO SP &  RUBENS GOMES BUENO, RUA DR SAO PAULO SP",-23.6448965,-46.7188468
"996","D011300214",66,"ABRAAO DE MORAIS, AV PROF",4843,"CHAGAS SANTOS, RUA GAL",0,"","20/01/2013 07:26",2,"CT",16,845," "," ",1,0,0,0,0,0,0,0,0,0,0,1,0,0,0,0,0,66,"ABRAAO DE MORAIS, AV PROF",4843,"CHAGAS SANTOS, RUA GAL",79,"SAUDE",2,0,"ABRAAO DE MORAIS, AV PROF SAO PAULO SP &  CHAGAS SANTOS, RUA GAL SAO PAULO SP",-23.6072122,-46.6270066
"997","D011301623",2181,"ARICANDUVA, AV",NA,"",5000,"","20/01/2013 07:30",2,"CO",66,439," "," ",1,1,0,0,0,0,0,0,0,0,0,0,0,0,0,0,0,2181,"ARICANDUVA, AV",NA,"",60,"PENHA",2,0,"ARICANDUVA, AV 5000 SAO PAULO SP",-23.5611299,-46.5112777
"998","D011301704",72670,"INACIO MONTEIRO, RUA",NA,"",5851,"","20/01/2013 07:43",2,"CH",53,438," "," ",1,0,0,0,0,0,0,0,0,0,0,0,0,0,0,0,0,72670,"INACIO MONTEIRO, RUA",NA,"",50,"LIMAO",4,1,"INACIO MONTEIRO, RUA 5851 SAO PAULO SP",-23.5730704,-46.3939293
"999","D011300807",13374,"MARIANA CALIGIORI RONCHETTI, AV",NA,"",316,"","20/01/2013 07:54",2,"SI",38,566," "," ",1,0,0,0,0,0,0,0,0,0,0,0,0,0,0,0,0,13374,"MARIANA CALIGIORI RONCHETTI, AV",NA,"",13,"CACHOEIRINHA",4,0,"MARIANA CALIGIORI RONCHETTI, AV 316 SAO PAULO SP",-23.4618921,-46.6536499
"1000","D011301317",25019,"OSCAR ANDRADE LEMOS, RUA DR",NA,"",653,"","20/01/2013 08:17",2,"CH",101,463," "," ",1,0,0,0,0,0,0,0,0,0,0,0,0,0,0,0,0,25019,"OSCAR ANDRADE LEMOS, RUA DR",NA,"",29,"FREGUESIA DO O",2,0,"OSCAR ANDRADE LEMOS, RUA DR 653 SAO PAULO SP",-23.7319073,-46.6928374
"1001","D011301151",6493,"RODRIGO SANCHES, AV DOM",NA,"",570,"","20/01/2013 08:27",2,"CH",47,793," "," ",0,1,0,0,0,0,0,0,0,0,0,0,0,0,0,0,0,6493,"RODRIGO SANCHES, AV DOM",NA,"",19,"CAPAO REDONDO",1,0,"RODRIGO SANCHES, AV DOM 570 SAO PAULO SP",-23.661298,-46.7849038
"1002","D011300781",34562,"JOAO PAULO I, AV",NA,"",1312,"","20/01/2013 08:50",2,"CO",72,572," "," ",1,1,0,0,0,0,0,0,0,0,0,0,0,0,0,0,0,34562,"JOAO PAULO I, AV",NA,"",4,"ARICANDUVA",1,0,"JOAO PAULO I, AV 1312 SAO PAULO SP",-23.4823038,-46.6868899
"1003","D011301450",46936,"JACU-PESSEGO/NOVA TRABALHADORE, AV",NA,"",1465,"","20/01/2013 08:51",2,"QM",63,326," "," ",0,1,0,0,0,0,0,0,0,0,0,0,0,0,0,0,0,46936,"JACU-PESSEGO/NOVA TRABALHADORE, AV",NA,"",46,"JOSE BONIFACIO",1,0,"JACU-PESSEGO/NOVA TRABALHADORE, AV 1465 SAO PAULO SP",-23.5201013,-46.455908
"1004","D011301086",19035,"TOLEDO BARBOSA, RUA",NA,"",122,"","20/01/2013 10:30",4,"AT",81,352," "," ",1,0,0,0,0,0,0,0,0,0,0,0,0,0,0,0,0,19035,"TOLEDO BARBOSA, RUA",NA,"",10,"BRAS",1,0,"TOLEDO BARBOSA, RUA 122 SAO PAULO SP",-23.5421421,-46.5896618
"1005","D011301484",99438,"SETE ESTRELAS, RUA",NA,"",333,"","20/01/2013 10:30",4,"AT",67,210," "," ",0,1,0,0,0,0,0,0,0,0,0,0,0,0,0,0,0,99438,"SETE ESTRELAS, RUA",NA,"",NA,"",1,0,"SETE ESTRELAS, RUA 333 SAO PAULO SP",-23.5120446,-46.4084573
"1007","D011301129",33015,"SADAMU INOUE, AV",NA,"",5095,"","20/01/2013 11:40",2,"CT",25,900611,"C"," ",1,1,0,0,0,0,0,0,0,0,0,0,0,0,0,0,0,33015,"SADAMU INOUE, AV",NA,"",76,"SAO MIGUEL",2,0,"SADAMU INOUE, AV 5095 SAO PAULO SP",-23.8137732,-46.7353343
"1008","D011300874",71000,"FIRMINOPOLIS, RUA",NA,"",1137,"","20/01/2013 11:50",2,"CO",72,573," "," ",0,1,1,0,0,0,0,0,0,0,0,0,0,0,0,0,0,71000,"FIRMINOPOLIS, RUA",NA,"",8,"BELEM",1,0,"FIRMINOPOLIS, RUA 1137 SAO PAULO SP",-23.4530123,-46.6887569
"1009","D011301438",15467,"PARANAGUA, AV",NA,"",1000,"","20/01/2013 12:15",2,"CO",62,694," "," ",1,0,1,0,0,0,0,0,0,0,0,0,0,0,0,0,0,15467,"PARANAGUA, AV",NA,"",49,"LIBERDADE",1,0,"PARANAGUA, AV 1000 SAO PAULO SP",-23.497679,-46.4778571
"1010","D011300545",36824,"GABRIEL LORI, RUA",NA,"",72,"","20/01/2013 13:20",4,"AT",46,617," "," ",1,0,0,0,0,0,0,0,0,0,0,0,0,0,0,0,0,36824,"GABRIEL LORI, RUA",NA,"",79,"SAUDE",1,0,"GABRIEL LORI, RUA 72 SAO PAULO SP",-23.4319448,-46.790761
"1011","D011301035",20122,"ALBERTO RAMOS, AV",NA,"",667,"","20/01/2013 13:30",2,"CH",42,398," "," ",1,0,0,0,0,0,0,0,0,0,0,0,0,0,0,0,0,20122,"ALBERTO RAMOS, AV",NA,"",0,"NULL",1,0,"ALBERTO RAMOS, AV 667 SAO PAULO SP",-23.5875147,-46.5594493
"1012","D011301111",222,"ADOLFO PINHEIRO, AV",18185,"GRAHAM BELL, RUA",0,"","20/01/2013 13:42",2,"CO",11,729," "," ",2,0,0,0,0,0,0,0,0,0,0,1,0,0,0,0,0,222,"ADOLFO PINHEIRO, AV",18185,"GRAHAM BELL, RUA",72,"SANTO AMARO",1,0,"ADOLFO PINHEIRO, AV SAO PAULO SP &  GRAHAM BELL, RUA SAO PAULO SP",-23.6416691,-46.6982672
"1013","D011300725",7827,"GASTAO MADEIRA, RUA",NA,"",100,"","20/01/2013 13:50",4,"AA",19,599," "," ",0,1,0,0,0,0,0,0,0,0,0,0,0,0,0,0,0,7827,"GASTAO MADEIRA, RUA",NA,"",91,"VILA MARIA",2,0,"GASTAO MADEIRA, RUA 100 SAO PAULO SP",-23.5053268,-46.5872537
"1014","D011301660",67304,"CAOPIA, RUA",NA,"",414,"","20/01/2013 14:15",2,"CO",70,662,"C"," ",1,0,0,0,0,0,0,1,0,0,0,0,0,0,0,0,0,67304,"CAOPIA, RUA",NA,"",26,"CONSOLACAO",1,0,"CAOPIA, RUA 414 SAO PAULO SP",-23.6019308,-46.5388395
"1015","D011301413",63839,"LAGOA GAROPABA, RUA",NA,"",245,"","20/01/2013 14:16",4,"AT",50,900012," "," ",0,1,0,0,0,0,0,0,0,0,0,0,0,0,0,0,0,63839,"LAGOA GAROPABA, RUA",NA,"",54,"MOOCA",1,0,"LAGOA GAROPABA, RUA 245 SAO PAULO SP",-23.5057227,-46.3897324
"1016","D011301309",15533,"PARQUE DO LAGO, RUA",NA,"",123,"","20/01/2013 14:40",2,"QV",100,816," "," ",1,0,0,0,0,0,0,0,0,0,0,0,0,0,0,0,0,15533,"PARQUE DO LAGO, RUA",NA,"",32,"IGUATEMI",1,0,"PARQUE DO LAGO, RUA 123 SAO PAULO SP",-23.7108027,-46.7786001
"1017","D011301601",17824,"SAPOPEMBA, AV",NA,"",17517,"","20/01/2013 14:41",2,"CH",55,965," "," ",1,0,0,0,0,0,0,0,0,0,0,0,0,0,0,0,0,17824,"SAPOPEMBA, AV",NA,"",33,"IPIRANGA",2,0,"SAPOPEMBA, AV 17517 SAO PAULO SP",-23.6209146,-46.4536886
"1018","D011300045",9276,"IPIRANGA, AV",NA,"",925,"","20/01/2013 14:50",2,"CO",3,372," "," ",0,1,0,0,1,0,0,0,0,0,0,0,0,0,0,0,0,9276,"IPIRANGA, AV",NA,"",67,"REPUBLICA",2,0,"IPIRANGA, AV 925 SAO PAULO SP",-23.54166,-46.6397186
"1020","D011301687",17824,"SAPOPEMBA, AV",NA,"",20020,"","20/01/2013 16:00",2,"CH",69,962," "," ",1,0,0,0,0,0,0,0,0,0,0,0,0,0,0,0,0,17824,"SAPOPEMBA, AV",NA,"",NA,"",4,1,"SAPOPEMBA, AV 20020 SAO PAULO SP",-23.6228321,-46.4438559
"1021","D011301405",13227,"SEBASTIAO LOPES GRANDIO, RUA",NA,"",14,"","20/01/2013 16:00",4,"AT",50,843," "," ",0,1,0,0,0,0,0,0,0,0,0,0,0,0,0,0,0,13227,"SEBASTIAO LOPES GRANDIO, RUA",NA,"",54,"MOOCA",1,0,"SEBASTIAO LOPES GRANDIO, RUA 14 SAO PAULO SP",-23.5121638,-46.3827616
"1022","D011301680",7665,"FURTADO NASCIMENTO, RUA GAL",15081,"OROBO, RUA",0,"","20/01/2013 16:10",2,"CH",14,610," "," ",1,0,0,0,0,0,0,0,0,0,0,0,0,0,0,0,0,7665,"FURTADO NASCIMENTO, RUA GAL",15081,"OROBO, RUA",2,"ALTO DE PINHEIR",0,1,"FURTADO NASCIMENTO, RUA GAL SAO PAULO SP &  OROBO, RUA SAO PAULO SP",-23.5559334,-46.7140691
"1023","D011300031",14528,"NEWTON PRADO, RUA",12560,"MAMORE, RUA",0,"","20/01/2013 16:40",2,"QM",2,376," "," ",0,1,0,0,0,0,0,0,0,0,0,0,0,0,0,0,0,12560,"MAMORE, RUA",14528,"NEWTON PRADO, RUA",9,"BOM RETIRO",1,0,"NEWTON PRADO, RUA SAO PAULO SP &  MAMORE, RUA SAO PAULO SP",-23.5242808,-46.6402046
"1024","D011300840",9512,"ITAMONTE, RUA",NA,"",1622,"","20/01/2013 17:02",4,"AT",39,703," "," ",0,1,0,0,0,0,0,0,0,0,0,0,0,0,0,0,0,9512,"ITAMONTE, RUA",NA,"",94,"VILA MEDEIROS",1,0,"ITAMONTE, RUA 1622 SAO PAULO SP",-23.485993,-46.5727997
"1029","D011300533",28036,"MIGUEL RIBAS, RUA",NA,"",576,"","20/01/2013 18:00",2,"CO",46,344," "," ",1,1,0,0,0,0,0,0,0,0,0,0,0,0,0,0,0,28036,"MIGUEL RIBAS, RUA",NA,"",52,"MARSILAC",1,0,"MIGUEL RIBAS, RUA 576 SAO PAULO SP",-23.4451558,-46.7501923
"1032","D011301439",16490,"PONTE RASA, RUA",17926,"SEBASTIAO DA SILVA BUENO, RUA",0,"","20/01/2013 19:10",2,"CO",62,710," "," ",1,1,0,0,0,0,0,0,0,0,0,0,0,0,0,0,0,16490,"PONTE RASA, RUA",17926,"SEBASTIAO DA SILVA BUENO, RUA",65,"PONTE RASA",1,0,"PONTE RASA, RUA SAO PAULO SP &  SEBASTIAO DA SILVA BUENO, RUA SAO PAULO SP",-23.5130784,-46.4842264
"1033","D011300912",27613,"DANIEL CERRI, RUA",NA,"",1001,"","20/01/2013 20:09",2,"CO",74,581," "," ",1,1,0,0,0,0,0,0,0,0,0,0,0,0,0,0,0,27613,"DANIEL CERRI, RUA",NA,"",40,"JAGUARE",2,0,"DANIEL CERRI, RUA 1001 SAO PAULO SP",-23.4457542,-46.6945819