"","id_acidente","codloga","logradouroA","codlogb","logradouroB","alt_num","referencia","data","cod_acid","tipo_acidente","dp","numero_BO","sentido","pista","automovel","moto","onibus","caminhao","bicicleta","moto_taxi","onibus_fretado","onibus_urbano","microonibus","van","vuc","caminhonete","carreta","jipe","outros","sem_informacao","carroca","princ_a","paiA","princ_b","paiB","cod_distrito","distrito","vit_ferida","vit_morta","local","lat","lon"
"1121","D011301334",8368,"GUARAPIRANGA, AV",NA,"",1320,"","22/01/2013 07:00",2,"CO",102,226," "," ",1,1,0,0,0,0,0,0,0,0,0,0,0,0,0,0,0,8368,"GUARAPIRANGA, AV",NA,"",45,"JARDIM SAO LUIS",2,0,"GUARAPIRANGA, AV 1320 SAO PAULO SP",-23.6809339,-46.7349604
"1122","D011301654",24338,"LUIZ IGNACIO ANHAIA MELLO, AV PROF",NA,"",7361,"","22/01/2013 07:15",2,"CO",70,476," "," ",1,1,0,0,0,0,0,0,0,0,0,0,0,0,0,0,0,24338,"LUIZ IGNACIO ANHAIA MELLO, AV PROF",NA,"",26,"CONSOLACAO",2,0,"LUIZ IGNACIO ANHAIA MELLO, AV PROF 7361 SAO PAULO SP",-23.5990062,-46.5304466
"1123","D011300751",19884,"VOLUNTARIOS DA PATRIA, RUA",NA,"",4760,"","22/01/2013 07:20",2,"CO",20,654,"B"," ",1,1,0,0,0,0,0,0,0,0,0,0,0,0,0,0,0,19884,"VOLUNTARIOS DA PATRIA, RUA",NA,"",8,"BELEM",1,0,"VOLUNTARIOS DA PATRIA, RUA 4760 SAO PAULO SP",-23.4801074,-46.6323639
"1124","D011301653",24338,"LUIZ IGNACIO ANHAIA MELLO, AV PROF",NA,"",10000,"","22/01/2013 07:25",2,"CT",70,470," "," ",1,1,0,0,0,0,0,0,0,0,0,0,0,0,0,0,0,24338,"LUIZ IGNACIO ANHAIA MELLO, AV PROF",NA,"",26,"CONSOLACAO",1,0,"LUIZ IGNACIO ANHAIA MELLO, AV PROF 10000 SAO PAULO SP",-23.6048812,-46.5104141
"1125","D011301521",75421,"JOSE HIGINO NEVES, AV",NA,"",650,"","22/01/2013 07:28",2,"CL",44,219," "," ",1,1,0,0,0,0,0,0,0,0,0,0,0,0,0,0,0,75421,"JOSE HIGINO NEVES, AV",NA,"",50,"LIMAO",1,0,"JOSE HIGINO NEVES, AV 650 SAO PAULO SP",-23.5641126,-46.4049448
"1126","D011300651",34348,"MARGINAL ESQUERD RIO PINHEIROS, AV",NA,"",4500,"","22/01/2013 07:45",2,"CL",93,482," "," ",1,2,0,0,0,0,0,0,0,0,0,0,0,0,0,0,0,13014,"MARGINAL DO RIO PINHEIROS, AV",NA,"",40,"JAGUARE",1,0,"MARGINAL ESQUERD RIO PINHEIROS, AV 4500 SAO PAULO SP",-23.5249819,-46.4344845
"1127","D011301004",9572,"ITAPURA, RUA",34122,"MELO FREIRE, RUA",0,"","22/01/2013 07:50",2,"CO",30,414," "," ",1,1,0,0,0,0,0,0,0,0,0,0,0,0,0,0,0,9572,"ITAPURA, RUA",34122,"MELO FREIRE, RUA",82,"TATUAPE",1,0,"ITAPURA, RUA SAO PAULO SP &  MELO FREIRE, RUA SAO PAULO SP",-23.5454198,-46.5662715
"1128","D011300032",19147,"TRES RIOS, RUA",NA,"",218,"","22/01/2013 08:00",4,"AT",2,397," "," ",0,1,0,0,0,0,0,0,0,0,0,0,0,0,0,0,0,19147,"TRES RIOS, RUA",NA,"",11,"BRASILANDIA",1,0,"TRES RIOS, RUA 218 SAO PAULO SP",-23.5293711,-46.6362771
"1130","D011300673",14916,"OLAVO EGIDIO, RUA DR",11257,"JOVITA, RUA",0,"","22/01/2013 09:11",2,"CO",9,511," "," ",0,2,0,0,0,0,0,0,0,0,0,0,0,0,0,0,0,11257,"JOVITA, RUA",14916,"OLAVO EGIDIO, RUA DR",71,"SANTANA",3,0,"OLAVO EGIDIO, RUA DR SAO PAULO SP &  JOVITA, RUA SAO PAULO SP",-23.4999667,-46.6205539
"1131","D011300076",2497,"AUGUSTA, RUA",NA,"",843,"","22/01/2013 09:12",2,"CO",4,551,"C"," ",0,0,0,0,0,0,0,1,0,0,0,1,0,0,0,0,0,2497,"AUGUSTA, RUA",NA,"",26,"CONSOLACAO",1,0,"AUGUSTA, RUA 843 SAO PAULO SP",-23.552791,-46.6538535
"1132","D011300438",8615,"HEITOR PENTEADO, RUA",NA,"",833,"","22/01/2013 10:05",4,"AT",23,350," "," ",1,0,0,0,0,0,0,0,0,0,0,0,0,0,0,0,0,8615,"HEITOR PENTEADO, RUA",NA,"",61,"PERDIZES",1,0,"HEITOR PENTEADO, RUA 833 SAO PAULO SP",-23.550022,-46.6797072
"1134","D011301132",17458,"JOSE EID MALUF, RUA",NA,"",346,"","22/01/2013 10:38",2,"CH",43,96," "," ",0,1,0,0,0,0,0,0,0,0,0,0,0,0,0,0,0,17458,"JOSE EID MALUF, RUA",NA,"",29,"FREGUESIA DO O",2,0,"JOSE EID MALUF, RUA 346 SAO PAULO SP",-23.6737285,-46.655926
"1135","D011300428",6808,"EUROPA, AV",NA,"",158,"","22/01/2013 10:56",4,"AT",15,339," "," ",0,1,0,0,0,0,0,0,0,0,0,0,0,0,0,0,0,6808,"EUROPA, AV",NA,"",63,"PINHEIROS",1,0,"EUROPA, AV 158 SAO PAULO SP",-23.5731037,-46.675993
"1136","D011300561",473,"ALBERTO BONFIGLIOLI, AV COMEN",NA,"",648,"","22/01/2013 11:00",2,"CH",51,520," "," ",1,1,0,0,0,0,0,0,0,0,0,0,0,0,0,0,0,473,"ALBERTO BONFIGLIOLI, AV COMEN",NA,"",12,"BUTANTA",1,0,"ALBERTO BONFIGLIOLI, AV COMEN 648 SAO PAULO SP",-23.5186813,-46.6999583
"1137","D011301418",67021,"RIO MANUEL ALVES, RUA",NA,"",57,"","22/01/2013 11:15",4,"AT",59,324," "," ",0,0,0,1,0,0,0,0,0,0,0,0,0,0,0,0,0,67021,"RIO MANUEL ALVES, RUA",NA,"",0,"NULL",1,0,"RIO MANUEL ALVES, RUA 57 SAO PAULO SP",-23.4848401,-46.3947949
"1139","D011301432",24146,"JOSE LUIZ DE BRITO, RUA",NA,"",139,"","22/01/2013 11:30",4,"AT",62,332," "," ",0,0,0,1,0,0,0,0,0,0,0,0,0,0,0,0,0,24146,"JOSE LUIZ DE BRITO, RUA",NA,"",28,"ERMELINO MATARA",1,0,"JOSE LUIZ DE BRITO, RUA 139 SAO PAULO SP",-23.4844266,-46.4914781
"1140","D011300309",12651,"MANUEL DA NOBREGA, RUA",NA,"",2061,"","22/01/2013 12:30",2,"CO",36,325," "," ",1,1,0,0,0,0,0,0,0,0,0,0,0,0,0,0,0,12651,"MANUEL DA NOBREGA, RUA",NA,"",53,"MOEMA",1,0,"MANUEL DA NOBREGA, RUA 2061 SAO PAULO SP",-23.5811084,-46.6630289
"1141","D011300078",5245,"CONSOLACAO, RUA DA",NA,"",2259,"","22/01/2013 12:50",4,"AT",4,557,"C"," ",0,1,0,0,0,0,0,0,0,0,0,0,0,0,0,0,0,5245,"CONSOLACAO, RUA DA",NA,"",26,"CONSOLACAO",1,0,"CONSOLACAO, RUA DA 2259 SAO PAULO SP",-23.5545185,-46.6613645
"1142","D011300797",14242,"MOREIRA DE BARROS, RUA CONS",44645,"DIREITOS HUMANOS, AV",0,"","22/01/2013 13:20",2,"CO",38,304," "," ",1,1,0,0,0,0,0,0,0,0,0,0,0,0,0,0,0,14242,"MOREIRA DE BARROS, RUA CONS",44645,"DIREITOS HUMANOS, AV",51,"MANDAQUI",2,0,"MOREIRA DE BARROS, RUA CONS SAO PAULO SP &  DIREITOS HUMANOS, AV SAO PAULO SP",-23.4788703,-46.6508619
"1143","D011301114",10270,"JOAO DIAS, AV",NA,"",1900,"","22/01/2013 13:30",2,"CO",11,838," "," ",1,1,0,0,0,0,0,0,0,0,0,0,0,0,0,0,0,10270,"JOAO DIAS, AV",NA,"",72,"SANTO AMARO",1,0,"JOAO DIAS, AV 1900 SAO PAULO SP",-23.6447932,-46.7187551
"1145","D011300494",34682,"CAMPO LIMPO, ES DO",NA,"",5530,"","22/01/2013 13:55",4,"AT",37,101," "," ",0,1,0,0,0,0,0,0,0,0,0,0,0,0,0,0,0,34682,"CAMPO LIMPO, ES DO",NA,"",17,"CAMPO LIMPO",1,0,"CAMPO LIMPO, ES DO 5530 SAO PAULO SP",-23.2019463,-46.785846
"1146","D011300130",3653,"BRESSER, RUA",NA,"",1222,"","22/01/2013 14:00",4,"AT",8,569," "," ",0,0,0,0,0,0,0,0,0,0,0,0,0,0,0,1,0,3653,"BRESSER, RUA",NA,"",10,"BRAS",1,0,"BRESSER, RUA 1222 SAO PAULO SP",-23.5409362,-46.6075834
"1147","D011300079",19721,"VILABOIM, PCA",NA,"",36,"","22/01/2013 14:00",4,"AT",4,565," "," ",1,0,0,0,0,0,0,0,0,0,0,0,0,0,0,0,0,19721,"VILABOIM, PCA",NA,"",7,"BELA VISTA",2,0,"VILABOIM, PCA 36 SAO PAULO SP",-23.5443166,-46.6608965
"1148","D011300477",17822,"SAPETUBA, RUA",13625,"MARTINS, RUA",0,"","22/01/2013 14:30",2,"CL",34,446," "," ",1,1,0,0,0,0,0,0,0,0,0,0,0,0,0,0,0,13625,"MARTINS, RUA",17822,"SAPETUBA, RUA",12,"BUTANTA",1,0,"SAPETUBA, RUA SAO PAULO SP &  MARTINS, RUA SAO PAULO SP",-23.5733923,-46.7111489
"1149","D011300777",3771,"INAJAR DE SOUZA, AV",NA,"",3600,"","22/01/2013 14:40",4,"AT",28,348," "," ",1,0,0,0,0,0,0,0,0,0,0,0,0,0,0,0,0,3771,"INAJAR DE SOUZA, AV",NA,"",50,"LIMAO",1,0,"INAJAR DE SOUZA, AV 3600 SAO PAULO SP",-23.4787408,-46.6730739
"1150","D011301230",8368,"GUARAPIRANGA, AV",NA,"",1389,"","22/01/2013 14:50",2,"CO",92,478," "," ",1,1,0,0,0,0,0,1,0,0,0,0,0,0,0,0,0,8368,"GUARAPIRANGA, AV",NA,"",45,"JARDIM SAO LUIS",1,0,"GUARAPIRANGA, AV 1389 SAO PAULO SP",-23.6813459,-46.7351392
"1151","D011301013",17918,"SEBASTIAO BARBOSA, RUA",NA,"",133,"","22/01/2013 15:00",2,"CO",30,836," "," ",2,0,0,0,0,0,0,0,0,0,0,0,0,0,0,0,0,17918,"SEBASTIAO BARBOSA, RUA",NA,"",27,"CURSINO",1,0,"SEBASTIAO BARBOSA, RUA 133 SAO PAULO SP",-23.5533687,-46.5741704
"1152","D011300974",2181,"ARICANDUVA, AV",2808,"BAQUIA, RUA",0,"","22/01/2013 15:01",2,"CO",21,146,"B"," ",1,1,0,0,0,0,0,0,0,0,0,0,0,0,0,0,0,2181,"ARICANDUVA, AV",2808,"BAQUIA, RUA",NA,"",1,0,"ARICANDUVA, AV SAO PAULO SP &  BAQUIA, RUA SAO PAULO SP",-23.5479783,-46.5260893
"1153","D011300855",73663,"NELSON FRANCISCO, RUA",NA,"",159,"","22/01/2013 15:13",2,"CO",40,501," "," ",1,1,0,0,0,0,0,0,0,0,0,0,0,0,0,0,0,73663,"NELSON FRANCISCO, RUA",NA,"",44,"JARDIM PAULISTA",1,0,"NELSON FRANCISCO, RUA 159 SAO PAULO SP",-23.5048389,-46.6799599
"1154","D011300404",10518,"JOAQUIM ANTUNES, RUA",NA,"",944,"","22/01/2013 15:30",2,"CO",14,676," "," ",0,1,0,0,0,0,0,0,0,0,0,1,0,0,0,0,0,10518,"JOAQUIM ANTUNES, RUA",NA,"",63,"PINHEIROS",1,0,"JOAQUIM ANTUNES, RUA 944 SAO PAULO SP",-23.5607061,-46.6839906
"1155","D011300310",10773,"JOSE ANTONIO COELHO, RUA",NA,"",575,"","22/01/2013 15:34",2,"CF",36,338," "," ",1,0,0,0,0,0,0,0,0,0,0,1,0,0,0,0,0,10773,"JOSE ANTONIO COELHO, RUA",NA,"",92,"VILA MARIANA",1,0,"JOSE ANTONIO COELHO, RUA 575 SAO PAULO SP",-23.5808656,-46.6460774
"1156","D011300478",7500,"FRANCISCO MORATO, AV PROF",NA,"",333,"","22/01/2013 15:40",2,"CT",34,451,"C"," ",1,1,0,0,0,0,0,0,0,0,0,0,0,0,0,0,0,7500,"FRANCISCO MORATO, AV PROF",NA,"",12,"BUTANTA",1,0,"FRANCISCO MORATO, AV PROF 333 SAO PAULO SP",-23.5746952,-46.7066741
"1159","D011300858",15751,"PAULO GARCIA AQUILINE, RUA",1887,"ANTONIO TRAJANO, RUA",0,"","22/01/2013 16:10",2,"CO",45,185," "," ",1,1,0,0,0,0,0,0,0,0,0,0,0,0,0,0,0,1887,"ANTONIO TRAJANO, RUA",15751,"PAULO GARCIA AQUILINE, RUA",11,"BRASILANDIA",1,0,"PAULO GARCIA AQUILINE, RUA SAO PAULO SP &  ANTONIO TRAJANO, RUA SAO PAULO SP",-23.4696774,-46.6863837
"1160","D011300080",16044,"PENAFORTE MENDES, RUA DR",NA,"",130,"","22/01/2013 16:20",4,"AT",4,567," "," ",1,0,0,0,0,0,0,0,0,0,0,0,0,0,0,0,0,16044,"PENAFORTE MENDES, RUA DR",NA,"",34,"ITAIM BIBI",1,0,"PENAFORTE MENDES, RUA DR 130 SAO PAULO SP",-23.5548669,-46.6515726
"1161","D011300113",6642,"ESTADO, AV DO",18847,"TERESA CRISTINA, AV",0,"","22/01/2013 17:00",2,"SI",6,405," "," ",1,2,0,0,0,0,0,0,0,0,0,0,0,0,0,0,0,6642,"ESTADO, AV DO",18847,"TERESA CRISTINA, AV",33,"IPIRANGA",1,0,"ESTADO, AV DO SAO PAULO SP &  TERESA CRISTINA, AV SAO PAULO SP",-23.5635869,-46.6112253
"1162","D011301619",22268,"OSVALDO VALLE CORDEIRO, AV",NA,"",1260,"","22/01/2013 17:20",2,"CO",66,382," "," ",0,1,0,1,0,0,0,0,0,0,0,0,0,0,0,0,0,22268,"OSVALDO VALLE CORDEIRO, AV",NA,"",38,"JACANA",1,0,"OSVALDO VALLE CORDEIRO, AV 1260 SAO PAULO SP",-23.5604255,-46.4847994
"1166","D011301284",9220,"INTERLAGOS, AV",NA,"",2699,"","22/01/2013 18:19",4,"AT",99,319,"C"," ",1,0,0,0,0,0,0,0,0,0,0,0,0,0,0,0,0,9220,"INTERLAGOS, AV",NA,"",16,"CAMPO GRANDE",1,0,"INTERLAGOS, AV 2699 SAO PAULO SP",-23.6768281,-46.6801717
"1169","D011300244",18297,"SIMAO LOPES, RUA",NA,"",482,"","22/01/2013 19:38",2,"CT",26,628,"C"," ",1,1,0,0,0,0,0,0,0,0,0,0,0,0,0,0,0,18297,"SIMAO LOPES, RUA",NA,"",21,"CASA VERDE",1,0,"SIMAO LOPES, RUA 482 SAO PAULO SP",-23.6316544,-46.6091896
"1170","D011301519",71886,"ADOLFO BEZERRA DE MENEZES, RUA",NA,"",22,"","22/01/2013 20:00",4,"AT",41,748," "," ",1,0,0,0,0,0,0,0,0,0,0,0,0,0,0,0,0,71886,"ADOLFO BEZERRA DE MENEZES, RUA",NA,"",26,"CONSOLACAO",2,0,"ADOLFO BEZERRA DE MENEZES, RUA 22 SAO PAULO SP",-23.5913612,-46.5195847
"1171","D011300875",3771,"INAJAR DE SOUZA, AV",NA,"",6200,"","22/01/2013 20:00",2,"CO",72,636," "," ",1,0,0,0,1,0,0,0,0,0,0,0,0,0,0,0,0,3771,"INAJAR DE SOUZA, AV",NA,"",50,"LIMAO",1,0,"INAJAR DE SOUZA, AV 6200 SAO PAULO SP",-23.4538195,-46.6742887
"1172","D011301377",13881,"MIGUEL, AV S",NA,"",1685,"","22/01/2013 20:30",2,"CO",24,785," "," ",0,0,1,0,1,0,0,0,0,0,0,0,0,0,0,0,0,13881,"MIGUEL, AV S",NA,"",65,"PONTE RASA",1,0,"MIGUEL, AV S 1685 SAO PAULO SP",-23.5122991,-46.5145104
"1175","D011301453",34616,"AFONSO LOPES DE BAIAO, AV",NA,"",72,"","22/01/2013 22:00",4,"AT",63,601," "," ",0,0,0,0,0,0,0,0,0,0,0,0,0,0,0,1,0,34616,"AFONSO LOPES DE BAIAO, AV",NA,"",53,"MOEMA",1,0,"AFONSO LOPES DE BAIAO, AV 72 SAO PAULO SP",-23.4985771,-46.451166
"1176","D011300014",10376,"JOAO MENDES, PCA DR",NA,"",140,"","22/01/2013 22:21",4,"AT",1,580," "," ",0,0,0,0,0,0,0,1,0,0,0,0,0,0,0,0,0,10376,"JOAO MENDES, PCA DR",NA,"",80,"SE",2,0,"JOAO MENDES, PCA DR 140 SAO PAULO SP",-23.551818,-46.634906
"1177","D011301586",34500,"IGUATEMI, AV",NA,"",6612,"","22/01/2013 22:21",2,"CF",54,1102," "," ",2,0,0,0,0,0,0,0,0,0,0,0,0,0,0,0,0,34500,"IGUATEMI, AV",NA,"",50,"LIMAO",2,0,"IGUATEMI, AV 6612 SAO PAULO SP",-23.6123343,-46.4041106
"1180","D011300913",73206,"PALACIO GUANABARA, RUA",NA,"",385,"","22/01/2013 22:58",2,"QM",74,647," "," ",0,1,0,0,0,0,0,0,0,0,0,0,0,0,0,0,0,73206,"PALACIO GUANABARA, RUA",NA,"",40,"JAGUARE",1,0,"PALACIO GUANABARA, RUA 385 SAO PAULO SP",-23.4293787,-46.7144229
"1181","D011300810",9078,"IMIRIM, AV",NA,"",2651,"","22/01/2013 23:15",2,"CL",38,646," "," ",1,1,0,0,0,0,0,0,0,0,0,0,0,0,0,0,0,9078,"IMIRIM, AV",NA,"",71,"SANTANA",1,0,"IMIRIM, AV 2651 SAO PAULO SP",-23.4839334,-46.6536761
"1182","D011300876",27489,"JERONIMO DE ANDRADE, AV",NA,"",20,"","22/01/2013 23:26",2,"QM",72,644," "," ",0,1,0,0,0,0,0,0,0,0,0,0,0,0,0,0,0,27489,"JERONIMO DE ANDRADE, AV",NA,"",48,"LAPA",1,0,"JERONIMO DE ANDRADE, AV 20 SAO PAULO SP",-23.4681992,-46.6692778
"1183","D011300299",2235,"ARMANDO DE ARRUDA PEREIRA, AV ENG",NA,"",1606,"","22/01/2013 23:53",2,"CO",35,981," "," ",1,1,0,0,0,0,0,0,0,0,0,0,0,0,0,0,0,2235,"ARMANDO DE ARRUDA PEREIRA, AV ENG",NA,"",37,"JABAQUARA",2,0,"ARMANDO DE ARRUDA PEREIRA, AV ENG 1606 SAO PAULO SP",-23.6417592,-46.6415024
"1184","D011300301",36500,"ALIOMAR BALEEIRO, VD MIN",NA,"",500,"","22/01/2013 23:55",2,"CO",35,983," "," ",1,1,0,0,0,0,0,0,0,0,0,0,0,0,0,0,0,36098,"AFFONSO D'ESCRAGNOLLE TAUNAY, AV",NA,"",42,"JARDIM ANGELA",1,0,"ALIOMAR BALEEIRO, VD MIN 500 SAO PAULO SP",-23.6290419,-46.629414
"1185","D011300407",11620,"LAURA VICUNA, RUA",NA,"",109,"","23/01/2013 00:00",2,"CH",14,717," "," ",0,0,0,0,0,0,0,0,0,0,0,1,0,0,0,0,0,11620,"LAURA VICUNA, RUA",NA,"",14,"CAMBUCI",1,0,"LAURA VICUNA, RUA 109 SAO PAULO SP",-23.537946,-46.7094239
"1186","D011301202",66029,"JOAO CABANAS, RUA CEL",NA,"",852,"","23/01/2013 00:00",2,"QM",85,542," "," ",0,1,0,0,0,0,0,0,0,0,0,0,0,0,0,0,0,66029,"JOAO CABANAS, RUA CEL",NA,"",32,"IGUATEMI",1,0,"JOAO CABANAS, RUA CEL 852 SAO PAULO SP",-23.7640528,-46.691182
"1188","D011301246",13357,"MARIA COELHO AGUIAR, AV",NA,"",270,"","23/01/2013 02:00",2,"QM",92,887," "," ",0,1,0,0,0,0,0,0,0,0,0,0,0,0,0,0,0,13357,"MARIA COELHO AGUIAR, AV",NA,"",45,"JARDIM SAO LUIS",1,0,"MARIA COELHO AGUIAR, AV 270 SAO PAULO SP",-23.6486627,-46.7320894
"1190","D011301058",24338,"LUIZ IGNACIO ANHAIA MELLO, AV PROF",22127,"GRANDE SAO PAULO, VD",0,"","23/01/2013 04:30",2,"CH",56,462," "," ",0,1,0,0,0,0,0,0,0,0,0,0,0,0,0,0,0,22127,"GRANDE SAO PAULO, VD",24338,"LUIZ IGNACIO ANHAIA MELLO, AV PROF",95,"VILA PRUDENTE",1,0,"LUIZ IGNACIO ANHAIA MELLO, AV PROF SAO PAULO SP &  GRANDE SAO PAULO, VD SAO PAULO SP",-23.5827842,-46.565808
"1191","D011300674",2455,"ATALIBA LEONEL, AV GAL",27191,"MIMOSO DO SUL, RUA",0,"","23/01/2013 05:00",2,"TB",9,540," "," ",0,0,0,1,0,0,0,0,0,0,0,0,0,0,0,0,0,2455,"ATALIBA LEONEL, AV GAL",27191,"MIMOSO DO SUL, RUA",NA,"",1,0,"ATALIBA LEONEL, AV GAL SAO PAULO SP &  MIMOSO DO SUL, RUA SAO PAULO SP",-23.4953219,-46.6109674
"1193","D011301353",14975,"OLIVEIRA FREIRE, AV",NA,"",746,"","23/01/2013 06:46",2,"CO",22,408," "," ",0,2,0,0,0,0,0,0,0,0,0,0,0,0,0,0,0,14975,"OLIVEIRA FREIRE, AV",NA,"",53,"MOEMA",1,0,"OLIVEIRA FREIRE, AV 746 SAO PAULO SP",-23.4846929,-46.4283517
"1194","D011300939",4393,"CARLOS MEIRA, RUA",3145,"BENEDITO DE CAMARGO, RUA PDE",0,"","23/01/2013 06:55",2,"CL",10,153," "," ",1,0,0,0,0,0,0,1,0,0,0,0,0,0,0,0,0,3145,"BENEDITO DE CAMARGO, RUA PDE",4393,"CARLOS MEIRA, RUA",60,"PENHA",1,0,"CARLOS MEIRA, RUA SAO PAULO SP &  BENEDITO DE CAMARGO, RUA PDE SAO PAULO SP",-23.5190126,-46.5498395
"1195","D011301620",63243,"FIGUEIRA DA INDIA, RUA",NA,"",248,"","23/01/2013 07:05",4,"AT",66,388,"C"," ",0,0,0,0,0,0,0,0,1,0,0,0,0,0,0,0,0,63243,"FIGUEIRA DA INDIA, RUA",NA,"",38,"JACANA",1,0,"FIGUEIRA DA INDIA, RUA 248 SAO PAULO SP",-23.5541753,-46.5021578
"1196","D011300752",19884,"VOLUNTARIOS DA PATRIA, RUA",NA,"",3900,"","23/01/2013 07:25",4,"AT",20,689,"B"," ",0,1,0,0,0,0,0,0,0,0,0,0,0,0,0,0,0,19884,"VOLUNTARIOS DA PATRIA, RUA",NA,"",8,"BELEM",1,0,"VOLUNTARIOS DA PATRIA, RUA 3900 SAO PAULO SP",-23.4861381,-46.6277865
"1197","D011301135",5606,"CUPECE, AV",NA,"",2036,"","23/01/2013 07:52",4,"AT",43,308," "," ",0,0,0,0,0,0,0,1,0,0,0,0,0,0,0,0,0,5606,"CUPECE, AV",NA,"",22,"CIDADE ADEMAR",1,0,"CUPECE, AV 2036 SAO PAULO SP",-23.6610201,-46.6640873
"1198","D011301170",15507,"TEOTONIO VILELA, AV SEN",NA,"",1891,"","23/01/2013 07:54",2,"CO",48,307," "," ",1,1,0,0,0,0,0,0,0,0,0,0,0,0,0,0,0,15507,"TEOTONIO VILELA, AV SEN",NA,"",23,"CIDADE DUTRA",1,0,"TEOTONIO VILELA, AV SEN 1891 SAO PAULO SP",-23.7179251,-46.6992304
"1199","D011300081",5245,"CONSOLACAO, RUA DA",NA,"",574,"","23/01/2013 08:07",2,"CT",4,580," "," ",1,1,0,0,0,0,0,0,0,0,0,0,0,0,0,0,0,5245,"CONSOLACAO, RUA DA",NA,"",26,"CONSOLACAO",1,0,"CONSOLACAO, RUA DA 574 SAO PAULO SP",-23.5473342,-46.6470693
"1201","D011301419",24924,"UBAPITANGA, RUA",62101,"SAMOA OCIDENTAL, RUA",0,"","23/01/2013 10:00",2,"CO",59,334," "," ",1,1,0,0,0,0,0,0,0,0,0,0,0,0,0,0,0,24924,"UBAPITANGA, RUA",62101,"SAMOA OCIDENTAL, RUA",43,"JARDIM HELENA",1,0,"UBAPITANGA, RUA SAO PAULO SP &  SAMOA OCIDENTAL, RUA SAO PAULO SP",-23.4821189,-46.412917
"1202","D011300832",8538,"GUSTAVO ADOLFO, AV",9512,"ITAMONTE, RUA",0,"","23/01/2013 10:00",2,"CO",39,380," "," ",1,1,0,0,0,0,0,0,0,0,0,0,0,0,0,0,0,8538,"GUSTAVO ADOLFO, AV",9512,"ITAMONTE, RUA",94,"VILA MEDEIROS",2,0,"GUSTAVO ADOLFO, AV SAO PAULO SP &  ITAMONTE, RUA SAO PAULO SP",-23.4894901,-46.5783227
"1203","D011301006",27094,"SALIM FARAH MALUF, AV",NA,"",17830,"","23/01/2013 10:46",2,"CT",30,454," "," ",1,1,0,0,0,0,0,0,0,0,0,0,0,0,0,0,0,27094,"SALIM FARAH MALUF, AV",NA,"",82,"TATUAPE",1,0,"SALIM FARAH MALUF, AV 17830 SAO PAULO SP",-23.5555392,-46.5773751
"1204","D011300363",5072,"CLELIA, RUA",NA,"",250,"","23/01/2013 11:05",2,"CT",7,531," "," ",4,0,0,0,0,0,0,0,0,0,0,0,0,0,0,0,0,5072,"CLELIA, RUA",NA,"",48,"LAPA",1,0,"CLELIA, RUA 250 SAO PAULO SP",-23.5249618,-46.6848359
"1205","D011300887",4118,"BASILIO ALVES MORANGO, RUA",NA,"",238,"","23/01/2013 11:05",2,"CO",73,381," "," ",0,1,0,0,0,0,0,0,0,0,0,1,0,0,0,0,0,4118,"BASILIO ALVES MORANGO, RUA",NA,"",94,"VILA MEDEIROS",1,0,"BASILIO ALVES MORANGO, RUA 238 SAO PAULO SP",-23.4836974,-46.5767092
"1206","D011300753",18151,"SEZEFREDO FAGUNDES, AV CEL",17990,"SENA, RUA",0,"","23/01/2013 11:30",2,"CL",20,698,"B"," ",0,1,0,0,0,0,0,0,0,0,0,1,0,0,0,0,0,17990,"SENA, RUA",18151,"SEZEFREDO FAGUNDES, AV CEL",NA,"",1,0,"SEZEFREDO FAGUNDES, AV CEL SAO PAULO SP &  SENA, RUA SAO PAULO SP",-23.4550902,-46.6022715
"1207","D011300179",534,"ALBUQUERQUE LINS, RUA DR",NA,"",555,"","23/01/2013 11:54",4,"AT",77,373," "," ",0,1,0,0,0,0,0,0,0,0,0,0,0,0,0,0,0,534,"ALBUQUERQUE LINS, RUA DR",NA,"",70,"SANTA CECILIA",1,0,"ALBUQUERQUE LINS, RUA DR 555 SAO PAULO SP",-23.5350888,-46.6560682
"1208","D011300364",4781,"CERRO CORA, RUA",NA,"",551,"","23/01/2013 12:00",2,"SI",7,536," "," ",1,1,0,0,0,0,0,0,0,0,0,0,0,0,0,0,0,4781,"CERRO CORA, RUA",NA,"",48,"LAPA",1,0,"CERRO CORA, RUA 551 SAO PAULO SP",-23.5406676,-46.7025552
"1209","D011300406",2149,"ARCOVERDE, RUA CARD",NA,"",208,"","23/01/2013 12:15",2,"CO",14,707," "," ",1,1,0,0,0,0,0,0,0,0,0,0,0,0,0,0,0,2149,"ARCOVERDE, RUA CARD",NA,"",44,"JARDIM PAULISTA",1,0,"ARCOVERDE, RUA CARD 208 SAO PAULO SP",-23.5539179,-46.6755427
"1211","D011300015",15635,"PAULINA, VD DONA",NA,"",100,"","23/01/2013 13:10",2,"CO",1,605," "," ",1,0,0,0,0,0,0,1,0,0,0,0,0,0,0,0,0,15635,"PAULINA, VD DONA",NA,"",80,"SE",1,0,"PAULINA, VD DONA 100 SAO PAULO SP",-23.5520568,-46.6361186
"1212","D011301285",6810,"EUSEBIO STEVAUX, AV ENG",NA,"",823,"","23/01/2013 13:20",2,"CL",99,337," "," ",1,1,0,0,0,0,0,0,0,0,0,0,0,0,0,0,0,6810,"EUSEBIO STEVAUX, AV ENG",NA,"",16,"CAMPO GRANDE",1,0,"EUSEBIO STEVAUX, AV ENG 823 SAO PAULO SP",-23.6699416,-46.7012235