"","id_acidente","codloga","logradouroA","codlogb","logradouroB","alt_num","referencia","data","cod_acid","tipo_acidente","dp","numero_BO","sentido","pista","automovel","moto","onibus","caminhao","bicicleta","moto_taxi","onibus_fretado","onibus_urbano","microonibus","van","vuc","caminhonete","carreta","jipe","outros","sem_informacao","carroca","princ_a","paiA","princ_b","paiB","cod_distrito","distrito","vit_ferida","vit_morta","local","lat","lon"
"1301","D011300968",15304,"PAES DE BARROS, AV",NA,"",134,"","24/01/2013 23:10",2,"CH",18,506," "," ",1,0,0,0,0,0,0,0,0,0,0,0,0,0,0,0,0,15304,"PAES DE BARROS, AV",NA,"",16,"CAMPO GRANDE",1,0,"PAES DE BARROS, AV 134 SAO PAULO SP",-23.5566825,-46.6003881
"1302","D011300324",62965,"MEMORIAL DE AIRES, RUA",NA,"",302,"","24/01/2013 23:50",4,"AT",83,683," "," ",0,0,0,0,0,0,0,0,0,0,0,0,0,0,0,1,0,62965,"MEMORIAL DE AIRES, RUA",NA,"",69,"SACOMA",1,0,"MEMORIAL DE AIRES, RUA 302 SAO PAULO SP",-23.6521801,-46.611031
"1303","D011300597",28906,"MANOEL BARBOSA, RUA",NA,"",200,"","25/01/2013 00:05",2,"SI",87,773," "," ",1,0,0,0,0,0,0,0,0,0,0,1,0,0,0,0,0,28906,"MANOEL BARBOSA, RUA",NA,"",4,"ARICANDUVA",3,0,"MANOEL BARBOSA, RUA 200 SAO PAULO SP",-23.4885174,-46.712451
"1304","D011300638",20600,"ERNESTO IGEL, AV",NA,"",48,"","25/01/2013 00:35",2,"CO",91,625," "," ",1,1,0,0,0,0,0,0,0,0,0,0,0,0,0,0,0,20600,"ERNESTO IGEL, AV",NA,"",14,"CAMBUCI",1,0,"ERNESTO IGEL, AV 48 SAO PAULO SP",-23.5169552,-46.7268604
"1305","D011301394",9806,"PIRES DO RIO, AV",NA,"",2841,"","25/01/2013 01:10",2,"CO",32,614," "," ",0,0,0,0,0,0,0,0,0,0,0,0,0,0,0,2,0,9806,"PIRES DO RIO, AV",NA,"",76,"SAO MIGUEL",1,0,"PIRES DO RIO, AV 2841 SAO PAULO SP",-23.5192316,-46.4439276
"1306","D011301735",7742,"CATLEIAS, RUA",NA,"",100,"","25/01/2013 01:30",4,"AT",53,703," "," ",1,0,0,0,0,0,0,0,0,0,0,0,0,0,0,0,0,7742,"CATLEIAS, RUA",NA,"",NA,"",0,1,"CATLEIAS, RUA 100 SAO PAULO SP",-23.4917009,-46.4537703
"1308","D011301378",10982,"JOSE GARCIA TERRA, RUA",NA,"",170,"","25/01/2013 01:39",2,"CO",24,862," "," ",1,1,0,0,0,0,0,0,0,0,0,0,0,0,0,0,0,10982,"JOSE GARCIA TERRA, RUA",NA,"",65,"PONTE RASA",1,0,"JOSE GARCIA TERRA, RUA 170 SAO PAULO SP",-23.5160637,-46.49737
"1309","D011300915",70128,"LITORAL PARANAENSE, RUA",16838,"RAIMUNDO PEREIRA DE MAGAL., AV",0,"","25/01/2013 02:30",2,"CO",74,706," "," ",1,1,0,0,0,0,0,0,0,0,0,0,0,0,0,0,0,5350,"CORREDOR, ES DO",16838,"RAIMUNDO PEREIRA DE MAGAL., AV",41,"JARAGUA",2,0,"LITORAL PARANAENSE, RUA SAO PAULO SP &  RAIMUNDO PEREIRA DE MAGAL., AV SAO PAULO SP",-23.4470623,-46.7222848
"1310","D011300941",954,"AMADOR BUENO DA VEIGA, AV",NA,"",2155,"","25/01/2013 03:00",2,"CH",10,281," "," ",1,0,0,0,0,0,0,0,0,0,0,0,0,0,0,0,0,954,"AMADOR BUENO DA VEIGA, AV",NA,"",60,"PENHA",1,0,"AMADOR BUENO DA VEIGA, AV 2155 SAO PAULO SP",-23.5225036,-46.5250118
"1311","D011300830",2455,"ATALIBA LEONEL, AV GAL",NA,"",3714,"","25/01/2013 03:00",2,"CH",39,347," "," ",1,0,0,0,0,0,0,0,0,0,0,0,0,0,0,0,0,2455,"ATALIBA LEONEL, AV GAL",NA,"",88,"VILA GUILHERME",1,0,"ATALIBA LEONEL, AV GAL 3714 SAO PAULO SP",-23.4852335,-46.6039615
"1312","D011300562",13019,"ESCOLA POLITECNICA, AV",NA,"",2157,"","25/01/2013 03:05",2,"CH",51,605," "," ",1,0,0,0,0,0,0,0,0,0,0,0,0,0,0,0,0,13019,"ESCOLA POLITECNICA, AV",NA,"",40,"JAGUARE",1,0,"ESCOLA POLITECNICA, AV 2157 SAO PAULO SP",-23.5690808,-46.7580635
"1313","D011300481",7500,"FRANCISCO MORATO, AV PROF",NA,"",939,"","25/01/2013 03:28",2,"CO",34,504," "," ",1,1,0,0,0,0,0,0,0,0,0,0,0,0,0,0,0,7500,"FRANCISCO MORATO, AV PROF",NA,"",12,"BUTANTA",2,0,"FRANCISCO MORATO, AV PROF 939 SAO PAULO SP",-23.5792975,-46.7099027
"1314","D011300852",6450,"EMILIO CARLOS, AV DEP",NA,"",1012,"","25/01/2013 04:00",2,"CH",40,344," "," ",1,0,0,0,0,0,0,0,0,0,0,0,0,0,0,0,0,6450,"EMILIO CARLOS, AV DEP",NA,"",50,"LIMAO",2,0,"EMILIO CARLOS, AV DEP 1012 SAO PAULO SP",-23.4966987,-46.6762526
"1316","D011300482",855,"ALVARENGA, RUA",NA,"",624,"","25/01/2013 04:30",2,"CH",34,507," "," ",1,0,0,0,0,0,0,0,0,0,0,0,0,0,0,0,0,855,"ALVARENGA, RUA",NA,"",55,"MORUMBI",6,0,"ALVARENGA, RUA 624 SAO PAULO SP",-23.5762918,-46.7102306
"1317","D011301433",16490,"PONTE RASA, RUA",NA,"",100,"","25/01/2013 04:30",2,"CH",62,365," "," ",1,0,0,0,0,0,0,0,0,0,0,0,0,0,0,0,0,16490,"PONTE RASA, RUA",NA,"",0,"NULL",4,0,"PONTE RASA, RUA 100 SAO PAULO SP",-23.5108794,-46.4903626
"1318","D011300181",1356,"ANGELICA, AV",NA,"",160,"","25/01/2013 05:00",4,"AT",77,395," "," ",0,0,0,0,0,0,0,0,0,0,0,0,0,0,0,1,0,1356,"ANGELICA, AV",NA,"",70,"SANTA CECILIA",1,0,"ANGELICA, AV 160 SAO PAULO SP",-23.534279,-46.6536762
"1320","D011301133",12107,"JOSE NABANTINO RAMOS, RUA",NA,"",96,"","25/01/2013 06:35",2,"CH",43,107," "," ",1,0,0,0,0,0,0,0,0,0,0,0,0,0,0,0,0,12107,"JOSE NABANTINO RAMOS, RUA",NA,"",29,"FREGUESIA DO O",1,0,"JOSE NABANTINO RAMOS, RUA 96 SAO PAULO SP",-23.6556905,-46.6761664
"1323","D011301198",15507,"TEOTONIO VILELA, AV SEN",NA,"",6710,"","25/01/2013 07:11",2,"CH",85,481,"B"," ",1,0,0,0,0,0,0,0,0,0,0,0,0,0,0,0,0,15507,"TEOTONIO VILELA, AV SEN",NA,"",23,"CIDADE DUTRA",3,0,"TEOTONIO VILELA, AV SEN 6710 SAO PAULO SP",-23.7592829,-46.7153533
"1324","D011300285",66,"ABRAAO DE MORAIS, AV PROF",NA,"",2500,"","25/01/2013 07:30",2,"SI",35,256," "," ",0,1,0,0,0,0,0,0,0,0,0,0,0,0,0,0,0,66,"ABRAAO DE MORAIS, AV PROF",NA,"",79,"SAUDE",1,0,"ABRAAO DE MORAIS, AV PROF 2500 SAO PAULO SP",-23.6071308,-46.6273064
"1325","D011300523",46890,"ALEXIOS JAFET (ESTR.CAMPINAS), AV",NA,"",385,"","25/01/2013 08:15",2,"SI",46,169," "," ",0,1,0,0,0,0,0,0,0,0,0,1,0,0,0,0,0,46890,"ALEXIOS JAFET (ESTR.CAMPINAS), AV",NA,"",41,"JARAGUA",1,0,"ALEXIOS JAFET (ESTR.CAMPINAS), AV 385 SAO PAULO SP",-23.565266,-46.6525706
"1326","D011300240",43154,"TANCREDO NEVES, AV PRES",NA,"",1200,"","25/01/2013 08:37",2,"CO",26,260," "," ",1,1,0,0,0,0,0,0,0,0,0,0,0,0,0,0,0,43154,"TANCREDO NEVES, AV PRES",NA,"",18,"CANGAIBA",1,0,"TANCREDO NEVES, AV PRES 1200 SAO PAULO SP",-23.6126994,-46.6079325
"1328","D011301524",72670,"INACIO MONTEIRO, RUA",NA,"",420,"","25/01/2013 08:58",2,"CF",44,260," "," ",2,0,0,0,0,0,0,0,0,0,0,0,0,0,0,0,0,72670,"INACIO MONTEIRO, RUA",NA,"",50,"LIMAO",1,0,"INACIO MONTEIRO, RUA 420 SAO PAULO SP",-23.5642452,-46.4113272
"1329","D011301541",46304,"TRISTEZA DO JECA, TV",NA,"",307,"","25/01/2013 11:52",2,"QM",49,1210," "," ",0,1,0,0,0,0,0,0,0,0,0,0,0,0,0,0,0,46304,"TRISTEZA DO JECA, TV",NA,"",32,"IGUATEMI",1,0,"TRISTEZA DO JECA, TV 307 SAO PAULO SP",-23.6101873,-46.4417345
"1330","D011300778",27358,"FUAD LUTFALLA, AV",NA,"",420,"","25/01/2013 12:27",2,"QM",28,356," "," ",0,1,0,0,0,0,0,0,0,0,0,0,0,0,0,0,0,27358,"FUAD LUTFALLA, AV",NA,"",4,"ARICANDUVA",1,0,"FUAD LUTFALLA, AV 420 SAO PAULO SP",-23.4860538,-46.7104932
"1331","D011301354",21594,"KUMAKI AOKI, AV",NA,"",364,"","25/01/2013 12:50",4,"AT",22,454," "," ",0,1,0,0,0,0,0,0,0,0,0,0,0,0,0,0,0,21594,"KUMAKI AOKI, AV",NA,"",53,"MOEMA",2,0,"KUMAKI AOKI, AV 364 SAO PAULO SP",-23.4803696,-46.4260398
"1332","D011301379",9083,"IMPATA, RUA",14393,"NAME, RUA",0,"","25/01/2013 13:00",2,"CO",24,878,"B"," ",1,1,0,0,0,0,0,0,0,0,0,0,0,0,0,0,0,9083,"IMPATA, RUA",14393,"NAME, RUA",60,"PENHA",1,0,"IMPATA, RUA SAO PAULO SP &  NAME, RUA SAO PAULO SP",-23.5249542,-46.5013914
"1333","D011300295",3585,"JOAO BARRETO DE MENEZES, AV",8816,"GUSTAVO DA SILVEIRA, RUA",0,"","25/01/2013 13:45",2,"CO",35,823," "," ",1,1,0,0,0,0,0,0,0,0,0,0,0,0,0,0,0,3585,"JOAO BARRETO DE MENEZES, AV",8816,"GUSTAVO DA SILVEIRA, RUA",37,"JABAQUARA",1,0,"JOAO BARRETO DE MENEZES, AV SAO PAULO SP &  GUSTAVO DA SILVEIRA, RUA SAO PAULO SP",-23.6490127,-46.6603059
"1334","D011300619",8000,"GIOVANNI GRONCHI, AV",535,"MANOEL ANTONIO PINTO, RUA",0,"","25/01/2013 14:00",2,"CT",89,665," "," ",1,2,0,0,0,0,0,0,0,0,0,0,0,0,0,0,0,8000,"GIOVANNI GRONCHI, AV",30384,"AFONSO DE OLIVEIRA SANTOS, RUA",55,"MORUMBI",2,0,"GIOVANNI GRONCHI, AV SAO PAULO SP &  MANOEL ANTONIO PINTO, RUA SAO PAULO SP",-23.6004501,-46.710515
"1336","D011300799",9170,"INES, AV STA",NA,"",680,"","25/01/2013 14:33",2,"QM",38,354," "," ",0,1,0,0,0,0,0,0,0,0,0,0,0,0,0,0,0,9170,"INES, AV STA",NA,"",51,"MANDAQUI",2,0,"INES, AV STA 680 SAO PAULO SP",-23.4736788,-46.6301453
"1337","D011301659",21357,"BOURHAN HELOU, RUA PROF",NA,"",309,"","25/01/2013 15:00",4,"AT",70,646," "," ",1,0,0,0,0,0,0,0,0,0,0,0,0,0,0,0,0,21357,"BOURHAN HELOU, RUA PROF",NA,"",56,"PARELHEIROS",1,0,"BOURHAN HELOU, RUA PROF 309 SAO PAULO SP",-23.5965394,-46.5343267
"1338","D011301597",17824,"SAPOPEMBA, AV",NA,"",14111,"","25/01/2013 15:04",2,"CL",55,448," "," ",1,0,1,0,0,0,0,0,0,0,0,0,0,0,0,0,0,17824,"SAPOPEMBA, AV",NA,"",33,"IPIRANGA",1,0,"SAPOPEMBA, AV 14111 SAO PAULO SP",-23.6131928,-46.4720918
"1339","D011300600",8000,"GIOVANNI GRONCHI, AV",1536,"JOSE MARIOTO FERREIRA, RUA MAJ",0,"","25/01/2013 15:41",2,"CO",89,119," "," ",1,1,0,0,0,0,0,0,0,0,0,0,0,0,0,0,0,1536,"JOSE MARIOTO FERREIRA, RUA MAJ",8000,"GIOVANNI GRONCHI, AV",96,"VILA SONIA",1,0,"GIOVANNI GRONCHI, AV SAO PAULO SP &  JOSE MARIOTO FERREIRA, RUA MAJ SAO PAULO SP",-23.6004501,-46.710515
"1340","D011301177",15507,"TEOTONIO VILELA, AV SEN",NA,"",1217,"","25/01/2013 16:30",4,"AT",48,610," "," ",0,1,0,0,0,0,0,0,0,0,0,0,0,0,0,0,0,15507,"TEOTONIO VILELA, AV SEN",NA,"",23,"CIDADE DUTRA",1,0,"TEOTONIO VILELA, AV SEN 1217 SAO PAULO SP",-23.7121723,-46.6986751
"1341","D011300456",1427,"ANHANGUERA, RUA",NA,"",11000,"","25/01/2013 16:30",2,"CT",33,792," "," ",2,0,0,0,0,0,0,0,0,0,0,0,0,0,0,0,0,1427,"ANHANGUERA, RUA",NA,"",70,"SANTA CECILIA",1,0,"ANHANGUERA, RUA 11000 SAO PAULO SP",-23.4306325,-46.7870708
"1343","D011300512",99949,"CARLOS CALDEIRA FILHO, AV",NA,"",3901,"","25/01/2013 17:05",2,"CT",37,670," "," ",1,1,0,0,0,0,0,0,0,0,0,0,0,0,0,0,0,99949,"CARLOS CALDEIRA FILHO, AV",NA,"",19,"CAPAO REDONDO",1,0,"CARLOS CALDEIRA FILHO, AV 3901 SAO PAULO SP",-23.6571261,-46.7662833
"1344","D011300620",8000,"GIOVANNI GRONCHI, AV",NA,"",3757,"","25/01/2013 17:50",4,"AT",89,673," "," ",0,1,0,0,0,0,0,0,0,0,0,0,0,0,0,0,0,8000,"GIOVANNI GRONCHI, AV",NA,"",55,"MORUMBI",2,0,"GIOVANNI GRONCHI, AV 3757 SAO PAULO SP",-23.6133263,-46.7302942
"1345","D011301490",99438,"SETE ESTRELAS, RUA",NA,"",442,"","25/01/2013 17:55",2,"SI",67,1058," "," ",1,1,0,0,0,0,0,0,0,0,0,0,0,0,0,0,0,99438,"SETE ESTRELAS, RUA",NA,"",NA,"",1,0,"SETE ESTRELAS, RUA 442 SAO PAULO SP",-23.5123008,-46.4073089
"1346","D011301037",15032,"ORATORIO, AV DO",NA,"",3195,"","25/01/2013 18:00",2,"CO",42,565," "," ",1,0,0,0,0,0,0,0,0,0,0,0,0,0,0,1,0,15032,"ORATORIO, AV DO",NA,"",26,"CONSOLACAO",1,0,"ORATORIO, AV DO 3195 SAO PAULO SP",-23.5974224,-46.5410949
"1347","D011300351",32522,"FRANCISCO DE PAULA Q. RIBEIRO, AV",NA,"",400,"","25/01/2013 18:00",2,"CO",97,696," "," ",1,1,0,0,0,0,0,0,0,0,0,0,0,0,0,0,0,32522,"FRANCISCO DE PAULA Q. RIBEIRO, AV",NA,"",42,"JARDIM ANGELA",1,0,"FRANCISCO DE PAULA Q. RIBEIRO, AV 400 SAO PAULO SP",-23.6499521,-46.6430968
"1349","D011300219",8636,"HELEN KELLER, RUA",NA,"",160,"","25/01/2013 18:12",4,"AT",16,1107," "," ",0,0,0,0,0,0,0,1,0,0,0,0,0,0,0,0,0,8636,"HELEN KELLER, RUA",NA,"",92,"VILA MARIANA",1,0,"HELEN KELLER, RUA 160 SAO PAULO SP",-23.5995377,-46.625007
"1353","D011300785",3771,"INAJAR DE SOUZA, AV",NA,"",2000,"","25/01/2013 21:10",4,"AT",28,845," "," ",1,0,0,0,0,0,0,0,0,0,0,0,0,0,0,0,0,3771,"INAJAR DE SOUZA, AV",NA,"",50,"LIMAO",1,0,"INAJAR DE SOUZA, AV 2000 SAO PAULO SP",-23.4883925,-46.6833461
"1354","D011300245",1323,"ANDRE NUNES, PCA",NA,"",122,"","25/01/2013 21:25",2,"CO",26,699," "," ",1,1,0,0,0,0,0,0,0,0,0,0,0,0,0,0,0,1323,"ANDRE NUNES, PCA",NA,"",69,"SACOMA",1,0,"ANDRE NUNES, PCA 122 SAO PAULO SP",-23.6311711,-46.6043942
"1356","D011300133",4543,"CASSANDOCA, AV",NA,"",102,"","25/01/2013 22:20",2,"SI",8,649," "," ",2,0,0,0,0,0,0,0,0,0,0,0,0,0,0,0,0,4543,"CASSANDOCA, AV",NA,"",54,"MOOCA",2,0,"CASSANDOCA, AV 102 SAO PAULO SP",-23.5503329,-46.595407
"1357","D011301542",9044,"RAGUEB CHOHFI, AV",NA,"",4905,"","25/01/2013 22:50",2,"CO",49,1225," "," ",2,0,0,0,0,0,0,0,0,0,0,0,0,0,0,0,0,9044,"RAGUEB CHOHFI, AV",NA,"",32,"IGUATEMI",1,0,"RAGUEB CHOHFI, AV 4905 SAO PAULO SP",-23.5952693,-46.4385513
"1358","D011300679",14270,"MORVAN DIAS DE FIGUEIREDO, AV",12457,"MACHADOS, RUA DOS",0,"","25/01/2013 23:00",2,"CO",9,772," "," ",2,0,0,0,0,0,0,0,0,0,0,0,0,0,0,0,0,12457,"MACHADOS, RUA DOS",14270,"MORVAN DIAS DE FIGUEIREDO, AV",NA,"",3,0,"MORVAN DIAS DE FIGUEIREDO, AV SAO PAULO SP &  MACHADOS, RUA DOS SAO PAULO SP",-23.5218788,-46.6058375
"1359","D011301411",16652,"ANTONIO JOAO DE MEDEIROS, RUA",64691,"ILHA DO ARVOREDO, RUA",0,"","25/01/2013 23:00",2,"CH",50,4069," "," ",1,0,0,0,0,0,0,0,0,0,0,0,0,0,0,0,0,16652,"ANTONIO JOAO DE MEDEIROS, RUA",64691,"ILHA DO ARVOREDO, RUA",35,"ITAIM PAULISTA",1,0,"ANTONIO JOAO DE MEDEIROS, RUA SAO PAULO SP &  ILHA DO ARVOREDO, RUA SAO PAULO SP",-23.5162795,-46.3927311
"1360","D011300786",6361,"ELISIO TEIXEIRA LEITE, AV",NA,"",606,"","25/01/2013 23:24",2,"CH",28,846," "," ",1,0,0,0,0,0,0,0,0,0,0,0,0,0,0,0,0,6361,"ELISIO TEIXEIRA LEITE, AV",NA,"",29,"FREGUESIA DO O",1,0,"ELISIO TEIXEIRA LEITE, AV 606 SAO PAULO SP",-23.4875926,-46.6977613
"1361","D011300271",19100,"BANDEIRANTES, AV DOS",NA,"",2100,"","25/01/2013 23:40",2,"CO",27,892," "," ",1,0,0,0,0,0,0,0,0,0,0,1,0,0,0,0,0,19100,"BANDEIRANTES, AV DOS",NA,"",24,"CIDADE LIDER",1,0,"BANDEIRANTES, AV DOS 2100 SAO PAULO SP",-23.6091339,-46.6764469
"1362","D011301180",15507,"TEOTONIO VILELA, AV SEN",NA,"",1122,"","25/01/2013 23:50",4,"AT",48,1183," "," ",0,0,1,0,0,0,0,0,0,0,0,0,0,0,0,0,0,15507,"TEOTONIO VILELA, AV SEN",NA,"",23,"CIDADE DUTRA",1,0,"TEOTONIO VILELA, AV SEN 1122 SAO PAULO SP",-23.7114042,-46.699282
"1363","D011301036",16826,"RAIMUNDO, RUA S",NA,"",261,"","25/01/2013 23:54",2,"CL",42,525," "," ",1,1,0,0,0,0,0,0,0,0,0,0,0,0,0,0,0,16826,"RAIMUNDO, RUA S",NA,"",26,"CONSOLACAO",1,0,"RAIMUNDO, RUA S 261 SAO PAULO SP",-23.6064771,-46.5662231
"1364","D011300680",5567,"CRUZEIRO DO SUL, AV",5741,"DARZAN, RUA",0,"","26/01/2013 00:30",2,"CO",9,776," "," ",1,1,0,0,0,0,0,0,0,0,0,0,0,0,0,0,0,5567,"CRUZEIRO DO SUL, AV",5741,"DARZAN, RUA",71,"SANTANA",1,0,"CRUZEIRO DO SUL, AV SAO PAULO SP &  DARZAN, RUA SAO PAULO SP",-23.5073033,-46.6250321
"1365","D011300496",34682,"CAMPO LIMPO, ES DO",NA,"",3450,"","26/01/2013 00:53",2,"CO",37,123," "," ",0,1,0,0,0,0,0,1,0,0,0,0,0,0,0,0,0,34682,"CAMPO LIMPO, ES DO",NA,"",17,"CAMPO LIMPO",1,0,"CAMPO LIMPO, ES DO 3450 SAO PAULO SP",-23.2019463,-46.785846
"1366","D011300870",11143,"JOSE PEDRO D'ORO, RUA",3771,"INAJAR DE SOUZA, AV",0,"","26/01/2013 02:00",2,"CH",72,371," "," ",1,0,0,0,0,0,0,0,0,0,0,0,0,0,0,0,0,3771,"INAJAR DE SOUZA, AV",11143,"JOSE PEDRO D'ORO, RUA",13,"CACHOEIRINHA",1,0,"JOSE PEDRO D'ORO, RUA SAO PAULO SP &  INAJAR DE SOUZA, AV SAO PAULO SP",-23.466535,-46.6700447
"1368","D011300709",21876,"CAMPO DE BAGATELLE, PCA",NA,"",235,"","26/01/2013 04:25",2,"CO",13,848," "," ",1,0,0,0,0,0,0,1,0,0,0,0,0,0,0,0,0,21876,"CAMPO DE BAGATELLE, PCA",NA,"",8,"BELEM",1,0,"CAMPO DE BAGATELLE, PCA 235 SAO PAULO SP",-23.5138282,-46.6303606
"1369","D011301156",44957,"CARVALHO DO MAR, TR",NA,"",483,"","26/01/2013 05:00",4,"AT",47,1044," "," ",0,0,0,0,0,0,0,0,0,0,0,0,0,0,0,1,0,44957,"CARVALHO DO MAR, TR",NA,"",19,"CAPAO REDONDO",1,0,"CARVALHO DO MAR, TR 483 SAO PAULO SP",-23.5493469,-46.4155706
"1373","D011301287",32038,"ANTONIO FURLAN JUNIOR, RUA",NA,"",100,"","26/01/2013 06:50",2,"QM",99,363," "," ",0,1,0,0,0,0,0,0,0,0,0,0,0,0,0,0,0,32038,"ANTONIO FURLAN JUNIOR, RUA",NA,"",29,"FREGUESIA DO O",2,0,"ANTONIO FURLAN JUNIOR, RUA 100 SAO PAULO SP",-23.6664274,-46.6859525
"1374","D011301622",2181,"ARICANDUVA, AV",NA,"",600,"","26/01/2013 07:26",2,"CO",66,434," "," ",1,1,0,0,0,0,0,0,0,0,0,0,0,0,0,0,0,2181,"ARICANDUVA, AV",NA,"",60,"PENHA",1,0,"ARICANDUVA, AV 600 SAO PAULO SP",-23.5400814,-46.5425247
"1375","D011301682",7061,"FERNAO DIAS, VIA",NA,"",77800,"","26/01/2013 07:50",2,"CT",73,372," "," ",1,0,0,1,0,0,0,0,0,0,0,0,0,0,0,0,0,7061,"FERNAO DIAS, VIA",NA,"",38,"JACANA",0,1,"FERNAO DIAS, VIA 77800 SAO PAULO SP",-23.4609146,-46.5715728
"1376","D011300018",16725,"QUEIROS, AV SEN",NA,"",268,"","26/01/2013 08:00",4,"AT",1,676," "," ",1,0,0,0,0,0,0,0,0,0,0,0,0,0,0,0,0,16725,"QUEIROS, AV SEN",NA,"",9,"BOM RETIRO",1,0,"QUEIROS, AV SEN 268 SAO PAULO SP",-23.5393887,-46.6335948
"1377","D011300311",18770,"TEIXEIRA DA SILVA, RUA",17791,"SANTOS, AL",0,"","26/01/2013 08:22",2,"CO",36,397," "," ",2,0,0,0,0,0,0,0,0,0,0,0,0,0,0,0,0,17791,"SANTOS, AL",18770,"TEIXEIRA DA SILVA, RUA",NA,"",1,0,"TEIXEIRA DA SILVA, RUA SAO PAULO SP &  SANTOS, AL SAO PAULO SP",-23.5718889,-46.6485568
"1378","D011300134",9855,"JAIBARAS, RUA",8484,"GUILHERME ELLIS, RUA DR",0,"","26/01/2013 08:30",2,"CO",8,656," "," ",0,1,1,0,0,0,0,0,0,0,0,0,0,0,0,0,0,8484,"GUILHERME ELLIS, RUA DR",9855,"JAIBARAS, RUA",54,"MOOCA",1,0,"JAIBARAS, RUA SAO PAULO SP &  GUILHERME ELLIS, RUA DR SAO PAULO SP",-23.547431,-46.597403
"1379","D011300187",15656,"PAULISTA, AV",16028,"PEIXOTO GOMIDE, RUA",0,"","26/01/2013 09:00",2,"CO",78,130," "," ",1,1,0,0,0,0,0,0,0,0,0,0,0,0,0,0,0,15656,"PAULISTA, AV",16028,"PEIXOTO GOMIDE, RUA",7,"BELA VISTA",1,0,"PAULISTA, AV SAO PAULO SP &  PEIXOTO GOMIDE, RUA SAO PAULO SP",-23.5625897,-46.6549244
"1381","D011300182",10101,"JOAO, AV S",NA,"",2030,"","26/01/2013 09:40",4,"AT",77,408," "," ",1,0,0,0,0,0,0,0,0,0,0,0,0,0,0,0,0,10101,"JOAO, AV S",NA,"",67,"REPUBLICA",1,0,"JOAO, AV S 2030 SAO PAULO SP",-23.535796,-46.6517854
"1382","D011300162",11525,"LADARIO, RUA BR DE",NA,"",100,"","26/01/2013 11:30",2,"CL",12,477," "," ",1,0,0,0,1,0,0,0,0,0,0,0,0,0,0,0,0,11525,"LADARIO, RUA BR DE",NA,"",10,"BRAS",1,0,"LADARIO, RUA BR DE 100 SAO PAULO SP",-23.5410823,-46.6179475
"1384","D011300739",9407,"ISMAEL NERI, RUA",NA,"",772,"","26/01/2013 12:00",2,"QM",20,378," "," ",0,1,0,0,0,0,0,0,0,0,0,0,0,0,0,0,0,9407,"ISMAEL NERI, RUA",NA,"",84,"TUCURUVI",1,0,"ISMAEL NERI, RUA 772 SAO PAULO SP",-23.4819669,-46.6134121
"1385","D011301543",13671,"MATEO BEI, AV",NA,"",3005,"","26/01/2013 12:35",4,"AT",49,1240," "," ",0,1,0,0,0,0,0,0,0,0,0,0,0,0,0,0,0,13671,"MATEO BEI, AV",NA,"",75,"SAO MATEUS",1,0,"MATEO BEI, AV 3005 SAO PAULO SP",-23.6072142,-46.4786735
"1386","D011300979",9106,"INACIO COSTA, RUA",2181,"ARICANDUVA, AV",0,"","26/01/2013 12:45",2,"QM",21,284," "," ",0,1,0,0,0,0,0,0,0,0,0,0,0,0,0,0,0,2181,"ARICANDUVA, AV",9106,"INACIO COSTA, RUA",20,"CARRAO",1,0,"INACIO COSTA, RUA SAO PAULO SP &  ARICANDUVA, AV SAO PAULO SP",-23.5471855,-46.5203127
"1387","D011300740",18151,"SEZEFREDO FAGUNDES, AV CEL",NA,"",2320,"","26/01/2013 13:10",2,"CO",20,350," "," ",1,1,0,0,0,0,0,0,0,0,0,0,0,0,0,0,0,18151,"SEZEFREDO FAGUNDES, AV CEL",NA,"",22,"CIDADE ADEMAR",1,0,"SEZEFREDO FAGUNDES, AV CEL 2320 SAO PAULO SP",-23.4586615,-46.6023553
"1388","D011301355",13881,"MIGUEL, AV S",NA,"",8900,"","26/01/2013 13:17",2,"CT",22,476," "," ",0,1,1,0,0,0,0,0,0,0,0,0,0,0,0,0,0,13881,"MIGUEL, AV S",NA,"",65,"PONTE RASA",1,0,"MIGUEL, AV S 8900 SAO PAULO SP",-23.4954022,-46.4520574
"1389","D011301033",5425,"COSTA BARROS, RUA",NA,"",544,"","26/01/2013 13:25",4,"AT",42,332," "," ",1,0,0,0,0,0,0,0,0,0,0,0,0,0,0,0,0,5425,"COSTA BARROS, RUA",NA,"",95,"VILA PRUDENTE",1,0,"COSTA BARROS, RUA 544 SAO PAULO SP",-23.5976608,-46.5600049
"1390","D011301136",5606,"CUPECE, AV",NA,"",2900,"","26/01/2013 13:30",4,"AT",43,356," "," ",1,0,0,0,0,0,0,0,0,0,0,0,0,0,0,0,0,5606,"CUPECE, AV",NA,"",22,"CIDADE ADEMAR",1,0,"CUPECE, AV 2900 SAO PAULO SP",-23.6659186,-46.6571357
"1391","D011301199",99631,"MARTA MARIA BERNARDES, AV PROFA",NA,"",232,"","26/01/2013 13:40",4,"AT",85,496," "," ",0,1,0,0,0,0,0,0,0,0,0,0,0,0,0,0,0,99631,"MARTA MARIA BERNARDES, AV PROFA",NA,"",30,"GRAJAU",1,0,"MARTA MARIA BERNARDES, AV PROFA 232 SAO PAULO SP",-23.7656069,-46.7096763
"1392","D011301380",5687,"DANFER, AV",NA,"",164,"","26/01/2013 13:45",2,"CO",24,902," "," ",1,1,0,0,0,0,0,0,0,0,0,0,0,0,0,0,0,5687,"DANFER, AV",NA,"",18,"CANGAIBA",2,0,"DANFER, AV 164 SAO PAULO SP",-23.5042942,-46.5053125