"","id_acidente","codloga","logradouroA","codlogb","logradouroB","alt_num","referencia","data","cod_acid","tipo_acidente","dp","numero_BO","sentido","pista","automovel","moto","onibus","caminhao","bicicleta","moto_taxi","onibus_fretado","onibus_urbano","microonibus","van","vuc","caminhonete","carreta","jipe","outros","sem_informacao","carroca","princ_a","paiA","princ_b","paiB","cod_distrito","distrito","vit_ferida","vit_morta","local","lat","lon"
"1393","D011300272",8944,"IBIRAPUERA, AV",14086,"MOEMA, AV",0,"","26/01/2013 14:00",2,"CO",27,904," "," ",1,1,0,0,0,0,0,0,0,0,0,0,0,0,0,0,0,8944,"IBIRAPUERA, AV",14086,"MOEMA, AV",53,"MOEMA",1,0,"IBIRAPUERA, AV SAO PAULO SP &  MOEMA, AV SAO PAULO SP",-23.6014353,-46.6601288
"1395","D011300166",7236,"BUCOLISMO, RUA DO",NA,"",164,"","26/01/2013 14:45",4,"AT",12,540," "," ",1,0,0,0,0,0,0,0,0,0,0,0,0,0,0,0,0,7236,"BUCOLISMO, RUA DO",NA,"",10,"BRAS",1,0,"BUCOLISMO, RUA DO 164 SAO PAULO SP",-23.540485,-46.6205934
"1396","D011300442",5834,"DIANA, RUA",NA,"",17,"","26/01/2013 14:45",4,"AT",23,531," "," ",0,0,0,0,0,0,0,0,0,0,0,1,0,0,0,0,0,5834,"DIANA, RUA",NA,"",61,"PERDIZES",1,0,"DIANA, RUA 17 SAO PAULO SP",-23.5291052,-46.6788318
"1397","D011301466",3994,"CAMPANELLA, AV",NA,"",706,"","26/01/2013 15:20",2,"QD",64,730," "," ",0,0,0,0,0,0,0,1,0,0,0,0,0,0,0,0,0,3994,"CAMPANELLA, AV",NA,"",36,"ITAQUERA",1,0,"CAMPANELLA, AV 706 SAO PAULO SP",-23.5361648,-46.4677589
"1399","D011300955",1133,"AMORIM DINIZ, RUA",NA,"",50,"","26/01/2013 16:00",2,"QM",10,995," "," ",3,1,0,0,0,0,0,0,0,0,0,0,0,0,0,0,0,1133,"AMORIM DINIZ, RUA",NA,"",18,"CANGAIBA",2,0,"AMORIM DINIZ, RUA 50 SAO PAULO SP",-23.5165055,-46.5455518
"1400","D011301706",14377,"NADIME ACKEL, RUA",NA,"",152,"","26/01/2013 16:00",2,"CH",24,912," "," ",1,1,0,0,0,0,0,0,0,0,0,0,0,0,0,0,0,14377,"NADIME ACKEL, RUA",NA,"",38,"JACANA",0,1,"NADIME ACKEL, RUA 152 SAO PAULO SP",-23.5448268,-46.4902829
"1401","D011301501",14304,"ETELVINA, RUA STA",NA,"",19,"","26/01/2013 18:13",2,"CO",68,340," "," ",1,1,0,0,0,0,0,0,0,0,0,0,0,0,0,0,0,14304,"ETELVINA, RUA STA",NA,"",47,"LAJEADO",1,0,"ETELVINA, RUA STA 19 SAO PAULO SP",-23.5266562,-46.4235764
"1402","D011301158",79066,"BENEDITO DE BARROS, RUA",NA,"",700,"","26/01/2013 18:30",2,"CF",47,1061," "," ",0,2,0,0,0,0,0,0,0,0,0,0,0,0,0,0,0,79066,"BENEDITO DE BARROS, RUA",NA,"",29,"FREGUESIA DO O",2,0,"BENEDITO DE BARROS, RUA 700 SAO PAULO SP",-23.6832867,-46.7854707
"1403","D011301023",12381,"LUTECIA, RUA",NA,"",1118,"","26/01/2013 19:03",2,"CT",31,481," "," ",3,0,0,0,0,0,0,0,0,0,0,0,0,0,0,0,0,12381,"LUTECIA, RUA",NA,"",20,"CARRAO",1,0,"LUTECIA, RUA 1118 SAO PAULO SP",-23.5538116,-46.5435363
"1405","D011301528",15569,"PASSAGEM FUNDA, RUA DA",NA,"",1,"","26/01/2013 20:00",4,"AT",44,579," "," ",0,0,0,0,0,0,0,0,0,0,0,0,0,0,0,1,0,15569,"PASSAGEM FUNDA, RUA DA",NA,"",50,"LIMAO",1,0,"PASSAGEM FUNDA, RUA DA 1 SAO PAULO SP",-23.5524328,-46.4134463
"1406","D011300371",10635,"JOHN HARRISON, RUA",NA,"",511,"","26/01/2013 20:29",2,"QD",7,638," "," ",0,0,0,0,0,0,0,0,0,0,0,1,0,0,0,0,0,10635,"JOHN HARRISON, RUA",NA,"",48,"LAPA",1,0,"JOHN HARRISON, RUA 511 SAO PAULO SP",-23.5181914,-46.7077734
"1407","D011301116",10270,"JOAO DIAS, AV",NA,"",1080,"","26/01/2013 20:35",2,"CT",11,968,"C"," ",1,0,0,1,0,0,0,0,0,0,0,0,0,0,0,0,0,10270,"JOAO DIAS, AV",NA,"",72,"SANTO AMARO",1,0,"JOAO DIAS, AV 1080 SAO PAULO SP",-23.6456043,-46.7110383
"1408","D011301119",10918,"JOSE DINIZ, AV VER",222,"ADOLFO PINHEIRO, AV",0,"","26/01/2013 20:40",2,"CT",11,1052," "," ",0,0,0,0,0,0,0,3,0,0,0,0,0,0,0,0,0,222,"ADOLFO PINHEIRO, AV",10918,"JOSE DINIZ, AV VER",72,"SANTO AMARO",7,0,"JOSE DINIZ, AV VER SAO PAULO SP &  ADOLFO PINHEIRO, AV SAO PAULO SP",-23.6339852,-46.6908948
"1409","D011300238",13526,"MARIO VICENTE, RUA DR",NA,"",570,"","26/01/2013 20:43",2,"CH",17,1140," "," ",1,0,0,0,0,0,0,0,0,0,0,0,0,0,0,0,0,13526,"MARIO VICENTE, RUA DR",NA,"",33,"IPIRANGA",1,0,"MARIO VICENTE, RUA DR 570 SAO PAULO SP",-23.5887981,-46.6138387
"1410","D011300017",6642,"ESTADO, AV DO",4146,"CANTAREIRA, RUA DA",0,"","26/01/2013 22:23",4,"AT",1,668," "," ",1,0,0,0,0,0,0,0,0,0,0,0,0,0,0,0,0,5567,"CRUZEIRO DO SUL, AV",6642,"ESTADO, AV DO",57,"PARI",1,0,"ESTADO, AV DO SAO PAULO SP &  CANTAREIRA, RUA DA SAO PAULO SP",-23.5635869,-46.6112253
"1412","D011300988",10581,"JOAQUIM MARRA, RUA",NA,"",1529,"","26/01/2013 22:30",2,"CO",21,1011," "," ",0,0,1,0,1,0,0,0,0,0,0,0,0,0,0,0,0,10581,"JOAQUIM MARRA, RUA",NA,"",93,"VILA MATILDE",1,0,"JOAQUIM MARRA, RUA 1529 SAO PAULO SP",-23.5382242,-46.5180425
"1413","D011300956",2429,"ASSIS RIBEIRO, RUA DR",NA,"",2000,"","26/01/2013 22:50",4,"AT",10,1009,"C"," ",0,1,0,0,0,0,0,0,0,0,0,0,0,0,0,0,0,2429,"ASSIS RIBEIRO, RUA DR",NA,"",28,"ERMELINO MATARA",1,0,"ASSIS RIBEIRO, RUA DR 2000 SAO PAULO SP",-23.5019105,-46.5336001
"1414","D011301371",13881,"MIGUEL, AV S",NA,"",900,"","26/01/2013 23:00",2,"QD",24,484," "," ",0,0,1,0,0,0,0,0,0,0,0,0,0,0,0,0,0,13881,"MIGUEL, AV S",NA,"",65,"PONTE RASA",1,0,"MIGUEL, AV S 900 SAO PAULO SP",-23.5162279,-46.5208666
"1415","D011300655",5309,"CORIFEU DE AZEVEDO MARQUES, AV",13019,"ESCOLA POLITECNICA, AV",0,"","26/01/2013 23:30",2,"CT",93,900019," "," ",3,0,0,0,0,0,0,0,0,0,0,0,0,0,0,0,0,5309,"CORIFEU DE AZEVEDO MARQUES, AV",9836,"JAGUARE, AV",55,"MORUMBI",1,0,"CORIFEU DE AZEVEDO MARQUES, AV SAO PAULO SP &  ESCOLA POLITECNICA, AV SAO PAULO SP",-23.5597707,-46.7472778
"1416","D011301186",7797,"GASPAR DE BRITO, AV",20048,"YERVANT KISSAJIKIAN, AV",0,"","26/01/2013 23:49",2,"CO",80,1051," "," ",0,1,0,0,0,0,0,0,0,0,0,0,0,0,0,0,0,7797,"GASPAR DE BRITO, AV",20048,"YERVANT KISSAJIKIAN, AV",22,"CIDADE ADEMAR",1,0,"GASPAR DE BRITO, AV SAO PAULO SP &  YERVANT KISSAJIKIAN, AV SAO PAULO SP",-23.6739528,-46.6636576
"1417","D011301271",3243,"BENTO XV, AV",NA,"",399,"","27/01/2013 01:59",2,"QM",98,1057," "," ",0,1,0,0,0,0,0,0,0,0,0,0,0,0,0,0,0,3243,"BENTO XV, AV",NA,"",29,"FREGUESIA DO O",2,0,"BENTO XV, AV 399 SAO PAULO SP",-23.6910899,-46.6461812
"1418","D011300490",7500,"FRANCISCO MORATO, AV PROF",NA,"",1916,"","27/01/2013 02:17",2,"QM",34,691," "," ",0,1,0,0,0,0,0,0,0,0,0,0,0,0,0,0,0,7500,"FRANCISCO MORATO, AV PROF",NA,"",12,"BUTANTA",1,0,"FRANCISCO MORATO, AV PROF 1916 SAO PAULO SP",-23.5841519,-46.7174188
"1420","D011300346",19100,"BANDEIRANTES, AV DOS",NA,"",650,"","27/01/2013 04:00",2,"CT",96,914," "," ",1,1,0,0,0,0,0,0,0,0,0,0,0,0,0,0,0,19100,"BANDEIRANTES, AV DOS",NA,"",24,"CIDADE LIDER",2,0,"BANDEIRANTES, AV DOS 650 SAO PAULO SP",-23.6063419,-46.6784943
"1421","D011301423",17820,"TITO, AV MAL",NA,"",4041,"","27/01/2013 04:20",2,"CH",59,1111," "," ",1,0,0,0,0,0,0,0,0,0,0,0,0,0,0,0,0,17820,"TITO, AV MAL",NA,"",53,"MOEMA",5,0,"TITO, AV MAL 4041 SAO PAULO SP",-23.4947227,-46.4062655
"1422","D011301683",831,"ALTINO, AV PRES",NA,"",1040,"","27/01/2013 04:25",2,"CH",91,649," "," ",0,1,0,0,0,0,0,0,0,0,0,0,0,0,0,0,0,831,"ALTINO, AV PRES",NA,"",40,"JAGUARE",0,1,"ALTINO, AV PRES 1040 SAO PAULO SP",-23.5465853,-46.750334
"1423","D011300281",10918,"JOSE DINIZ, AV VER",26500,"VICENTE RAO, AV PROF.",0,"","27/01/2013 05:00",2,"CO",27,1194," "," ",0,1,0,0,0,0,0,1,0,0,0,0,0,0,0,0,0,10918,"JOSE DINIZ, AV VER",26500,"VICENTE RAO, AV PROF.",NA,"",1,0,"JOSE DINIZ, AV VER SAO PAULO SP &  VICENTE RAO, AV PROF. SAO PAULO SP",-23.6339852,-46.6908948
"1424","D011300220",5618,"CURSINO, AV DO",NA,"",636,"","27/01/2013 05:02",2,"CH",16,1146," "," ",1,0,0,0,0,0,0,0,0,0,0,0,0,0,0,0,0,5618,"CURSINO, AV DO",NA,"",27,"CURSINO",1,0,"CURSINO, AV DO 636 SAO PAULO SP",-23.6080481,-46.6169203
"1425","D011300957",954,"AMADOR BUENO DA VEIGA, AV",14992,"OLIVETANOS, AV PDES",0,"","27/01/2013 05:30",2,"CL",10,1022," "," ",0,1,0,0,0,0,0,0,0,0,0,0,0,0,0,1,0,954,"AMADOR BUENO DA VEIGA, AV",14992,"OLIVETANOS, AV PDES",60,"PENHA",1,0,"AMADOR BUENO DA VEIGA, AV SAO PAULO SP &  OLIVETANOS, AV PDES SAO PAULO SP",-23.522986,-46.5196435
"1426","D011301664",24338,"LUIZ IGNACIO ANHAIA MELLO, AV PROF",NA,"",6800,"","27/01/2013 06:00",2,"CO",70,1277," "," ",1,1,0,0,0,0,0,0,0,0,0,0,0,0,0,0,0,24338,"LUIZ IGNACIO ANHAIA MELLO, AV PROF",NA,"",26,"CONSOLACAO",1,0,"LUIZ IGNACIO ANHAIA MELLO, AV PROF 6800 SAO PAULO SP",-23.5975493,-46.5356427
"1427","D011301248",8368,"GUARAPIRANGA, AV",NA,"",325,"","27/01/2013 06:46",4,"AT",92,1084," "," ",1,0,0,0,0,0,0,0,0,0,0,0,0,0,0,0,0,8368,"GUARAPIRANGA, AV",NA,"",45,"JARDIM SAO LUIS",1,0,"GUARAPIRANGA, AV 325 SAO PAULO SP",-23.6660137,-46.7153946
"1428","D011301159",14305,"LUIS DE OLIVEIRA, RUA",NA,"",92,"","27/01/2013 06:56",2,"QM",47,1083," "," ",0,1,0,0,0,0,0,0,0,0,0,0,0,0,0,0,0,14305,"LUIS DE OLIVEIRA, RUA",NA,"",29,"FREGUESIA DO O",2,0,"LUIS DE OLIVEIRA, RUA 92 SAO PAULO SP",-23.6768086,-46.7891252
"1429","D011300812",277,"AFONSO LOPES VIEIRA, RUA",NA,"",466,"","27/01/2013 07:30",2,"CH",38,776,"C"," ",1,0,0,0,0,0,0,0,0,0,0,0,0,0,0,0,0,277,"AFONSO LOPES VIEIRA, RUA",NA,"",13,"CACHOEIRINHA",1,0,"AFONSO LOPES VIEIRA, RUA 466 SAO PAULO SP",-23.4629998,-46.6625109
"1431","D011301656",15032,"ORATORIO, AV DO",NA,"",5660,"","27/01/2013 08:15",2,"CO",70,589," "," ",2,0,0,0,0,0,0,0,0,0,0,0,0,0,0,0,0,15032,"ORATORIO, AV DO",NA,"",26,"CONSOLACAO",1,0,"ORATORIO, AV DO 5660 SAO PAULO SP",-23.606114,-46.5220869
"1432","D011301662",17824,"SAPOPEMBA, AV",64154,"LOURIVAL FONTES, AV",0,"","27/01/2013 09:36",2,"CO",70,882," "," ",0,2,0,0,0,0,0,0,0,0,0,0,0,0,0,0,0,17824,"SAPOPEMBA, AV",64154,"LOURIVAL FONTES, AV",NA,"",1,0,"SAPOPEMBA, AV SAO PAULO SP &  LOURIVAL FONTES, AV SAO PAULO SP",-23.6148326,-46.5024993
"1433","D011301304",38494,"FUNCIONARIOS PUBLICOS, AV DOS",NA,"",2100,"","27/01/2013 11:30",2,"CF",100,506,"B"," ",1,1,0,0,0,0,0,0,0,0,0,0,0,0,0,0,0,38494,"FUNCIONARIOS PUBLICOS, AV DOS",NA,"",32,"IGUATEMI",1,0,"FUNCIONARIOS PUBLICOS, AV DOS 2100 SAO PAULO SP",-23.7449777,-46.7777185
"1435","D011300916",68438,"MARCELINO JOSE DE FREITAS, RUA",NA,"",271,"","27/01/2013 12:00",2,"CO",74,780," "," ",1,1,0,0,0,0,0,0,0,0,0,0,0,0,0,0,0,68438,"MARCELINO JOSE DE FREITAS, RUA",NA,"",40,"JAGUARE",1,0,"MARCELINO JOSE DE FREITAS, RUA 271 SAO PAULO SP",-23.4563116,-46.693387
"1436","D011301024",4502,"CARRAO, AV CONS",NA,"",400,"","27/01/2013 12:15",4,"AT",31,501," "," ",1,0,0,0,0,0,0,0,0,0,0,0,0,0,0,0,0,4502,"CARRAO, AV CONS",NA,"",20,"CARRAO",1,0,"CARRAO, AV CONS 400 SAO PAULO SP",-23.5388135,-46.5546058
"1437","D011300410",5398,"CORUJAS, AV DAS",NA,"",395,"","27/01/2013 12:30",2,"QM",14,827," "," ",0,1,0,0,0,0,0,0,0,0,0,0,0,0,0,0,0,5398,"CORUJAS, AV DAS",NA,"",2,"ALTO DE PINHEIR",1,0,"CORUJAS, AV DAS 395 SAO PAULO SP",-23.5472559,-46.6960145
"1438","D011301079",1782,"ANTONIO MANOGRASSO, AV",10503,"JOAO XXIII, AV",0,"","27/01/2013 13:23",2,"CT",58,502," "," ",2,0,0,0,0,0,0,0,0,0,0,0,0,0,0,0,0,1782,"ANTONIO MANOGRASSO, AV",10503,"JOAO XXIII, AV",87,"VILA FORMOSA",1,0,"ANTONIO MANOGRASSO, AV SAO PAULO SP &  JOAO XXIII, AV SAO PAULO SP",-23.5769689,-46.5364001
"1439","D011300653",442,"ALARICO FRANCO CAIUBI, RUA",NA,"",560,"","27/01/2013 14:30",4,"AT",93,667," "," ",1,0,0,0,0,0,0,0,0,0,0,0,0,0,0,0,0,442,"ALARICO FRANCO CAIUBI, RUA",NA,"",40,"JAGUARE",1,0,"ALARICO FRANCO CAIUBI, RUA 560 SAO PAULO SP",-23.5439892,-46.7478554
"1440","D011301468",26055,"ITUBERA, RUA",NA,"",20,"","27/01/2013 15:00",4,"AT",64,948," "," ",1,0,0,0,0,0,0,0,0,0,0,0,0,0,0,0,0,26055,"ITUBERA, RUA",NA,"",51,"MANDAQUI",1,0,"ITUBERA, RUA 20 SAO PAULO SP",-23.5336275,-46.4549119
"1441","D011301728",7500,"FRANCISCO MORATO, AV PROF",NA,"",4200,"","27/01/2013 15:05",4,"AT",89,710,"C"," ",0,0,1,0,0,0,0,0,0,0,0,0,0,0,0,0,0,7500,"FRANCISCO MORATO, AV PROF",NA,"",12,"BUTANTA",0,1,"FRANCISCO MORATO, AV PROF 4200 SAO PAULO SP",-23.5942079,-46.7367184
"1442","D011300325",17579,"EDUARDO FERREIRA FRANCA, RUA",NA,"",243,"","27/01/2013 17:10",2,"CO",83,753," "," ",1,1,0,0,0,0,0,0,0,0,0,0,0,0,0,0,0,17579,"EDUARDO FERREIRA FRANCA, RUA",NA,"",21,"CASA VERDE",1,0,"EDUARDO FERREIRA FRANCA, RUA 243 SAO PAULO SP",-23.630306,-46.6192428
"1443","D011300303",1962,"APRIGIO GONZAGA, RUA PROF",NA,"",485,"","27/01/2013 17:50",2,"CO",35,1191," "," ",3,0,0,0,0,0,0,0,0,0,0,0,0,0,0,0,0,1962,"APRIGIO GONZAGA, RUA PROF",NA,"",79,"SAUDE",2,0,"APRIGIO GONZAGA, RUA PROF 485 SAO PAULO SP",-23.6245702,-46.6356542
"1444","D011301139",5606,"CUPECE, AV",NA,"",3927,"","27/01/2013 18:25",2,"CO",43,1085," "," ",0,1,0,0,0,0,0,1,0,0,0,0,0,0,0,0,0,5606,"CUPECE, AV",NA,"",22,"CIDADE ADEMAR",1,0,"CUPECE, AV 3927 SAO PAULO SP",-23.6699914,-46.6478283
"1445","D011301684",3771,"INAJAR DE SOUZA, AV",NA,"",2104,"","27/01/2013 18:30",4,"AT",13,909," "," ",1,0,0,0,0,0,0,0,0,0,0,0,0,0,0,0,0,3771,"INAJAR DE SOUZA, AV",NA,"",50,"LIMAO",0,1,"INAJAR DE SOUZA, AV 2104 SAO PAULO SP",-23.486768,-46.6817404
"1446","D011300841",8538,"GUSTAVO ADOLFO, AV",17339,"ROLAND GARROS, AV",0,"","27/01/2013 18:30",2,"CO",39,943," "," ",2,0,0,0,0,0,0,0,0,0,0,0,0,0,0,0,0,8538,"GUSTAVO ADOLFO, AV",17339,"ROLAND GARROS, AV",94,"VILA MEDEIROS",2,0,"GUSTAVO ADOLFO, AV SAO PAULO SP &  ROLAND GARROS, AV SAO PAULO SP",-23.4894901,-46.5783227
"1447","D011300352",18379,"VENTURA GARCIA CALDERON, RUA",NA,"",412,"","27/01/2013 18:40",2,"CH",97,754," "," ",2,0,0,0,0,0,0,0,0,0,0,1,0,0,0,0,0,18379,"VENTURA GARCIA CALDERON, RUA",NA,"",42,"JARDIM ANGELA",2,0,"VENTURA GARCIA CALDERON, RUA 412 SAO PAULO SP",-23.6773996,-46.636918
"1448","D011301624",23697,"MILTON COTRIM AVELAR, RUA",NA,"",345,"","27/01/2013 20:00",4,"AT",66,470," "," ",1,0,0,0,0,0,0,0,0,0,0,0,0,0,0,0,0,23697,"MILTON COTRIM AVELAR, RUA",NA,"",38,"JACANA",1,0,"MILTON COTRIM AVELAR, RUA 345 SAO PAULO SP",-23.5696585,-46.4876092
"1449","D011300316",7318,"FRANCA PINTO, RUA",NA,"",718,"","27/01/2013 20:30",2,"SI",36,942," "," ",1,1,0,0,0,0,0,0,0,0,0,0,0,0,0,0,0,7318,"FRANCA PINTO, RUA",NA,"",92,"VILA MARIANA",1,0,"FRANCA PINTO, RUA 718 SAO PAULO SP",-23.5879936,-46.6433226
"1450","D011301628",75433,"LATINOS, AV DOS",NA,"",1180,"","27/01/2013 20:37",4,"AT",66,596," "," ",0,0,0,0,0,0,0,0,0,0,0,0,0,0,0,1,0,75433,"LATINOS, AV DOS",NA,"",38,"JACANA",1,0,"LATINOS, AV DOS 1180 SAO PAULO SP",-23.5735386,-46.4945045
"1451","D011300621",8000,"GIOVANNI GRONCHI, AV",NA,"",6030,"","27/01/2013 21:00",2,"CL",89,720," "," ",1,1,0,0,0,0,0,0,0,0,0,0,0,0,0,0,0,8000,"GIOVANNI GRONCHI, AV",NA,"",55,"MORUMBI",2,0,"GIOVANNI GRONCHI, AV 6030 SAO PAULO SP",-23.6318255,-46.7368545
"1452","D011300183",1356,"ANGELICA, AV",9646,"ITU, RUA BRA DE",0,"","27/01/2013 21:30",2,"CO",77,502," "," ",1,1,0,0,0,0,0,0,0,0,0,0,0,0,0,0,0,1356,"ANGELICA, AV",9646,"ITU, RUA BRA DE",70,"SANTA CECILIA",1,0,"ANGELICA, AV SAO PAULO SP &  ITU, RUA BRA DE SAO PAULO SP",-23.5474146,-46.6586504
"1453","D011300813",35291,"VALORBE, RUA",NA,"",500,"","27/01/2013 21:56",2,"CF",38,793," "," ",1,1,0,0,0,0,0,0,0,0,0,0,0,0,0,0,0,35291,"VALORBE, RUA",NA,"",8,"BELEM",1,0,"VALORBE, RUA 500 SAO PAULO SP",-23.4750435,-46.6455802
"1456","D011300877",41768,"ROMULO NALDI, RUA",NA,"",126,"","27/01/2013 23:24",2,"CO",72,804," "," ",0,2,0,0,0,0,0,0,0,0,0,0,0,0,0,0,0,41768,"ROMULO NALDI, RUA",NA,"",40,"JAGUARE",3,0,"ROMULO NALDI, RUA 126 SAO PAULO SP",-23.4545263,-46.6832973
"1457","D011301736",2884,"BARRETOS, RUA",NA,"",153,"","27/01/2013 23:35",4,"AT",52,335," "," ",1,0,0,0,0,0,0,0,0,0,0,0,0,0,0,0,0,2884,"BARRETOS, RUA",NA,"",NA,"",0,1,"BARRETOS, RUA 153 SAO PAULO SP",-23.5622059,-46.5850895
"1458","D011300546",46890,"ALEXIOS JAFET (ESTR.CAMPINAS), AV",NA,"",2400,"","28/01/2013 00:45",2,"SI",46,848," "," ",0,2,0,0,0,0,0,0,0,0,0,0,0,0,0,0,0,46890,"ALEXIOS JAFET (ESTR.CAMPINAS), AV",NA,"",41,"JARAGUA",3,0,"ALEXIOS JAFET (ESTR.CAMPINAS), AV 2400 SAO PAULO SP",-23.5024192,-46.7220697
"1459","D011300864",15258,"OUTONO, RUA DO",NA,"",200,"","28/01/2013 01:00",2,"SI",45,806," "," ",0,1,0,0,0,0,0,0,0,0,0,0,0,0,0,0,0,15258,"OUTONO, RUA DO",NA,"",11,"BRASILANDIA",1,0,"OUTONO, RUA DO 200 SAO PAULO SP",-23.4612284,-46.6928419
"1460","D011301685",13019,"ESCOLA POLITECNICA, AV",NA,"",4285,"","28/01/2013 02:39",2,"CH",14,846," "," ",1,0,0,0,0,0,0,0,0,0,0,0,0,0,0,0,0,13019,"ESCOLA POLITECNICA, AV",NA,"",40,"JAGUARE",3,2,"ESCOLA POLITECNICA, AV 4285 SAO PAULO SP",-23.5706392,-46.7626763
"1461","D011301520",17135,"RIO DAS PEDRAS, AV",NA,"",1798,"","28/01/2013 04:00",2,"CO",41,523," "," ",1,0,1,0,0,0,0,0,0,0,0,0,0,0,0,0,0,17135,"RIO DAS PEDRAS, AV",NA,"",27,"CURSINO",2,0,"RIO DAS PEDRAS, AV 1798 SAO PAULO SP",-23.5696439,-46.5083157
"1462","D011301642",75437,"PIRANGUCU, AV",NA,"",10,"","28/01/2013 04:00",2,"CO",69,908," "," ",0,1,0,0,0,0,0,0,0,0,0,0,0,0,0,0,0,75437,"PIRANGUCU, AV",NA,"",27,"CURSINO",1,0,"PIRANGUCU, AV 10 SAO PAULO SP",-23.5872688,-46.499811
"1463","D011301160",17772,"SANT'ANNA, AV COMEN",NA,"",848,"","28/01/2013 06:00",2,"CO",47,1127," "," ",0,1,0,0,0,0,0,0,0,0,0,0,0,0,0,1,0,17772,"SANT'ANNA, AV COMEN",NA,"",29,"FREGUESIA DO O",1,0,"SANT'ANNA, AV COMEN 848 SAO PAULO SP",-23.5186813,-46.6999583
"1464","D011301237",60492,"GABRIEL FAURE, RUA",NA,"",212,"","28/01/2013 06:50",2,"SI",92,574," "," ",1,1,0,0,0,0,0,0,0,0,0,0,0,0,0,0,0,60492,"GABRIEL FAURE, RUA",NA,"",32,"IGUATEMI",1,0,"GABRIEL FAURE, RUA 212 SAO PAULO SP",-23.6602637,-46.7366126
"1465","D011301583",99997,"TEXTEIS, RUA DOS",NA,"",1741,"","28/01/2013 06:50",2,"QD",54,504,"C"," ",0,0,1,0,0,0,0,0,0,0,0,0,0,0,0,0,0,99997,"TEXTEIS, RUA DOS",NA,"",25,"CIDADE TIRADENT",3,0,"TEXTEIS, RUA DOS 1741 SAO PAULO SP",-23.5959645,-46.4004462
"1467","D011301117",19931,"WASHINGTON LUIS, AV",NA,"",45,"","28/01/2013 07:16",2,"QM",11,1008," "," ",0,1,0,0,0,0,0,0,0,0,0,0,0,0,0,0,0,19931,"WASHINGTON LUIS, AV",NA,"",30,"GRAJAU",1,0,"WASHINGTON LUIS, AV 45 SAO PAULO SP",-23.6604977,-46.7040511
"1468","D011300724",6314,"ELI, RUA",3830,"LUIS FELIPE DE ORLEANS, RUA DOM",0,"","28/01/2013 07:20",4,"AT",19,376," "," ",1,0,0,0,0,0,0,0,0,0,0,0,0,0,0,0,0,3830,"LUIS FELIPE DE ORLEANS, RUA DOM",6314,"ELI, RUA",91,"VILA MARIA",1,0,"ELI, RUA SAO PAULO SP &  LUIS FELIPE DE ORLEANS, RUA DOM SAO PAULO SP",-23.5200181,-46.5881963
"1469","D011301544",9044,"RAGUEB CHOHFI, AV",NA,"",3570,"","28/01/2013 07:25",2,"CO",49,1332," "," ",1,1,0,0,0,0,0,0,0,0,0,0,0,0,0,0,0,9044,"RAGUEB CHOHFI, AV",NA,"",32,"IGUATEMI",1,0,"RAGUEB CHOHFI, AV 3570 SAO PAULO SP",-23.5952868,-46.4510491
"1471","D011301643",65872,"ANTONIO DE FRANCA E SILVA, RUA",NA,"",100,"","28/01/2013 07:56",2,"CO",69,909," "," ",1,0,0,0,1,0,0,0,0,0,0,0,0,0,0,0,0,65872,"ANTONIO DE FRANCA E SILVA, RUA",NA,"",56,"PARELHEIROS",1,0,"ANTONIO DE FRANCA E SILVA, RUA 100 SAO PAULO SP",-23.6157422,-46.5014833
"1472","D011300221",33750,"MACHADO, RUA PDE",6013,"DOMINGOS DE MORAIS, RUA",0,"","28/01/2013 08:00",2,"CO",16,1203," "," ",1,1,0,0,0,0,0,0,0,0,0,0,0,0,0,0,0,6013,"DOMINGOS DE MORAIS, RUA",15025,"ONZE DE JUNHO, AV",79,"SAUDE",1,0,"MACHADO, RUA PDE SAO PAULO SP &  DOMINGOS DE MORAIS, RUA SAO PAULO SP",-23.884799,-47.9859451
"1473","D011300457",14129,"MONICA, AV STA",17050,"RIBEIRAO VERMELHO, RUA",0,"","28/01/2013 08:45",2,"QD",33,856," "," ",0,0,1,0,0,0,0,0,0,0,0,0,0,0,0,0,0,14129,"MONICA, AV STA",17050,"RIBEIRAO VERMELHO, RUA",64,"PIRITUBA",1,0,"MONICA, AV STA SAO PAULO SP &  RIBEIRAO VERMELHO, RUA SAO PAULO SP",-23.4809742,-46.7486505
"1474","D011300860",64512,"ABILIO PRIMO NALIM, RUA",NA,"",193,"","28/01/2013 08:54",2,"CO",45,228," "," ",1,0,1,0,0,0,0,0,0,0,0,0,0,0,0,0,0,64512,"ABILIO PRIMO NALIM, RUA",NA,"",4,"ARICANDUVA",1,0,"ABILIO PRIMO NALIM, RUA 193 SAO PAULO SP",-23.4778168,-46.6948492
"1477","D011300676",2455,"ATALIBA LEONEL, AV GAL",NA,"",1353,"","28/01/2013 09:17",4,"AT",9,618," "," ",1,0,0,0,0,0,0,0,0,0,0,0,0,0,0,0,0,2455,"ATALIBA LEONEL, AV GAL",NA,"",88,"VILA GUILHERME",1,0,"ATALIBA LEONEL, AV GAL 1353 SAO PAULO SP",-23.5014975,-46.6158285