"","id_acidente","codloga","logradouroA","codlogb","logradouroB","alt_num","referencia","data","cod_acid","tipo_acidente","dp","numero_BO","sentido","pista","automovel","moto","onibus","caminhao","bicicleta","moto_taxi","onibus_fretado","onibus_urbano","microonibus","van","vuc","caminhonete","carreta","jipe","outros","sem_informacao","carroca","princ_a","paiA","princ_b","paiB","cod_distrito","distrito","vit_ferida","vit_morta","local","lat","lon"
"1479","D011300652",9836,"JAGUARE, AV",NA,"",496,"","28/01/2013 09:23",4,"AT",93,618," "," ",0,1,0,0,0,0,0,0,0,0,0,0,0,0,0,0,0,9836,"JAGUARE, AV",NA,"",40,"JAGUARE",2,0,"JAGUARE, AV 496 SAO PAULO SP",-23.5558366,-46.7436543
"1480","D011300440",6471,"SAO VICENTE, AV MARQ DE",NA,"",587,"","28/01/2013 09:30",4,"AT",23,460," "," ",0,0,0,0,0,0,0,1,0,0,0,0,0,0,0,0,0,6471,"SAO VICENTE, AV MARQ DE",NA,"",6,"BARRA FUNDA",1,0,"SAO VICENTE, AV MARQ DE 587 SAO PAULO SP",-23.5217692,-46.6658603
"1481","D011300850",15188,"OTAVIANO ALVES DE LIMA, AV",3813,"CAETANO ALVARES, AV ENG",0,"","28/01/2013 10:00",2,"CO",40,307,"R"," ",0,1,1,1,0,0,0,0,0,0,0,0,0,0,0,0,0,3813,"CAETANO ALVARES, AV ENG",15188,"OTAVIANO ALVES DE LIMA, AV",21,"CASA VERDE",2,0,"OTAVIANO ALVES DE LIMA, AV SAO PAULO SP &  CAETANO ALVARES, AV ENG SAO PAULO SP",-23.5076655,-46.7073803
"1482","D011300036",1421,"ANHAIA, RUA",9952,"JARAGUA, RUA",0,"","28/01/2013 10:15",4,"AT",2,511," "," ",0,1,0,0,0,0,0,0,0,0,0,0,0,0,0,0,0,1421,"ANHAIA, RUA",9952,"JARAGUA, RUA",9,"BOM RETIRO",1,0,"ANHAIA, RUA SAO PAULO SP &  JARAGUA, RUA SAO PAULO SP",-23.5244032,-46.6450034
"1483","D011300710",2479,"ATILIO PIFFER, RUA",20043,"ZANZIBAR, RUA",0,"","28/01/2013 10:15",2,"CO",13,923," "," ",1,1,0,0,0,0,0,0,0,0,0,0,0,0,0,0,0,2479,"ATILIO PIFFER, RUA",20043,"ZANZIBAR, RUA",21,"CASA VERDE",1,0,"ATILIO PIFFER, RUA SAO PAULO SP &  ZANZIBAR, RUA SAO PAULO SP",-23.5101768,-46.65999
"1485","D011301545",2181,"ARICANDUVA, AV",NA,"",12050,"","28/01/2013 11:01",2,"CO",49,1345," "," ",3,0,0,0,0,0,0,0,0,0,0,0,0,0,0,0,0,2181,"ARICANDUVA, AV",NA,"",60,"PENHA",1,0,"ARICANDUVA, AV 12050 SAO PAULO SP",-23.5931136,-46.4691051
"1487","D011300167",5444,"COSTA VALENTE, RUA DR",4736,"CELSO GARCIA, AV",0,"","28/01/2013 12:20",4,"AT",12,565," "," ",1,0,0,0,0,0,0,0,0,0,0,0,0,0,0,0,0,4736,"CELSO GARCIA, AV",5444,"COSTA VALENTE, RUA DR",10,"BRAS",1,0,"COSTA VALENTE, RUA DR SAO PAULO SP &  CELSO GARCIA, AV SAO PAULO SP",-23.5399893,-46.6103658
"1488","D011300755",67773,"DOMINGOS DE QUEIROZ, RUA",66944,"SILVERIO DIAS, RUA",0,"","28/01/2013 12:30",2,"SI",20,854," "," ",1,1,0,0,0,0,0,0,0,0,0,0,0,0,0,0,0,66944,"SILVERIO DIAS, RUA",67773,"DOMINGOS DE QUEIROZ, RUA",83,"TREMEMBE",1,0,"DOMINGOS DE QUEIROZ, RUA SAO PAULO SP &  SILVERIO DIAS, RUA SAO PAULO SP",-23.4550652,-46.6094533
"1489","D011300722",8478,"GUILHERME COTCHING, AV",2099,"ARARITAGUABA, RUA",0,"","28/01/2013 12:40",4,"AT",19,375," "," ",0,0,0,0,0,0,0,0,0,0,0,0,0,0,0,1,0,2099,"ARARITAGUABA, RUA",8478,"GUILHERME COTCHING, AV",NA,"",1,0,"GUILHERME COTCHING, AV SAO PAULO SP &  ARARITAGUABA, RUA SAO PAULO SP",-23.5186365,-46.5897343
"1490","D011301316",99424,"ARROIO SAO GON€ALO, TR",NA,"",38,"","28/01/2013 12:59",4,"AT",101,232," "," ",0,0,0,1,0,0,0,0,0,0,0,0,0,0,0,0,0,99424,"ARROIO SAO GON€ALO, TR",NA,"",NA,"",1,0,"ARROIO SAO GONÃ‡ALO, TR 38 SAO PAULO SP",-23.7364229,-46.6708038
"1491","D011300834",9978,"JARDIM JAPAO, AV",17728,"SANATORIO, AV",0,"","28/01/2013 13:25",2,"CO",39,456," "," ",1,0,0,0,1,0,0,0,0,0,0,0,0,0,0,0,0,9978,"JARDIM JAPAO, AV",18385,"SODRE E SILVA, RUA",94,"VILA MEDEIROS",1,0,"JARDIM JAPAO, AV SAO PAULO SP &  SANATORIO, AV SAO PAULO SP",-23.4831307,-46.5800117
"1493","D011300677",4219,"ZAKI NARCHI, AV",NA,"",82,"","28/01/2013 13:30",4,"AT",9,623," "," ",0,1,0,0,0,0,0,0,0,0,0,0,0,0,0,0,0,4219,"ZAKI NARCHI, AV",NA,"",88,"VILA GUILHERME",1,0,"ZAKI NARCHI, AV 82 SAO PAULO SP",-23.5117045,-46.6241841
"1494","D011300446",8044,"GODOI, RUA MIN",NA,"",1040,"","28/01/2013 13:50",2,"CO",23,933," "," ",1,1,0,0,0,0,0,0,0,0,0,0,0,0,0,0,0,8044,"GODOI, RUA MIN",NA,"",61,"PERDIZES",1,0,"GODOI, RUA MIN 1040 SAO PAULO SP",-23.5379996,-46.6721446
"1495","D011300756",8238,"GUACA, AV DO",9335,"IRES LEONOR, RUA",0,"","28/01/2013 13:52",2,"SI",20,858," "," ",1,1,0,0,0,0,0,0,0,0,0,0,0,0,0,0,0,8238,"GUACA, AV DO",9335,"IRES LEONOR, RUA",51,"MANDAQUI",2,0,"GUACA, AV DO SAO PAULO SP &  IRES LEONOR, RUA SAO PAULO SP",-23.477498,-46.6352752
"1496","D011301034",19708,"VILA EMA, AV",NA,"",2223,"","28/01/2013 13:58",2,"CO",42,358," "," ",1,0,1,0,0,0,0,0,0,0,0,0,0,0,0,0,0,19708,"VILA EMA, AV",NA,"",26,"CONSOLACAO",1,0,"VILA EMA, AV 2223 SAO PAULO SP",-23.581321,-46.5548179
"1497","D011301421",68244,"ERVA DE SANTA LUZIA, RUA",NA,"",330,"","28/01/2013 15:10",2,"CO",59,396," "," ",1,1,0,0,0,0,0,0,0,0,0,0,0,0,0,0,0,68244,"ERVA DE SANTA LUZIA, RUA",NA,"",53,"MOEMA",1,0,"ERVA DE SANTA LUZIA, RUA 330 SAO PAULO SP",-23.4898903,-46.4170027
"1498","D011301607",75483,"SERTANISTAS, AV DOS",NA,"",1525,"","28/01/2013 15:25",2,"CO",55,1376," "," ",0,1,0,0,0,0,0,0,0,0,0,0,0,0,0,1,0,75483,"SERTANISTAS, AV DOS",NA,"",55,"MORUMBI",1,0,"SERTANISTAS, AV DOS 1525 SAO PAULO SP",-23.6323589,-46.4471761
"1499","D011301238",12134,"ANTONIO RAMOS ROSA, RUA",NA,"",815,"","28/01/2013 17:20",2,"CO",92,597," "," ",1,1,0,0,0,0,0,0,0,0,0,0,0,0,0,0,0,12134,"ANTONIO RAMOS ROSA, RUA",NA,"",45,"JARDIM SAO LUIS",1,0,"ANTONIO RAMOS ROSA, RUA 815 SAO PAULO SP",-23.6617017,-46.7509284
"1501","D011300639",11630,"LAURINDO DE BRITO, RUA",44223,"COMERCIANTE, PCA DO",0,"","28/01/2013 18:15",2,"QM",91,699," "," ",0,1,0,0,0,0,0,0,0,0,0,0,0,0,0,0,0,7841,"GAVIAO PEIXOTO, RUA BRIG",11630,"LAURINDO DE BRITO, RUA",48,"LAPA",1,0,"LAURINDO DE BRITO, RUA SAO PAULO SP &  COMERCIANTE, PCA DO SAO PAULO SP",-23.5227293,-46.7180748
"1502","D011300485",12502,"MAGALHAES DE CASTRO, AV",NA,"",13000,"","28/01/2013 18:20",2,"CL",34,571," "," ",1,1,0,0,0,0,0,0,0,0,0,0,0,0,0,0,0,13014,"MARGINAL DO RIO PINHEIROS, AV",NA,"",12,"BUTANTA",1,0,"MAGALHAES DE CASTRO, AV 13000 SAO PAULO SP",-23.6128012,-46.7008832
"1503","D011301060",15047,"ORFANATO, RUA",NA,"",328,"","28/01/2013 18:34",2,"CO",56,585," "," ",1,1,0,0,0,0,0,0,0,0,0,0,0,0,0,0,0,15047,"ORFANATO, RUA",NA,"",33,"IPIRANGA",1,0,"ORFANATO, RUA 328 SAO PAULO SP",-23.5801354,-46.5822372
"1504","D011301070",15034,"ORATORIO, RUA DO",NA,"",1395,"","28/01/2013 18:50",4,"AT",57,380," "," ",0,1,0,0,0,0,0,0,0,0,0,0,0,0,0,0,0,15034,"ORATORIO, RUA DO",NA,"",16,"CAMPO GRANDE",1,0,"ORATORIO, RUA DO 1395 SAO PAULO SP",-23.564064,-46.5902941
"1506","D011300037",11326,"JULIO CONCEICAO, RUA",9489,"ITALIANOS, RUA DOS",0,"","28/01/2013 19:40",2,"CO",2,521," "," ",1,0,0,0,0,0,0,0,0,0,0,0,0,0,0,0,0,9489,"ITALIANOS, RUA DOS",11326,"JULIO CONCEICAO, RUA",9,"BOM RETIRO",1,0,"JULIO CONCEICAO, RUA SAO PAULO SP &  ITALIANOS, RUA DOS SAO PAULO SP",-23.5267822,-46.6400912
"1508","D011301009",18067,"SERRA DE BOTUCATU, RUA",14178,"MONTE SERRAT, RUA",0,"","28/01/2013 23:40",2,"CV",30,534," "," ",1,0,1,0,0,0,0,0,0,0,0,0,0,0,0,0,0,14178,"MONTE SERRAT, RUA",18067,"SERRA DE BOTUCATU, RUA",82,"TATUAPE",1,0,"SERRA DE BOTUCATU, RUA SAO PAULO SP &  MONTE SERRAT, RUA SAO PAULO SP",-23.5406817,-46.552644
"1509","D011301491",11542,"NORDESTINA, AV",NA,"",5165,"","29/01/2013 01:02",2,"CO",67,1205," "," ",2,1,0,0,0,0,0,0,0,0,0,0,0,0,0,0,0,11542,"NORDESTINA, AV",NA,"",76,"SAO MIGUEL",2,0,"NORDESTINA, AV 5165 SAO PAULO SP",-23.5233712,-46.4182293
"1510","D011301629",2181,"ARICANDUVA, AV",60675,"AFONSO DE SAMPAIO E SOUSA, AV",0,"","29/01/2013 04:20",2,"CO",66,1554," "," ",2,0,0,0,0,0,0,0,0,0,0,0,0,0,0,0,0,2181,"ARICANDUVA, AV",60675,"AFONSO DE SAMPAIO E SOUSA, AV",75,"SAO MATEUS",1,0,"ARICANDUVA, AV SAO PAULO SP &  AFONSO DE SAMPAIO E SOUSA, AV SAO PAULO SP",-23.5479783,-46.5260893
"1511","D011301569",60675,"AFONSO DE SAMPAIO E SOUSA, AV",2181,"ARICANDUVA, AV",0,"","29/01/2013 05:00",2,"CO",53,1390," "," ",1,0,1,0,0,0,0,0,0,0,0,0,0,0,0,0,0,2181,"ARICANDUVA, AV",60675,"AFONSO DE SAMPAIO E SOUSA, AV",75,"SAO MATEUS",1,0,"AFONSO DE SAMPAIO E SOUSA, AV SAO PAULO SP &  ARICANDUVA, AV SAO PAULO SP",-23.5658443,-46.4678549
"1512","D011300222",6013,"DOMINGOS DE MORAIS, RUA",15025,"ONZE DE JUNHO, AV",0,"","29/01/2013 06:32",2,"CO",16,1259," "," ",3,0,0,0,0,0,0,0,0,0,0,0,0,0,0,0,0,6013,"DOMINGOS DE MORAIS, RUA",15025,"ONZE DE JUNHO, AV",79,"SAUDE",2,0,"DOMINGOS DE MORAIS, RUA SAO PAULO SP &  ONZE DE JUNHO, AV SAO PAULO SP",-23.591806,-46.6362643
"1513","D011300275",35829,"MOREIRA GUIMARAES, AV",NA,"",367,"","29/01/2013 06:34",2,"CO",27,996," "," ",1,1,0,0,0,0,0,0,0,0,0,0,0,0,0,0,0,35829,"MOREIRA GUIMARAES, AV",NA,"",24,"CIDADE LIDER",1,0,"MOREIRA GUIMARAES, AV 367 SAO PAULO SP",-23.607613,-46.6528343
"1514","D011300995",27094,"SALIM FARAH MALUF, AV",14202,"MONTESINA, RUA",0,"","29/01/2013 06:50",2,"QM",29,383," "," ",0,1,0,0,0,0,0,0,0,0,0,0,0,0,0,0,0,14202,"MONTESINA, RUA",27094,"SALIM FARAH MALUF, AV",1,"AGUA RASA",1,0,"SALIM FARAH MALUF, AV SAO PAULO SP &  MONTESINA, RUA SAO PAULO SP",-23.5555392,-46.5773751
"1516","D011300276",15887,"PEDRO BUENO, AV",NA,"",1089,"","29/01/2013 07:20",4,"AT",27,997," "," ",1,0,0,0,0,0,0,0,0,0,0,0,0,0,0,0,0,15887,"PEDRO BUENO, AV",NA,"",30,"GRAJAU",1,0,"PEDRO BUENO, AV 1089 SAO PAULO SP",-23.6379983,-46.6529514
"1517","D011301201",63003,"ALZIRO PINHEIRO MAGALHAES, RUA",NA,"",517,"","29/01/2013 07:40",2,"CO",85,534," "," ",1,1,0,0,0,0,0,0,0,0,0,0,0,0,0,0,0,63003,"ALZIRO PINHEIRO MAGALHAES, RUA",NA,"",32,"IGUATEMI",1,0,"ALZIRO PINHEIRO MAGALHAES, RUA 517 SAO PAULO SP",-23.7622935,-46.6840933
"1518","D011300277",19100,"BANDEIRANTES, AV DOS",NA,"",2661,"","29/01/2013 07:45",2,"CO",27,998," "," ",1,1,0,0,0,0,0,0,0,0,0,0,0,0,0,0,0,19100,"BANDEIRANTES, AV DOS",NA,"",24,"CIDADE LIDER",1,0,"BANDEIRANTES, AV DOS 2661 SAO PAULO SP",-23.6116599,-46.6732099
"1520","D011300514",34682,"CAMPO LIMPO, ES DO",NA,"",3518,"","29/01/2013 08:50",2,"CO",37,805," "," ",1,0,0,0,0,0,0,1,0,0,0,0,0,0,0,0,0,34682,"CAMPO LIMPO, ES DO",NA,"",17,"CAMPO LIMPO",2,0,"CAMPO LIMPO, ES DO 3518 SAO PAULO SP",-23.2019463,-46.785846
"1521","D011300560",16878,"RAPOSO TAVARES, VIA",NA,"",13100,"","29/01/2013 08:50",2,"CO",51,483," "," ",2,1,0,0,0,0,0,0,0,0,0,0,0,0,0,0,0,16878,"RAPOSO TAVARES, VIA",NA,"",13,"CACHOEIRINHA",2,0,"RAPOSO TAVARES, VIA 13100 SAO PAULO SP",-23.5660906,-47.872894
"1522","D011301172",15507,"TEOTONIO VILELA, AV SEN",NA,"",1017,"","29/01/2013 09:15",4,"AT",48,375,"C"," ",0,0,0,0,0,0,0,1,0,0,0,0,0,0,0,0,0,15507,"TEOTONIO VILELA, AV SEN",NA,"",23,"CIDADE DUTRA",1,0,"TEOTONIO VILELA, AV SEN 1017 SAO PAULO SP",-23.7105084,-46.6993105
"1525","D011301288",6238,"NACOES UNIDAS, AV DAS",NA,"",21335,"","29/01/2013 10:29",2,"CO",99,401," "," ",1,1,0,0,0,0,0,0,0,0,0,0,0,0,0,0,0,13014,"MARGINAL DO RIO PINHEIROS, AV",NA,"",90,"VILA LEOPOLDINA",1,0,"NACOES UNIDAS, AV DAS 21335 SAO PAULO SP",-23.6791495,-46.6960585
"1526","D011300297",4596,"CATARINA, AV STA",NA,"",1549,"","29/01/2013 10:30",4,"AT",35,889," "," ",0,0,0,0,0,0,0,1,0,0,0,0,0,0,0,0,0,4596,"CATARINA, AV STA",NA,"",37,"JABAQUARA",1,0,"CATARINA, AV STA 1549 SAO PAULO SP",-23.648441,-46.6622711
"1527","D011300835",6001,"DOMINGOS CALHEIROS, RUA",NA,"",268,"","29/01/2013 11:00",4,"AT",39,475," "," ",1,0,0,0,0,0,0,0,0,0,0,0,0,0,0,0,0,6001,"DOMINGOS CALHEIROS, RUA",NA,"",84,"TUCURUVI",1,0,"DOMINGOS CALHEIROS, RUA 268 SAO PAULO SP",-23.4792128,-46.6093469
"1528","D011300411",2149,"ARCOVERDE, RUA CARD",NA,"",2432,"","29/01/2013 11:40",4,"AT",14,908," "," ",0,1,0,0,0,0,0,0,0,0,0,0,0,0,0,0,0,2149,"ARCOVERDE, RUA CARD",NA,"",44,"JARDIM PAULISTA",1,0,"ARCOVERDE, RUA CARD 2432 SAO PAULO SP",-23.5654263,-46.6932772
"1529","D011300083",2722,"BAHIA, RUA",15412,"PARA, RUA",0,"","29/01/2013 12:00",4,"AT",4,728," "," ",1,0,0,0,0,0,0,0,0,0,0,0,0,0,0,0,0,2722,"BAHIA, RUA",15412,"PARA, RUA",26,"CONSOLACAO",1,0,"BAHIA, RUA SAO PAULO SP &  PARA, RUA SAO PAULO SP",-23.5430035,-46.6595489
"1530","D011301566",37158,"HIROVO KAMINOBO, RUA",NA,"",31,"","29/01/2013 12:30",4,"AT",53,628," "," ",1,0,0,0,0,0,0,0,0,0,0,0,0,0,0,0,0,37158,"HIROVO KAMINOBO, RUA",NA,"",50,"LIMAO",1,0,"HIROVO KAMINOBO, RUA 31 SAO PAULO SP",-23.5721345,-46.4424639
"1531","D011300019",11818,"LIBERDADE, AV DA",NA,"",100,"","29/01/2013 12:50",4,"AT",1,744," "," ",0,1,0,0,0,0,0,0,0,0,0,0,0,0,0,0,0,11818,"LIBERDADE, AV DA",NA,"",49,"LIBERDADE",1,0,"LIBERDADE, AV DA 100 SAO PAULO SP",-23.5538118,-46.6352436
"1532","D011300542",46890,"ALEXIOS JAFET (ESTR.CAMPINAS), AV",NA,"",1808,"","29/01/2013 13:14",2,"SI",46,490," "," ",1,1,0,0,0,0,0,0,0,0,0,0,0,0,0,0,0,46890,"ALEXIOS JAFET (ESTR.CAMPINAS), AV",NA,"",41,"JARAGUA",1,0,"ALEXIOS JAFET (ESTR.CAMPINAS), AV 1808 SAO PAULO SP",-23.5734913,-46.6606698
"1533","D011301546",13671,"MATEO BEI, AV",6206,"EDMUR WHITAKER, RUA DR",0,"","29/01/2013 13:40",2,"CL",49,1408," "," ",1,0,0,0,1,0,0,0,0,0,0,0,0,0,0,0,0,6206,"EDMUR WHITAKER, RUA DR",13671,"MATEO BEI, AV",75,"SAO MATEUS",1,0,"MATEO BEI, AV SAO PAULO SP &  EDMUR WHITAKER, RUA DR SAO PAULO SP",-23.5972768,-46.4866619
"1535","D011300441",671,"ALFONSO BOVERO, AV PROF",NA,"",520,"","29/01/2013 14:20",4,"AT",23,492,"B"," ",0,1,0,0,0,0,0,0,0,0,0,0,0,0,0,0,0,671,"ALFONSO BOVERO, AV PROF",NA,"",61,"PERDIZES",1,0,"ALFONSO BOVERO, AV PROF 520 SAO PAULO SP",-23.5411526,-46.6822533
"1536","D011300278",8944,"IBIRAPUERA, AV",NA,"",1800,"","29/01/2013 14:26",4,"AT",27,1023," "," ",1,0,0,0,0,0,0,0,0,0,0,0,0,0,0,0,0,8944,"IBIRAPUERA, AV",NA,"",53,"MOEMA",1,0,"IBIRAPUERA, AV 1800 SAO PAULO SP",-23.6008518,-46.6597463
"1537","D011300575",16878,"RAPOSO TAVARES, VIA",NA,"",18700,"","29/01/2013 14:30",2,"CO",75,356," "," ",1,0,0,0,0,0,0,0,0,0,0,1,0,0,0,0,0,16878,"RAPOSO TAVARES, VIA",NA,"",13,"CACHOEIRINHA",2,0,"RAPOSO TAVARES, VIA 18700 SAO PAULO SP",-23.5100599,-48.5114225
"1538","D011300515",34682,"CAMPO LIMPO, ES DO",NA,"",900,"","29/01/2013 15:06",4,"AT",37,827," "," ",1,0,0,0,0,0,0,0,0,0,0,0,0,0,0,0,0,34682,"CAMPO LIMPO, ES DO",NA,"",17,"CAMPO LIMPO",1,0,"CAMPO LIMPO, ES DO 900 SAO PAULO SP",-23.2019463,-46.785846
"1539","D011301071",19018,"TOBIAS BARRETO, RUA",NA,"",306,"","29/01/2013 15:15",4,"AT",57,398," "," ",1,0,0,0,0,0,0,0,0,0,0,0,0,0,0,0,0,19018,"TOBIAS BARRETO, RUA",NA,"",10,"BRAS",1,0,"TOBIAS BARRETO, RUA 306 SAO PAULO SP",-23.5548353,-46.5916546
"1540","D011300344",999,"SANTO AMARO, AV",NA,"",2866,"","29/01/2013 15:27",2,"CO",96,443," "," ",2,0,0,0,0,0,0,0,0,0,0,1,0,0,0,0,0,999,"SANTO AMARO, AV",NA,"",34,"ITAIM BIBI",1,0,"SANTO AMARO, AV 2866 SAO PAULO SP",-23.6100703,-46.6772582
"1541","D011301502",11542,"NORDESTINA, AV",NA,"",6290,"","29/01/2013 16:00",4,"AT",68,346," "," ",0,1,0,0,0,0,0,0,0,0,0,0,0,0,0,0,0,11542,"NORDESTINA, AV",NA,"",76,"SAO MIGUEL",1,0,"NORDESTINA, AV 6290 SAO PAULO SP",-23.5317693,-46.4155019
"1543","D011300678",13172,"MARIA CANDIDA, RUA",3936,"CAMARES, RUA DOS",0,"","29/01/2013 16:05",4,"AT",9,658," "," ",0,0,0,0,0,0,0,0,0,0,0,1,0,0,0,0,0,3936,"CAMARES, RUA DOS",13172,"MARIA CANDIDA, RUA",88,"VILA GUILHERME",1,0,"MARIA CANDIDA, RUA SAO PAULO SP &  CAMARES, RUA DOS SAO PAULO SP",-23.503332,-46.6092835
"1545","D011300980",2444,"ASTORGA, RUA",NA,"",729,"","29/01/2013 16:44",4,"AT",21,329," "," ",0,0,1,0,0,0,0,0,0,0,0,0,0,0,0,0,0,2444,"ASTORGA, RUA",NA,"",93,"VILA MATILDE",1,0,"ASTORGA, RUA 729 SAO PAULO SP",-23.5303357,-46.5165287
"1546","D011301323",3509,"BELMIRA MARIN, AV DONA",NA,"",4000,"","29/01/2013 17:30",2,"CO",101,717," "," ",0,1,0,1,0,0,0,0,0,0,0,0,0,0,0,0,0,3509,"BELMIRA MARIN, AV DONA",NA,"",30,"GRAJAU",1,0,"BELMIRA MARIN, AV DONA 4000 SAO PAULO SP",-23.7552125,-46.6777888
"1547","D011301121",954,"AMADOR BUENO DA VEIGA, AV",NA,"",203,"","29/01/2013 18:20",2,"CO",11,1121," "," ",1,1,0,0,0,0,0,0,0,0,0,0,0,0,0,0,0,954,"AMADOR BUENO DA VEIGA, AV",NA,"",60,"PENHA",1,0,"AMADOR BUENO DA VEIGA, AV 203 SAO PAULO SP",-23.5229736,-46.5426776
"1548","D011301729",3509,"BELMIRA MARIN, AV DONA",NA,"",5000,"","29/01/2013 18:30",2,"CF",101,711,"C"," ",0,1,1,0,0,0,0,0,0,0,0,0,0,0,0,0,0,3509,"BELMIRA MARIN, AV DONA",NA,"",30,"GRAJAU",0,1,"BELMIRA MARIN, AV DONA 5000 SAO PAULO SP",-23.7562987,-46.6694393
"1550","D011300313",8944,"IBIRAPUERA, AV",NA,"",1162,"","29/01/2013 19:00",2,"CT",36,463," "," ",1,1,0,0,0,0,0,1,0,0,0,0,0,0,0,0,0,8944,"IBIRAPUERA, AV",NA,"",53,"MOEMA",1,0,"IBIRAPUERA, AV 1162 SAO PAULO SP",-23.5961622,-46.6554784
"1551","D011300085",14433,"NATANAEL, RUA MAJ",2271,"ARNALDO, AV DR",0,"","29/01/2013 19:00",2,"CO",4,827," "," ",0,1,0,0,0,0,0,0,0,0,0,1,0,0,0,0,0,2271,"ARNALDO, AV DR",14433,"NATANAEL, RUA MAJ",26,"CONSOLACAO",1,0,"NATANAEL, RUA MAJ SAO PAULO SP &  ARNALDO, AV DR SAO PAULO SP",-23.5541605,-46.6669735
"1552","D011300928",11073,"JOSE MARIA FERNANDES, AV",NA,"",302,"","29/01/2013 19:57",2,"CO",90,1019," "," ",2,0,0,0,0,0,0,0,0,0,0,0,0,0,0,0,0,11073,"JOSE MARIA FERNANDES, AV",NA,"",91,"VILA MARIA",1,0,"JOSE MARIA FERNANDES, AV 302 SAO PAULO SP",-23.5136597,-46.5678102
"1553","D011301061",8955,"IBITIRAMA, RUA",NA,"",2419,"","29/01/2013 20:30",2,"CO",56,621," "," ",2,0,0,0,0,0,0,0,0,0,0,1,0,0,0,0,0,8955,"IBITIRAMA, RUA",NA,"",95,"VILA PRUDENTE",1,0,"IBITIRAMA, RUA 2419 SAO PAULO SP",-23.600393,-46.5768611
"1554","D011300727",15093,"OSAKA, RUA",NA,"",1002,"","29/01/2013 22:10",2,"SI",19,893," "," ",1,0,0,0,0,0,0,0,0,0,0,0,0,0,0,1,0,15093,"OSAKA, RUA",NA,"",36,"ITAQUERA",1,0,"OSAKA, RUA 1002 SAO PAULO SP",-23.5051359,-46.5727099
"1555","D011301589",45265,"QUINTA SINFONIA, RUA",99564,"CONJUNTO SITIO DA CONCEICAO, RUA",0,"","29/01/2013 22:47",2,"CO",54,900013," "," ",1,1,0,0,0,0,0,0,0,0,0,0,0,0,0,0,0,45265,"QUINTA SINFONIA, RUA",99564,"CONJUNTO SITIO DA CONCEICAO, RUA",25,"CIDADE TIRADENT",1,0,"QUINTA SINFONIA, RUA SAO PAULO SP &  CONJUNTO SITIO DA CONCEICAO, RUA SAO PAULO SP",-23.5770803,-46.3929883
"1556","D011300412",8290,"GUALTER, AV S",NA,"",530,"","29/01/2013 23:12",2,"CO",14,928," "," ",2,0,0,0,0,0,0,0,0,0,0,0,0,0,0,0,0,8290,"GUALTER, AV S",NA,"",2,"ALTO DE PINHEIR",1,0,"GUALTER, AV S 530 SAO PAULO SP",-23.5399552,-46.7121959
"1557","D011300334",19981,"XAVIER, RUA CON",NA,"",25,"","29/01/2013 23:20",4,"AT",95,826," "," ",0,1,0,0,0,0,0,0,0,0,0,0,0,0,0,0,0,19981,"XAVIER, RUA CON",NA,"",18,"CANGAIBA",2,0,"XAVIER, RUA CON 25 SAO PAULO SP",-23.6069723,-46.5935945
"1558","D011301010",14178,"MONTE SERRAT, RUA",34122,"MELO FREIRE, RUA",0,"","30/01/2013 00:07",2,"CT",30,555," "," ",1,1,0,0,0,0,0,0,0,0,0,0,0,0,0,0,0,14178,"MONTE SERRAT, RUA",34122,"MELO FREIRE, RUA",82,"TATUAPE",1,0,"MONTE SERRAT, RUA SAO PAULO SP &  MELO FREIRE, RUA SAO PAULO SP",-23.5478352,-46.5605446
"1559","D011300197",2484,"ATLANTICA, RUA",6651,"ESTADOS UNIDOS, RUA",0,"","30/01/2013 01:40",2,"CO",78,793," "," ",1,1,0,0,0,0,0,0,0,0,0,0,0,0,0,0,0,2484,"ATLANTICA, RUA",6651,"ESTADOS UNIDOS, RUA",44,"JARDIM PAULISTA",1,0,"ATLANTICA, RUA SAO PAULO SP &  ESTADOS UNIDOS, RUA SAO PAULO SP",-23.5666363,-46.6761777
"1560","D011300135",543,"ALCANTARA MACHADO, AV",NA,"",2679,"","30/01/2013 06:57",2,"CL",8,753," "," ",1,1,0,0,0,0,0,0,0,0,0,0,0,0,0,0,0,543,"ALCANTARA MACHADO, AV",NA,"",10,"BRAS",2,0,"ALCANTARA MACHADO, AV 2679 SAO PAULO SP",-23.5462468,-46.5989679
"1561","D011300758",14767,"NOVA CANTAREIRA, AV",NA,"",291,"","30/01/2013 07:30",2,"CF",20,901,"C"," ",1,1,0,0,0,0,0,0,0,0,0,0,0,0,0,0,0,14767,"NOVA CANTAREIRA, AV",NA,"",83,"TREMEMBE",1,0,"NOVA CANTAREIRA, AV 291 SAO PAULO SP",-23.4876131,-46.6217352
"1562","D011301025",12783,"MANUEL BERNARDES, RUA PD",NA,"",165,"","30/01/2013 07:35",2,"CT",31,557," "," ",2,0,0,0,0,0,0,0,0,0,0,0,0,0,0,0,0,12783,"MANUEL BERNARDES, RUA PD",NA,"",20,"CARRAO",2,0,"MANUEL BERNARDES, RUA PD 165 SAO PAULO SP",-23.5486675,-46.528004