"","id_acidente","codloga","logradouroA","codlogb","logradouroB","alt_num","referencia","data","cod_acid","tipo_acidente","dp","numero_BO","sentido","pista","automovel","moto","onibus","caminhao","bicicleta","moto_taxi","onibus_fretado","onibus_urbano","microonibus","van","vuc","caminhonete","carreta","jipe","outros","sem_informacao","carroca","princ_a","paiA","princ_b","paiB","cod_distrito","distrito","vit_ferida","vit_morta","local","lat","lon"
"1563","D011300757",18151,"SEZEFREDO FAGUNDES, AV CEL",NA,"",1100,"","30/01/2013 07:40",2,"CH",20,898,"C"," ",1,1,0,0,0,0,0,0,0,0,0,0,0,0,0,0,0,18151,"SEZEFREDO FAGUNDES, AV CEL",NA,"",22,"CIDADE ADEMAR",1,0,"SEZEFREDO FAGUNDES, AV CEL 1100 SAO PAULO SP",-23.4522744,-46.6013306
"1564","D011300851",4819,"CESAR PENA RAMOS, RUA",4438,"JOAQUIM AFONSO DE SOUZA, RUA",0,"","30/01/2013 07:51",2,"SI",40,327," "," ",1,1,0,0,0,0,0,0,0,0,0,0,0,0,0,0,0,4438,"JOAQUIM AFONSO DE SOUZA, RUA",4819,"CESAR PENA RAMOS, RUA",21,"CASA VERDE",1,0,"CESAR PENA RAMOS, RUA SAO PAULO SP &  JOAQUIM AFONSO DE SOUZA, RUA SAO PAULO SP",-23.4894905,-46.6672933
"1566","D011300168",10485,"JOAO TEODORO, RUA",NA,"",438,"","30/01/2013 09:30",2,"CH",12,1000," "," ",1,0,0,0,0,0,0,0,0,0,0,0,0,0,0,0,0,10485,"JOAO TEODORO, RUA",NA,"",10,"BRAS",1,0,"JOAO TEODORO, RUA 438 SAO PAULO SP",-23.5336209,-46.6282868
"1567","D011301062",24338,"LUIZ IGNACIO ANHAIA MELLO, AV PROF",NA,"",4600,"","30/01/2013 12:30",4,"AT",56,649," "," ",1,0,0,0,0,0,0,0,0,0,0,0,0,0,0,0,0,24338,"LUIZ IGNACIO ANHAIA MELLO, AV PROF",NA,"",26,"CONSOLACAO",1,0,"LUIZ IGNACIO ANHAIA MELLO, AV PROF 4600 SAO PAULO SP",-23.5859813,-46.58934
"1568","D011301625",8715,"HENRIQUE SCHURIG, RUA",NA,"",100,"","30/01/2013 12:30",4,"AT",66,519," "," ",1,0,0,0,0,0,0,0,0,0,0,0,0,0,0,0,0,8715,"HENRIQUE SCHURIG, RUA",NA,"",24,"CIDADE LIDER",1,0,"HENRIQUE SCHURIG, RUA 100 SAO PAULO SP",-23.5508279,-46.5004569
"1569","D011301358",18139,"SEVERINA LEOPOLDINA DE SOUSA, RUA",NA,"",44,"","30/01/2013 12:35",2,"CO",22,544," "," ",1,0,0,0,1,0,0,0,0,0,0,0,0,0,0,0,0,18139,"SEVERINA LEOPOLDINA DE SOUSA, RUA",NA,"",53,"MOEMA",1,0,"SEVERINA LEOPOLDINA DE SOUSA, RUA 44 SAO PAULO SP",-23.493602,-46.4392584
"1570","D011301026",7974,"GIL PINHEIRO, RUA COMEN",NA,"",381,"","30/01/2013 12:39",4,"AT",31,900038," "," ",0,0,1,0,0,0,0,0,0,0,0,0,0,0,0,0,0,7974,"GIL PINHEIRO, RUA COMEN",NA,"",20,"CARRAO",1,0,"GIL PINHEIRO, RUA COMEN 381 SAO PAULO SP",-23.5412215,-46.5449197
"1572","D011301173",16151,"JOAO GOULART, AV PRES",NA,"",100,"","30/01/2013 13:10",2,"CO",48,400," "," ",1,1,0,0,0,0,0,0,0,0,0,0,0,0,0,0,0,16151,"JOAO GOULART, AV PRES",NA,"",32,"IGUATEMI",1,0,"JOAO GOULART, AV PRES 100 SAO PAULO SP",-23.7203417,-46.6975829
"1575","D011301290",6238,"NACOES UNIDAS, AV DAS",NA,"",22500,"","30/01/2013 14:05",2,"CL",99,436," "," ",1,1,0,0,0,0,0,0,0,0,0,0,0,0,0,0,0,13014,"MARGINAL DO RIO PINHEIROS, AV",NA,"",90,"VILA LEOPOLDINA",1,0,"NACOES UNIDAS, AV DAS 22500 SAO PAULO SP",-23.6791496,-46.6960547
"1576","D011300116",3658,"BRIGIDA, RUA DONA",1148,"ANA, RUA DONA",0,"","30/01/2013 14:10",2,"CL",6,562," "," ",1,1,0,0,0,0,0,0,0,0,0,0,0,0,0,0,0,1148,"ANA, RUA DONA",3658,"BRIGIDA, RUA DONA",92,"VILA MARIANA",1,0,"BRIGIDA, RUA DONA SAO PAULO SP &  ANA, RUA DONA SAO PAULO SP",-23.5828834,-46.6299189
"1578","D011301161",17772,"SANT'ANNA, AV COMEN",NA,"",650,"","30/01/2013 14:10",2,"CO",47,1264," "," ",1,1,0,0,0,0,0,0,0,0,0,0,0,0,0,0,0,17772,"SANT'ANNA, AV COMEN",NA,"",29,"FREGUESIA DO O",1,0,"SANT'ANNA, AV COMEN 650 SAO PAULO SP",-23.5186813,-46.6999583
"1579","D011301120",19152,"TREZE DE MAIO, LGO",NA,"",468,"","30/01/2013 14:26",2,"QD",11,1118," "," ",0,0,0,0,0,0,0,1,0,0,0,0,0,0,0,0,0,19152,"TREZE DE MAIO, LGO",NA,"",29,"FREGUESIA DO O",1,0,"TREZE DE MAIO, LGO 468 SAO PAULO SP",-23.5573707,-46.6465522
"1580","D011301486",72808,"GERONIMO BARBOSA DA SILVA, RUA",NA,"",72,"","30/01/2013 14:30",2,"CO",67,311," "," ",1,0,0,0,1,0,0,0,0,0,0,0,0,0,0,0,0,72808,"GERONIMO BARBOSA DA SILVA, RUA",NA,"",50,"LIMAO",1,0,"GERONIMO BARBOSA DA SILVA, RUA 72 SAO PAULO SP",-23.5153895,-46.4082776
"1581","D011300357",12436,"MACEDO SOARES, AV EMB",NA,"",190,"","30/01/2013 14:43",2,"CO",7,200," "," ",0,1,0,0,0,0,0,0,0,0,0,1,0,0,0,0,0,29772,"MARGINAL DO RIO TIETE, AV",NA,"",48,"LAPA",1,0,"MACEDO SOARES, AV EMB 190 SAO PAULO SP",-23.5186195,-46.7431024
"1583","D011300298",2235,"ARMANDO DE ARRUDA PEREIRA, AV ENG",NA,"",1532,"","30/01/2013 15:40",2,"CO",35,965," "," ",1,1,0,0,0,0,0,0,0,0,0,0,0,0,0,0,0,2235,"ARMANDO DE ARRUDA PEREIRA, AV ENG",NA,"",37,"JABAQUARA",1,0,"ARMANDO DE ARRUDA PEREIRA, AV ENG 1532 SAO PAULO SP",-23.6410814,-46.641493
"1585","D011300596",16838,"RAIMUNDO PEREIRA DE MAGAL., AV",NA,"",3200,"","30/01/2013 16:00",2,"SI",87,529," "," ",1,1,0,0,0,0,0,0,0,0,0,0,0,0,0,0,0,16838,"RAIMUNDO PEREIRA DE MAGAL., AV",NA,"",31,"GUAIANASES",1,0,"RAIMUNDO PEREIRA DE MAGAL., AV 3200 SAO PAULO SP",-23.4972284,-46.726253
"1586","D011300279",8944,"IBIRAPUERA, AV",5455,"COTOVIA, AV",0,"","30/01/2013 16:00",2,"CO",27,1073," "," ",2,0,0,0,0,0,0,0,0,0,0,0,0,0,0,0,0,5455,"COTOVIA, AV",8944,"IBIRAPUERA, AV",53,"MOEMA",1,0,"IBIRAPUERA, AV SAO PAULO SP &  COTOVIA, AV SAO PAULO SP",-23.6014353,-46.6601288
"1587","D011300458",1232,"ANASTACIO, AV DO",NA,"",890,"","30/01/2013 17:00",2,"CT",33,942," "," ",1,1,0,0,0,0,0,0,0,0,0,0,0,0,0,0,0,1232,"ANASTACIO, AV DO",NA,"",73,"SAO DOMINGOS",1,0,"ANASTACIO, AV DO 890 SAO PAULO SP",-23.5004879,-46.7338427
"1588","D011300282",3583,"TULIO TEODORO DE CAMPOS, AV",NA,"",55,"","30/01/2013 17:40",2,"CO",27,900020," "," ",0,2,0,0,0,0,0,0,0,0,0,0,0,0,0,0,0,3583,"TULIO TEODORO DE CAMPOS, AV",NA,"",37,"JABAQUARA",1,0,"TULIO TEODORO DE CAMPOS, AV 55 SAO PAULO SP",-23.638795,-46.6624394
"1590","D011301549",9044,"RAGUEB CHOHFI, AV",NA,"",3800,"","30/01/2013 17:55",2,"QD",49,1746," "," ",0,0,0,0,0,0,0,0,1,0,0,0,0,0,0,0,0,9044,"RAGUEB CHOHFI, AV",NA,"",32,"IGUATEMI",1,0,"RAGUEB CHOHFI, AV 3800 SAO PAULO SP",-23.5948477,-46.4491392
"1591","D011301663",15032,"ORATORIO, AV DO",61002,"CAMILO HADDAD, RUA DR",0,"","30/01/2013 18:00",2,"CO",70,1015," "," ",0,1,0,0,0,0,0,0,0,0,0,1,0,0,0,0,0,15032,"ORATORIO, AV DO",61002,"CAMILO HADDAD, RUA DR",74,"SAO LUCAS",1,0,"ORATORIO, AV DO SAO PAULO SP &  CAMILO HADDAD, RUA DR SAO PAULO SP",-23.5978656,-46.5401521
"1592","D011301241",4754,"AGOSTINHO RUBIN, AV",NA,"",530,"","30/01/2013 18:14",4,"AT",92,668," "," ",1,0,0,0,0,0,0,0,0,0,0,0,0,0,0,0,0,4754,"AGOSTINHO RUBIN, AV",NA,"",19,"CAPAO REDONDO",1,0,"AGOSTINHO RUBIN, AV 530 SAO PAULO SP",-23.6568894,-46.7617484
"1594","D011300910",6361,"ELISIO TEIXEIRA LEITE, AV",NA,"",6300,"","30/01/2013 18:30",2,"CF",74,346," "," ",1,1,0,0,0,0,0,0,0,0,0,0,0,0,0,0,0,6361,"ELISIO TEIXEIRA LEITE, AV",NA,"",29,"FREGUESIA DO O",2,0,"ELISIO TEIXEIRA LEITE, AV 6300 SAO PAULO SP",-23.4472909,-46.7170115
"1595","D011300235",3454,"BOM PASTOR, RUA",14211,"MONUMENTO, PCA",0,"","30/01/2013 18:30",2,"CO",17,580," "," ",1,1,0,0,0,0,0,0,0,0,0,0,0,0,0,0,0,3454,"BOM PASTOR, RUA",14211,"MONUMENTO, PCA",NA,"",1,0,"BOM PASTOR, RUA SAO PAULO SP &  MONUMENTO, PCA SAO PAULO SP",-23.5910882,-46.6070284
"1596","D011300445",7491,"FRANCISCO MATARAZZO, AV",NA,"",3000,"","30/01/2013 19:00",2,"CO",23,745," "," ",1,1,0,0,0,0,0,1,0,0,0,0,0,0,0,0,0,7491,"FRANCISCO MATARAZZO, AV",NA,"",6,"BARRA FUNDA",1,0,"FRANCISCO MATARAZZO, AV 3000 SAO PAULO SP",-23.5254785,-46.6815499
"1597","D011300838",17339,"ROLAND GARROS, AV",NA,"",671,"","30/01/2013 19:10",2,"CO",39,505," "," ",2,1,0,0,0,0,0,0,0,0,0,0,0,0,0,0,0,17339,"ROLAND GARROS, AV",NA,"",22,"CIDADE ADEMAR",1,0,"ROLAND GARROS, AV 671 SAO PAULO SP",-23.4804564,-46.5811637
"1598","D011301011",7974,"GIL PINHEIRO, RUA COMEN",NA,"",401,"","30/01/2013 19:16",4,"AT",30,567," "," ",0,1,0,0,0,0,0,0,0,0,0,0,0,0,0,0,0,7974,"GIL PINHEIRO, RUA COMEN",NA,"",20,"CARRAO",3,0,"GIL PINHEIRO, RUA COMEN 401 SAO PAULO SP",-23.5413126,-46.5446902
"1599","D011300628",7841,"GAVIAO PEIXOTO, RUA BRIG",NA,"",840,"","30/01/2013 19:30",2,"CO",91,202," "," ",1,1,0,0,0,0,0,0,0,0,0,0,0,0,0,0,0,7841,"GAVIAO PEIXOTO, RUA BRIG",NA,"",48,"LAPA",1,0,"GAVIAO PEIXOTO, RUA BRIG 840 SAO PAULO SP",-23.5235509,-46.7174436
"1600","D011301083",6371,"ELISABETH DE ROBIANO, AV CDSSA",NA,"",1000,"","30/01/2013 19:40",2,"CO",81,279," "," ",1,2,0,0,0,0,0,0,0,0,0,1,0,0,0,0,0,29772,"MARGINAL DO RIO TIETE, AV",NA,"",82,"TATUAPE",1,0,"ELISABETH DE ROBIANO, AV CDSSA 1000 SAO PAULO SP",-23.5076424,-46.5495997
"1601","D011300964",4157,"CANUTO SARAIVA, RUA",16794,"RAFAEL, LGO S",0,"","30/01/2013 19:40",2,"CO",18,196," "," ",1,1,0,0,0,0,0,0,0,0,0,0,0,0,0,0,0,4157,"CANUTO SARAIVA, RUA",17501,"RUBIAO JUNIOR, AL",54,"MOOCA",1,0,"CANUTO SARAIVA, RUA SAO PAULO SP &  RAFAEL, LGO S SAO PAULO SP",-23.5626672,-46.6021929
"1602","D011300373",6922,"FAUSTOLO, RUA",8267,"GUAICURUS, RUA",0,"","30/01/2013 19:52",2,"CL",7,744," "," ",1,1,0,0,0,0,0,0,0,0,0,0,0,0,0,0,0,9136,"INCONFIDENTES, PCA DOS",13417,"MARINA, AV STA",48,"LAPA",1,0,"FAUSTOLO, RUA SAO PAULO SP &  GUAICURUS, RUA SAO PAULO SP",-23.5240653,-46.6875593
"1603","D011301012",18071,"SERRA DE JAPI, RUA",18067,"SERRA DE BOTUCATU, RUA",0,"","30/01/2013 20:00",2,"CO",30,569," "," ",1,0,0,1,0,0,0,0,0,0,0,0,0,0,0,0,0,18067,"SERRA DE BOTUCATU, RUA",18071,"SERRA DE JAPI, RUA",82,"TATUAPE",2,0,"SERRA DE JAPI, RUA SAO PAULO SP &  SERRA DE BOTUCATU, RUA SAO PAULO SP",-23.5392387,-46.570409
"1604","D011300117",6116,"DUARTE LEOPOLDO, RUA DOM",14977,"OLIVEIRA LIMA, RUA",0,"","30/01/2013 20:10",2,"CO",6,565," "," ",1,1,0,0,0,0,0,0,0,0,0,0,0,0,0,0,0,6116,"DUARTE LEOPOLDO, RUA DOM",14977,"OLIVEIRA LIMA, RUA",14,"CAMBUCI",1,0,"DUARTE LEOPOLDO, RUA DOM SAO PAULO SP &  OLIVEIRA LIMA, RUA SAO PAULO SP",-23.5706133,-46.6220246
"1605","D011300759",18151,"SEZEFREDO FAGUNDES, AV CEL",NA,"",15500,"","30/01/2013 20:30",2,"CO",20,929," "," ",2,0,0,0,0,0,0,0,0,0,0,0,0,0,0,0,0,18151,"SEZEFREDO FAGUNDES, AV CEL",NA,"",22,"CIDADE ADEMAR",1,0,"SEZEFREDO FAGUNDES, AV CEL 15500 SAO PAULO SP",-23.4141439,-46.5829791
"1606","D011300020",8024,"GLICERIO, RUA",NA,"",20,"","30/01/2013 20:37",4,"AT",1,773," "," ",0,0,0,1,0,0,0,0,0,0,0,0,0,0,0,0,0,8024,"GLICERIO, RUA",NA,"",80,"SE",1,0,"GLICERIO, RUA 20 SAO PAULO SP",-23.5068127,-46.4766911
"1608","D011301382",9632,"ITINGUCU, RUA",18012,"SERAPIAO, RUA S",0,"","30/01/2013 22:35",2,"CO",24,1078,"B"," ",2,0,0,0,0,0,0,0,0,0,0,0,0,0,0,0,0,9632,"ITINGUCU, RUA",18012,"SERAPIAO, RUA S",60,"PENHA",1,0,"ITINGUCU, RUA SAO PAULO SP &  SERAPIAO, RUA S SAO PAULO SP",-23.5270874,-46.5021154
"1609","D011301381",13881,"MIGUEL, AV S",NA,"",2097,"","30/01/2013 22:40",2,"CT",24,1073,"B"," ",3,0,0,0,0,0,0,0,0,0,0,0,0,0,0,0,0,13881,"MIGUEL, AV S",NA,"",65,"PONTE RASA",2,0,"MIGUEL, AV S 2097 SAO PAULO SP",-23.5115982,-46.5108951
"1610","D011301608",17824,"SAPOPEMBA, AV",NA,"",16408,"","30/01/2013 23:30",2,"CT",55,1487," "," ",0,1,0,1,0,0,0,0,0,0,0,0,0,0,0,0,0,17824,"SAPOPEMBA, AV",NA,"",33,"IPIRANGA",1,0,"SAPOPEMBA, AV 16408 SAO PAULO SP",-23.622573,-46.4473263
"1611","D011301567",60675,"AFONSO DE SAMPAIO E SOUSA, AV",NA,"",1,"","31/01/2013 03:45",2,"CH",53,659," "," ",1,0,0,0,0,0,0,0,0,0,0,0,0,0,0,0,0,60675,"AFONSO DE SAMPAIO E SOUSA, AV",NA,"",51,"MANDAQUI",1,0,"AFONSO DE SAMPAIO E SOUSA, AV 1 SAO PAULO SP",-23.5625103,-46.4658408
"1612","D011301242",8368,"GUARAPIRANGA, AV",NA,"",2000,"","31/01/2013 05:30",2,"CL",92,689," "," ",0,1,1,0,0,0,0,0,0,0,0,0,0,0,0,0,0,8368,"GUARAPIRANGA, AV",NA,"",45,"JARDIM SAO LUIS",1,0,"GUARAPIRANGA, AV 2000 SAO PAULO SP",-23.6677904,-46.7320677
"1614","D011301352",2952,"JOAO NICARIO ELEUTERIO, RUA",11617,"PEDRO GOMES PEREIRA, RUA",0,"","31/01/2013 06:00",2,"CO",22,357," "," ",2,0,0,0,0,0,0,0,0,0,0,0,0,0,0,0,0,2952,"JOAO NICARIO ELEUTERIO, RUA",11617,"PEDRO GOMES PEREIRA, RUA",76,"SAO MIGUEL",1,0,"JOAO NICARIO ELEUTERIO, RUA SAO PAULO SP &  PEDRO GOMES PEREIRA, RUA SAO PAULO SP",-23.5095477,-46.4348997
"1615","D011300223",17478,"RUBEM BERTA, AV",16200,"PIASSANGUABA, AV",0,"","31/01/2013 06:17",2,"SI",16,1381," "," ",1,1,0,0,0,0,0,0,0,0,0,0,0,0,0,0,0,16200,"PIASSANGUABA, AV",17478,"RUBEM BERTA, AV",NA,"",2,0,"RUBEM BERTA, AV SAO PAULO SP &  PIASSANGUABA, AV SAO PAULO SP",-23.6004322,-46.6511423
"1616","D011300459",33234,"MARGINAL DIREITA DO TIETE, AV",NA,"",15,"","31/01/2013 06:40",2,"CO",33,958," "," ",1,1,0,0,0,0,0,0,0,0,0,0,0,0,0,0,0,29772,"MARGINAL DO RIO TIETE, AV",NA,"",39,"JAGUARA",2,0,"MARGINAL DIREITA DO TIETE, AV 15 SAO PAULO SP",-23.5168929,-46.7408098
"1618","D011301204",15507,"TEOTONIO VILELA, AV SEN",NA,"",4029,"","31/01/2013 07:00",4,"AT",85,637," "," ",0,1,0,0,0,0,0,0,0,0,0,0,0,0,0,0,0,15507,"TEOTONIO VILELA, AV SEN",NA,"",23,"CIDADE DUTRA",1,0,"TEOTONIO VILELA, AV SEN 4029 SAO PAULO SP",-23.7353001,-46.6990171
"1619","D011301137",5606,"CUPECE, AV",NA,"",4209,"","31/01/2013 07:28",2,"CO",43,423," "," ",0,0,0,0,1,0,0,0,0,0,0,1,0,0,0,0,0,5606,"CUPECE, AV",NA,"",22,"CIDADE ADEMAR",1,0,"CUPECE, AV 4209 SAO PAULO SP",-23.6720103,-46.6451848
"1621","D011301479",9580,"ITAQUERA, AV",NA,"",7144,"","31/01/2013 07:59",2,"CF",65,347," "," ",0,1,0,0,0,0,0,0,1,0,0,0,0,0,0,0,0,9580,"ITAQUERA, AV",NA,"",24,"CIDADE LIDER",1,0,"ITAQUERA, AV 7144 SAO PAULO SP",-23.548286,-46.4615384
"1622","D011300198",15656,"PAULISTA, AV",NA,"",2421,"","31/01/2013 08:00",4,"AT",78,818," "," ",1,0,0,0,0,0,0,0,0,0,0,0,0,0,0,0,0,15656,"PAULISTA, AV",NA,"",7,"BELA VISTA",1,0,"PAULISTA, AV 2421 SAO PAULO SP",-23.5565668,-46.6623773
"1623","D011301324",3509,"BELMIRA MARIN, AV DONA",NA,"",2040,"","31/01/2013 08:15",2,"CT",101,751," "," ",1,1,0,0,0,0,0,0,0,0,0,0,0,0,0,0,0,3509,"BELMIRA MARIN, AV DONA",NA,"",30,"GRAJAU",1,0,"BELMIRA MARIN, AV DONA 2040 SAO PAULO SP",-23.7466493,-46.6880583
"1624","D011301455",9806,"PIRES DO RIO, AV",9084,"IMPERADOR, ES DO",0,"","31/01/2013 08:20",4,"AT",63,801,"B"," ",1,0,0,0,0,0,0,0,0,0,0,0,0,0,0,0,0,9084,"IMPERADOR, ES DO",9806,"PIRES DO RIO, AV",89,"VILA JACUI",1,0,"PIRES DO RIO, AV SAO PAULO SP &  IMPERADOR, ES DO SAO PAULO SP",-23.5173451,-46.443657
"1625","D011301123",6337,"ELIAS ZARZUR, RUA COMEN",11350,"ALEXANDRE DUMAS, RUA",0,"","31/01/2013 08:52",2,"CO",11,1147," "," ",1,1,0,0,0,0,0,0,0,0,0,0,0,0,0,0,0,6337,"ELIAS ZARZUR, RUA COMEN",11350,"ALEXANDRE DUMAS, RUA",72,"SANTO AMARO",1,0,"ELIAS ZARZUR, RUA COMEN SAO PAULO SP &  ALEXANDRE DUMAS, RUA SAO PAULO SP",-23.6510504,-46.701594
"1626","D011301084",6371,"ELISABETH DE ROBIANO, AV CDSSA",NA,"",100,"","31/01/2013 09:40",2,"QM",81,284," "," ",0,1,0,0,0,0,0,0,0,0,0,0,0,0,0,0,0,29772,"MARGINAL DO RIO TIETE, AV",NA,"",82,"TATUAPE",2,0,"ELISABETH DE ROBIANO, AV CDSSA 100 SAO PAULO SP",-23.5076424,-46.5495997
"1629","D011301627",17135,"RIO DAS PEDRAS, AV",NA,"",4170,"","31/01/2013 09:57",2,"QM",66,523," "," ",0,1,0,0,0,0,0,0,0,0,0,0,0,0,0,0,0,17135,"RIO DAS PEDRAS, AV",NA,"",27,"CURSINO",1,0,"RIO DAS PEDRAS, AV 4170 SAO PAULO SP",-23.5839143,-46.4934628
"1630","D011301203",61142,"ROQUE DO PARAGUACU, RUA S",NA,"",335,"","31/01/2013 10:34",4,"AT",85,579," "," ",1,0,0,0,0,0,0,0,0,0,0,0,0,0,0,0,0,61142,"ROQUE DO PARAGUACU, RUA S",NA,"",32,"IGUATEMI",1,0,"ROQUE DO PARAGUACU, RUA S 335 SAO PAULO SP",-23.7440583,-46.704872
"1631","D011300880",3771,"INAJAR DE SOUZA, AV",NA,"",5180,"","31/01/2013 10:45",4,"AT",72,928," "," ",0,1,0,0,0,0,0,0,0,0,0,0,0,0,0,0,0,3771,"INAJAR DE SOUZA, AV",NA,"",50,"LIMAO",1,0,"INAJAR DE SOUZA, AV 5180 SAO PAULO SP",-23.4685318,-46.6700817
"1633","D011301500",16679,"PUCCI, RUA CAP",NA,"",10,"","31/01/2013 11:00",4,"AT",68,337," "," ",0,1,0,0,0,0,0,0,0,0,0,0,0,0,0,0,0,16679,"PUCCI, RUA CAP",NA,"",50,"LIMAO",3,0,"PUCCI, RUA CAP 10 SAO PAULO SP",-23.5433052,-46.4109017
"1634","D011300711",9078,"IMIRIM, AV",NA,"",1298,"","31/01/2013 11:00",4,"AT",13,1034," "," ",0,1,0,0,0,0,0,0,0,0,0,0,0,0,0,0,0,9078,"IMIRIM, AV",NA,"",71,"SANTANA",1,0,"IMIRIM, AV 1298 SAO PAULO SP",-23.4938752,-46.6468223
"1636","D011301292",6238,"NACOES UNIDAS, AV DAS",NA,"",22000,"","31/01/2013 11:56",2,"CO",99,457," "," ",1,0,0,0,0,0,0,0,0,0,0,0,0,0,0,0,0,13014,"MARGINAL DO RIO PINHEIROS, AV",NA,"",90,"VILA LEOPOLDINA",1,0,"NACOES UNIDAS, AV DAS 22000 SAO PAULO SP",-23.6791495,-46.6960563
"1638","D011300808",15426,"PARADA PINTO, AV",9170,"INES, AV STA",0,"","31/01/2013 12:10",4,"AT",38,574," "," ",1,0,0,0,0,0,0,0,0,0,0,0,0,0,0,0,0,9170,"INES, AV STA",15426,"PARADA PINTO, AV",51,"MANDAQUI",1,0,"PARADA PINTO, AV SAO PAULO SP &  INES, AV STA SAO PAULO SP",-23.4694786,-46.6646692
"1639","D011300486",14267,"MORUMBI, AV",NA,"",8411,"","31/01/2013 13:00",2,"CO",34,631," "," ",1,1,0,0,0,0,0,0,0,0,0,0,0,0,0,0,0,14267,"MORUMBI, AV",NA,"",55,"MORUMBI",1,0,"MORUMBI, AV 8411 SAO PAULO SP",-23.6212615,-46.689387
"1640","D011300413",18813,"TEODORO SAMPAIO, RUA",NA,"",2457,"","31/01/2013 13:30",4,"AT",14,978," "," ",1,0,0,0,0,0,0,0,0,0,0,0,0,0,0,0,0,18813,"TEODORO SAMPAIO, RUA",NA,"",20,"CARRAO",1,0,"TEODORO SAMPAIO, RUA 2457 SAO PAULO SP",-23.5661381,-46.6915841
"1641","D011301040",27094,"SALIM FARAH MALUF, AV",4736,"CELSO GARCIA, AV",0,"","31/01/2013 13:30",2,"CO",52,301," "," ",0,1,0,1,0,0,0,0,0,0,0,0,0,0,0,0,0,4736,"CELSO GARCIA, AV",27094,"SALIM FARAH MALUF, AV",8,"BELEM",1,0,"SALIM FARAH MALUF, AV SAO PAULO SP &  CELSO GARCIA, AV SAO PAULO SP",-23.5555392,-46.5773751
"1642","D011300053",19996,"XAVIER DE TOLEDO, RUA CEL",NA,"",23,"","31/01/2013 14:40",4,"AT",3,945," "," ",0,1,0,0,0,0,0,0,0,0,0,0,0,0,0,0,0,19996,"XAVIER DE TOLEDO, RUA CEL",NA,"",0,"NULL",1,0,"XAVIER DE TOLEDO, RUA CEL 23 SAO PAULO SP",-23.5464646,-46.6389865
"1643","D011300965",15304,"PAES DE BARROS, AV",NA,"",3937,"","31/01/2013 14:50",2,"CL",18,207," "," ",1,1,0,0,0,0,0,0,0,0,0,0,0,0,0,0,0,15304,"PAES DE BARROS, AV",NA,"",16,"CAMPO GRANDE",1,0,"PAES DE BARROS, AV 3937 SAO PAULO SP",-23.5845749,-46.5864036
"1647","D011300713",17799,"SANTOS DUMONT, AV",6781,"EULALIA, RUA STA",0,"","31/01/2013 15:35",4,"AT",13,1047," "," ",0,0,0,0,0,0,0,0,0,0,0,1,0,0,0,0,0,6781,"EULALIA, RUA STA",17799,"SANTOS DUMONT, AV",71,"SANTANA",1,0,"SANTOS DUMONT, AV SAO PAULO SP &  EULALIA, RUA STA SAO PAULO SP",-23.5257861,-46.6307889
"1648","D011300302",4596,"CATARINA, AV STA",NA,"",1199,"","31/01/2013 15:56",2,"CO",35,1000," "," ",1,1,0,0,0,0,0,0,0,0,0,0,0,0,0,0,0,4596,"CATARINA, AV STA",NA,"",37,"JABAQUARA",1,0,"CATARINA, AV STA 1199 SAO PAULO SP",-23.6457958,-46.6637794
"1649","D011300994",27094,"SALIM FARAH MALUF, AV",NA,"",5587,"","31/01/2013 16:40",2,"CO",29,296," "," ",1,1,0,0,0,0,0,0,0,0,0,0,0,0,0,0,0,27094,"SALIM FARAH MALUF, AV",NA,"",82,"TATUAPE",1,0,"SALIM FARAH MALUF, AV 5587 SAO PAULO SP",-23.5783987,-46.5715366
"1650","D011300576",16878,"RAPOSO TAVARES, VIA",NA,"",14800,"","31/01/2013 16:45",2,"CO",75,398," "," ",1,1,0,0,0,0,0,0,0,0,0,0,0,0,0,0,0,16878,"RAPOSO TAVARES, VIA",NA,"",13,"CACHOEIRINHA",1,0,"RAPOSO TAVARES, VIA 14800 SAO PAULO SP",-23.5256131,-48.4765329
"1651","D011300215",66,"ABRAAO DE MORAIS, AV PROF",17083,"RICARDO JAFET, AV DR",0,"","31/01/2013 16:55",2,"CL",16,871," "," ",0,1,0,0,0,0,0,0,0,0,0,0,0,0,0,1,0,66,"ABRAAO DE MORAIS, AV PROF",17083,"RICARDO JAFET, AV DR",79,"SAUDE",1,0,"ABRAAO DE MORAIS, AV PROF SAO PAULO SP &  RICARDO JAFET, AV DR SAO PAULO SP",-23.6072122,-46.6270066
"1652","D011301560",6927,"HARRY DANHENBERG, RUA",NA,"",966,"","31/01/2013 17:00",4,"AT",53,341," "," ",1,0,0,0,0,0,0,0,0,0,0,0,0,0,0,0,0,6927,"HARRY DANHENBERG, RUA",NA,"",24,"CIDADE LIDER",1,0,"HARRY DANHENBERG, RUA 966 SAO PAULO SP",-22.8198472,-47.2720867
"1653","D011300118",6642,"ESTADO, AV DO",NA,"",5814,"","31/01/2013 17:01",2,"CO",6,582," "," ",0,1,0,0,0,0,0,0,0,0,0,2,0,0,0,0,0,6642,"ESTADO, AV DO",NA,"",9,"BOM RETIRO",1,0,"ESTADO, AV DO 5814 SAO PAULO SP",-23.5471748,-46.629431
"1654","D011301272",5606,"CUPECE, AV",NA,"",5832,"","31/01/2013 17:30",4,"AT",98,1239," "," ",0,1,0,0,0,0,0,0,0,0,0,0,0,0,0,0,0,5606,"CUPECE, AV",NA,"",22,"CIDADE ADEMAR",2,0,"CUPECE, AV 5832 SAO PAULO SP",-23.6829424,-46.6354723