"","id_acidente","codloga","logradouroA","codlogb","logradouroB","alt_num","referencia","data","cod_acid","tipo_acidente","dp","numero_BO","sentido","pista","automovel","moto","onibus","caminhao","bicicleta","moto_taxi","onibus_fretado","onibus_urbano","microonibus","van","vuc","caminhonete","carreta","jipe","outros","sem_informacao","carroca","princ_a","paiA","princ_b","paiB","cod_distrito","distrito","vit_ferida","vit_morta","local","lat","lon"
"1655","D011301730",15598,"PATENTE, AV",NA,"",59,"","31/01/2013 18:00",4,"AT",95,320," "," ",1,0,0,0,0,0,0,0,0,0,0,0,0,0,0,0,0,15598,"PATENTE, AV",NA,"",69,"SACOMA",0,1,"PATENTE, AV 59 SAO PAULO SP",-23.6228676,-46.5860946
"1656","D011300444",38857,"NICOLAS BOER, AV",6471,"SAO VICENTE, AV MARQ DE",0,"","31/01/2013 18:06",2,"QM",23,559," "," ",0,1,0,0,0,0,0,0,0,0,0,0,0,0,0,0,0,6471,"SAO VICENTE, AV MARQ DE",38857,"NICOLAS BOER, AV",6,"BARRA FUNDA",1,0,"NICOLAS BOER, AV SAO PAULO SP &  SAO VICENTE, AV MARQ DE SAO PAULO SP",-23.5163421,-46.6796672
"1657","D011300681",4219,"ZAKI NARCHI, AV",NA,"",600,"","31/01/2013 18:30",2,"CO",9,954," "," ",1,1,0,0,0,0,0,0,0,0,0,0,0,0,0,0,0,4219,"ZAKI NARCHI, AV",NA,"",88,"VILA GUILHERME",1,0,"ZAKI NARCHI, AV 600 SAO PAULO SP",-23.5101497,-46.6185761
"1658","D011300728",8478,"GUILHERME COTCHING, AV",NA,"",681,"","31/01/2013 18:40",4,"AT",19,959," "," ",1,0,0,0,0,0,0,0,0,0,0,0,0,0,0,0,0,8478,"GUILHERME COTCHING, AV",NA,"",91,"VILA MARIA",1,0,"GUILHERME COTCHING, AV 681 SAO PAULO SP",-23.5223946,-46.592981
"1659","D011300814",9170,"INES, AV STA",NA,"",1885,"","31/01/2013 18:50",4,"AT",38,951," "," ",0,1,0,0,0,0,0,0,0,0,0,0,0,0,0,0,0,9170,"INES, AV STA",NA,"",51,"MANDAQUI",1,0,"INES, AV STA 1885 SAO PAULO SP",-23.456645,-46.6490756
"1660","D011301526",5457,"COUTINHO E MELO, RUA",NA,"",10,"","31/01/2013 18:52",4,"AT",44,344," "," ",1,0,0,0,0,0,0,0,0,0,0,0,0,0,0,0,0,5457,"COUTINHO E MELO, RUA",NA,"",31,"GUAIANASES",1,0,"COUTINHO E MELO, RUA 10 SAO PAULO SP",-23.5468142,-46.4090938
"1661","D011300414",16919,"REBOUCAS, AV",15114,"OSCAR FREIRE, RUA",0,"","31/01/2013 18:55",4,"AT",14,988," "," ",0,1,0,0,0,0,0,0,0,0,0,0,0,0,0,0,0,15114,"OSCAR FREIRE, RUA",16919,"REBOUCAS, AV",44,"JARDIM PAULISTA",1,0,"REBOUCAS, AV SAO PAULO SP &  OSCAR FREIRE, RUA SAO PAULO SP",-23.5666153,-46.6829404
"1662","D011301335",8368,"GUARAPIRANGA, AV",NA,"",76,"","31/01/2013 19:00",4,"AT",102,345," "," ",0,0,1,0,0,0,0,0,0,0,0,0,0,0,0,0,0,8368,"GUARAPIRANGA, AV",NA,"",45,"JARDIM SAO LUIS",1,0,"GUARAPIRANGA, AV 76 SAO PAULO SP",-23.6691174,-46.7338013
"1663","D011300922",9774,"JACI TOLEDO, RUA",7444,"FRANCISCO FRANCO MACHADO, RUA",0,"","31/01/2013 19:15",2,"CO",90,408," "," ",2,1,0,0,0,0,0,0,0,0,0,0,0,0,0,0,0,7444,"FRANCISCO FRANCO MACHADO, RUA",9774,"JACI TOLEDO, RUA",94,"VILA MEDEIROS",1,0,"JACI TOLEDO, RUA SAO PAULO SP &  FRANCISCO FRANCO MACHADO, RUA SAO PAULO SP",-23.490002,-46.5724535
"1664","D011300280",19692,"VIEIRA DE MORAIS, RUA",NA,"",922,"","31/01/2013 19:21",2,"CO",27,1111," "," ",0,1,0,0,0,0,0,0,0,0,0,1,0,0,0,0,0,19692,"VIEIRA DE MORAIS, RUA",NA,"",30,"GRAJAU",1,0,"VIEIRA DE MORAIS, RUA 922 SAO PAULO SP",-23.6213082,-46.672989
"1665","D011301689",35449,"BANDEIRANTES, VIA DOS",NA,"",20000,"","31/01/2013 20:40",4,"AT",33,1015," "," ",1,0,0,0,0,0,0,0,0,0,0,0,0,0,0,0,0,35449,"BANDEIRANTES, VIA DOS",NA,"",64,"PIRITUBA",0,1,"BANDEIRANTES, VIA DOS 20000 SAO PAULO SP",-23.4390794,-46.7581367
"1666","D011301228",35858,"GUIDO CALOI, AV",NA,"",2100,"","31/01/2013 21:00",2,"CO",92,449," "," ",1,1,0,0,0,0,0,0,0,0,0,0,0,0,0,0,0,35858,"GUIDO CALOI, AV",NA,"",32,"IGUATEMI",1,0,"GUIDO CALOI, AV 2100 SAO PAULO SP",-23.6618389,-46.7258965
"1668","D011300930",1555,"ANTONIO ALVES, RUA CABO",NA,"",56,"","31/01/2013 21:15",4,"AT",90,1103," "," ",1,0,0,0,0,0,0,0,0,0,0,0,0,0,0,0,0,1555,"ANTONIO ALVES, RUA CABO",NA,"",91,"VILA MARIA",1,0,"ANTONIO ALVES, RUA CABO 56 SAO PAULO SP",-23.5190955,-46.5687167
"1669","D011300021",13317,"MARIA PAULA, RUA",7853,"GENEBRA, RUA",0,"","31/01/2013 21:22",2,"CO",1,806," "," ",1,0,0,0,1,0,0,0,0,0,0,0,0,0,0,0,0,7853,"GENEBRA, RUA",13317,"MARIA PAULA, RUA",67,"REPUBLICA",2,0,"MARIA PAULA, RUA SAO PAULO SP &  GENEBRA, RUA SAO PAULO SP",-23.5519873,-46.639229
"1670","D011301440",15467,"PARANAGUA, AV",NA,"",1800,"","31/01/2013 21:38",4,"AT",62,1105," "," ",0,1,0,0,0,0,0,0,0,0,0,0,0,0,0,0,0,15467,"PARANAGUA, AV",NA,"",49,"LIBERDADE",1,0,"PARANAGUA, AV 1800 SAO PAULO SP",-23.490282,-46.4791605
"1671","D011301412",6069,"LOURIVAL RODRIGUES DA SILVA, RUA",66539,"ANTONIO NUNES PINTO, RUA",0,"","31/01/2013 22:40",2,"CO",50,1346," "," ",1,1,0,0,0,0,0,0,0,0,0,0,0,0,0,0,0,6069,"LOURIVAL RODRIGUES DA SILVA, RUA",66539,"ANTONIO NUNES PINTO, RUA",35,"ITAIM PAULISTA",1,0,"LOURIVAL RODRIGUES DA SILVA, RUA SAO PAULO SP &  ANTONIO NUNES PINTO, RUA SAO PAULO SP",-23.4943746,-46.3916625
"1673","D011300654",5309,"CORIFEU DE AZEVEDO MARQUES, AV",NA,"",6047,"","31/01/2013 23:21",2,"QD",93,778," "," ",0,0,1,0,0,0,0,0,0,0,0,0,0,0,0,0,0,5309,"CORIFEU DE AZEVEDO MARQUES, AV",NA,"",12,"BUTANTA",1,0,"CORIFEU DE AZEVEDO MARQUES, AV 6047 SAO PAULO SP",-23.551215,-46.7578006
"1676","D021300956",16699,"QUARTIM BARBOSA, RUA",NA,"",230,"","01/02/2013 02:20",4,"AT",40,583," "," ",1,0,0,0,0,0,0,0,0,0,0,0,0,0,0,0,0,16699,"QUARTIM BARBOSA, RUA",NA,"",44,"JARDIM PAULISTA",1,0,"QUARTIM BARBOSA, RUA 230 SAO PAULO SP",-23.4912543,-46.6722941
"1677","D021301798",17824,"SAPOPEMBA, AV",NA,"",11612,"","01/02/2013 03:00",2,"CH",69,1048," "," ",0,1,0,0,0,0,0,0,0,0,0,0,0,0,0,0,0,17824,"SAPOPEMBA, AV",NA,"",33,"IPIRANGA",0,1,"SAPOPEMBA, AV 11612 SAO PAULO SP",-23.6142491,-46.497456
"1678","D021300007",16725,"QUEIROS, AV SEN",NA,"",402,"","01/02/2013 04:50",4,"AT",1,836," "," ",0,0,0,0,0,0,0,1,0,0,0,0,0,0,0,0,0,16725,"QUEIROS, AV SEN",NA,"",9,"BOM RETIRO",1,0,"QUEIROS, AV SEN 402 SAO PAULO SP",-23.5396431,-46.6323398
"1679","D021301130",12811,"JOAQUIM ABREU LUZ, RUA",15032,"ORATORIO, AV DO",0,"","01/02/2013 06:45",2,"CO",42,410," "," ",1,1,0,0,0,0,0,0,0,0,0,0,0,0,0,0,0,12811,"JOAQUIM ABREU LUZ, RUA",15032,"ORATORIO, AV DO",74,"SAO LUCAS",1,0,"JOAQUIM ABREU LUZ, RUA SAO PAULO SP &  ORATORIO, AV DO SAO PAULO SP",-23.5893126,-46.5476042
"1680","D021300796",19884,"VOLUNTARIOS DA PATRIA, RUA",NA,"",2100,"","01/02/2013 06:52",2,"CL",13,1071," "," ",2,1,0,0,0,0,0,0,0,0,0,0,0,0,0,0,0,19884,"VOLUNTARIOS DA PATRIA, RUA",NA,"",8,"BELEM",1,0,"VOLUNTARIOS DA PATRIA, RUA 2100 SAO PAULO SP",-23.5018229,-46.6261326
"1681","D021300075",8871,"HUMAITA, RUA",19660,"VICENTE PRADO, RUA",0,"","01/02/2013 07:00",2,"CH",5,599," "," ",1,1,0,0,0,0,0,0,0,0,0,0,0,0,0,0,0,8871,"HUMAITA, RUA",19660,"VICENTE PRADO, RUA",7,"BELA VISTA",1,0,"HUMAITA, RUA SAO PAULO SP &  VICENTE PRADO, RUA SAO PAULO SP",-23.5583029,-46.6415669
"1682","D021300509",4115,"CANDIDO PORTINARI, AV",14350,"MUTINGA, AV",0,"","01/02/2013 07:07",2,"QM",33,1649," "," ",0,1,0,0,0,0,0,0,0,0,0,0,0,0,0,0,0,4115,"CANDIDO PORTINARI, AV",14350,"MUTINGA, AV",39,"JAGUARA",1,0,"CANDIDO PORTINARI, AV SAO PAULO SP &  MUTINGA, AV SAO PAULO SP",-23.5062987,-46.7561328
"1683","D021300412",16919,"REBOUCAS, AV",NA,"",2543,"","01/02/2013 07:22",2,"CO",14,996," "," ",2,1,0,0,0,0,0,0,0,0,0,0,0,0,0,0,0,16919,"REBOUCAS, AV",NA,"",44,"JARDIM PAULISTA",1,0,"REBOUCAS, AV 2543 SAO PAULO SP",-23.5677652,-46.6843275
"1684","D021300989",13133,"MARIA AMALIA LOPES AZEVEDO, RUA",NA,"",2551,"","01/02/2013 07:30",2,"CT",73,1115," "," ",2,0,0,0,0,0,0,0,0,0,0,0,0,0,0,0,0,13133,"MARIA AMALIA LOPES AZEVEDO, RUA",NA,"",83,"TREMEMBE",1,0,"MARIA AMALIA LOPES AZEVEDO, RUA 2551 SAO PAULO SP",-23.4566106,-46.6015601
"1685","D021300002",4561,"CASTELO BRANCO, AV PRES",NA,"",19,"","01/02/2013 07:35",2,"CT",1,428," "," ",0,2,0,0,0,0,0,0,0,0,0,0,0,0,0,0,0,29772,"MARGINAL DO RIO TIETE, AV",NA,"",6,"BARRA FUNDA",1,0,"CASTELO BRANCO, AV PRES 19 SAO PAULO SP",-23.5215514,-46.6382654
"1686","D021300008",11818,"LIBERDADE, AV DA",NA,"",455,"","01/02/2013 07:40",2,"CO",1,839," "," ",1,1,0,0,0,0,0,0,0,0,0,0,0,0,0,0,0,11818,"LIBERDADE, AV DA",NA,"",49,"LIBERDADE",1,0,"LIBERDADE, AV DA 455 SAO PAULO SP",-23.5571252,-46.6364206
"1687","D021300466",61,"ABRAAO RIBEIRO, AV DR",NA,"",613,"","01/02/2013 08:00",4,"AT",23,567," "," ",1,1,0,0,0,0,0,0,0,0,0,0,0,0,0,0,0,61,"ABRAAO RIBEIRO, AV DR",NA,"",70,"SANTA CECILIA",3,0,"ABRAAO RIBEIRO, AV DR 613 SAO PAULO SP",-23.9957533,-46.4239997
"1688","D021300797",7721,"GALILEIA, RUA",NA,"",15,"","01/02/2013 08:00",2,"CO",13,1072," "," ",1,1,0,0,0,0,0,0,0,0,0,0,0,0,0,0,0,7721,"GALILEIA, RUA",NA,"",21,"CASA VERDE",1,0,"GALILEIA, RUA 15 SAO PAULO SP",-23.5039162,-46.6539977
"1690","D021301304",15507,"TEOTONIO VILELA, AV SEN",NA,"",6141,"","01/02/2013 08:04",2,"CO",85,975," "," ",0,2,0,0,0,0,0,0,0,0,0,0,0,0,0,0,0,15507,"TEOTONIO VILELA, AV SEN",NA,"",23,"CIDADE DUTRA",1,0,"TEOTONIO VILELA, AV SEN 6141 SAO PAULO SP",-23.7517899,-46.7107063
"1691","D021300736",34348,"MARGINAL ESQUERD RIO PINHEIROS, AV",NA,"",2,"","01/02/2013 08:35",2,"CL",93,734," "," ",1,1,0,0,0,0,0,0,0,0,0,0,0,0,0,0,0,13014,"MARGINAL DO RIO PINHEIROS, AV",NA,"",40,"JAGUARE",1,0,"MARGINAL ESQUERD RIO PINHEIROS, AV 2 SAO PAULO SP",-23.5612656,-46.7452511
"1694","D021300146",4736,"CELSO GARCIA, AV",NA,"",63,"","01/02/2013 10:00",4,"AT",12,660," "," ",0,0,0,0,0,0,0,1,0,0,0,0,0,0,0,0,0,4736,"CELSO GARCIA, AV",NA,"",82,"TATUAPE",2,0,"CELSO GARCIA, AV 63 SAO PAULO SP",-23.5399866,-46.6117525
"1695","D021301485",17820,"TITO, AV MAL",NA,"",6035,"","01/02/2013 11:00",2,"CO",50,1369," "," ",1,1,0,0,0,0,0,0,0,0,0,0,0,0,0,0,0,17820,"TITO, AV MAL",NA,"",53,"MOEMA",1,0,"TITO, AV MAL 6035 SAO PAULO SP",-23.4924549,-46.3882893
"1698","D021300798",17799,"SANTOS DUMONT, AV",37387,"HEROIS DA FORCA E. BRASILEIRA, PCA",0,"","01/02/2013 11:00",2,"CL",13,1081," "," ",0,1,0,0,0,0,0,0,0,0,0,1,0,0,0,0,0,3637,"BRAZ LEME, AV",17799,"SANTOS DUMONT, AV",71,"SANTANA",1,0,"SANTOS DUMONT, AV SAO PAULO SP &  HEROIS DA FORCA E. BRASILEIRA, PCA SAO PAULO SP",-23.5257861,-46.6307889
"1699","D021301648",46228,"PAZ NA TERRA, TR",NA,"",74,"","01/02/2013 11:10",4,"AT",49,1571," "," ",0,1,0,0,0,0,0,0,0,0,0,0,0,0,0,0,0,46228,"PAZ NA TERRA, TR",NA,"",32,"IGUATEMI",1,0,"PAZ NA TERRA, TR 74 SAO PAULO SP",-23.6072698,-46.4465931
"1700","D021300289",7882,"GEORGE CORBISIER, AV ENG",NA,"",2239,"","01/02/2013 11:16",2,"CL",35,1058," "," ",1,1,0,0,0,0,0,0,0,0,0,0,0,0,0,0,0,7882,"GEORGE CORBISIER, AV ENG",NA,"",37,"JABAQUARA",2,0,"GEORGE CORBISIER, AV ENG 2239 SAO PAULO SP",-23.652436,-46.6481515
"1701","D021300465",18519,"SUMARE, AV",NA,"",55,"","01/02/2013 11:37",2,"CH",23,566," "," ",1,0,0,0,0,0,0,0,0,0,0,0,0,0,0,0,0,18519,"SUMARE, AV",NA,"",61,"PERDIZES",1,0,"SUMARE, AV 55 SAO PAULO SP",-23.5305671,-46.6772179
"1703","D021301829",15507,"TEOTONIO VILELA, AV SEN",16151,"JOAO GOULART, AV PRES",0,"","01/02/2013 11:45",4,"AT",48,431," "," ",0,1,0,0,0,0,0,0,0,0,0,0,0,0,0,0,0,15507,"TEOTONIO VILELA, AV SEN",16151,"JOAO GOULART, AV PRES",23,"CIDADE DUTRA",0,1,"TEOTONIO VILELA, AV SEN SAO PAULO SP &  JOAO GOULART, AV PRES SAO PAULO SP",-23.7290679,-46.698928
"1704","D021300055",5245,"CONSOLACAO, RUA DA",15656,"PAULISTA, AV",0,"","01/02/2013 12:10",2,"CO",4,835," "," ",1,1,0,0,0,0,0,0,0,0,0,0,0,0,0,0,0,5245,"CONSOLACAO, RUA DA",15656,"PAULISTA, AV",26,"CONSOLACAO",1,0,"CONSOLACAO, RUA DA SAO PAULO SP &  PAULISTA, AV SAO PAULO SP",-23.5471579,-46.6469857
"1705","D021301575",6187,"EDGAR SANTOS, AV PROF",6535,"ERASMO MADER, RUA",0,"","01/02/2013 12:15",2,"CO",65,361," "," ",1,1,0,0,0,0,0,0,0,0,0,0,0,0,0,0,0,6187,"EDGAR SANTOS, AV PROF",6535,"ERASMO MADER, RUA",5,"ARTUR ALVIM",1,0,"EDGAR SANTOS, AV PROF SAO PAULO SP &  ERASMO MADER, RUA SAO PAULO SP",-23.5501562,-46.4963567
"1707","D021300758",5741,"DARZAN, RUA",NA,"",318,"","01/02/2013 12:20",2,"CT",9,730,"B"," ",2,0,0,0,0,0,0,0,0,0,0,0,0,0,0,0,0,5741,"DARZAN, RUA",NA,"",71,"SANTANA",1,0,"DARZAN, RUA 318 SAO PAULO SP",-23.5043334,-46.6232171
"1708","D021300933",2455,"ATALIBA LEONEL, AV GAL",2189,"ARIOSTO CESAR, RUA",0,"","01/02/2013 12:30",2,"CO",39,540,"C"," ",1,1,0,0,0,0,0,0,0,0,0,0,0,0,0,0,0,2189,"ARIOSTO CESAR, RUA",2455,"ATALIBA LEONEL, AV GAL",84,"TUCURUVI",1,0,"ATALIBA LEONEL, AV GAL SAO PAULO SP &  ARIOSTO CESAR, RUA SAO PAULO SP",-23.4953219,-46.6109674
"1709","D021300056",1991,"ARACAJU, RUA",12869,"MARANHAO (CONSOLACAO), RUA",0,"","01/02/2013 12:50",2,"CO",4,836," "," ",2,0,0,0,0,0,0,0,0,0,0,0,0,0,0,0,0,1991,"ARACAJU, RUA",12869,"MARANHAO (CONSOLACAO), RUA",26,"CONSOLACAO",1,0,"ARACAJU, RUA SAO PAULO SP &  MARANHAO (CONSOLACAO), RUA SAO PAULO SP",-23.5432141,-46.6600121
"1712","D021300518",4666,"CAXINGUI, AV",17822,"SAPETUBA, RUA",0,"","01/02/2013 13:05",4,"AT",34,668," "," ",0,1,0,0,0,0,0,0,0,0,0,0,0,0,0,0,0,4666,"CAXINGUI, AV",16878,"RAPOSO TAVARES, VIA",12,"BUTANTA",1,0,"CAXINGUI, AV SAO PAULO SP &  SAPETUBA, RUA SAO PAULO SP",-23.5694804,-46.7141119
"1714","D021300857",76,"ABREU LEMOS, RUA",149,"ADALBERTO, RUA STO",0,"","01/02/2013 13:20",2,"CO",20,1138," "," ",2,0,0,0,0,0,0,0,0,0,0,0,0,0,0,0,0,76,"ABREU LEMOS, RUA",149,"ADALBERTO, RUA STO",84,"TUCURUVI",1,0,"ABREU LEMOS, RUA SAO PAULO SP &  ADALBERTO, RUA STO SAO PAULO SP",-23.4751775,-46.6166552
"1715","D021300684",61660,"NELSON GAMA DE OLIVEIRA, RUA",8000,"GIOVANNI GRONCHI, AV",0,"","01/02/2013 13:30",2,"CT",89,843," "," ",1,1,0,0,0,0,0,0,0,0,0,0,0,0,0,0,0,8000,"GIOVANNI GRONCHI, AV",61660,"NELSON GAMA DE OLIVEIRA, RUA",85,"VILA ANDRADE",1,0,"NELSON GAMA DE OLIVEIRA, RUA SAO PAULO SP &  GIOVANNI GRONCHI, AV SAO PAULO SP",-23.6341663,-46.7328864
"1716","D021301677",36285,"ADRIANO BERTOZZI, AV",NA,"",1260,"","01/02/2013 13:50",2,"QM",53,691," "," ",0,1,0,0,0,0,0,0,0,0,0,0,0,0,0,0,0,36285,"ADRIANO BERTOZZI, AV",NA,"",51,"MANDAQUI",1,0,"ADRIANO BERTOZZI, AV 1260 SAO PAULO SP",-23.5744847,-46.4569507
"1717","D021301066",5836,"DIANOPOLIS, RUA",NA,"",449,"","01/02/2013 13:50",2,"CH",18,219," "," ",1,0,0,0,0,0,0,0,0,0,0,0,0,0,0,0,0,5836,"DIANOPOLIS, RUA",NA,"",54,"MOOCA",3,0,"DIANOPOLIS, RUA 449 SAO PAULO SP",-23.5729715,-46.5953029
"1718","D021300882",15485,"PARAPUA, RUA",NA,"",230,"","01/02/2013 14:15",2,"CH",28,531," "," ",0,0,1,1,0,0,0,0,0,0,0,0,0,0,0,0,0,15485,"PARAPUA, RUA",NA,"",4,"ARICANDUVA",7,0,"PARAPUA, RUA 230 SAO PAULO SP",-23.4825349,-46.6921276
"1719","D021300654",8603,"HEITOR ANTONIO EIRAS GARCIA, AV ENG",NA,"",4592,"","01/02/2013 14:18",4,"AT",75,550," "," ",0,0,0,1,0,0,0,0,0,0,0,0,0,0,0,0,0,8603,"HEITOR ANTONIO EIRAS GARCIA, AV ENG",NA,"",68,"RIO PEQUENO",1,0,"HEITOR ANTONIO EIRAS GARCIA, AV ENG 4592 SAO PAULO SP",-23.5893356,-46.7720483
"1721","D021301311",8368,"GUARAPIRANGA, AV",NA,"",1821,"","01/02/2013 14:45",4,"AT",92,720," "," ",0,1,0,0,0,0,0,0,0,0,0,0,0,0,0,0,0,8368,"GUARAPIRANGA, AV",NA,"",45,"JARDIM SAO LUIS",1,0,"GUARAPIRANGA, AV 1821 SAO PAULO SP",-23.6839008,-46.7363231
"1723","D021301799",4561,"CASTELO BRANCO, AV PRES",7396,"JOSE GOMES FALCAO, RUA",0,"","01/02/2013 15:25",2,"CT",33,213," "," ",2,1,0,0,0,0,0,0,0,0,0,0,0,0,0,0,0,4561,"CASTELO BRANCO, AV PRES",7396,"JOSE GOMES FALCAO, RUA",6,"BARRA FUNDA",0,1,"CASTELO BRANCO, AV PRES SAO PAULO SP &  JOSE GOMES FALCAO, RUA SAO PAULO SP",-23.5216047,-46.6390428
"1724","D021300895",3771,"INAJAR DE SOUZA, AV",NA,"",1500,"","01/02/2013 15:40",2,"QM",28,998," "," ",0,1,0,0,0,0,0,0,0,0,0,0,0,0,0,0,0,3771,"INAJAR DE SOUZA, AV",NA,"",50,"LIMAO",1,0,"INAJAR DE SOUZA, AV 1500 SAO PAULO SP",-23.4924632,-46.6850702
"1725","D021300413",8714,"HENRIQUE SCHAUMANN, RUA",NA,"",636,"","01/02/2013 15:40",2,"CO",14,1010," "," ",1,0,0,0,0,0,0,0,0,0,0,0,0,0,0,0,0,8714,"HENRIQUE SCHAUMANN, RUA",NA,"",63,"PINHEIROS",1,0,"HENRIQUE SCHAUMANN, RUA 636 SAO PAULO SP",-23.5591274,-46.681324
"1728","D021300408",2316,"ARRUDA BOTELHO, AV",NA,"",500,"","01/02/2013 16:40",2,"QF",14,796," "," ",0,0,0,0,0,0,0,1,0,0,0,0,0,0,0,0,0,2316,"ARRUDA BOTELHO, AV",NA,"",2,"ALTO DE PINHEIR",1,0,"ARRUDA BOTELHO, AV 500 SAO PAULO SP",-23.552183,-46.7188944
"1729","D021300237",1785,"ANTONIO MARCONDES, RUA",7746,"GAMA LOBO, RUA",0,"","01/02/2013 16:48",2,"CO",17,627," "," ",1,1,0,0,0,0,0,0,0,0,0,0,0,0,0,0,0,1785,"ANTONIO MARCONDES, RUA",7746,"GAMA LOBO, RUA",33,"IPIRANGA",1,0,"ANTONIO MARCONDES, RUA SAO PAULO SP &  GAMA LOBO, RUA SAO PAULO SP",-23.5979284,-46.6087998
"1730","D021301148",6371,"ELISABETH DE ROBIANO, AV CDSSA",NA,"",4800,"","01/02/2013 17:20",2,"CO",52,330," "," ",1,1,0,0,0,0,0,0,0,0,0,0,0,0,0,0,0,29772,"MARGINAL DO RIO TIETE, AV",NA,"",82,"TATUAPE",1,0,"ELISABETH DE ROBIANO, AV CDSSA 4800 SAO PAULO SP",-23.5076424,-46.5495997
"1731","D021300999",9234,"INVERNO, RUA DO",NA,"",66,"","01/02/2013 18:00",2,"QM",73,1435," "," ",0,1,0,0,0,0,0,0,0,0,0,0,0,0,0,0,0,9234,"INVERNO, RUA DO",NA,"",11,"BRASILANDIA",1,0,"INVERNO, RUA DO 66 SAO PAULO SP",-23.4654393,-46.6889964
"1733","D021301165",7964,"GIESTAS, RUA",2729,"BAIA GRANDE, RUA",0,"","01/02/2013 18:30",2,"CT",56,667," "," ",0,0,1,0,0,0,0,1,0,0,0,0,0,0,0,0,0,2729,"BAIA GRANDE, RUA",7964,"GIESTAS, RUA",95,"VILA PRUDENTE",2,0,"GIESTAS, RUA SAO PAULO SP &  BAIA GRANDE, RUA SAO PAULO SP",-23.5937458,-46.5786027
"1734","D021301576",12156,"LUIZ AYRES, RUA DR",NA,"",1400,"","01/02/2013 18:40",2,"CL",65,367,"B"," ",1,1,0,0,0,0,0,0,0,0,0,0,0,0,0,0,0,12156,"LUIZ AYRES, RUA DR",NA,"",5,"ARTUR ALVIM",1,0,"LUIZ AYRES, RUA DR 1400 SAO PAULO SP",-23.5359184,-46.4890072
"1735","D021300320",15914,"PEDRO DE TOLEDO, RUA",NA,"",2180,"","01/02/2013 18:45",2,"CT",36,530," "," ",3,0,0,0,0,0,0,0,0,0,0,0,0,0,0,0,0,15914,"PEDRO DE TOLEDO, RUA",NA,"",24,"CIDADE LIDER",2,0,"PEDRO DE TOLEDO, RUA 2180 SAO PAULO SP",-23.5956528,-46.6573078
"1736","D021300712",64104,"JOAO AVELINO PINHO MELLAO, RUA",8000,"GIOVANNI GRONCHI, AV",0,"","01/02/2013 18:50",2,"CT",89,900025," "," ",1,1,0,0,0,0,0,0,1,0,0,0,0,0,0,0,0,8000,"GIOVANNI GRONCHI, AV",64104,"JOAO AVELINO PINHO MELLAO, RUA",55,"MORUMBI",2,0,"JOAO AVELINO PINHO MELLAO, RUA SAO PAULO SP &  GIOVANNI GRONCHI, AV SAO PAULO SP",-23.6077216,-46.7255565
"1737","D021301604",20804,"LUIS MATEUS (GUAIANAZES), RUA",NA,"",2460,"","01/02/2013 19:30",2,"CO",103,532," "," ",1,1,0,0,0,0,0,0,0,0,0,0,0,0,0,0,0,20804,"LUIS MATEUS (GUAIANAZES), RUA",NA,"",51,"MANDAQUI",1,0,"LUIS MATEUS (GUAIANAZES), RUA 2460 SAO PAULO SP",-23.0602933,-45.6222887
"1738","D021300756",6167,"EDGAR, RUA",3792,"CACHOEIRA DO ARARI, RUA",0,"","01/02/2013 19:30",2,"CO",9,459," "," ",1,1,0,0,0,0,0,0,0,0,0,0,0,0,0,0,0,3792,"CACHOEIRA DO ARARI, RUA",27481,"GURINHEM, RUA",88,"VILA GUILHERME",1,0,"EDGAR, RUA SAO PAULO SP &  CACHOEIRA DO ARARI, RUA SAO PAULO SP",-23.5014716,-46.5963768
"1739","D021301629",20804,"LUIS MATEUS (GUAIANAZES), RUA",NA,"",2460,"","01/02/2013 20:00",2,"CO",44,697," "," ",1,1,0,0,0,0,0,0,0,0,0,0,0,0,0,0,0,20804,"LUIS MATEUS (GUAIANAZES), RUA",NA,"",51,"MANDAQUI",2,0,"LUIS MATEUS (GUAIANAZES), RUA 2460 SAO PAULO SP",-23.0602933,-45.6222887
"1740","D021301294",67207,"OLICIO ALVES, RUA SARG",NA,"",17,"","01/02/2013 20:00",4,"AT",80,1215,"C"," ",1,0,0,0,0,0,0,0,0,0,0,0,0,0,0,0,0,67207,"OLICIO ALVES, RUA SARG",NA,"",29,"FREGUESIA DO O",1,0,"OLICIO ALVES, RUA SARG 17 SAO PAULO SP",-23.6799,-46.6807167
"1742","D021300462",16161,"PERU, RUA",5175,"COLOMBIA, RUA",0,"","01/02/2013 20:08",2,"CO",15,1015,"B"," ",1,1,0,0,0,0,0,0,0,0,0,0,0,0,0,0,0,5175,"COLOMBIA, RUA",16161,"PERU, RUA",44,"JARDIM PAULISTA",1,0,"PERU, RUA SAO PAULO SP &  COLOMBIA, RUA SAO PAULO SP",-23.5705766,-46.6732164
"1743","D021300057",2617,"AVANHANDAVA, RUA",NA,"",63,"","01/02/2013 20:18",4,"AT",4,876," "," ",1,0,0,0,0,0,0,0,0,0,0,0,0,0,0,0,0,2617,"AVANHANDAVA, RUA",NA,"",67,"REPUBLICA",1,0,"AVANHANDAVA, RUA 63 SAO PAULO SP",-23.5501964,-46.6450872