"","id_acidente","codloga","logradouroA","codlogb","logradouroB","alt_num","referencia","data","cod_acid","tipo_acidente","dp","numero_BO","sentido","pista","automovel","moto","onibus","caminhao","bicicleta","moto_taxi","onibus_fretado","onibus_urbano","microonibus","van","vuc","caminhonete","carreta","jipe","outros","sem_informacao","carroca","princ_a","paiA","princ_b","paiB","cod_distrito","distrito","vit_ferida","vit_morta","local","lat","lon"
"1828","D021301403",3509,"BELMIRA MARIN, AV DONA",NA,"",2007,"","02/02/2013 23:40",2,"CO",101,830," "," ",1,1,0,0,0,0,0,0,0,0,0,0,0,0,0,0,0,3509,"BELMIRA MARIN, AV DONA",NA,"",30,"GRAJAU",1,0,"BELMIRA MARIN, AV DONA 2007 SAO PAULO SP",-23.7463267,-46.6882577
"1829","D021300010",19764,"VINTE E TRES DE MAIO, AV",NA,"",232,"","02/02/2013 23:45",2,"CT",1,861," "," ",0,1,0,1,0,0,0,0,0,0,0,0,0,0,0,0,0,19764,"VINTE E TRES DE MAIO, AV",NA,"",17,"CAMPO LIMPO",1,0,"VINTE E TRES DE MAIO, AV 232 SAO PAULO SP",-23.5830746,-46.6522542
"1830","D021300800",27187,"OLAVO FONTOURA, AV",NA,"",1000,"","02/02/2013 23:54",4,"AT",13,1133," "," ",1,0,0,0,0,0,0,0,0,0,0,0,0,0,0,0,0,27187,"OLAVO FONTOURA, AV",NA,"",8,"BELEM",1,0,"OLAVO FONTOURA, AV 1000 SAO PAULO SP",-23.5139508,-46.6346012
"1831","D021301093",16100,"PEREIRA VERGUEIRO, AV DR",10654,"JORDAO DA COSTA, RUA",0,"","03/02/2013 00:49",2,"CO",21,1319," "," ",0,1,0,0,0,0,0,0,0,0,0,1,0,0,0,0,0,10654,"JORDAO DA COSTA, RUA",16100,"PEREIRA VERGUEIRO, AV DR",93,"VILA MATILDE",1,0,"PEREIRA VERGUEIRO, AV DR SAO PAULO SP &  JORDAO DA COSTA, RUA SAO PAULO SP",-23.5425738,-46.4972766
"1833","D021300948",8320,"GUAPIRA, AV",NA,"",820,"","03/02/2013 01:26",2,"CO",39,1184," "," ",1,1,0,0,0,0,0,0,0,0,0,0,0,0,0,0,0,8320,"GUAPIRA, AV",NA,"",38,"JACANA",1,0,"GUAPIRA, AV 820 SAO PAULO SP",-23.4770971,-46.5966135
"1834","D021301094",1702,"ANTONIO ESTEVAO DE CARVALHO, AV",12156,"LUIZ AYRES, RUA DR",0,"","03/02/2013 02:19",2,"QM",21,1321," "," ",0,1,0,0,0,0,0,0,0,0,0,0,0,0,0,0,0,1702,"ANTONIO ESTEVAO DE CARVALHO, AV",12156,"LUIZ AYRES, RUA DR",93,"VILA MATILDE",1,0,"ANTONIO ESTEVAO DE CARVALHO, AV SAO PAULO SP &  LUIZ AYRES, RUA DR SAO PAULO SP",-23.5385943,-46.4964211
"1837","D021301721",17824,"SAPOPEMBA, AV",NA,"",16827,"","03/02/2013 03:34",2,"CH",55,1646," "," ",1,0,0,0,0,0,0,0,0,0,0,0,0,0,0,0,0,17824,"SAPOPEMBA, AV",NA,"",33,"IPIRANGA",9,0,"SAPOPEMBA, AV 16827 SAO PAULO SP",-23.6199114,-46.4603296
"1838","D021301402",3509,"BELMIRA MARIN, AV DONA",NA,"",3500,"","03/02/2013 04:30",2,"CH",101,824," "," ",0,0,0,0,0,0,0,0,1,0,0,0,0,0,0,0,0,3509,"BELMIRA MARIN, AV DONA",NA,"",30,"GRAJAU",2,0,"BELMIRA MARIN, AV DONA 3500 SAO PAULO SP",-23.7533972,-46.6814095
"1839","D021301196",6239,"EDUARDO COTCHING, AV DR",NA,"",1700,"","03/02/2013 05:08",2,"CH",58,632," "," ",1,0,0,0,0,0,0,0,0,0,0,0,0,0,0,0,0,6239,"EDUARDO COTCHING, AV DR",NA,"",87,"VILA FORMOSA",1,0,"EDUARDO COTCHING, AV DR 1700 SAO PAULO SP",-23.5688678,-46.5404776
"1840","D021300975",16051,"PENHA BRASIL, AV GAL",33642,"MASAO WATANABE, AV",0,"","03/02/2013 05:45",2,"CO",72,1018,"B"," ",1,1,0,0,0,0,0,0,0,0,0,0,0,0,0,0,0,16051,"PENHA BRASIL, AV GAL",33642,"MASAO WATANABE, AV",13,"CACHOEIRINHA",1,0,"PENHA BRASIL, AV GAL SAO PAULO SP &  MASAO WATANABE, AV SAO PAULO SP",-23.4595594,-46.6745109
"1841","D021300738",13019,"ESCOLA POLITECNICA, AV",5141,"CACHOEIRAS, ES DAS",0,"","03/02/2013 06:30",2,"CT",93,825," "," ",0,2,0,0,0,0,0,0,0,0,0,0,0,0,0,0,0,5141,"CACHOEIRAS, ES DAS",13019,"ESCOLA POLITECNICA, AV",68,"RIO PEQUENO",4,0,"ESCOLA POLITECNICA, AV SAO PAULO SP &  CACHOEIRAS, ES DAS SAO PAULO SP",-23.5585284,-46.7466636
"1842","D021301227",10270,"JOAO DIAS, AV",NA,"",1500,"","03/02/2013 06:57",4,"AT",11,1257," "," ",1,0,0,0,0,0,0,0,0,0,0,0,0,0,0,0,0,10270,"JOAO DIAS, AV",NA,"",72,"SANTO AMARO",1,0,"JOAO DIAS, AV 1500 SAO PAULO SP",-23.6450074,-46.7148086
"1843","D021301832",35658,"GARCIA DE ORTA, RUA",35659,"BERNARDO GOMES DE BRITO, RUA",0,"","03/02/2013 07:30",2,"CL",47,1412," "," ",0,1,0,1,0,0,0,0,0,0,0,0,0,0,0,0,0,35658,"GARCIA DE ORTA, RUA",35659,"BERNARDO GOMES DE BRITO, RUA",19,"CAPAO REDONDO",0,2,"GARCIA DE ORTA, RUA SAO PAULO SP &  BERNARDO GOMES DE BRITO, RUA SAO PAULO SP",-23.6841596,-46.7902485
"1845","D021301808",14947,"OLIMPIO DA SILVEIRA, AV GAL",NA,"",252,"","03/02/2013 07:51",4,"AT",77,752,"B"," ",0,0,1,0,0,0,0,0,0,0,0,0,0,0,0,0,0,14947,"OLIMPIO DA SILVEIRA, AV GAL",NA,"",19,"CAPAO REDONDO",0,1,"OLIMPIO DA SILVEIRA, AV GAL 252 SAO PAULO SP",-23.5319261,-46.6588091
"1846","D021300122",7253,"FOMM, RUA DR",543,"ALCANTARA MACHADO, AV",0,"","03/02/2013 09:00",2,"CO",8,875," "," ",1,1,0,0,0,0,0,0,0,0,0,0,0,0,0,0,0,543,"ALCANTARA MACHADO, AV",7253,"FOMM, RUA DR",54,"MOOCA",1,0,"FOMM, RUA DR SAO PAULO SP &  ALCANTARA MACHADO, AV SAO PAULO SP",-23.5456858,-46.595454
"1847","D021300375",17034,"RIBEIRAO CLARO, RUA",NA,"",264,"","03/02/2013 11:00",4,"AT",96,1198," "," ",0,0,0,0,0,0,0,1,0,0,0,0,0,0,0,0,0,17034,"RIBEIRAO CLARO, RUA",NA,"",28,"ERMELINO MATARA",1,0,"RIBEIRAO CLARO, RUA 264 SAO PAULO SP",-23.5990655,-46.6782925
"1848","D021301784",24338,"LUIZ IGNACIO ANHAIA MELLO, AV PROF",NA,"",9377,"","03/02/2013 12:00",2,"CT",70,1066," "," ",2,0,0,0,0,0,0,0,0,0,0,0,0,0,0,0,0,24338,"LUIZ IGNACIO ANHAIA MELLO, AV PROF",NA,"",26,"CONSOLACAO",1,0,"LUIZ IGNACIO ANHAIA MELLO, AV PROF 9377 SAO PAULO SP",-23.6032934,-46.5124425
"1849","D021300194",3581,"BRASIL, AV",NA,"",1612,"","03/02/2013 12:20",2,"CO",78,916," "," ",2,0,0,0,0,0,0,0,0,0,0,0,0,0,0,0,0,3581,"BRASIL, AV",NA,"",63,"PINHEIROS",1,0,"BRASIL, AV 1612 SAO PAULO SP",-23.5609772,-46.6568371
"1850","D021301037",7703,"GABRIELA MISTRAL, AV",NA,"",400,"","03/02/2013 13:30",2,"QD",10,1347," "," ",0,0,1,0,0,0,0,0,0,0,0,0,0,0,0,0,0,7703,"GABRIELA MISTRAL, AV",NA,"",60,"PENHA",1,0,"GABRIELA MISTRAL, AV 400 SAO PAULO SP",-23.5175517,-46.5495233
"1851","D021300567",34682,"CAMPO LIMPO, ES DO",NA,"",3000,"","03/02/2013 14:00",2,"CO",37,986," "," ",0,0,1,0,1,0,0,0,0,0,0,0,0,0,0,0,0,34682,"CAMPO LIMPO, ES DO",NA,"",17,"CAMPO LIMPO",1,0,"CAMPO LIMPO, ES DO 3000 SAO PAULO SP",-23.2019463,-46.785846
"1853","D021300976",75982,"MANUEL AQUILINO DOS SANTOS, RUA",NA,"",350,"","03/02/2013 15:28",4,"AT",72,1030," "," ",0,0,0,0,0,0,0,0,0,0,0,0,0,0,0,1,0,75982,"MANUEL AQUILINO DOS SANTOS, RUA",NA,"",8,"BELEM",2,0,"MANUEL AQUILINO DOS SANTOS, RUA 350 SAO PAULO SP",-23.458156,-46.6837347
"1854","D021300801",3637,"BRAZ LEME, AV",NA,"",100,"","03/02/2013 16:34",2,"CO",13,1168," "," ",1,1,0,0,0,0,0,0,0,0,0,0,0,0,0,0,0,3637,"BRAZ LEME, AV",NA,"",21,"CASA VERDE",1,0,"BRAZ LEME, AV 100 SAO PAULO SP",-23.5137483,-46.6534213
"1855","D021301619",62031,"PAULO IAZZETTI, RUA",NA,"",60,"","03/02/2013 16:39",2,"CO",41,1145,"B"," ",0,1,0,0,0,0,0,0,0,0,0,1,0,0,0,0,0,62031,"PAULO IAZZETTI, RUA",NA,"",46,"JOSE BONIFACIO",1,0,"PAULO IAZZETTI, RUA 60 SAO PAULO SP",-23.570487,-46.5200152
"1856","D021300890",34562,"JOAO PAULO I, AV",NA,"",900,"","03/02/2013 17:00",2,"CO",28,947," "," ",0,1,0,0,0,0,0,0,0,0,0,1,0,0,0,0,0,34562,"JOAO PAULO I, AV",NA,"",4,"ARICANDUVA",1,0,"JOAO PAULO I, AV 900 SAO PAULO SP",-23.4874119,-46.6877095
"1858","D021300923",15426,"PARADA PINTO, AV",NA,"",3300,"","03/02/2013 18:15",2,"CO",38,1035,"C"," ",1,1,0,0,0,0,0,0,0,0,0,0,0,0,0,0,0,15426,"PARADA PINTO, AV",NA,"",8,"BELEM",1,0,"PARADA PINTO, AV 3300 SAO PAULO SP",-23.466606,-46.6396528
"1859","D021300334",17150,"RIO GRANDE, RUA",15955,"PEDRO MORGANTI, RUA",0,"","03/02/2013 18:30",2,"SI",36,1209," "," ",2,0,0,0,0,0,0,0,0,0,0,0,0,0,0,0,0,15955,"PEDRO MORGANTI, RUA",17150,"RIO GRANDE, RUA",NA,"",1,0,"RIO GRANDE, RUA SAO PAULO SP &  PEDRO MORGANTI, RUA SAO PAULO SP",-23.5903963,-46.6412119
"1860","D021300215",16200,"PIASSANGUABA, AV",8432,"GUATAS, AL DOS",0,"","03/02/2013 18:36",2,"CO",16,1539,"B"," ",1,0,0,0,0,0,0,0,0,0,0,1,0,0,0,0,0,8432,"GUATAS, AL DOS",16200,"PIASSANGUABA, AV",79,"SAUDE",2,0,"PIASSANGUABA, AV SAO PAULO SP &  GUATAS, AL DOS SAO PAULO SP",-23.6138411,-46.647679
"1861","D021301649",13671,"MATEO BEI, AV",NA,"",3128,"","03/02/2013 18:58",4,"AT",49,1660," "," ",0,0,1,0,0,0,0,0,0,0,0,0,0,0,0,0,0,13671,"MATEO BEI, AV",NA,"",75,"SAO MATEUS",1,0,"MATEO BEI, AV 3128 SAO PAULO SP",-23.6084368,-46.4780147
"1862","D021300992",19711,"ABILIO PEDRO RAMOS, RUA",11982,"LOPES DA COSTA, RUA",0,"","03/02/2013 19:15",2,"CO",73,1213," "," ",1,1,0,0,0,0,0,0,0,0,0,0,0,0,0,0,0,11982,"LOPES DA COSTA, RUA",19711,"ABILIO PEDRO RAMOS, RUA",38,"JACANA",1,0,"ABILIO PEDRO RAMOS, RUA SAO PAULO SP &  LOPES DA COSTA, RUA SAO PAULO SP",-23.4603183,-46.5740665
"1863","D021300376",14267,"MORUMBI, AV",16877,"RAPOSO TAVARES, RUA",0,"","03/02/2013 19:30",2,"CO",96,1203," "," ",1,1,0,0,0,0,0,0,0,0,0,0,0,0,0,0,0,14267,"MORUMBI, AV",16877,"RAPOSO TAVARES, RUA",34,"ITAIM BIBI",1,0,"MORUMBI, AV SAO PAULO SP &  RAPOSO TAVARES, RUA SAO PAULO SP",-23.5871012,-46.7059801
"1864","D021301514",67232,"AFOXE, RUA",NA,"",8,"","03/02/2013 19:30",2,"QM",59,1466," "," ",0,1,0,0,0,0,0,0,0,0,0,0,0,0,0,0,0,67232,"AFOXE, RUA",NA,"",53,"MOEMA",1,0,"AFOXE, RUA 8 SAO PAULO SP",-23.4839158,-46.4118145
"1865","D021300993",19711,"ABILIO PEDRO RAMOS, RUA",NA,"",160,"","03/02/2013 19:55",2,"CL",73,1215," "," ",2,0,0,0,0,0,0,0,0,0,0,0,0,0,0,0,0,19711,"ABILIO PEDRO RAMOS, RUA",NA,"",22,"CIDADE ADEMAR",1,0,"ABILIO PEDRO RAMOS, RUA 160 SAO PAULO SP",-23.4623648,-46.5792193
"1866","D021301519",59744,"TITO FRANCO DE ALMEIDA, RUA",NA,"",200,"","03/02/2013 20:00",2,"CT",62,471," "," ",1,1,0,0,0,0,0,0,0,0,0,0,0,0,0,0,0,59744,"TITO FRANCO DE ALMEIDA, RUA",NA,"",49,"LIBERDADE",1,0,"TITO FRANCO DE ALMEIDA, RUA 200 SAO PAULO SP",-23.4957022,-46.4856552
"1867","D021300037",8161,"GRACA, RUA DA",NA,"",451,"","03/02/2013 20:40",2,"CT",2,655," "," ",1,1,0,0,0,0,0,0,0,0,0,0,0,0,0,0,0,8161,"GRACA, RUA DA",NA,"",9,"BOM RETIRO",1,0,"GRACA, RUA DA 451 SAO PAULO SP",-23.527359,-46.6398017
"1868","D021301486",19449,"VALENTE DE NOVAIS, RUA",NA,"",222,"","03/02/2013 20:47",2,"CL",50,1473," "," ",1,1,0,0,0,0,0,0,0,0,0,0,0,0,0,0,0,19449,"VALENTE DE NOVAIS, RUA",NA,"",54,"MOOCA",1,0,"VALENTE DE NOVAIS, RUA 222 SAO PAULO SP",-23.5010454,-46.3958053
"1869","D021301722",72014,"PEDRO CORTE REAL, RUA",63259,"FELIX DA CUNHA, RUA",0,"","03/02/2013 21:15",2,"CL",55,1671," "," ",1,1,0,0,0,0,0,0,0,0,0,0,0,0,0,0,0,63259,"FELIX DA CUNHA, RUA",72014,"PEDRO CORTE REAL, RUA",NA,"",1,0,"PEDRO CORTE REAL, RUA SAO PAULO SP &  FELIX DA CUNHA, RUA SAO PAULO SP",-23.6195473,-46.4759953
"1870","D021301340",5606,"CUPECE, AV",NA,"",4447,"","03/02/2013 21:20",2,"CT",98,1322," "," ",2,1,0,0,0,0,0,0,0,0,0,0,0,0,0,0,0,5606,"CUPECE, AV",NA,"",22,"CIDADE ADEMAR",1,0,"CUPECE, AV 4447 SAO PAULO SP",-23.67308,-46.6437751
"1871","D021300505",61925,"ITAPIXE, RUA",NA,"",70,"","03/02/2013 21:30",2,"SI",33,1233," "," ",0,1,0,0,0,0,0,0,0,0,0,0,0,0,0,0,0,61925,"ITAPIXE, RUA",NA,"",31,"GUAIANASES",1,0,"ITAPIXE, RUA 70 SAO PAULO SP",-23.4855167,-46.742551
"1872","D021300216",66,"ABRAAO DE MORAIS, AV PROF",7019,"FRANCISCO TAPAJOS, RUA",0,"","03/02/2013 21:45",2,"CO",16,1549," "," ",2,0,0,0,0,0,0,0,0,0,0,1,0,0,0,0,0,66,"ABRAAO DE MORAIS, AV PROF",7019,"FRANCISCO TAPAJOS, RUA",79,"SAUDE",1,0,"ABRAAO DE MORAIS, AV PROF SAO PAULO SP &  FRANCISCO TAPAJOS, RUA SAO PAULO SP",-23.6072122,-46.6270066
"1873","D021300377",3912,"CALIFORNIA, RUA",9156,"INDIANA, RUA",0,"","03/02/2013 21:50",2,"SI",96,1212," "," ",1,1,0,0,0,0,0,0,0,0,0,0,0,0,0,0,0,3912,"CALIFORNIA, RUA",9156,"INDIANA, RUA",34,"ITAIM BIBI",1,0,"CALIFORNIA, RUA SAO PAULO SP &  INDIANA, RUA SAO PAULO SP",-23.6106967,-46.6832222
"1874","D021300099",15967,"PEDRO I, AV DOM",NA,"",1102,"","03/02/2013 22:01",4,"AT",6,888," "," ",0,0,0,0,0,0,0,0,0,0,0,0,0,0,0,1,0,15967,"PEDRO I, AV DOM",NA,"",12,"BUTANTA",1,0,"PEDRO I, AV DOM 1102 SAO PAULO SP",-23.5751655,-46.6109223
"1875","D021301723",70248,"MIGUEL FERREIRA DE MELO, RUA",NA,"",353,"","03/02/2013 22:30",2,"CO",55,1678," "," ",0,1,0,0,0,0,0,0,0,0,0,0,0,0,0,1,0,70248,"MIGUEL FERREIRA DE MELO, RUA",NA,"",55,"MORUMBI",2,0,"MIGUEL FERREIRA DE MELO, RUA 353 SAO PAULO SP",-23.6339583,-46.4431286
"1876","D021301756",17824,"SAPOPEMBA, AV",NA,"",12141,"","03/02/2013 22:40",2,"CO",69,1155," "," ",1,1,0,0,0,0,0,0,0,0,0,0,0,0,0,0,0,17824,"SAPOPEMBA, AV",NA,"",33,"IPIRANGA",1,0,"SAPOPEMBA, AV 12141 SAO PAULO SP",-23.6127408,-46.4901923
"1877","D021300687",13470,"MARIO DE MOURA E ALBUQUERQUE, RUA DR",NA,"",100,"","03/02/2013 23:00",2,"CT",89,945," "," ",1,1,0,0,0,0,0,0,0,0,0,0,0,0,0,0,0,13470,"MARIO DE MOURA E ALBUQUERQUE, RUA DR",NA,"",96,"VILA SONIA",1,0,"MARIO DE MOURA E ALBUQUERQUE, RUA DR 100 SAO PAULO SP",-23.5975664,-46.7390525
"1878","D021300112",9148,"INDEPENDENCIA (CAMBUCI), RUA DA",651,"ALEXANDRINO DA SILVEIRA BUENO, RUA",0,"","03/02/2013 23:00",2,"QM",6,997," "," ",0,1,0,0,0,0,0,0,0,0,0,0,0,0,0,0,0,651,"ALEXANDRINO DA SILVEIRA BUENO, RUA",9148,"INDEPENDENCIA (CAMBUCI), RUA DA",14,"CAMBUCI",1,0,"INDEPENDENCIA (CAMBUCI), RUA DA SAO PAULO SP &  ALEXANDRINO DA SILVEIRA BUENO, RUA SAO PAULO SP",-23.5628704,-46.6211166
"1880","D021301699",9044,"RAGUEB CHOHFI, AV",NA,"",5590,"","04/02/2013 00:30",2,"CT",54,642," "," ",1,1,0,0,0,0,0,0,0,0,0,0,0,0,0,0,0,9044,"RAGUEB CHOHFI, AV",NA,"",32,"IGUATEMI",1,0,"RAGUEB CHOHFI, AV 5590 SAO PAULO SP",-23.5949663,-46.4326172
"1881","D021300378",21514,"ROQUE PETRONI JUNIOR, AV",9765,"JACERU, RUA",0,"","04/02/2013 00:40",2,"QM",96,1215," "," ",0,1,0,0,0,0,0,0,0,0,0,0,0,0,0,0,0,9765,"JACERU, RUA",21514,"ROQUE PETRONI JUNIOR, AV",34,"ITAIM BIBI",1,0,"ROQUE PETRONI JUNIOR, AV SAO PAULO SP &  JACERU, RUA SAO PAULO SP",-23.6214849,-46.6981062
"1883","D021301128",4502,"CARRAO, AV CONS",NA,"",2200,"","04/02/2013 01:00",2,"QD",31,686," "," ",0,0,1,0,0,0,0,0,0,0,0,0,0,0,0,0,0,4502,"CARRAO, AV CONS",NA,"",20,"CARRAO",1,0,"CARRAO, AV CONS 2200 SAO PAULO SP",-23.5474865,-46.5401024
"1885","D021301806",6897,"FARIA LIMA, AV BRIG",8838,"HORACIO LAFER, AV",0,"","04/02/2013 03:10",2,"CO",14,1180," "," ",2,0,0,0,0,0,0,0,0,0,0,0,0,0,0,0,0,6897,"FARIA LIMA, AV BRIG",8838,"HORACIO LAFER, AV",34,"ITAIM BIBI",1,1,"FARIA LIMA, AV BRIG SAO PAULO SP &  HORACIO LAFER, AV SAO PAULO SP",-23.5786046,-46.685823
"1886","D021300566",34682,"CAMPO LIMPO, ES DO",NA,"",4500,"","04/02/2013 04:20",2,"CO",37,985," "," ",1,0,1,0,0,0,0,0,0,0,0,0,0,0,0,0,0,34682,"CAMPO LIMPO, ES DO",NA,"",17,"CAMPO LIMPO",1,0,"CAMPO LIMPO, ES DO 4500 SAO PAULO SP",-23.2019463,-46.785846
"1887","D021300238",4963,"CIPRIANO BARATA, RUA",NA,"",290,"","04/02/2013 06:00",2,"CO",17,654," "," ",1,1,0,0,0,0,0,0,0,0,0,0,0,0,0,0,0,4963,"CIPRIANO BARATA, RUA",NA,"",13,"CACHOEIRINHA",1,0,"CIPRIANO BARATA, RUA 290 SAO PAULO SP",-23.5719279,-46.6067828
"1888","D021301698",26565,"SOUZA RAMOS, AV",NA,"",74,"","04/02/2013 07:07",2,"CL",54,639," "," ",1,0,1,0,0,0,0,0,0,0,0,0,0,0,0,0,0,26565,"SOUZA RAMOS, AV",NA,"",50,"LIMAO",2,0,"SOUZA RAMOS, AV 74 SAO PAULO SP",-23.5692462,-46.413699
"1889","D021301772",19708,"VILA EMA, AV",NA,"",5760,"","04/02/2013 07:17",2,"CO",70,732," "," ",1,1,0,0,0,0,0,0,0,0,0,0,0,0,0,0,0,19708,"VILA EMA, AV",NA,"",26,"CONSOLACAO",1,0,"VILA EMA, AV 5760 SAO PAULO SP",-23.5965581,-46.527741
"1890","D021300686",61675,"JOSE DA SILVA RIBEIRO, RUA",66299,"JOSE DE OLIVEIRA COELHO, RUA",0,"","04/02/2013 07:24",2,"CO",89,933," "," ",1,1,0,0,0,0,0,0,0,0,0,0,0,0,0,0,0,8483,"GUILHERME DUMONT VILARES, AV DR",63087,"CHARLES SPENCER CHAPLIN, RUA",85,"VILA ANDRADE",1,0,"JOSE DA SILVA RIBEIRO, RUA SAO PAULO SP &  JOSE DE OLIVEIRA COELHO, RUA SAO PAULO SP",-23.6252227,-46.7411278
"1891","D021301506",65494,"TETIXIMIRA, RUA",19773,"BOICUAIBA, RUA",0,"","04/02/2013 07:30",2,"CO",59,504," "," ",1,0,0,0,1,0,0,0,0,0,0,0,0,0,0,0,0,19773,"BOICUAIBA, RUA",65494,"TETIXIMIRA, RUA",43,"JARDIM HELENA",2,0,"TETIXIMIRA, RUA SAO PAULO SP &  BOICUAIBA, RUA SAO PAULO SP",-23.4816945,-46.4191377
"1893","D021300565",64045,"CHIMARRAO, RUA",NA,"",219,"","04/02/2013 07:45",2,"SI",37,984," "," ",1,0,0,0,0,0,0,0,0,0,0,1,0,0,0,0,0,64045,"CHIMARRAO, RUA",NA,"",29,"FREGUESIA DO O",3,0,"CHIMARRAO, RUA 219 SAO PAULO SP",-23.6314211,-46.7534934
"1894","D021300126",543,"ALCANTARA MACHADO, AV",7253,"FOMM, RUA DR",0,"","04/02/2013 07:50",2,"CO",8,897," "," ",0,2,0,0,0,0,0,0,0,0,0,0,0,0,0,0,0,543,"ALCANTARA MACHADO, AV",7253,"FOMM, RUA DR",54,"MOOCA",1,0,"ALCANTARA MACHADO, AV SAO PAULO SP &  FOMM, RUA DR SAO PAULO SP",-23.5528151,-46.613419
"1895","D021300717",14172,"MONTE PASCAL, RUA",NA,"",210,"","04/02/2013 07:55",2,"CO",91,853," "," ",3,0,0,0,0,0,0,0,0,0,0,0,0,0,0,0,0,14172,"MONTE PASCAL, RUA",NA,"",48,"LAPA",1,0,"MONTE PASCAL, RUA 210 SAO PAULO SP",-23.5194304,-46.7232663
"1897","D021300957",3813,"CAETANO ALVARES, AV ENG",NA,"",1995,"","04/02/2013 08:00",2,"CO",40,1189," "," ",0,2,0,0,0,0,0,0,0,0,0,0,0,0,0,0,0,3813,"CAETANO ALVARES, AV ENG",NA,"",21,"CASA VERDE",1,0,"CAETANO ALVARES, AV ENG 1995 SAO PAULO SP",-23.4981092,-46.6637379
"1898","D021300174",5431,"ARTHUR DA COSTA E SILVA, VEL PRES",NA,"",800,"","04/02/2013 08:10",2,"CT",77,571," "," ",1,1,0,0,0,0,0,0,0,0,0,0,0,0,0,0,0,5431,"ARTHUR DA COSTA E SILVA, VEL PRES",NA,"",70,"SANTA CECILIA",1,0,"ARTHUR DA COSTA E SILVA, VEL PRES 800 SAO PAULO SP",-23.531978,-46.6614285
"1899","D021300855",12563,"MAMUD RAHD, RUA",NA,"",973,"","04/02/2013 08:45",2,"QM",20,1070,"B"," ",0,1,0,0,0,0,0,0,0,0,0,0,0,0,0,0,0,12563,"MAMUD RAHD, RUA",NA,"",83,"TREMEMBE",1,0,"MAMUD RAHD, RUA 973 SAO PAULO SP",-23.4656841,-46.6295794
"1900","D021301558",46936,"JACU-PESSEGO/NOVA TRABALHADORE, AV",NA,"",1892,"","04/02/2013 08:46",2,"CH",64,978," "," ",2,0,0,0,0,0,0,0,0,0,0,0,0,0,0,0,0,46936,"JACU-PESSEGO/NOVA TRABALHADORE, AV",NA,"",46,"JOSE BONIFACIO",1,0,"JACU-PESSEGO/NOVA TRABALHADORE, AV 1892 SAO PAULO SP",-23.5186241,-46.4556141
"1902","D021301167",24338,"LUIZ IGNACIO ANHAIA MELLO, AV PROF",NA,"",2935,"","04/02/2013 09:05",4,"AT",56,722," "," ",0,1,0,0,0,0,0,0,0,0,0,0,0,0,0,0,0,24338,"LUIZ IGNACIO ANHAIA MELLO, AV PROF",NA,"",26,"CONSOLACAO",1,0,"LUIZ IGNACIO ANHAIA MELLO, AV PROF 2935 SAO PAULO SP",-23.5824363,-46.5656159
"1903","D021300125",14213,"MOOCA, RUA DA",NA,"",699,"","04/02/2013 09:32",2,"CL",8,896,"C"," ",0,1,0,0,0,0,0,0,0,0,0,1,0,0,0,0,0,14213,"MOOCA, RUA DA",NA,"",16,"CAMPO GRANDE",1,0,"MOOCA, RUA DA 699 SAO PAULO SP",-23.5537779,-46.6184442
"1904","D021300519",7570,"FRANCISCO TRAMONTANO, RUA",8070,"GOIAS, AV DUQSA DE",0,"","04/02/2013 11:00",2,"CO",34,716," "," ",0,1,0,1,0,0,0,0,0,0,0,0,0,0,0,0,0,7570,"FRANCISCO TRAMONTANO, RUA",8070,"GOIAS, AV DUQSA DE",55,"MORUMBI",1,0,"FRANCISCO TRAMONTANO, RUA SAO PAULO SP &  GOIAS, AV DUQSA DE SAO PAULO SP",-23.6162218,-46.7020878
"1905","D021301079",2181,"ARICANDUVA, AV",NA,"",1091,"","04/02/2013 11:15",2,"QM",21,423," "," ",0,1,0,0,0,0,0,0,0,0,0,0,0,0,0,0,0,2181,"ARICANDUVA, AV",NA,"",60,"PENHA",1,0,"ARICANDUVA, AV 1091 SAO PAULO SP",-23.5403519,-46.5404623
"1906","D021300195",17240,"ROCHA AZEVEDO, AL MIN",NA,"",1213,"","04/02/2013 11:16",2,"CT",78,937," "," ",1,1,0,0,0,0,0,0,0,0,0,0,0,0,0,0,0,17240,"ROCHA AZEVEDO, AL MIN",NA,"",34,"ITAIM BIBI",1,0,"ROCHA AZEVEDO, AL MIN 1213 SAO PAULO SP",-23.5669878,-46.6650671
"1908","D021300148",10485,"JOAO TEODORO, RUA",13303,"MARIA MARCOLINA, RUA",0,"","04/02/2013 12:06",4,"AT",12,700," "," ",1,0,0,0,0,0,0,0,0,0,0,0,0,0,0,0,0,10485,"JOAO TEODORO, RUA",13303,"MARIA MARCOLINA, RUA",10,"BRAS",1,0,"JOAO TEODORO, RUA SAO PAULO SP &  MARIA MARCOLINA, RUA SAO PAULO SP",-23.5342424,-46.6255239
"1910","D021300322",19764,"VINTE E TRES DE MAIO, AV",NA,"",70,"","04/02/2013 12:22",2,"CL",36,566," "," ",1,1,0,0,0,0,0,0,0,0,0,0,0,0,0,0,0,19764,"VINTE E TRES DE MAIO, AV",NA,"",17,"CAMPO LIMPO",1,0,"VINTE E TRES DE MAIO, AV 70 SAO PAULO SP",-23.583075,-46.6522546