"","id_acidente","codloga","logradouroA","codlogb","logradouroB","alt_num","referencia","data","cod_acid","tipo_acidente","dp","numero_BO","sentido","pista","automovel","moto","onibus","caminhao","bicicleta","moto_taxi","onibus_fretado","onibus_urbano","microonibus","van","vuc","caminhonete","carreta","jipe","outros","sem_informacao","carroca","princ_a","paiA","princ_b","paiB","cod_distrito","distrito","vit_ferida","vit_morta","local","lat","lon"
"1911","D021300727",7836,"GASTAO VIDIGAL, AV DR",NA,"",100,"","04/02/2013 12:32",2,"CO",91,1324," "," ",0,2,0,0,0,0,0,0,0,0,0,0,0,0,0,0,0,7836,"GASTAO VIDIGAL, AV DR",NA,"",90,"VILA LEOPOLDINA",1,0,"GASTAO VIDIGAL, AV DR 100 SAO PAULO SP",-23.559482,-46.3709866
"1912","D021301168",7497,"FRANCISCO MESQUITA, AV DR",NA,"",1000,"","04/02/2013 12:44",2,"QM",56,727," "," ",0,1,0,0,0,0,0,0,0,0,0,0,0,0,0,0,0,7497,"FRANCISCO MESQUITA, AV DR",NA,"",95,"VILA PRUDENTE",1,0,"FRANCISCO MESQUITA, AV DR 1000 SAO PAULO SP",-23.5931687,-46.5851869
"1913","D021301809",7497,"FRANCISCO MESQUITA, AV DR",NA,"",1000,"","04/02/2013 12:44",4,"AT",14,1288," "," ",0,1,0,1,0,0,0,0,0,0,0,0,0,0,0,0,0,7497,"FRANCISCO MESQUITA, AV DR",NA,"",95,"VILA PRUDENTE",0,1,"FRANCISCO MESQUITA, AV DR 1000 SAO PAULO SP",-23.5931687,-46.5851869
"1914","D021300217",26501,"JOSE MARIA WHITAKER, AV",12242,"LUIS GOIS, RUA",0,"","04/02/2013 13:00",4,"AT",16,1571," "," ",0,0,0,0,0,0,0,0,0,0,0,1,0,0,0,0,0,12242,"LUIS GOIS, RUA",26501,"JOSE MARIA WHITAKER, AV",79,"SAUDE",1,0,"JOSE MARIA WHITAKER, AV SAO PAULO SP &  LUIS GOIS, RUA SAO PAULO SP",-23.6220372,-46.6424411
"1915","D021300415",16919,"REBOUCAS, AV",NA,"",1332,"","04/02/2013 13:44",2,"SI",14,196," "," ",1,1,0,0,0,0,0,0,0,0,0,0,0,0,0,0,0,16919,"REBOUCAS, AV",NA,"",44,"JARDIM PAULISTA",1,0,"REBOUCAS, AV 1332 SAO PAULO SP",-23.5617965,-46.6743603
"1916","D021300196",12165,"LUIS ANTONIO, AV BRIG",NA,"",3566,"","04/02/2013 13:50",4,"AT",78,947," "," ",0,0,1,0,0,0,0,0,0,0,0,0,0,0,0,0,0,12165,"LUIS ANTONIO, AV BRIG",NA,"",7,"BELA VISTA",1,0,"LUIS ANTONIO, AV BRIG 3566 SAO PAULO SP",-23.5759864,-46.657953
"1917","D021301131",8767,"HERWIS, RUA",NA,"",546,"","04/02/2013 14:00",2,"CO",42,437," "," ",1,1,0,0,0,0,0,0,0,0,0,0,0,0,0,0,0,8767,"HERWIS, RUA",NA,"",74,"SAO LUCAS",1,0,"HERWIS, RUA 546 SAO PAULO SP",-23.5844959,-46.541987
"1918","D021300416",16919,"REBOUCAS, AV",6775,"EUGENIO LEITE, RUA CON",0,"","04/02/2013 14:00",4,"AT",14,1097," "," ",0,0,0,0,0,0,0,0,0,0,0,0,0,0,0,1,0,6775,"EUGENIO LEITE, RUA CON",16919,"REBOUCAS, AV",63,"PINHEIROS",1,0,"REBOUCAS, AV SAO PAULO SP &  EUGENIO LEITE, RUA CON SAO PAULO SP",-23.5666153,-46.6829404
"1919","D021300128",4543,"CASSANDOCA, AV",18706,"TAQUARYTINGA, RUA",0,"","04/02/2013 14:30",4,"AT",8,906," "," ",1,0,0,0,0,0,0,0,0,0,0,0,0,0,0,0,0,4543,"CASSANDOCA, AV",18706,"TAQUARYTINGA, RUA",54,"MOOCA",1,0,"CASSANDOCA, AV SAO PAULO SP &  TAQUARYTINGA, RUA SAO PAULO SP",-23.5539809,-46.5911742
"1921","D021301138",18408,"SOLIDONIO LEITE, RUA",11802,"LESSING, RUA",0,"","04/02/2013 14:45",2,"CO",42,736,"C"," ",0,2,0,0,0,0,0,0,0,0,0,0,0,0,0,0,0,11802,"LESSING, RUA",18408,"SOLIDONIO LEITE, RUA",74,"SAO LUCAS",1,0,"SOLIDONIO LEITE, RUA SAO PAULO SP &  LESSING, RUA SAO PAULO SP",-23.5845887,-46.5400162
"1922","D021301359",9220,"INTERLAGOS, AV",NA,"",371,"","04/02/2013 14:59",2,"QF",99,512," "," ",0,0,0,0,0,0,0,1,0,0,0,0,0,0,0,0,0,9220,"INTERLAGOS, AV",NA,"",16,"CAMPO GRANDE",1,0,"INTERLAGOS, AV 371 SAO PAULO SP",-23.6536988,-46.6799763
"1923","D021301190",5817,"DEZENOVE DE JANEIRO, AV",NA,"",653,"","04/02/2013 15:00",2,"QM",58,294," "," ",0,1,0,0,0,0,0,0,0,0,0,0,0,0,0,0,0,5817,"DEZENOVE DE JANEIRO, AV",NA,"",20,"CARRAO",1,0,"DEZENOVE DE JANEIRO, AV 653 SAO PAULO SP",-23.5575124,-46.5237588
"1926","D021300569",74170,"LIRA CEARENSE, RUA",NA,"",200,"","04/02/2013 15:30",2,"QD",37,1002," "," ",0,0,1,0,0,0,0,0,0,0,0,0,0,0,0,0,0,74170,"LIRA CEARENSE, RUA",NA,"",29,"FREGUESIA DO O",1,0,"LIRA CEARENSE, RUA 200 SAO PAULO SP",-23.640602,-46.7605324
"1928","D021300935",5705,"DANTAS CORTEZ, RUA MAJ",NA,"",143,"","04/02/2013 15:40",2,"CO",39,578,"B"," ",1,1,0,0,0,0,0,0,0,0,0,0,0,0,0,0,0,5705,"DANTAS CORTEZ, RUA MAJ",NA,"",94,"VILA MEDEIROS",1,0,"DANTAS CORTEZ, RUA MAJ 143 SAO PAULO SP",-23.4814354,-46.5995734
"1929","D021300149",4332,"CARLOS DE CAMPOS, AV",NA,"",935,"","04/02/2013 16:00",2,"CT",12,742," "," ",1,1,0,0,0,0,0,0,0,0,0,0,0,0,0,0,0,4332,"CARLOS DE CAMPOS, AV",NA,"",57,"PARI",1,0,"CARLOS DE CAMPOS, AV 935 SAO PAULO SP",-23.5251591,-46.6103158
"1930","D021301127",6239,"EDUARDO COTCHING, AV DR",NA,"",148,"","04/02/2013 16:00",2,"CF",30,900046," "," ",2,0,0,0,0,0,0,0,0,0,0,0,0,0,0,0,0,6239,"EDUARDO COTCHING, AV DR",NA,"",87,"VILA FORMOSA",1,0,"EDUARDO COTCHING, AV DR 148 SAO PAULO SP",-23.5626117,-46.5582132
"1931","D021301110",4502,"CARRAO, AV CONS",NA,"",153,"","04/02/2013 16:50",2,"CL",30,701," "," ",2,0,0,0,0,0,0,0,0,0,0,0,0,0,0,0,0,4502,"CARRAO, AV CONS",NA,"",20,"CARRAO",2,0,"CARRAO, AV CONS 153 SAO PAULO SP",-23.5575926,-46.6436864
"1932","D021300773",12290,"LUIS RAMOS, RUA CAP",13397,"MARIETA DA SILVA, RUA",0,"","04/02/2013 17:00",2,"CO",9,1086," "," ",1,1,0,0,0,0,0,0,0,0,0,0,0,0,0,0,0,12290,"LUIS RAMOS, RUA CAP",13397,"MARIETA DA SILVA, RUA",88,"VILA GUILHERME",1,0,"LUIS RAMOS, RUA CAP SAO PAULO SP &  MARIETA DA SILVA, RUA SAO PAULO SP",-23.5096554,-46.609005
"1933","D021300343",1247,"ANCHIETA, VIA",16994,"RENO, RUA DO",0,"","04/02/2013 17:10",2,"CO",83,356," "," ",0,1,0,1,0,0,0,0,0,1,0,0,0,0,0,0,0,1247,"ANCHIETA, VIA",16994,"RENO, RUA DO",69,"SACOMA",2,0,"ANCHIETA, VIA SAO PAULO SP &  RENO, RUA DO SAO PAULO SP",-23.6433577,-46.5860313
"1934","D021301615",6293,"EGIDIO MARTINS, AV",NA,"",30,"","04/02/2013 17:20",4,"AT",41,696," "," ",1,0,0,0,0,0,0,0,0,0,0,0,0,0,0,0,0,6293,"EGIDIO MARTINS, AV",NA,"",56,"PARELHEIROS",1,0,"EGIDIO MARTINS, AV 30 SAO PAULO SP",-23.5918339,-46.52645
"1935","D021300058",5245,"CONSOLACAO, RUA DA",NA,"",3106,"","04/02/2013 18:00",4,"AT",4,935," "," ",1,0,0,0,0,0,0,0,0,0,0,0,0,0,0,0,0,5245,"CONSOLACAO, RUA DA",NA,"",26,"CONSOLACAO",1,0,"CONSOLACAO, RUA DA 3106 SAO PAULO SP",-23.5597412,-46.6672954
"1936","D021300127",543,"ALCANTARA MACHADO, AV",906,"ALVARO RAMOS, AV",0,"","04/02/2013 18:15",2,"CT",8,904," "," ",1,1,0,0,0,0,0,0,0,0,0,0,0,0,0,0,0,543,"ALCANTARA MACHADO, AV",906,"ALVARO RAMOS, AV",8,"BELEM",1,0,"ALCANTARA MACHADO, AV SAO PAULO SP &  ALVARO RAMOS, AV SAO PAULO SP",-23.5528151,-46.613419
"1937","D021300361",6238,"NACOES UNIDAS, AV DAS",NA,"",13771,"","04/02/2013 18:16",2,"CT",96,548," "," ",1,1,0,0,0,0,0,0,0,0,0,0,0,0,0,0,0,13014,"MARGINAL DO RIO PINHEIROS, AV",NA,"",90,"VILA LEOPOLDINA",1,0,"NACOES UNIDAS, AV DAS 13771 SAO PAULO SP",-23.6791526,-46.6960874
"1938","D021300604",73197,"MOGEIRO, RUA",NA,"",197,"","04/02/2013 18:20",2,"CT",46,1126,"B"," ",0,0,2,0,0,0,0,0,0,0,0,0,0,0,0,0,0,73197,"MOGEIRO, RUA",NA,"",52,"MARSILAC",4,0,"MOGEIRO, RUA 197 SAO PAULO SP",-23.4098929,-46.7580178
"1939","D021300597",73197,"MOGEIRO, RUA",NA,"",207,"","04/02/2013 18:30",2,"CO",46,591," "," ",0,0,2,0,0,0,0,0,0,0,0,0,0,0,0,0,0,73197,"MOGEIRO, RUA",NA,"",52,"MARSILAC",1,0,"MOGEIRO, RUA 207 SAO PAULO SP",-23.4096894,-46.7580763
"1940","D021300649",16878,"RAPOSO TAVARES, VIA",NA,"",16600,"","04/02/2013 18:30",2,"CO",75,440," "," ",1,0,0,1,0,0,0,0,0,0,0,1,0,0,0,0,0,16878,"RAPOSO TAVARES, VIA",NA,"",13,"CACHOEIRINHA",3,0,"RAPOSO TAVARES, VIA 16600 SAO PAULO SP",-23.5206735,-48.4937264
"1941","D021301038",1979,"AQUILINO VIDAL, RUA",NA,"",14,"","04/02/2013 18:30",2,"CO",10,1388," "," ",1,1,0,0,0,0,0,0,0,0,0,0,0,0,0,0,0,1979,"AQUILINO VIDAL, RUA",NA,"",60,"PENHA",2,0,"AQUILINO VIDAL, RUA 14 SAO PAULO SP",-23.5313211,-46.5449217
"1942","D021300095",14317,"MUNIZ DE SOUSA, RUA",NA,"",1335,"","04/02/2013 18:50",2,"CO",6,656," "," ",2,0,0,0,0,0,0,0,0,0,0,0,0,0,0,0,0,14317,"MUNIZ DE SOUSA, RUA",NA,"",12,"BUTANTA",2,0,"MUNIZ DE SOUSA, RUA 1335 SAO PAULO SP",-23.5735383,-46.6304675
"1944","D021300666",28906,"MANOEL BARBOSA, RUA",5947,"EDGAR FACO, AV GAL",0,"","04/02/2013 19:00",2,"CO",87,620," "," ",1,1,0,0,0,0,0,0,0,0,0,0,0,0,0,0,0,5947,"EDGAR FACO, AV GAL",28906,"MANOEL BARBOSA, RUA",64,"PIRITUBA",1,0,"MANOEL BARBOSA, RUA SAO PAULO SP &  EDGAR FACO, AV GAL SAO PAULO SP",-23.4885104,-46.7127437
"1945","D021300417",18813,"TEODORO SAMPAIO, RUA",NA,"",1041,"","04/02/2013 19:05",4,"AT",14,1105," "," ",0,0,0,0,0,0,0,0,0,0,0,1,0,0,0,0,0,18813,"TEODORO SAMPAIO, RUA",NA,"",20,"CARRAO",1,0,"TEODORO SAMPAIO, RUA 1041 SAO PAULO SP",-23.5592774,-46.6802891
"1947","D021301017",39169,"JOAO AMADO COUTINHO, RUA",NA,"",150,"","04/02/2013 20:40",2,"QM",74,791," "," ",0,1,0,0,0,0,0,0,0,0,0,0,0,0,0,0,0,39169,"JOAO AMADO COUTINHO, RUA",NA,"",52,"MARSILAC",1,0,"JOAO AMADO COUTINHO, RUA 150 SAO PAULO SP",-23.4481467,-46.7156239
"1948","D021301104",14196,"MONTEMAGNO, AV",NA,"",1344,"","04/02/2013 21:00",4,"AT",29,737," "," ",1,0,0,0,0,0,0,0,0,0,0,0,0,0,0,0,0,14196,"MONTEMAGNO, AV",NA,"",46,"JOSE BONIFACIO",1,0,"MONTEMAGNO, AV 1344 SAO PAULO SP",-23.569703,-46.5550837
"1950","D021301039",4128,"CANGAIBA, AV",NA,"",1813,"","04/02/2013 21:15",4,"AT",10,1391,"C"," ",1,0,0,0,0,0,0,0,0,0,0,0,0,0,0,0,0,4128,"CANGAIBA, AV",NA,"",18,"CANGAIBA",2,0,"CANGAIBA, AV 1813 SAO PAULO SP",-23.508273,-46.5376285
"1951","D021300650",99657,"CACHOEIRA DO ARREPENDIDO, RUA",NA,"",10,"","04/02/2013 21:20",2,"CO",75,442," "," ",0,1,0,0,0,0,0,0,0,0,0,0,0,0,0,1,0,99657,"CACHOEIRA DO ARREPENDIDO, RUA",NA,"",13,"CACHOEIRINHA",1,0,"CACHOEIRA DO ARREPENDIDO, RUA 10 SAO PAULO SP",-23.5872435,-46.800799
"1952","D021301380",9220,"INTERLAGOS, AV",6238,"NACOES UNIDAS, AV DAS",0,"","04/02/2013 21:30",2,"CL",99,1324," "," ",1,1,0,0,0,0,0,0,0,0,0,0,0,0,0,0,0,6238,"NACOES UNIDAS, AV DAS",9220,"INTERLAGOS, AV",16,"CAMPO GRANDE",1,0,"INTERLAGOS, AV SAO PAULO SP &  NACOES UNIDAS, AV DAS SAO PAULO SP",-23.6872639,-46.6953006
"1953","D021301169",15275,"PACHECO E CHAVES, RUA CAP",15304,"PAES DE BARROS, AV",0,"","04/02/2013 21:49",4,"AT",56,739,"C"," ",1,0,0,0,0,0,0,0,0,0,0,0,0,0,0,0,0,15275,"PACHECO E CHAVES, RUA CAP",15304,"PAES DE BARROS, AV",95,"VILA PRUDENTE",1,0,"PACHECO E CHAVES, RUA CAP SAO PAULO SP &  PAES DE BARROS, AV SAO PAULO SP",-23.5818919,-46.5910574
"1954","D021300307",2235,"ARMANDO DE ARRUDA PEREIRA, AV ENG",3841,"CAFE, AV DO",0,"","04/02/2013 22:20",4,"AT",35,1601," "," ",0,0,1,0,0,0,0,0,0,0,0,0,0,0,0,0,0,2235,"ARMANDO DE ARRUDA PEREIRA, AV ENG",3841,"CAFE, AV DO",37,"JABAQUARA",1,0,"ARMANDO DE ARRUDA PEREIRA, AV ENG SAO PAULO SP &  CAFE, AV DO SAO PAULO SP",-23.6342719,-46.6414387
"1955","D021301782",5425,"COSTA BARROS, RUA",13034,"BARBEIRO DE SEVILHA, RUA",0,"","04/02/2013 22:20",4,"AT",70,1192," "," ",0,0,0,0,0,0,0,0,0,0,0,0,0,0,0,1,0,5425,"COSTA BARROS, RUA",13034,"BARBEIRO DE SEVILHA, RUA",74,"SAO LUCAS",1,0,"COSTA BARROS, RUA SAO PAULO SP &  BARBEIRO DE SEVILHA, RUA SAO PAULO SP",-23.6047674,-46.5502522
"1956","D021301805",29772,"MARGINAL DO RIO TIETE, AV",NA,"",15000,"","04/02/2013 23:15",2,"CH",33,1121," "," ",1,0,0,1,0,0,0,0,0,0,0,0,0,0,0,0,0,29772,"MARGINAL DO RIO TIETE, AV",NA,"",13,"CACHOEIRINHA",0,1,"MARGINAL DO RIO TIETE, AV 15000 SAO PAULO SP",-23.52257,-46.7501547
"1957","D021300104",5886,"DIOGO, RUA CEL",NA,"",709,"","05/02/2013 01:32",2,"CH",6,914," "," ",1,0,0,0,0,0,0,0,0,0,0,0,0,0,0,0,0,5886,"DIOGO, RUA CEL",NA,"",92,"VILA MARIANA",1,0,"DIOGO, RUA CEL 709 SAO PAULO SP",-23.5781341,-46.6209935
"1958","D021301650",2181,"ARICANDUVA, AV",NA,"",1250,"","05/02/2013 03:30",2,"CT",49,1737," "," ",2,0,0,0,0,0,0,0,0,0,0,0,0,0,0,0,0,2181,"ARICANDUVA, AV",NA,"",60,"PENHA",1,0,"ARICANDUVA, AV 1250 SAO PAULO SP",-23.5932143,-46.4660365
"1959","D021301300",15507,"TEOTONIO VILELA, AV SEN",NA,"",7300,"","05/02/2013 05:40",2,"QM",85,649," "," ",0,1,0,0,0,0,0,0,0,0,0,0,0,0,0,0,0,15507,"TEOTONIO VILELA, AV SEN",NA,"",23,"CIDADE DUTRA",1,0,"TEOTONIO VILELA, AV SEN 7300 SAO PAULO SP",-23.7600167,-46.7154601
"1960","D021301301",15507,"TEOTONIO VILELA, AV SEN",NA,"",4929,"","05/02/2013 05:45",2,"CO",85,729," "," ",1,1,0,0,0,0,0,0,0,0,0,0,0,0,0,0,0,15507,"TEOTONIO VILELA, AV SEN",NA,"",23,"CIDADE DUTRA",1,0,"TEOTONIO VILELA, AV SEN 4929 SAO PAULO SP",-23.7411804,-46.7054845
"1961","D021300290",9715,"JABAQUARA, AV",4676,"CECI, AV",0,"","05/02/2013 05:55",2,"CO",35,1125," "," ",1,1,0,0,0,0,0,0,0,0,0,0,0,0,0,0,0,4676,"CECI, AV",9715,"JABAQUARA, AV",79,"SAUDE",1,0,"JABAQUARA, AV SAO PAULO SP &  CECI, AV SAO PAULO SP",-23.6202152,-46.6396897
"1962","D021301680",60675,"AFONSO DE SAMPAIO E SOUSA, AV",66455,"ARCADIA PAULISTANA, RUA",0,"","05/02/2013 06:00",2,"CO",53,750,"C"," ",1,1,0,0,0,0,0,0,0,0,0,0,0,0,0,0,0,60675,"AFONSO DE SAMPAIO E SOUSA, AV",66455,"ARCADIA PAULISTANA, RUA",58,"PARQUE DO CARMO",1,0,"AFONSO DE SAMPAIO E SOUSA, AV SAO PAULO SP &  ARCADIA PAULISTANA, RUA SAO PAULO SP",-23.5658443,-46.4678549
"1963","D021300418",14282,"MOURATO COELHO, RUA",NA,"",615,"","05/02/2013 06:20",2,"QD",14,1110," "," ",0,0,0,0,0,0,0,1,0,0,0,0,0,0,0,0,0,14282,"MOURATO COELHO, RUA",NA,"",45,"JARDIM SAO LUIS",1,0,"MOURATO COELHO, RUA 615 SAO PAULO SP",-23.5621568,-46.6886447
"1964","D021300496",1429,"ANHANGUERA, VIA",NA,"",14,"","05/02/2013 06:30",2,"CO",33,619," "," ",1,1,0,0,0,0,0,0,0,0,0,0,0,0,0,0,0,1429,"ANHANGUERA, VIA",NA,"",73,"SAO DOMINGOS",1,0,"ANHANGUERA, VIA 14 SAO PAULO SP",-23.52773,-46.6527054
"1966","D021300492",29035,"ANTARTICA, VD",NA,"",164,"","05/02/2013 07:30",2,"CO",23,1203," "," ",1,1,0,0,0,0,0,0,0,0,0,0,0,0,0,0,0,1475,"ANTARTICA, AV",NA,"",19,"CAPAO REDONDO",2,0,"ANTARTICA, VD 164 SAO PAULO SP",-23.5214134,-46.6682923
"1967","D021300048",18993,"TIRADENTES, AV",6642,"ESTADO, AV DO",0,"","05/02/2013 07:30",2,"CO",2,969," "," ",1,1,0,0,0,0,0,0,0,0,0,0,0,0,0,0,0,6642,"ESTADO, AV DO",18993,"TIRADENTES, AV",9,"BOM RETIRO",1,0,"TIRADENTES, AV SAO PAULO SP &  ESTADO, AV DO SAO PAULO SP",-23.5295824,-46.6315552
"1968","D021301030",39012,"POETA, AV DO",10471,"JOAO SIMAO DE CASTRO, AV",0,"","05/02/2013 07:30",2,"CO",90,455," "," ",1,1,0,0,0,0,0,0,0,0,0,0,0,0,0,0,0,10471,"JOAO SIMAO DE CASTRO, AV",39012,"POETA, AV DO",94,"VILA MEDEIROS",1,0,"POETA, AV DO SAO PAULO SP &  JOAO SIMAO DE CASTRO, AV SAO PAULO SP",-23.4866897,-46.5662159
"1969","D021300038",1421,"ANHAIA, RUA",NA,"",164,"","05/02/2013 07:35",4,"AT",2,687," "," ",0,1,0,0,0,0,0,0,0,0,0,0,0,0,0,0,0,1421,"ANHAIA, RUA",NA,"",9,"BOM RETIRO",1,0,"ANHAIA, RUA 164 SAO PAULO SP",-23.5285615,-46.642642
"1970","D021300520",19461,"VALERIO, AV S",NA,"",173,"","05/02/2013 07:40",2,"CO",34,715," "," ",1,1,0,0,0,0,0,0,0,0,0,0,0,0,0,0,0,19461,"VALERIO, AV S",NA,"",13,"CACHOEIRINHA",2,0,"VALERIO, AV S 173 SAO PAULO SP",-23.5850756,-46.6996337
"1971","D021300354",25,"ABAUNA, RUA",6298,"ELBA, RUA",0,"","05/02/2013 07:40",2,"CT",95,1063,"C"," ",1,1,0,0,0,0,0,0,0,0,0,0,0,0,0,0,0,25,"ABAUNA, RUA",6298,"ELBA, RUA",69,"SACOMA",1,0,"ABAUNA, RUA SAO PAULO SP &  ELBA, RUA SAO PAULO SP",-23.6104765,-46.6035087
"1972","D021300120",5486,"CRISOLITA, RUA",NA,"",180,"","05/02/2013 08:30",2,"CO",6,900041," "," ",1,1,0,0,0,0,0,0,0,0,0,0,0,0,0,0,0,5486,"CRISOLITA, RUA",NA,"",92,"VILA MARIANA",1,0,"CRISOLITA, RUA 180 SAO PAULO SP",-23.5829547,-46.6194443
"1973","D021300861",1204,"ANA SALETE, RUA",3054,"BELCHIOR BARREIROS, RUA",0,"","05/02/2013 08:37",2,"CO",20,1241," "," ",1,1,0,0,0,0,0,0,0,0,0,0,0,0,0,0,0,1204,"ANA SALETE, RUA",3054,"BELCHIOR BARREIROS, RUA",51,"MANDAQUI",1,0,"ANA SALETE, RUA SAO PAULO SP &  BELCHIOR BARREIROS, RUA SAO PAULO SP",-23.4759615,-46.6206477
"1974","D021301431",10785,"JOSE ARTUR NOVA, AV DR",NA,"",10,"","05/02/2013 08:50",2,"CO",22,634,"B"," ",0,1,0,0,1,0,0,0,0,0,0,0,0,0,0,0,0,10785,"JOSE ARTUR NOVA, AV DR",NA,"",43,"JARDIM HELENA",1,0,"JOSE ARTUR NOVA, AV DR 10 SAO PAULO SP",-23.4833448,-46.4330112
"1975","D021300937",8538,"GUSTAVO ADOLFO, AV",NA,"",155,"","05/02/2013 09:00",2,"CO",39,590,"C"," ",1,1,0,0,0,0,0,0,0,0,0,0,0,0,0,0,0,8538,"GUSTAVO ADOLFO, AV",NA,"",94,"VILA MEDEIROS",2,0,"GUSTAVO ADOLFO, AV 155 SAO PAULO SP",-23.4814112,-46.5979007
"1976","D021300883",36284,"PETRONIO PORTELA, AV MIN",NA,"",1185,"","05/02/2013 09:00",2,"CO",28,591," "," ",1,1,0,0,0,0,0,0,0,0,0,0,0,0,0,0,0,36284,"PETRONIO PORTELA, AV MIN",NA,"",4,"ARICANDUVA",1,0,"PETRONIO PORTELA, AV MIN 1185 SAO PAULO SP",-23.4893999,-46.6986662
"1977","D021300308",8958,"IBITURUNA, RUA",NA,"",500,"","05/02/2013 09:05",4,"AT",35,1604," "," ",0,0,0,0,0,0,0,0,0,0,0,1,0,0,0,0,0,8958,"IBITURUNA, RUA",NA,"",79,"SAUDE",1,0,"IBITURUNA, RUA 500 SAO PAULO SP",-23.6229983,-46.6352338
"1978","D021300291",11423,"JURUPARI, RUA",NA,"",620,"","05/02/2013 09:10",2,"CO",35,1137," "," ",1,1,0,0,0,0,0,0,0,0,0,0,0,0,0,0,0,11423,"JURUPARI, RUA",NA,"",37,"JABAQUARA",1,0,"JURUPARI, RUA 620 SAO PAULO SP",-23.6425269,-46.6522029
"1979","D021300292",36098,"AFFONSO D'ESCRAGNOLLE TAUNAY, AV",NA,"",870,"","05/02/2013 09:10",2,"CT",35,1139," "," ",1,1,0,0,0,0,0,0,0,0,0,0,0,0,0,0,0,36098,"AFFONSO D'ESCRAGNOLLE TAUNAY, AV",NA,"",24,"CIDADE LIDER",2,0,"AFFONSO D'ESCRAGNOLLE TAUNAY, AV 870 SAO PAULO SP",-23.6294696,-46.6389741
"1983","D021301487",17067,"RIBEIRO ESCOBAR, RUA",NA,"",100,"","05/02/2013 12:00",4,"AT",50,1552," "," ",0,0,0,0,0,0,0,0,0,0,0,1,0,0,0,0,0,17067,"RIBEIRO ESCOBAR, RUA",NA,"",54,"MOOCA",1,0,"RIBEIRO ESCOBAR, RUA 100 SAO PAULO SP",-23.498264,-46.3996511
"1984","D021300344",19583,"VERGUEIRO, RUA",NA,"",7354,"","05/02/2013 12:20",4,"AT",95,518," "," ",1,0,0,0,0,0,0,0,0,0,0,0,0,0,0,0,0,19583,"VERGUEIRO, RUA",NA,"",33,"IPIRANGA",1,0,"VERGUEIRO, RUA 7354 SAO PAULO SP",-23.6091757,-46.6116424
"1985","D021300295",3325,"BERTO CONDE, RUA",NA,"",157,"","05/02/2013 12:26",4,"AT",35,1177," "," ",0,0,0,0,0,0,0,0,0,0,0,1,0,0,0,0,0,3325,"BERTO CONDE, RUA",NA,"",79,"SAUDE",1,0,"BERTO CONDE, RUA 157 SAO PAULO SP",-23.6274682,-46.6365317
"1986","D021300938",3181,"BENEVENUTO JORDAO, RUA",NA,"",73,"","05/02/2013 12:40",4,"AT",39,599," "," ",0,1,0,0,0,0,0,0,0,0,0,0,0,0,0,0,0,3181,"BENEVENUTO JORDAO, RUA",NA,"",94,"VILA MEDEIROS",1,0,"BENEVENUTO JORDAO, RUA 73 SAO PAULO SP",-23.4850404,-46.5900518
"1987","D021301040",17449,"ROSARIO, LGO DO",10439,"JOAO RIBEIRO, RUA DR",0,"","05/02/2013 12:45",2,"CT",10,1418," "," ",1,0,1,0,0,0,0,0,0,0,0,0,0,0,0,0,0,10439,"JOAO RIBEIRO, RUA DR",17449,"ROSARIO, LGO DO",NA,"",2,0,"ROSARIO, LGO DO SAO PAULO SP &  JOAO RIBEIRO, RUA DR SAO PAULO SP",-23.5249401,-46.54848
"1988","D021301258",2787,"PAULO MANGABEIRA ALBERNAZ, RUA PROF",NA,"",365,"","05/02/2013 13:04",2,"CO",43,895," "," ",1,1,0,0,0,0,0,0,0,0,0,0,0,0,0,0,0,2787,"PAULO MANGABEIRA ALBERNAZ, RUA PROF",NA,"",22,"CIDADE ADEMAR",1,0,"PAULO MANGABEIRA ALBERNAZ, RUA PROF 365 SAO PAULO SP",-23.6695398,-46.6570183
"1989","D021301715",9589,"ADELIA CHOHFI, AV",NA,"",100,"","05/02/2013 13:05",2,"QD",55,646," "," ",0,0,1,0,0,0,0,0,0,0,0,0,0,0,0,0,0,9589,"ADELIA CHOHFI, AV",NA,"",75,"SAO MATEUS",1,0,"ADELIA CHOHFI, AV 100 SAO PAULO SP",-23.6127067,-46.4765918
"1990","D021301133",26972,"FLORENTINO RODRIGUES, RUA",NA,"",106,"","05/02/2013 13:17",2,"CO",42,454," "," ",0,0,0,0,1,0,0,0,0,0,0,0,0,0,0,1,0,26972,"FLORENTINO RODRIGUES, RUA",NA,"",26,"CONSOLACAO",1,0,"FLORENTINO RODRIGUES, RUA 106 SAO PAULO SP",-23.6006738,-46.5550669
"1992","D021301757",76102,"GODOFREDO CERQUEIRA LEITE, RUA TTE",NA,"",11,"","05/02/2013 13:50",4,"AT",69,1217," "," ",0,0,0,0,0,0,0,0,0,1,0,0,0,0,0,0,0,76102,"GODOFREDO CERQUEIRA LEITE, RUA TTE",NA,"",51,"MANDAQUI",1,0,"GODOFREDO CERQUEIRA LEITE, RUA TTE 11 SAO PAULO SP",-23.6143504,-46.4982627
"1994","D021300521",21242,"PLINIO SALGADO, RUA",NA,"",11,"","05/02/2013 14:30",4,"AT",34,757," "," ",1,0,0,0,0,0,0,0,0,0,0,0,0,0,0,0,0,21242,"PLINIO SALGADO, RUA",NA,"",13,"CACHOEIRINHA",1,0,"PLINIO SALGADO, RUA 11 SAO PAULO SP",-23.5865143,-46.7370118