"","id_acidente","codloga","logradouroA","codlogb","logradouroB","alt_num","referencia","data","cod_acid","tipo_acidente","dp","numero_BO","sentido","pista","automovel","moto","onibus","caminhao","bicicleta","moto_taxi","onibus_fretado","onibus_urbano","microonibus","van","vuc","caminhonete","carreta","jipe","outros","sem_informacao","carroca","princ_a","paiA","princ_b","paiB","cod_distrito","distrito","vit_ferida","vit_morta","local","lat","lon"
"1995","D021301773",11872,"LIMA CANTUARIA, RUA",NA,"",45,"","05/02/2013 14:31",4,"AT",70,772," "," ",0,1,0,0,0,0,0,0,0,0,0,0,0,0,0,0,0,11872,"LIMA CANTUARIA, RUA",NA,"",56,"PARELHEIROS",2,0,"LIMA CANTUARIA, RUA 45 SAO PAULO SP",-23.605858,-46.5318262
"1996","D021301341",9224,"VITORINO FREIRE, AV SEN",NA,"",608,"","05/02/2013 14:45",2,"QD",98,1388,"C"," ",0,0,0,0,0,0,0,1,0,0,0,0,0,0,0,0,0,9224,"VITORINO FREIRE, AV SEN",NA,"",22,"CIDADE ADEMAR",1,0,"VITORINO FREIRE, AV SEN 608 SAO PAULO SP",-23.6892424,-46.6350416
"1997","D021300039",16581,"PRATES, RUA",17275,"RODOLFO MIRANDA, RUA",0,"","05/02/2013 15:00",2,"CO",2,699," "," ",1,1,0,0,0,0,0,0,0,0,0,0,0,0,0,0,0,16581,"PRATES, RUA",17275,"RODOLFO MIRANDA, RUA",9,"BOM RETIRO",1,0,"PRATES, RUA SAO PAULO SP &  RODOLFO MIRANDA, RUA SAO PAULO SP",-23.5313295,-46.6364861
"1998","D021300239",7746,"GAMA LOBO, RUA",12910,"MARCHETTI, RUA PDE",0,"","05/02/2013 15:15",2,"CO",17,698," "," ",1,1,0,0,0,0,0,0,0,0,0,0,0,0,0,0,0,7746,"GAMA LOBO, RUA",12910,"MARCHETTI, RUA PDE",33,"IPIRANGA",1,0,"GAMA LOBO, RUA SAO PAULO SP &  MARCHETTI, RUA PDE SAO PAULO SP",-23.5941073,-46.6124449
"1999","D021301288",10564,"JOAQUIM HONORATO DE CAMARGO, PCA",NA,"",20,"","05/02/2013 15:30",4,"AT",80,457," "," ",1,0,0,0,0,0,0,0,0,0,0,0,0,0,0,0,0,10564,"JOAQUIM HONORATO DE CAMARGO, PCA",NA,"",29,"FREGUESIA DO O",1,0,"JOAQUIM HONORATO DE CAMARGO, PCA 20 SAO PAULO SP",-23.6727025,-46.6593145
"2000","D021301270",35508,"SIMAO CAETANO NUNES, AV",NA,"",300,"","05/02/2013 15:45",4,"AT",47,2093," "," ",0,0,0,0,0,0,0,1,0,0,0,0,0,0,0,0,0,35508,"SIMAO CAETANO NUNES, AV",NA,"",29,"FREGUESIA DO O",1,0,"SIMAO CAETANO NUNES, AV 300 SAO PAULO SP",-23.6906068,-46.7802759
"2003","D021301250",38651,"LOURICAL, RUA MARQ DE",NA,"",539,"","05/02/2013 16:18",2,"QM",25,900065," "," ",0,1,0,0,0,0,0,0,0,0,0,0,0,0,0,0,0,38651,"LOURICAL, RUA MARQ DE",NA,"",76,"SAO MIGUEL",1,0,"LOURICAL, RUA MARQ DE 539 SAO PAULO SP",-23.8276484,-46.7149036
"2004","D021300718",4781,"CERRO CORA, RUA",16299,"PIO XI, RUA",0,"","05/02/2013 16:19",2,"CO",91,893," "," ",1,0,0,0,0,0,0,0,0,0,0,0,0,0,0,0,0,4781,"CERRO CORA, RUA",16299,"PIO XI, RUA",48,"LAPA",1,0,"CERRO CORA, RUA SAO PAULO SP &  PIO XI, RUA SAO PAULO SP",-23.5353251,-46.7151092
"2005","D021300969",62441,"JOAO HONORIO, RUA",15454,"PARAMIRIM, RUA",0,"","05/02/2013 16:20",2,"CO",45,1106," "," ",0,1,0,0,1,0,0,0,0,0,0,0,0,0,0,0,0,15454,"PARAMIRIM, RUA",62441,"JOAO HONORIO, RUA",11,"BRASILANDIA",1,0,"JOAO HONORIO, RUA SAO PAULO SP &  PARAMIRIM, RUA SAO PAULO SP",-23.467021,-46.6893162
"2006","D021301201",19035,"TOLEDO BARBOSA, RUA",NA,"",458,"","05/02/2013 17:00",2,"CH",81,336," "," ",0,0,0,0,1,0,0,0,0,0,0,1,0,0,0,0,0,19035,"TOLEDO BARBOSA, RUA",NA,"",10,"BRAS",1,0,"TOLEDO BARBOSA, RUA 458 SAO PAULO SP",-23.5414584,-46.5866068
"2007","D021301603",37209,"NAGIB FARAH MALUF, AV",NA,"",830,"","05/02/2013 17:30",2,"CO",103,509," "," ",1,0,0,0,1,0,0,0,0,0,0,0,0,0,0,0,0,37209,"NAGIB FARAH MALUF, AV",NA,"",50,"LIMAO",2,0,"NAGIB FARAH MALUF, AV 830 SAO PAULO SP",-23.546405,-46.4355217
"2008","D021301432",10785,"JOSE ARTUR NOVA, AV DR",16014,"PEDROSO DA SILVA, RUA",0,"","05/02/2013 17:50",2,"CL",22,708,"B"," ",1,1,0,0,0,0,0,0,0,0,0,0,0,0,0,0,0,10785,"JOSE ARTUR NOVA, AV DR",16014,"PEDROSO DA SILVA, RUA",43,"JARDIM HELENA",1,0,"JOSE ARTUR NOVA, AV DR SAO PAULO SP &  PEDROSO DA SILVA, RUA SAO PAULO SP",-23.4833448,-46.4330112
"2009","D021301200",19328,"ULISSES CRUZ, RUA",NA,"",60,"","05/02/2013 18:00",2,"CO",81,333," "," ",2,0,0,0,0,0,0,0,0,0,0,0,0,0,0,0,0,19328,"ULISSES CRUZ, RUA",NA,"",27,"CURSINO",1,0,"ULISSES CRUZ, RUA 60 SAO PAULO SP",-23.5350692,-46.584362
"2010","D021301738",8261,"WALDEMAR CARLOS PEREIRA, AV",NA,"",1940,"","05/02/2013 18:47",2,"CO",66,763," "," ",0,1,0,0,0,0,0,0,0,0,0,0,0,0,0,1,0,8261,"WALDEMAR CARLOS PEREIRA, AV",NA,"",93,"VILA MATILDE",1,0,"WALDEMAR CARLOS PEREIRA, AV 1940 SAO PAULO SP",-23.5466534,-46.5117942
"2011","D021300241",14449,"NAZARE, AV",NA,"",1679,"","05/02/2013 19:00",2,"CO",17,793,"B"," ",1,1,0,0,0,0,0,0,0,0,0,0,0,0,0,0,0,14449,"NAZARE, AV",NA,"",33,"IPIRANGA",1,0,"NAZARE, AV 1679 SAO PAULO SP",-23.5991307,-46.6094678
"2012","D021300667",16838,"RAIMUNDO PEREIRA DE MAGAL., AV",NA,"",4335,"","05/02/2013 19:00",2,"CT",87,636," "," ",1,1,0,0,0,0,0,0,0,0,0,0,0,0,0,0,0,16838,"RAIMUNDO PEREIRA DE MAGAL., AV",NA,"",31,"GUAIANASES",1,0,"RAIMUNDO PEREIRA DE MAGAL., AV 4335 SAO PAULO SP",-23.4867021,-46.7259611
"2013","D021300340",29598,"ANTONIO AUGE GARCIA, RUA",NA,"",156,"","05/02/2013 19:00",4,"AT",83,1026," "," ",0,1,0,0,0,0,0,0,0,0,0,0,0,0,0,0,0,29598,"ANTONIO AUGE GARCIA, RUA",NA,"",21,"CASA VERDE",1,0,"ANTONIO AUGE GARCIA, RUA 156 SAO PAULO SP",-23.6515986,-46.6086632
"2014","D021300949",8538,"GUSTAVO ADOLFO, AV",9512,"ITAMONTE, RUA",0,"","05/02/2013 20:09",2,"CO",39,1283," "," ",0,1,0,0,0,0,0,0,0,0,0,1,0,0,0,0,0,8538,"GUSTAVO ADOLFO, AV",9512,"ITAMONTE, RUA",94,"VILA MEDEIROS",1,0,"GUSTAVO ADOLFO, AV SAO PAULO SP &  ITAMONTE, RUA SAO PAULO SP",-23.4894901,-46.5783227
"2015","D021301739",2181,"ARICANDUVA, AV",NA,"",5630,"","05/02/2013 20:12",2,"SI",66,764," "," ",0,0,0,0,0,0,0,0,0,0,0,0,0,0,0,1,0,2181,"ARICANDUVA, AV",NA,"",60,"PENHA",1,0,"ARICANDUVA, AV 5630 SAO PAULO SP",-23.5610723,-46.5113481
"2016","D021300970",52080,"CRUZ DA CONCEICAO, RUA STA",NA,"",128,"","05/02/2013 20:57",2,"SI",45,1112," "," ",0,1,0,0,0,0,0,0,0,0,0,0,0,0,0,1,0,52080,"CRUZ DA CONCEICAO, RUA STA",NA,"",11,"BRASILANDIA",1,0,"CRUZ DA CONCEICAO, RUA STA 128 SAO PAULO SP",-23.4605734,-46.6866498
"2018","D021300898",15188,"OTAVIANO ALVES DE LIMA, AV",NA,"",4694,"","05/02/2013 22:20",2,"CO",28,1282," "," ",1,1,0,0,0,0,0,0,0,0,0,0,0,0,0,0,0,29772,"MARGINAL DO RIO TIETE, AV",NA,"",23,"CIDADE DUTRA",1,0,"OTAVIANO ALVES DE LIMA, AV 4694 SAO PAULO SP",-23.5076083,-46.6920912
"2019","D021300804",4308,"CARLOS BELMIRO CORREIA, RUA",NA,"",1240,"","05/02/2013 22:30",4,"AT",13,1280," "," ",1,0,0,0,0,0,0,0,0,0,0,0,0,0,0,0,0,4308,"CARLOS BELMIRO CORREIA, RUA",NA,"",21,"CASA VERDE",1,0,"CARLOS BELMIRO CORREIA, RUA 1240 SAO PAULO SP",-23.4954507,-46.6596218
"2021","D021300778",11321,"JULIO BUONO, AV",NA,"",1086,"","06/02/2013 00:54",2,"CH",9,1113," "," ",1,0,0,0,0,0,0,0,0,0,0,0,0,0,0,0,0,11321,"JULIO BUONO, AV",NA,"",94,"VILA MEDEIROS",1,0,"JULIO BUONO, AV 1086 SAO PAULO SP",-23.4898736,-46.5948987
"2022","D021301700",99999,"METALURGICOS, AV DOS",NA,"",2000,"","06/02/2013 01:00",2,"QD",54,707," "," ",0,0,1,0,0,0,0,0,0,0,0,0,0,0,0,0,0,99999,"METALURGICOS, AV DOS",NA,"",25,"CIDADE TIRADENT",1,0,"METALURGICOS, AV DOS 2000 SAO PAULO SP",-23.5836975,-46.4090885
"2024","D021300719",7836,"GASTAO VIDIGAL, AV DR",4677,"APECATU, PCA",0,"","06/02/2013 06:02",2,"CO",91,903," "," ",2,0,0,0,0,0,0,0,0,0,0,0,0,0,0,0,0,4677,"APECATU, PCA",7257,"FONSECA RODRIGUES, AV PROF",90,"VILA LEOPOLDINA",1,0,"GASTAO VIDIGAL, AV DR SAO PAULO SP &  APECATU, PCA SAO PAULO SP",-23.5250205,-46.7409786
"2025","D021301533",16490,"PONTE RASA, RUA",21253,"AGUIA DE HAIA, AV",0,"","06/02/2013 06:20",2,"CO",62,1315," "," ",0,1,0,0,0,0,0,0,0,0,0,1,0,0,0,0,0,16490,"PONTE RASA, RUA",21253,"AGUIA DE HAIA, AV",65,"PONTE RASA",1,0,"PONTE RASA, RUA SAO PAULO SP &  AGUIA DE HAIA, AV SAO PAULO SP",-23.5130784,-46.4842264
"2026","D021301101",17824,"SAPOPEMBA, AV",NA,"",3690,"","06/02/2013 06:40",2,"CO",29,334," "," ",1,1,0,0,0,0,0,0,0,0,0,0,0,0,0,0,0,17824,"SAPOPEMBA, AV",NA,"",33,"IPIRANGA",1,0,"SAPOPEMBA, AV 3690 SAO PAULO SP",-23.57516,-46.5537822
"2027","D021300695",8000,"GIOVANNI GRONCHI, AV",32096,"GOIABEIRAS, RUA DAS",0,"","06/02/2013 06:50",4,"AT",89,1151," "," ",1,0,0,0,0,0,0,0,0,0,0,0,0,0,0,0,0,7569,"FRANCISCO THOMAZ DE CARVALHO, RUA DR",8000,"GIOVANNI GRONCHI, AV",55,"MORUMBI",1,0,"GIOVANNI GRONCHI, AV SAO PAULO SP &  GOIABEIRAS, RUA DAS SAO PAULO SP",-23.6004501,-46.710515
"2029","D021301716",74763,"LOURENCO DO VALE, RUA",NA,"",28,"","06/02/2013 07:15",2,"SI",55,660," "," ",1,1,0,0,0,0,0,0,0,0,0,0,0,0,0,0,0,74763,"LOURENCO DO VALE, RUA",NA,"",55,"MORUMBI",1,0,"LOURENCO DO VALE, RUA 28 SAO PAULO SP",-23.6322723,-46.4477855
"2033","D021301074",1702,"ANTONIO ESTEVAO DE CARVALHO, AV",NA,"",300,"","06/02/2013 07:30",2,"CT",21,399,"C"," ",1,1,0,0,0,0,0,0,0,0,0,0,0,0,0,0,0,1702,"ANTONIO ESTEVAO DE CARVALHO, AV",NA,"",93,"VILA MATILDE",1,0,"ANTONIO ESTEVAO DE CARVALHO, AV 300 SAO PAULO SP",-23.5305068,-46.5184995
"2034","D021300294",66,"ABRAAO DE MORAIS, AV PROF",6883,"FAGUNDES FILHO, AV",0,"","06/02/2013 07:50",2,"CO",35,1166," "," ",1,1,0,0,0,0,0,0,0,0,0,0,0,0,0,0,0,66,"ABRAAO DE MORAIS, AV PROF",6883,"FAGUNDES FILHO, AV",79,"SAUDE",1,0,"ABRAAO DE MORAIS, AV PROF SAO PAULO SP &  FAGUNDES FILHO, AV SAO PAULO SP",-23.6072122,-46.6270066
"2035","D021300175",14750,"NOTHMANN, AL",11337,"JULIO MARCONDES SALGADO, RUA GAL",0,"","06/02/2013 08:06",2,"CO",77,597," "," ",2,0,0,0,0,0,0,0,0,0,0,0,0,0,0,0,0,11337,"JULIO MARCONDES SALGADO, RUA GAL",14750,"NOTHMANN, AL",70,"SANTA CECILIA",1,0,"NOTHMANN, AL SAO PAULO SP &  JULIO MARCONDES SALGADO, RUA GAL SAO PAULO SP",-23.5343632,-46.6488075
"2037","D021300995",3199,"BENJAMIN PEREIRA, RUA",NA,"",150,"","06/02/2013 08:15",4,"AT",73,1367," "," ",0,1,0,0,0,0,0,0,0,0,0,0,0,0,0,0,0,3199,"BENJAMIN PEREIRA, RUA",NA,"",38,"JACANA",1,0,"BENJAMIN PEREIRA, RUA 150 SAO PAULO SP",-23.4686599,-46.5918816
"2038","D021300856",8861,"HORTO, RUA DO",NA,"",356,"","06/02/2013 08:20",2,"CF",20,1134," "," ",1,1,0,0,0,0,0,0,0,0,0,0,0,0,0,0,0,8861,"HORTO, RUA DO",NA,"",83,"TREMEMBE",1,0,"HORTO, RUA DO 356 SAO PAULO SP",-23.4617931,-46.6292586
"2039","D021301242",6238,"NACOES UNIDAS, AV DAS",NA,"",16471,"","06/02/2013 08:20",2,"CT",11,900050," "," ",2,2,0,0,0,0,0,0,0,0,0,0,0,0,0,0,0,13014,"MARGINAL DO RIO PINHEIROS, AV",NA,"",90,"VILA LEOPOLDINA",1,0,"NACOES UNIDAS, AV DAS 16471 SAO PAULO SP",-23.6791511,-46.6960786
"2040","D021301360",12039,"LOURIVAL ALVES DE SOUZA, AV SARG",NA,"",290,"","06/02/2013 09:10",4,"AT",99,530," "," ",0,1,0,0,0,0,0,0,0,0,0,0,0,0,0,0,0,12039,"LOURIVAL ALVES DE SOUZA, AV SARG",NA,"",16,"CAMPO GRANDE",1,0,"LOURIVAL ALVES DE SOUZA, AV SARG 290 SAO PAULO SP",-23.6619972,-46.6895448
"2041","D021300624",16878,"RAPOSO TAVARES, VIA",NA,"",13,"","06/02/2013 09:20",2,"QM",51,630,"C"," ",0,1,0,0,0,0,0,0,0,0,0,0,0,0,0,0,0,16878,"RAPOSO TAVARES, VIA",NA,"",13,"CACHOEIRINHA",1,0,"RAPOSO TAVARES, VIA 13 SAO PAULO SP",-23.6219461,-46.6885241
"2043","D021300522",7500,"FRANCISCO MORATO, AV PROF",NA,"",2000,"","06/02/2013 10:30",2,"CO",34,782," "," ",1,1,0,0,0,0,0,0,0,0,0,0,0,0,0,0,0,7500,"FRANCISCO MORATO, AV PROF",NA,"",12,"BUTANTA",1,0,"FRANCISCO MORATO, AV PROF 2000 SAO PAULO SP",-23.5846174,-46.7180756
"2044","D021301714",9589,"ADELIA CHOHFI, AV",NA,"",551,"","06/02/2013 11:00",2,"CO",55,396," "," ",1,1,0,0,0,0,0,0,0,0,0,0,0,0,0,0,0,9589,"ADELIA CHOHFI, AV",NA,"",75,"SAO MATEUS",1,0,"ADELIA CHOHFI, AV 551 SAO PAULO SP",-23.6078511,-46.4725918
"2046","D021301199",2009,"ARACE, RUA",NA,"",280,"","06/02/2013 12:20",2,"QM",58,900047," "," ",0,1,0,0,0,0,0,0,0,0,0,0,0,0,0,0,0,2009,"ARACE, RUA",NA,"",87,"VILA FORMOSA",1,0,"ARACE, RUA 280 SAO PAULO SP",-23.5637935,-46.5434484
"2047","D021301244",32541,"PAULO GUILGUER REIMBERG, AV",NA,"",2999,"","06/02/2013 12:32",2,"CO",25,310,"B"," ",1,1,0,0,0,0,0,0,0,0,0,0,0,0,0,0,0,32541,"PAULO GUILGUER REIMBERG, AV",NA,"",32,"IGUATEMI",2,0,"PAULO GUILGUER REIMBERG, AV 2999 SAO PAULO SP",-23.7785779,-46.6922657
"2048","D021300851",19884,"VOLUNTARIOS DA PATRIA, RUA",NA,"",3341,"","06/02/2013 12:40",2,"CO",20,523," "," ",2,1,0,0,0,0,0,0,0,0,0,0,0,0,0,0,0,19884,"VOLUNTARIOS DA PATRIA, RUA",NA,"",8,"BELEM",1,0,"VOLUNTARIOS DA PATRIA, RUA 3341 SAO PAULO SP",-23.4907661,-46.6261039
"2049","D021301228",19931,"WASHINGTON LUIS, AV",NA,"",406,"","06/02/2013 12:45",2,"CO",11,1418," "," ",2,0,0,0,0,0,0,0,0,0,0,0,0,0,0,0,0,19931,"WASHINGTON LUIS, AV",NA,"",30,"GRAJAU",1,0,"WASHINGTON LUIS, AV 406 SAO PAULO SP",-23.65966,-46.7006013
"2050","D021301139",63184,"MANHUACU, RUA",75405,"BRUMADO DE MINAS, AV",0,"","06/02/2013 12:45",2,"CO",42,788," "," ",1,0,1,0,0,0,0,0,0,0,0,0,0,0,0,0,0,26966,"JOSE JERAISSATI, RUA",75405,"BRUMADO DE MINAS, AV",95,"VILA PRUDENTE",2,0,"MANHUACU, RUA SAO PAULO SP &  BRUMADO DE MINAS, AV SAO PAULO SP",-23.5928796,-46.5595419
"2054","D021300234",17008,"RESENDE COSTA, RUA",NA,"",155,"","06/02/2013 13:30",4,"AT",17,546," "," ",0,1,0,0,0,0,0,0,0,0,0,0,0,0,0,0,0,17008,"RESENDE COSTA, RUA",NA,"",18,"CANGAIBA",1,0,"RESENDE COSTA, RUA 155 SAO PAULO SP",-23.6058782,-46.5930016
"2056","D021301833",6013,"DOMINGOS DE MORAIS, RUA",17755,"CRUZ, RUA STA",0,"","06/02/2013 14:29",4,"AT",16,1683," "," ",0,0,1,0,0,0,0,0,0,0,0,0,0,0,0,0,0,3502,"BORGES LAGOA, RUA",6013,"DOMINGOS DE MORAIS, RUA",92,"VILA MARIANA",1,1,"DOMINGOS DE MORAIS, RUA SAO PAULO SP &  CRUZ, RUA STA SAO PAULO SP",-23.591806,-46.6362643
"2057","D021300464",18519,"SUMARE, AV",NA,"",500,"","06/02/2013 14:50",2,"QD",23,507,"C"," ",0,0,0,0,0,0,0,1,0,0,0,0,0,0,0,0,0,18519,"SUMARE, AV",NA,"",61,"PERDIZES",1,0,"SUMARE, AV 500 SAO PAULO SP",-23.5338785,-46.6748086
"2058","D021301112",4144,"CANTAGALO, RUA",4090,"CANDIA, RUA",0,"","06/02/2013 15:07",2,"CL",30,752," "," ",1,1,0,0,0,0,0,0,0,0,0,0,0,0,0,0,0,4090,"CANDIA, RUA",4144,"CANTAGALO, RUA",20,"CARRAO",2,0,"CANTAGALO, RUA SAO PAULO SP &  CANDIA, RUA SAO PAULO SP",-23.5438735,-46.5572797
"2059","D021300523",8611,"HEITOR DOS PRAZERES, RUA",NA,"",318,"","06/02/2013 16:00",2,"CT",34,792," "," ",1,1,0,0,0,0,0,0,0,0,0,0,0,0,0,0,0,8611,"HEITOR DOS PRAZERES, RUA",NA,"",96,"VILA SONIA",1,0,"HEITOR DOS PRAZERES, RUA 318 SAO PAULO SP",-23.5921973,-46.7357657
"2060","D021300955",4015,"JOAO MARCELINO BRANCO, AV",NA,"",366,"","06/02/2013 17:11",2,"CO",40,531," "," ",1,1,0,0,0,0,0,0,0,0,0,0,0,0,0,0,0,4015,"JOAO MARCELINO BRANCO, AV",NA,"",13,"CACHOEIRINHA",1,0,"JOAO MARCELINO BRANCO, AV 366 SAO PAULO SP",-23.476253,-46.6670655
"2061","D021301342",8246,"VICENTE STRICHALSKY, RUA",NA,"",225,"","06/02/2013 17:19",4,"AT",98,1439," "," ",0,1,0,0,0,0,0,0,0,0,0,0,0,0,0,0,0,8246,"VICENTE STRICHALSKY, RUA",NA,"",59,"PEDREIRA",3,0,"VICENTE STRICHALSKY, RUA 225 SAO PAULO SP",-23.7030704,-46.6286248
"2063","D021301713",99789,"IGARAPE DA BELA AURORA, RUA",72670,"INACIO MONTEIRO, RUA",0,"","06/02/2013 17:45",2,"CL",54,900049," "," ",1,1,0,0,0,0,0,0,0,0,0,0,0,0,0,0,0,72670,"INACIO MONTEIRO, RUA",99789,"IGARAPE DA BELA AURORA, RUA",68,"RIO PEQUENO",1,0,"IGARAPE DA BELA AURORA, RUA SAO PAULO SP &  INACIO MONTEIRO, RUA SAO PAULO SP",-23.5724466,-46.3994653
"2066","D021300362",6238,"NACOES UNIDAS, AV DAS",NA,"",12551,"","06/02/2013 18:43",2,"QM",96,603," "," ",0,1,0,0,0,0,0,0,0,0,0,0,0,0,0,0,0,13014,"MARGINAL DO RIO PINHEIROS, AV",NA,"",90,"VILA LEOPOLDINA",1,0,"NACOES UNIDAS, AV DAS 12551 SAO PAULO SP",-23.6086206,-46.697124
"2067","D021300235",18339,"SIQUEIRA BULCAO, RUA",NA,"",97,"","06/02/2013 19:55",2,"CO",17,549," "," ",1,1,0,0,0,0,0,0,0,0,0,0,0,0,0,0,0,18339,"SIQUEIRA BULCAO, RUA",NA,"",18,"CANGAIBA",1,0,"SIQUEIRA BULCAO, RUA 97 SAO PAULO SP",-23.6031736,-46.5953284
"2068","D021301186",15034,"ORATORIO, RUA DO",7033,"FERNANDO FALCAO, RUA",0,"","06/02/2013 20:20",2,"QM",57,783," "," ",0,1,0,0,0,0,0,0,0,0,0,0,0,0,0,0,0,3383,"BIXIRA, RUA",7033,"FERNANDO FALCAO, RUA",54,"MOOCA",1,0,"ORATORIO, RUA DO SAO PAULO SP &  FERNANDO FALCAO, RUA SAO PAULO SP",-23.5746761,-46.5791424
"2069","D021301105",14196,"MONTEMAGNO, AV",3676,"BRUNA, RUA",0,"","06/02/2013 20:25",2,"CO",29,784," "," ",1,0,0,0,1,0,0,0,0,0,0,0,0,0,0,0,0,3676,"BRUNA, RUA",14196,"MONTEMAGNO, AV",1,"AGUA RASA",1,0,"MONTEMAGNO, AV SAO PAULO SP &  BRUNA, RUA SAO PAULO SP",-23.5713158,-46.5484774
"2070","D021300178",6263,"EDUARDO PRADO, AL",11883,"LIMEIRA, AL BR DE",0,"","06/02/2013 21:30",2,"CO",77,729,"C"," ",1,1,0,0,0,0,0,0,0,0,0,0,0,0,0,0,0,6263,"EDUARDO PRADO, AL",11883,"LIMEIRA, AL BR DE",NA,"",1,0,"EDUARDO PRADO, AL SAO PAULO SP &  LIMEIRA, AL BR DE SAO PAULO SP",-23.5294399,-46.6472478
"2071","D021301563",21253,"AGUIA DE HAIA, AV",3994,"CAMPANELLA, AV",0,"","06/02/2013 22:10",2,"CT",64,1344," "," ",1,0,0,0,0,0,0,1,0,0,0,0,0,0,0,0,0,6613,"ESPERANTINA, AV",21253,"AGUIA DE HAIA, AV",5,"ARTUR ALVIM",2,0,"AGUIA DE HAIA, AV SAO PAULO SP &  CAMPANELLA, AV SAO PAULO SP",-23.5069379,-46.4780241
"2072","D021301620",14366,"NACIONALISTAS, AV DOS",NA,"",37,"","06/02/2013 22:30",2,"CH",41,1276," "," ",0,0,1,0,0,0,0,0,0,0,0,0,0,0,0,0,0,14366,"NACIONALISTAS, AV DOS",NA,"",4,"ARICANDUVA",2,0,"NACIONALISTAS, AV DOS 37 SAO PAULO SP",-23.5760483,-46.519961
"2073","D021300971",99171,"SAO PAULO, AV",NA,"",2878,"","06/02/2013 22:30",2,"CO",45,1145," "," ",1,1,0,0,0,0,0,0,0,0,0,0,0,0,0,0,0,99171,"SAO PAULO, AV",NA,"",30,"GRAJAU",1,0,"SAO PAULO, AV 2878 SAO PAULO SP",-23.6321709,-46.5458951
"2074","D021300568",99949,"CARLOS CALDEIRA FILHO, AV",NA,"",3222,"","06/02/2013 22:40",2,"CO",37,1001," "," ",0,0,0,0,1,0,0,0,0,0,0,1,0,0,0,0,0,99949,"CARLOS CALDEIRA FILHO, AV",NA,"",19,"CAPAO REDONDO",1,0,"CARLOS CALDEIRA FILHO, AV 3222 SAO PAULO SP",-23.6500539,-46.7599776
"2075","D021300335",16700,"IV CENTENARIO, AV",17003,"REPUBLICA DO LIBANO, AV",0,"","06/02/2013 23:10",2,"CF",36,1327," "," ",1,1,0,0,0,0,0,0,0,0,0,0,0,0,0,0,0,16700,"IV CENTENARIO, AV",17003,"REPUBLICA DO LIBANO, AV",53,"MOEMA",1,0,"IV CENTENARIO, AV SAO PAULO SP &  REPUBLICA DO LIBANO, AV SAO PAULO SP",-21.5964601,-48.3512602
"2076","D021300639",19817,"VITAL BRASIL, AV",NA,"",72,"","06/02/2013 23:30",4,"AT",51,1179," "," ",0,1,0,0,0,0,0,0,0,0,0,0,0,0,0,0,0,19817,"VITAL BRASIL, AV",NA,"",13,"CACHOEIRINHA",1,0,"VITAL BRASIL, AV 72 SAO PAULO SP",-23.5722455,-46.7050144
"2077","D021300688",8000,"GIOVANNI GRONCHI, AV",99949,"CARLOS CALDEIRA FILHO, AV",0,"","07/02/2013 01:30",2,"CL",89,1002," "," ",1,0,1,0,0,0,0,0,0,0,0,0,0,0,0,0,0,8000,"GIOVANNI GRONCHI, AV",99949,"CARLOS CALDEIRA FILHO, AV",85,"VILA ANDRADE",1,0,"GIOVANNI GRONCHI, AV SAO PAULO SP &  CARLOS CALDEIRA FILHO, AV SAO PAULO SP",-23.6004501,-46.710515
"2079","D021301542",13881,"MIGUEL, AV S",NA,"",5900,"","07/02/2013 05:00",2,"CO",63,542," "," ",1,1,0,0,0,0,0,0,0,0,0,0,0,0,0,0,0,13881,"MIGUEL, AV S",NA,"",65,"PONTE RASA",1,0,"MIGUEL, AV S 5900 SAO PAULO SP",-23.5063176,-46.4766012
"2080","D021300858",14767,"NOVA CANTAREIRA, AV",NA,"",1756,"","07/02/2013 06:00",2,"CL",20,1162," "," ",0,1,0,0,0,0,0,0,0,0,0,1,0,0,0,0,0,14767,"NOVA CANTAREIRA, AV",NA,"",83,"TREMEMBE",1,0,"NOVA CANTAREIRA, AV 1756 SAO PAULO SP",-23.4809753,-46.6115658
"2081","D021301774",24338,"LUIZ IGNACIO ANHAIA MELLO, AV PROF",8624,"TRISTAO DE ALENCAR ARARIPE JR., RUA",0,"","07/02/2013 06:00",2,"CO",70,812," "," ",1,1,0,0,0,0,0,0,0,0,0,0,0,0,0,0,0,8624,"TRISTAO DE ALENCAR ARARIPE JR., RUA",24338,"LUIZ IGNACIO ANHAIA MELLO, AV PROF",78,"SAPOPEMBA",1,0,"LUIZ IGNACIO ANHAIA MELLO, AV PROF SAO PAULO SP &  TRISTAO DE ALENCAR ARARIPE JR., RUA SAO PAULO SP",-23.5827842,-46.565808
"2082","D021301163",1111,"AMERICO VESPUCCI, RUA",24338,"LUIZ IGNACIO ANHAIA MELLO, AV PROF",0,"","07/02/2013 06:00",2,"CF",56,264," "," ",2,0,0,0,0,0,0,0,0,0,0,0,0,0,0,0,0,1111,"AMERICO VESPUCCI, RUA",24338,"LUIZ IGNACIO ANHAIA MELLO, AV PROF",95,"VILA PRUDENTE",2,0,"AMERICO VESPUCCI, RUA SAO PAULO SP &  LUIZ IGNACIO ANHAIA MELLO, AV PROF SAO PAULO SP",-23.5837284,-46.5787406