"","id_acidente","codloga","logradouroA","codlogb","logradouroB","alt_num","referencia","data","cod_acid","tipo_acidente","dp","numero_BO","sentido","pista","automovel","moto","onibus","caminhao","bicicleta","moto_taxi","onibus_fretado","onibus_urbano","microonibus","van","vuc","caminhonete","carreta","jipe","outros","sem_informacao","carroca","princ_a","paiA","princ_b","paiB","cod_distrito","distrito","vit_ferida","vit_morta","local","lat","lon"
"2341","D021301469",14093,"CARDON, RUA",NA,"",23,"","11/02/2013 11:25",4,"AT",32,576," "," ",0,1,0,0,0,0,0,0,0,0,0,0,0,0,0,0,0,14093,"CARDON, RUA",NA,"",76,"SAO MIGUEL",2,0,"CARDON, RUA 23 SAO PAULO SP",-23.5135129,-46.4331701
"2342","D021300963",15485,"PARAPUA, RUA",NA,"",1146,"","11/02/2013 11:40",2,"SI",45,364," "," ",0,1,0,1,0,0,0,0,0,0,0,0,0,0,0,0,0,15485,"PARAPUA, RUA",NA,"",4,"ARICANDUVA",1,0,"PARAPUA, RUA 1146 SAO PAULO SP",-23.4748648,-46.6901432
"2343","D021301561",21253,"AGUIA DE HAIA, AV",NA,"",914,"","11/02/2013 11:43",2,"QD",64,1198," "," ",0,0,0,0,0,0,0,1,0,0,0,0,0,0,0,0,0,21253,"AGUIA DE HAIA, AV",NA,"",0,"NULL",1,0,"AGUIA DE HAIA, AV 914 SAO PAULO SP",-23.5374602,-46.4757627
"2345","D021300529",18255,"SILVIO DANTE BERTACCHI, RUA DR",NA,"",900,"","11/02/2013 12:30",4,"AT",34,868," "," ",1,0,0,0,0,0,0,0,0,0,0,0,0,0,0,0,0,18255,"SILVIO DANTE BERTACCHI, RUA DR",NA,"",13,"CACHOEIRINHA",1,0,"SILVIO DANTE BERTACCHI, RUA DR 900 SAO PAULO SP",-23.600417,-46.7333706
"2346","D021300044",17799,"SANTOS DUMONT, AV",6642,"ESTADO, AV DO",0,"","11/02/2013 13:02",4,"AT",2,824," "," ",0,1,0,0,0,0,0,0,0,0,0,0,0,0,0,0,0,6642,"ESTADO, AV DO",17799,"SANTOS DUMONT, AV",9,"BOM RETIRO",1,0,"SANTOS DUMONT, AV SAO PAULO SP &  ESTADO, AV DO SAO PAULO SP",-23.5257861,-46.6307889
"2347","D021301297",33098,"HANS CHRISTIAN ANDERSEN, RUA",NA,"",244,"","11/02/2013 13:45",2,"CO",85,357," "," ",1,1,0,0,0,0,0,0,0,0,0,0,0,0,0,0,0,33098,"HANS CHRISTIAN ANDERSEN, RUA",NA,"",32,"IGUATEMI",1,0,"HANS CHRISTIAN ANDERSEN, RUA 244 SAO PAULO SP",-23.7590933,-46.7136542
"2348","D021300385",2235,"ARMANDO DE ARRUDA PEREIRA, AV ENG",NA,"",2500,"","11/02/2013 15:00",2,"CO",97,371," "," ",0,1,1,0,0,0,0,0,0,0,0,0,0,0,0,0,0,2235,"ARMANDO DE ARRUDA PEREIRA, AV ENG",NA,"",37,"JABAQUARA",2,0,"ARMANDO DE ARRUDA PEREIRA, AV ENG 2500 SAO PAULO SP",-23.6511679,-46.6397588
"2350","D021300015",11374,"JUNQUEIRA FREIRE, RUA",NA,"",176,"","11/02/2013 15:30",4,"AT",1,1135," "," ",1,0,0,0,0,0,0,0,0,0,0,0,0,0,0,0,0,11374,"JUNQUEIRA FREIRE, RUA",NA,"",80,"SE",1,0,"JUNQUEIRA FREIRE, RUA 176 SAO PAULO SP",-23.5591718,-46.6285078
"2351","D021300392",18379,"VENTURA GARCIA CALDERON, RUA",NA,"",6,"","11/02/2013 15:30",2,"QM",97,1196," "," ",0,1,0,0,0,0,0,0,0,0,0,0,0,0,0,0,0,18379,"VENTURA GARCIA CALDERON, RUA",NA,"",42,"JARDIM ANGELA",2,0,"VENTURA GARCIA CALDERON, RUA 6 SAO PAULO SP",-23.6770564,-46.6360387
"2352","D021301490",45755,"VIRGILIO CAMPELO, RUA PE",NA,"",24,"","11/02/2013 15:41",2,"CO",50,1791," "," ",1,1,0,0,0,0,0,0,0,0,0,0,0,0,0,0,0,45755,"VIRGILIO CAMPELO, RUA PE",NA,"",35,"ITAIM PAULISTA",1,0,"VIRGILIO CAMPELO, RUA PE 24 SAO PAULO SP",-23.5044287,-46.3789815
"2354","D021301709",99912,"ARROIO SARANDI (SAO MATEUS), RUA",NA,"",500,"","11/02/2013 17:30",2,"CL",54,2023," "," ",1,1,0,0,0,0,0,0,0,0,0,0,0,0,0,0,0,99912,"ARROIO SARANDI (SAO MATEUS), RUA",NA,"",25,"CIDADE TIRADENT",1,0,"ARROIO SARANDI (SAO MATEUS), RUA 500 SAO PAULO SP",-23.6373455,-46.6997395
"2355","D021301455",9632,"ITINGUCU, RUA",NA,"",2389,"","11/02/2013 17:40",2,"QD",24,1523," "," ",0,0,0,0,0,0,0,1,0,0,0,0,0,0,0,0,0,9632,"ITINGUCU, RUA",NA,"",60,"PENHA",1,0,"ITINGUCU, RUA 2389 SAO PAULO SP",-23.5324811,-46.4945812
"2356","D021301825",9632,"ITINGUCU, RUA",NA,"",2389,"","11/02/2013 17:40",2,"QD",62,768," "," ",0,0,1,0,0,0,0,0,0,0,0,0,0,0,0,0,0,9632,"ITINGUCU, RUA",NA,"",60,"PENHA",0,1,"ITINGUCU, RUA 2389 SAO PAULO SP",-23.5324811,-46.4945812
"2357","D021301015",39169,"JOAO AMADO COUTINHO, RUA",NA,"",200,"","11/02/2013 18:00",4,"AT",74,667," "," ",1,0,0,0,0,0,0,0,0,0,0,0,0,0,0,0,0,39169,"JOAO AMADO COUTINHO, RUA",NA,"",52,"MARSILAC",1,0,"JOAO AMADO COUTINHO, RUA 200 SAO PAULO SP",-23.4479383,-46.7151014
"2358","D021301000",13822,"MENDES DA ROCHA, AV",9512,"ITAMONTE, RUA",0,"","11/02/2013 18:00",2,"CO",73,1467," "," ",0,1,1,0,0,0,0,0,0,0,0,0,0,0,0,0,0,9512,"ITAMONTE, RUA",13822,"MENDES DA ROCHA, AV",94,"VILA MEDEIROS",1,0,"MENDES DA ROCHA, AV SAO PAULO SP &  ITAMONTE, RUA SAO PAULO SP",-23.4817987,-46.5712184
"2359","D021300356",1247,"ANCHIETA, VIA",1532,"OLYMPIA SEMERARO, RUA",0,"","11/02/2013 18:15",2,"CO",95,1198," "," ",1,0,0,0,1,0,0,0,0,0,0,0,0,0,0,0,0,1247,"ANCHIETA, VIA",1532,"OLYMPIA SEMERARO, RUA",NA,"",1,0,"ANCHIETA, VIA SAO PAULO SP &  OLYMPIA SEMERARO, RUA SAO PAULO SP",-23.6433577,-46.5860313
"2360","D021301141",10322,"JOAO GRAEBER, RUA",18408,"SOLIDONIO LEITE, RUA",0,"","11/02/2013 18:16",2,"CO",42,887," "," ",0,1,0,0,0,0,0,0,0,0,0,1,0,0,0,0,0,10322,"JOAO GRAEBER, RUA",18408,"SOLIDONIO LEITE, RUA",74,"SAO LUCAS",1,0,"JOAO GRAEBER, RUA SAO PAULO SP &  SOLIDONIO LEITE, RUA SAO PAULO SP",-23.5814891,-46.5478565
"2361","D021300220",12242,"LUIS GOIS, RUA",2692,"BACELAR, RUA DR",0,"","11/02/2013 18:30",2,"CO",16,1897," "," ",0,1,0,0,0,0,0,0,0,0,0,1,0,0,0,0,0,2692,"BACELAR, RUA DR",12242,"LUIS GOIS, RUA",79,"SAUDE",1,0,"LUIS GOIS, RUA SAO PAULO SP &  BACELAR, RUA DR SAO PAULO SP",-23.6039229,-46.6432874
"2362","D021301632",72670,"INACIO MONTEIRO, RUA",NA,"",5900,"","11/02/2013 19:34",2,"CO",44,911,"B"," ",1,0,0,1,0,0,0,0,0,0,0,0,0,0,0,0,0,72670,"INACIO MONTEIRO, RUA",NA,"",50,"LIMAO",1,0,"INACIO MONTEIRO, RUA 5900 SAO PAULO SP",-23.5729469,-46.3940491
"2363","D021301001",7061,"FERNAO DIAS, VIA",NA,"",80,"","11/02/2013 19:40",2,"CF",73,1471," "," ",2,0,0,0,0,0,0,0,0,0,0,0,0,0,0,0,0,7061,"FERNAO DIAS, VIA",NA,"",38,"JACANA",2,0,"FERNAO DIAS, VIA 80 SAO PAULO SP",-23.5617654,-46.6954527
"2364","D021301725",14330,"MURITIBA, AV BRA DE",NA,"",1070,"","11/02/2013 20:04",2,"CT",55,2019," "," ",1,1,0,0,0,0,0,0,0,0,0,0,0,0,0,0,0,14330,"MURITIBA, AV BRA DE",NA,"",51,"MANDAQUI",1,0,"MURITIBA, AV BRA DE 1070 SAO PAULO SP",-23.6323581,-46.4686881
"2365","D021301346",9997,"JOSE SILVIO DE CAMARGO, RUA DR",NA,"",145,"","11/02/2013 20:30",2,"CF",98,1629," "," ",0,2,0,0,0,0,0,0,0,0,0,0,0,0,0,0,0,9997,"JOSE SILVIO DE CAMARGO, RUA DR",NA,"",59,"PEDREIRA",2,0,"JOSE SILVIO DE CAMARGO, RUA DR 145 SAO PAULO SP",-23.7050137,-46.6277257
"2366","D021301789",78766,"RUPERTO DE JESUS, RUA FREI",NA,"",87,"","11/02/2013 21:43",2,"CO",70,1425," "," ",1,0,0,0,1,0,0,0,0,0,0,0,0,0,0,0,0,78766,"RUPERTO DE JESUS, RUA FREI",NA,"",56,"PARELHEIROS",1,0,"RUPERTO DE JESUS, RUA FREI 87 SAO PAULO SP",-23.6048346,-46.5151195
"2367","D021301665",46191,"SINHA MOCA, TR",46192,"CARTA DE ALFORRIA, TR",0,"","11/02/2013 22:45",2,"CO",49,2423," "," ",1,1,0,0,0,0,0,0,0,0,0,0,0,0,0,0,0,46191,"SINHA MOCA, TR",46192,"CARTA DE ALFORRIA, TR",32,"IGUATEMI",1,0,"SINHA MOCA, TR SAO PAULO SP &  CARTA DE ALFORRIA, TR SAO PAULO SP",-23.608937,-46.450006
"2368","D021301622",47129,"YRVING BERLIN, RUA",NA,"",4,"","11/02/2013 23:20",2,"QM",41,1426," "," ",0,1,0,0,0,0,0,0,0,0,0,0,0,0,0,0,0,47129,"YRVING BERLIN, RUA",NA,"",78,"SAPOPEMBA",2,0,"YRVING BERLIN, RUA 4 SAO PAULO SP",-23.589484,-46.509758
"2369","D021300267",4539,"CASIMIRO DE ABREU, RUA",NA,"",144,"","11/02/2013 23:34",2,"CO",27,1477," "," ",2,0,0,0,0,0,0,0,0,0,0,0,0,0,0,0,0,4539,"CASIMIRO DE ABREU, RUA",NA,"",10,"BRAS",1,0,"CASIMIRO DE ABREU, RUA 144 SAO PAULO SP",-23.6302169,-46.6707818
"2371","D021301002",11321,"JULIO BUONO, AV",NA,"",3150,"","11/02/2013 23:59",2,"CO",73,1475," "," ",1,1,0,0,0,0,0,0,0,0,0,0,0,0,0,0,0,11321,"JULIO BUONO, AV",NA,"",94,"VILA MEDEIROS",1,0,"JULIO BUONO, AV 3150 SAO PAULO SP",-23.4765423,-46.5815093
"2372","D021301295",16026,"PEIXOTO DE MELO FILHO, RUA",NA,"",323,"","12/02/2013 00:40",2,"CO",80,1630," "," ",1,1,0,0,0,0,0,0,0,0,0,0,0,0,0,0,0,16026,"PEIXOTO DE MELO FILHO, RUA",NA,"",29,"FREGUESIA DO O",2,0,"PEIXOTO DE MELO FILHO, RUA 323 SAO PAULO SP",-23.6827456,-46.6636812
"2373","D021300483",6471,"SAO VICENTE, AV MARQ DE",NA,"",1697,"","12/02/2013 02:00",2,"QM",23,1020," "," ",0,1,0,0,0,0,0,0,0,0,0,0,0,0,0,0,0,6471,"SAO VICENTE, AV MARQ DE",NA,"",6,"BARRA FUNDA",2,0,"SAO VICENTE, AV MARQ DE 1697 SAO PAULO SP",-23.5188912,-46.6769868
"2375","D021301605",10152,"JOAO BATISTA CONTI, AV PROF",NA,"",1782,"","12/02/2013 04:00",4,"AT",103,583," "," ",1,0,0,0,0,0,0,0,0,0,0,0,0,0,0,0,0,10152,"JOAO BATISTA CONTI, AV PROF",NA,"",46,"JOSE BONIFACIO",2,0,"JOAO BATISTA CONTI, AV PROF 1782 SAO PAULO SP",-23.5518176,-46.445649
"2376","D021300573",34682,"CAMPO LIMPO, ES DO",NA,"",3600,"","12/02/2013 04:40",2,"SI",37,1192," "," ",0,1,0,0,0,0,0,0,0,0,0,1,0,0,0,0,0,34682,"CAMPO LIMPO, ES DO",NA,"",17,"CAMPO LIMPO",1,0,"CAMPO LIMPO, ES DO 3600 SAO PAULO SP",-23.2019463,-46.785846
"2377","D021300530",7500,"FRANCISCO MORATO, AV PROF",NA,"",2971,"","12/02/2013 05:00",2,"CO",34,874," "," ",2,0,0,0,0,0,0,0,0,0,0,1,0,0,0,0,0,7500,"FRANCISCO MORATO, AV PROF",NA,"",12,"BUTANTA",2,0,"FRANCISCO MORATO, AV PROF 2971 SAO PAULO SP",-23.5880101,-46.7269122
"2378","D021301606",1270,"SANTANA DO RIO PRETO, RUA",NA,"",220,"","12/02/2013 05:10",2,"CO",103,584," "," ",2,0,0,0,0,0,0,0,0,0,0,0,0,0,0,0,0,1270,"SANTANA DO RIO PRETO, RUA",NA,"",31,"GUAIANASES",1,0,"SANTANA DO RIO PRETO, RUA 220 SAO PAULO SP",-23.5595452,-46.4235604
"2379","D021300626",19455,"VALENTIM GENTIL, AV",NA,"",1023,"","12/02/2013 05:42",2,"CH",51,703," "," ",0,0,0,0,0,0,0,0,0,0,0,1,0,0,0,0,0,19455,"VALENTIM GENTIL, AV",NA,"",13,"CACHOEIRINHA",1,0,"VALENTIM GENTIL, AV 1023 SAO PAULO SP",-23.5668234,-46.7074436
"2381","D021301014",6361,"ELISIO TEIXEIRA LEITE, AV",NA,"",7462,"","12/02/2013 06:30",2,"QM",74,596," "," ",0,1,0,0,0,0,0,0,0,0,0,0,0,0,0,0,0,6361,"ELISIO TEIXEIRA LEITE, AV",NA,"",29,"FREGUESIA DO O",1,0,"ELISIO TEIXEIRA LEITE, AV 7462 SAO PAULO SP",-23.4374115,-46.7173811
"2382","D021301812",6361,"ELISIO TEIXEIRA LEITE, AV",NA,"",7452,"","12/02/2013 06:30",2,"QM",72,1352," "," ",0,1,0,0,0,0,0,0,0,0,0,0,0,0,0,0,0,6361,"ELISIO TEIXEIRA LEITE, AV",NA,"",29,"FREGUESIA DO O",0,1,"ELISIO TEIXEIRA LEITE, AV 7452 SAO PAULO SP",-23.4405235,-46.7167553
"2383","D021301653",78271,"MANUEL VELOSO DA COSTA, RUA",NA,"",355,"","12/02/2013 07:00",2,"CO",49,2032," "," ",1,1,0,0,0,0,0,0,0,0,0,0,0,0,0,0,0,78271,"MANUEL VELOSO DA COSTA, RUA",NA,"",32,"IGUATEMI",1,0,"MANUEL VELOSO DA COSTA, RUA 355 SAO PAULO SP",-23.6116255,-46.4543324
"2384","D021301364",6238,"NACOES UNIDAS, AV DAS",NA,"",23422,"","12/02/2013 07:20",2,"CO",99,608," "," ",1,1,0,0,0,0,0,0,0,0,0,0,0,0,0,0,0,13014,"MARGINAL DO RIO PINHEIROS, AV",NA,"",90,"VILA LEOPOLDINA",1,0,"NACOES UNIDAS, AV DAS 23422 SAO PAULO SP",-23.679211,-46.6958791
"2385","D021300978",3771,"INAJAR DE SOUZA, AV",NA,"",6800,"","12/02/2013 07:40",4,"AT",72,1293," "," ",0,0,0,1,0,0,0,0,0,0,0,0,0,0,0,0,0,3771,"INAJAR DE SOUZA, AV",NA,"",50,"LIMAO",1,0,"INAJAR DE SOUZA, AV 6800 SAO PAULO SP",-23.4514021,-46.6746898
"2387","D021301383",38530,"ALBERGATI CAPACELLI, RUA",NA,"",1,"","12/02/2013 08:20",2,"CO",100,356," "," ",0,1,0,1,0,0,0,0,0,0,0,0,0,0,0,0,0,38530,"ALBERGATI CAPACELLI, RUA",NA,"",42,"JARDIM ANGELA",1,0,"ALBERGATI CAPACELLI, RUA 1 SAO PAULO SP",-23.7440021,-46.7808532
"2388","D021301289",8435,"IOLE MARIA CARMONA, RUA PROFA",NA,"",444,"","12/02/2013 08:20",2,"CH",80,523," "," ",0,0,0,1,0,0,0,0,0,0,0,0,0,0,0,0,0,8435,"IOLE MARIA CARMONA, RUA PROFA",NA,"",29,"FREGUESIA DO O",1,0,"IOLE MARIA CARMONA, RUA PROFA 444 SAO PAULO SP",-23.683568,-46.6606966
"2390","D021301732",16469,"PONCHE VERDE, RUA",NA,"",114,"","12/02/2013 11:30",2,"CH",66,453," "," ",0,1,0,0,0,0,0,0,0,0,0,0,0,0,0,0,0,16469,"PONCHE VERDE, RUA",NA,"",38,"JACANA",2,0,"PONCHE VERDE, RUA 114 SAO PAULO SP",-23.557766,-46.489995
"2392","D021301522",2429,"ASSIS RIBEIRO, RUA DR",NA,"",9000,"","12/02/2013 12:00",2,"CO",62,730," "," ",0,2,0,0,0,0,0,0,0,0,0,0,0,0,0,0,0,2429,"ASSIS RIBEIRO, RUA DR",NA,"",28,"ERMELINO MATARA",1,0,"ASSIS RIBEIRO, RUA DR 9000 SAO PAULO SP",-23.4828843,-46.4712572
"2393","D021301192",16971,"RENATA, AV",NA,"",349,"","12/02/2013 12:52",4,"AT",58,352,"B"," ",1,0,0,0,0,0,0,0,0,0,0,0,0,0,0,0,0,16971,"RENATA, AV",NA,"",46,"JOSE BONIFACIO",1,0,"RENATA, AV 349 SAO PAULO SP",-23.5733413,-46.5410274
"2394","D021301822",16971,"RENATA, AV",NA,"",439,"","12/02/2013 12:52",4,"AT",53,1000,"B"," ",1,0,0,0,0,0,0,0,0,0,0,0,0,0,0,0,0,16971,"RENATA, AV",NA,"",46,"JOSE BONIFACIO",0,1,"RENATA, AV 439 SAO PAULO SP",-23.574191,-46.5412559
"2395","D021301367",6238,"NACOES UNIDAS, AV DAS",NA,"",22000,"","12/02/2013 14:00",2,"CO",99,713," "," ",1,1,0,0,0,0,0,0,0,0,0,0,0,0,0,0,0,13014,"MARGINAL DO RIO PINHEIROS, AV",NA,"",90,"VILA LEOPOLDINA",1,0,"NACOES UNIDAS, AV DAS 22000 SAO PAULO SP",-23.6791495,-46.6960563
"2396","D021300079",21822,"QUATORZE DE JULHO, RUA",NA,"",26,"","12/02/2013 14:00",2,"CO",5,789," "," ",3,0,0,0,0,0,0,0,0,0,0,0,0,0,0,0,0,21822,"QUATORZE DE JULHO, RUA",NA,"",17,"CAMPO LIMPO",2,0,"QUATORZE DE JULHO, RUA 26 SAO PAULO SP",-23.5543421,-46.6433964
"2397","D021301251",98831,"HENRIQUE ROSCHEL CHRISTI, RUA",NA,"",64,"","12/02/2013 14:10",2,"CO",25,900082," "," ",1,1,0,0,0,0,0,0,0,0,0,0,0,0,0,0,0,98831,"HENRIQUE ROSCHEL CHRISTI, RUA",NA,"",56,"PARELHEIROS",2,0,"HENRIQUE ROSCHEL CHRISTI, RUA 64 SAO PAULO SP",-23.8129595,-46.674401
"2398","D021301115",6305,"ELEONORA CINTRA, RUA",4155,"CANUTO ABREU, RUA",0,"","12/02/2013 14:50",4,"AT",30,825," "," ",1,0,0,0,0,0,0,0,0,0,0,0,0,0,0,0,0,4155,"CANUTO ABREU, RUA",6305,"ELEONORA CINTRA, RUA",87,"VILA FORMOSA",1,0,"ELEONORA CINTRA, RUA SAO PAULO SP &  CANUTO ABREU, RUA SAO PAULO SP",-23.5570165,-46.5594888
"2399","D021300692",7180,"FLAVIO AMERICO MAURANO, RUA DR",NA,"",662,"","12/02/2013 15:10",2,"CT",89,1137," "," ",1,0,0,0,0,0,0,0,0,0,0,1,0,0,0,0,0,7180,"FLAVIO AMERICO MAURANO, RUA DR",NA,"",55,"MORUMBI",1,0,"FLAVIO AMERICO MAURANO, RUA DR 662 SAO PAULO SP",-23.611336,-46.7198523
"2400","D021301562",16778,"QUIXERAMOBIM, RUA",NA,"",316,"","12/02/2013 15:30",2,"CO",64,1224," "," ",1,2,0,0,0,0,0,0,0,0,0,0,0,0,0,0,0,16778,"QUIXERAMOBIM, RUA",NA,"",49,"LIBERDADE",3,0,"QUIXERAMOBIM, RUA 316 SAO PAULO SP",-23.529223,-46.4845111
"2401","D021301516",9293,"CORDAO DE SAO FRANCISCO, RUA",NA,"",1431,"","12/02/2013 15:30",2,"CF",59,1832," "," ",1,1,0,0,0,0,0,0,0,0,0,0,0,0,0,0,0,9293,"CORDAO DE SAO FRANCISCO, RUA",NA,"",43,"JARDIM HELENA",2,0,"CORDAO DE SAO FRANCISCO, RUA 1431 SAO PAULO SP",-23.49255,-46.3957392
"2405","D021301531",21253,"AGUIA DE HAIA, AV",16490,"PONTE RASA, RUA",0,"","12/02/2013 16:35",2,"CO",62,1225," "," ",1,1,0,0,0,0,0,0,0,0,0,0,0,0,0,0,0,16490,"PONTE RASA, RUA",21253,"AGUIA DE HAIA, AV",65,"PONTE RASA",1,0,"AGUIA DE HAIA, AV SAO PAULO SP &  PONTE RASA, RUA SAO PAULO SP",-23.5069379,-46.4780241
"2406","D021300862",18151,"SEZEFREDO FAGUNDES, AV CEL",NA,"",3000,"","12/02/2013 16:40",2,"CO",20,1319," "," ",1,1,0,0,0,0,0,0,0,0,0,0,0,0,0,0,0,18151,"SEZEFREDO FAGUNDES, AV CEL",NA,"",22,"CIDADE ADEMAR",2,0,"SEZEFREDO FAGUNDES, AV CEL 3000 SAO PAULO SP",-23.4318789,-46.5942184
"2407","D021300914",9170,"INES, AV STA",NA,"",881,"","12/02/2013 17:00",2,"CO",38,751," "," ",1,1,0,0,0,0,0,0,0,0,0,0,0,0,0,0,0,9170,"INES, AV STA",NA,"",51,"MANDAQUI",1,0,"INES, AV STA 881 SAO PAULO SP",-23.4718428,-46.6300803
"2408","D021301113",27094,"SALIM FARAH MALUF, AV",NA,"",1500,"","12/02/2013 17:15",2,"QM",30,794," "," ",0,1,0,0,0,0,0,0,0,0,0,0,0,0,0,0,0,27094,"SALIM FARAH MALUF, AV",NA,"",82,"TATUAPE",1,0,"SALIM FARAH MALUF, AV 1500 SAO PAULO SP",-23.5323231,-46.5835292
"2410","D021300913",13374,"MARIANA CALIGIORI RONCHETTI, AV",NA,"",716,"","12/02/2013 17:30",2,"CO",38,746," "," ",1,1,0,0,0,0,0,0,0,0,0,0,0,0,0,0,0,13374,"MARIANA CALIGIORI RONCHETTI, AV",NA,"",13,"CACHOEIRINHA",1,0,"MARIANA CALIGIORI RONCHETTI, AV 716 SAO PAULO SP",-23.4596604,-46.6564072
"2411","D021301046",7703,"GABRIELA MISTRAL, AV",NA,"",1348,"","12/02/2013 17:38",2,"CO",10,1695," "," ",0,1,0,0,1,0,0,0,0,0,0,0,0,0,0,0,0,7703,"GABRIELA MISTRAL, AV",NA,"",60,"PENHA",2,0,"GABRIELA MISTRAL, AV 1348 SAO PAULO SP",-23.5090854,-46.5507866
"2412","D021301440",2218,"ARLINDO COLACO, RUA",NA,"",383,"","12/02/2013 18:05",4,"AT",22,1093," "," ",0,0,1,0,0,0,0,0,0,0,0,0,0,0,0,0,0,2218,"ARLINDO COLACO, RUA",NA,"",76,"SAO MIGUEL",1,0,"ARLINDO COLACO, RUA 383 SAO PAULO SP",-23.4921316,-46.4405393
"2413","D021300860",14767,"NOVA CANTAREIRA, AV",66321,"BENTO ARAUJO, RUA",0,"","12/02/2013 18:15",2,"CO",20,1186," "," ",1,0,0,0,1,0,0,0,0,0,0,0,0,0,0,0,0,14767,"NOVA CANTAREIRA, AV",66321,"BENTO ARAUJO, RUA",84,"TUCURUVI",1,0,"NOVA CANTAREIRA, AV SAO PAULO SP &  BENTO ARAUJO, RUA SAO PAULO SP",-23.4664409,-46.6160571
"2414","D021301047",4128,"CANGAIBA, AV",NA,"",2048,"","12/02/2013 18:23",2,"CH",10,1704," "," ",2,0,0,0,0,0,0,0,0,0,0,0,0,0,0,0,0,4128,"CANGAIBA, AV",NA,"",18,"CANGAIBA",1,0,"CANGAIBA, AV 2048 SAO PAULO SP",-23.5081468,-46.5353907
"2416","D021301347",61009,"BENTO JOSE DE MORAES, RUA",6262,"EDUARDO PEREIRA RAMOS, AV",0,"","12/02/2013 18:51",2,"QM",98,1658," "," ",0,1,0,0,0,0,0,0,0,0,0,0,0,0,0,0,0,6262,"EDUARDO PEREIRA RAMOS, AV",61009,"BENTO JOSE DE MORAES, RUA",22,"CIDADE ADEMAR",1,0,"BENTO JOSE DE MORAES, RUA SAO PAULO SP &  EDUARDO PEREIRA RAMOS, AV SAO PAULO SP",-23.6884648,-46.6635926
"2417","D021300693",8000,"GIOVANNI GRONCHI, AV",NA,"",4559,"","12/02/2013 19:00",2,"CH",89,1143," "," ",0,0,0,0,0,0,0,0,0,0,0,1,0,0,0,0,0,8000,"GIOVANNI GRONCHI, AV",NA,"",55,"MORUMBI",1,0,"GIOVANNI GRONCHI, AV 4559 SAO PAULO SP",-23.6203407,-46.733198
"2418","D021300694",919,"ALVES DOS SANTOS, RUA",NA,"",66,"","12/02/2013 19:07",2,"CO",89,1144," "," ",1,0,1,0,0,0,0,0,0,0,0,0,0,0,0,0,0,919,"ALVES DOS SANTOS, RUA",NA,"",96,"VILA SONIA",2,0,"ALVES DOS SANTOS, RUA 66 SAO PAULO SP",-23.4854492,-46.378039
"2419","D021300141",541,"ALCANTARA, RUA",NA,"",2180,"","12/02/2013 19:10",4,"AT",8,1338," "," ",1,0,0,0,0,0,0,0,0,0,0,0,0,0,0,0,0,541,"ALCANTARA, RUA",NA,"",88,"VILA GUILHERME",1,0,"ALCANTARA, RUA 2180 SAO PAULO SP",-23.5489927,-46.6039012
"2420","D021300357",18173,"SILVA CASTRO, RUA CEL",NA,"",133,"","12/02/2013 19:20",2,"CO",95,1226," "," ",1,1,0,0,0,0,0,0,0,0,0,0,0,0,0,0,0,18173,"SILVA CASTRO, RUA CEL",NA,"",18,"CANGAIBA",2,0,"SILVA CASTRO, RUA CEL 133 SAO PAULO SP",-23.6041299,-46.5970052
"2421","D021300315",15378,"CIDADE DE BAGDA, RUA",NA,"",751,"","12/02/2013 19:30",2,"CL",35,1923," "," ",1,1,0,0,0,0,0,0,0,0,0,0,0,0,0,0,0,15378,"CIDADE DE BAGDA, RUA",NA,"",42,"JARDIM ANGELA",2,0,"CIDADE DE BAGDA, RUA 751 SAO PAULO SP",-23.6579045,-46.6550767
"2422","D021300114",120,"ACLIMACAO, AV DA",17873,"SATURNO, RUA",0,"","12/02/2013 19:40",2,"CO",6,1094," "," ",1,1,0,0,0,0,0,0,0,0,0,0,0,0,0,0,0,120,"ACLIMACAO, AV DA",17873,"SATURNO, RUA",49,"LIBERDADE",1,0,"ACLIMACAO, AV DA SAO PAULO SP &  SATURNO, RUA SAO PAULO SP",-23.569976,-46.6326207
"2423","D021301535",16490,"PONTE RASA, RUA",NA,"",1204,"","12/02/2013 19:45",2,"CF",62,1552," "," ",1,1,0,0,0,0,0,0,0,0,0,0,0,0,0,0,0,16490,"PONTE RASA, RUA",NA,"",0,"NULL",1,0,"PONTE RASA, RUA 1204 SAO PAULO SP",-23.514163,-46.4796715
"2424","D021301727",14330,"MURITIBA, AV BRA DE",NA,"",728,"","12/02/2013 20:18",2,"CO",55,2506," "," ",1,1,0,0,0,0,0,0,0,0,0,0,0,0,0,0,0,14330,"MURITIBA, AV BRA DE",NA,"",51,"MANDAQUI",1,0,"MURITIBA, AV BRA DE 728 SAO PAULO SP",-23.6294015,-46.470594
"2425","D021300863",3813,"CAETANO ALVARES, AV ENG",NA,"",5000,"","12/02/2013 21:00",2,"CO",20,1323," "," ",1,0,0,0,1,0,0,0,0,0,0,0,0,0,0,0,0,3813,"CAETANO ALVARES, AV ENG",NA,"",21,"CASA VERDE",1,0,"CAETANO ALVARES, AV ENG 5000 SAO PAULO SP",-23.4865638,-46.6400137