"","id_acidente","codloga","logradouroA","codlogb","logradouroB","alt_num","referencia","data","cod_acid","tipo_acidente","dp","numero_BO","sentido","pista","automovel","moto","onibus","caminhao","bicicleta","moto_taxi","onibus_fretado","onibus_urbano","microonibus","van","vuc","caminhonete","carreta","jipe","outros","sem_informacao","carroca","princ_a","paiA","princ_b","paiB","cod_distrito","distrito","vit_ferida","vit_morta","local","lat","lon"
"2426","D021300268",10076,"JESUINO MACIEL, RUA DR",19179,"TRIUNFO, RUA BR DO",0,"","12/02/2013 21:00",2,"CO",27,1492,"B"," ",0,1,0,1,0,0,0,0,0,0,0,0,0,0,0,0,0,10076,"JESUINO MACIEL, RUA DR",19179,"TRIUNFO, RUA BR DO",15,"CAMPO BELO",1,0,"JESUINO MACIEL, RUA DR SAO PAULO SP &  TRIUNFO, RUA BR DO SAO PAULO SP",-23.6241495,-46.6660284
"2427","D021301456",10025,"JAIME TORRES, AV",NA,"",833,"","12/02/2013 21:51",2,"CF",24,1557," "," ",2,0,0,0,0,0,0,0,0,0,0,0,0,0,0,0,0,10025,"JAIME TORRES, AV",NA,"",65,"PONTE RASA",1,0,"JAIME TORRES, AV 833 SAO PAULO SP",-23.5158222,-46.505312
"2428","D021301623",17135,"RIO DAS PEDRAS, AV",NA,"",3556,"","12/02/2013 22:10",4,"AT",41,1453," "," ",0,0,0,0,0,0,0,0,0,0,0,0,0,0,0,1,0,17135,"RIO DAS PEDRAS, AV",NA,"",27,"CURSINO",1,0,"RIO DAS PEDRAS, AV 3556 SAO PAULO SP",-23.5812378,-46.498693
"2429","D021301071",11265,"JUVENTUS, RUA",NA,"",490,"","12/02/2013 22:24",2,"CO",18,908," "," ",1,1,0,0,0,0,0,0,0,0,0,0,0,0,0,0,0,11265,"JUVENTUS, RUA",NA,"",54,"MOOCA",1,0,"JUVENTUS, RUA 490 SAO PAULO SP",-23.5713198,-46.590318
"2430","D021300906",1665,"ANTONIO DE COUROS, RUA",NA,"",335,"","12/02/2013 22:30",2,"SI",28,900023," "," ",2,0,0,0,0,0,0,0,0,0,0,0,0,0,0,0,0,1665,"ANTONIO DE COUROS, RUA",NA,"",29,"FREGUESIA DO O",4,0,"ANTONIO DE COUROS, RUA 335 SAO PAULO SP",-23.4986312,-46.6889477
"2431","D021300791",14270,"MORVAN DIAS DE FIGUEIREDO, AV",NA,"",3000,"","12/02/2013 22:30",2,"QM",9,1327," "," ",0,1,0,0,0,0,0,0,0,0,0,0,0,0,0,0,0,29772,"MARGINAL DO RIO TIETE, AV",NA,"",0,"NULL",1,0,"MORVAN DIAS DE FIGUEIREDO, AV 3000 SAO PAULO SP",-23.5225182,-46.6022999
"2432","D021301748",23826,"CAETANO BASSO, RUA",NA,"",5,"","12/02/2013 22:45",2,"CO",66,941," "," ",1,1,0,0,0,0,0,0,0,0,0,0,0,0,0,0,0,23826,"CAETANO BASSO, RUA",NA,"",38,"JACANA",1,0,"CAETANO BASSO, RUA 5 SAO PAULO SP",-23.5607764,-46.4891038
"2434","D021300350",5762,"DELAMARE, AV ALM",NA,"",1320,"","13/02/2013 02:00",2,"CT",95,680," "," ",0,2,0,0,0,0,0,0,0,0,0,0,0,0,0,0,0,5762,"DELAMARE, AV ALM",NA,"",33,"IPIRANGA",1,0,"DELAMARE, AV ALM 1320 SAO PAULO SP",-23.6083837,-46.5913774
"2435","D021301013",68431,"MANOEL BOLIVAR, AV",NA,"",285,"","13/02/2013 04:00",2,"CH",74,594," "," ",0,1,0,0,0,0,0,0,0,0,0,0,0,0,0,0,0,68431,"MANOEL BOLIVAR, AV",NA,"",40,"JAGUARE",3,0,"MANOEL BOLIVAR, AV 285 SAO PAULO SP",-23.4578188,-46.6995235
"2436","D021300734",38890,"ONOFRIO MILANO, AV",NA,"",506,"","13/02/2013 05:44",2,"CH",93,297," "," ",1,0,0,1,0,0,0,0,0,0,0,0,0,0,0,0,0,38890,"ONOFRIO MILANO, AV",NA,"",13,"CACHOEIRINHA",3,0,"ONOFRIO MILANO, AV 506 SAO PAULO SP",-23.5451378,-46.7402185
"2437","D021301492",79543,"CORNELIO DE ARZAO, RUA",NA,"",406,"","13/02/2013 06:54",2,"CO",50,1914," "," ",1,1,0,0,0,0,0,0,0,0,0,0,0,0,0,0,0,79543,"CORNELIO DE ARZAO, RUA",NA,"",35,"ITAIM PAULISTA",1,0,"CORNELIO DE ARZAO, RUA 406 SAO PAULO SP",-23.5171032,-46.39578
"2438","D021300532",18608,"TAJURAS, AV DOS",NA,"",104,"","13/02/2013 06:58",4,"AT",34,885," "," ",1,0,0,0,0,0,0,0,0,0,0,0,0,0,0,0,0,18608,"TAJURAS, AV DOS",NA,"",13,"CACHOEIRINHA",1,0,"TAJURAS, AV DOS 104 SAO PAULO SP",-23.5863901,-46.6966589
"2440","D021300812",20066,"ZILDA, RUA",30803,"ANTONIO VERA CRUZ, RUA",0,"","13/02/2013 07:30",2,"CO",13,1540," "," ",0,1,0,0,1,0,0,0,0,0,0,0,0,0,0,0,0,20066,"ZILDA, RUA",30803,"ANTONIO VERA CRUZ, RUA",21,"CASA VERDE",1,0,"ZILDA, RUA SAO PAULO SP &  ANTONIO VERA CRUZ, RUA SAO PAULO SP",-23.4940166,-46.6617848
"2441","D021301172",24338,"LUIZ IGNACIO ANHAIA MELLO, AV PROF",NA,"",1200,"","13/02/2013 07:37",2,"QD",56,914," "," ",0,0,1,0,0,0,0,0,0,0,0,0,0,0,0,0,0,24338,"LUIZ IGNACIO ANHAIA MELLO, AV PROF",NA,"",26,"CONSOLACAO",1,0,"LUIZ IGNACIO ANHAIA MELLO, AV PROF 1200 SAO PAULO SP",-23.5850952,-46.5819451
"2442","D021301507",17820,"TITO, AV MAL",NA,"",2813,"","13/02/2013 07:45",4,"AT",59,614," "," ",0,1,0,0,0,0,0,0,0,0,0,0,0,0,0,0,0,17820,"TITO, AV MAL",NA,"",53,"MOEMA",2,0,"TITO, AV MAL 2813 SAO PAULO SP",-23.4938168,-46.4184953
"2443","D021301329",19230,"NOVA DO TUPAROQUERA, RUA",NA,"",500,"","13/02/2013 08:00",2,"QM",92,1506," "," ",0,1,0,0,0,0,0,0,0,0,0,0,0,0,0,0,0,19230,"NOVA DO TUPAROQUERA, RUA",NA,"",32,"IGUATEMI",1,0,"NOVA DO TUPAROQUERA, RUA 500 SAO PAULO SP",-23.6606833,-46.7400686
"2444","D021300221",17455,"ROSAS, RUA DAS",12242,"LUIS GOIS, RUA",0,"","13/02/2013 08:20",2,"QD",16,1937," "," ",0,0,0,0,0,0,0,1,0,0,0,0,0,0,0,0,0,12242,"LUIS GOIS, RUA",19774,"VIOLETAS, RUA DAS",79,"SAUDE",1,0,"ROSAS, RUA DAS SAO PAULO SP &  LUIS GOIS, RUA SAO PAULO SP",-23.6072821,-46.6401389
"2445","D021301491",17820,"TITO, AV MAL",NA,"",6437,"","13/02/2013 08:40",2,"CF",50,1863," "," ",2,0,0,0,0,0,0,0,0,0,0,0,0,0,0,0,0,17820,"TITO, AV MAL",NA,"",53,"MOEMA",1,0,"TITO, AV MAL 6437 SAO PAULO SP",-23.490774,-46.3863811
"2446","D021301675",36318,"OSVALDO PUCCI, AV",36428,"FRANCISCO TRANCHESI, AV",0,"","13/02/2013 08:50",2,"CO",53,458," "," ",3,0,0,0,0,0,0,0,0,0,0,0,0,0,0,0,0,36318,"OSVALDO PUCCI, AV",36428,"FRANCISCO TRANCHESI, AV",NA,"",1,0,"OSVALDO PUCCI, AV SAO PAULO SP &  FRANCISCO TRANCHESI, AV SAO PAULO SP",-23.567444,-46.4632265
"2448","D021301173",24338,"LUIZ IGNACIO ANHAIA MELLO, AV PROF",NA,"",1201,"","13/02/2013 09:30",2,"CO",56,919," "," ",1,1,0,1,0,0,0,0,0,0,0,0,0,0,0,0,0,24338,"LUIZ IGNACIO ANHAIA MELLO, AV PROF",NA,"",26,"CONSOLACAO",1,0,"LUIZ IGNACIO ANHAIA MELLO, AV PROF 1201 SAO PAULO SP",-23.5862066,-46.5897253
"2451","D021301834",919,"ALVES DOS SANTOS, RUA",NA,"",200,"","13/02/2013 11:00",4,"AT",89,201," "," ",1,0,0,0,0,0,0,0,0,0,0,0,0,0,0,0,0,919,"ALVES DOS SANTOS, RUA",NA,"",96,"VILA SONIA",0,1,"ALVES DOS SANTOS, RUA 200 SAO PAULO SP",-23.6108308,-46.7527318
"2452","D021300811",6515,"EPAMINONDAS MELO DO AMARAL, RUA",NA,"",1345,"","13/02/2013 12:32",4,"AT",13,1537," "," ",0,0,0,0,0,0,0,0,0,0,0,0,0,0,0,1,0,6515,"EPAMINONDAS MELO DO AMARAL, RUA",NA,"",21,"CASA VERDE",1,0,"EPAMINONDAS MELO DO AMARAL, RUA 1345 SAO PAULO SP",-23.4912308,-46.6584342
"2453","D021301448",2520,"AUGUSTO CORREA LEITE, RUA",NA,"",595,"","13/02/2013 12:40",2,"CH",24,366," "," ",2,0,0,0,0,0,0,0,0,0,0,0,0,0,0,0,0,2520,"AUGUSTO CORREA LEITE, RUA",NA,"",18,"CANGAIBA",1,0,"AUGUSTO CORREA LEITE, RUA 595 SAO PAULO SP",-23.4999003,-46.5163432
"2454","D021300627",12502,"MAGALHAES DE CASTRO, AV",NA,"",1089,"","13/02/2013 13:00",2,"CO",51,720," "," ",1,1,0,0,0,0,0,0,0,0,0,1,0,0,0,0,0,13014,"MARGINAL DO RIO PINHEIROS, AV",NA,"",12,"BUTANTA",1,0,"MAGALHAES DE CASTRO, AV 1089 SAO PAULO SP",-23.566474,-46.7047882
"2455","D021300132",543,"ALCANTARA MACHADO, AV",18184,"SILVA JARDIM, RUA",0,"","13/02/2013 13:19",2,"CO",8,1111," "," ",1,1,0,0,0,0,0,0,0,0,0,0,0,0,0,0,0,543,"ALCANTARA MACHADO, AV",18184,"SILVA JARDIM, RUA",8,"BELEM",1,0,"ALCANTARA MACHADO, AV SAO PAULO SP &  SILVA JARDIM, RUA SAO PAULO SP",-23.5528151,-46.613419
"2457","D021301616",6934,"FEIJO BITENCOURT, AV ENG",NA,"",481,"","13/02/2013 14:00",2,"CH",41,837," "," ",0,1,0,0,0,0,0,0,0,0,0,1,0,0,0,0,0,6934,"FEIJO BITENCOURT, AV ENG",NA,"",78,"SAPOPEMBA",1,0,"FEIJO BITENCOURT, AV ENG 481 SAO PAULO SP",-23.5865907,-46.5277715
"2459","D021300685",8000,"GIOVANNI GRONCHI, AV",535,"MANOEL ANTONIO PINTO, RUA",0,"","13/02/2013 14:00",2,"SI",89,906," "," ",0,1,0,0,0,0,0,0,0,0,0,0,0,0,0,0,0,8000,"GIOVANNI GRONCHI, AV",30384,"AFONSO DE OLIVEIRA SANTOS, RUA",55,"MORUMBI",2,0,"GIOVANNI GRONCHI, AV SAO PAULO SP &  MANOEL ANTONIO PINTO, RUA SAO PAULO SP",-23.6004501,-46.710515
"2460","D021300016",18556,"TABATINGUERA, RUA",1454,"ANITA GARIBALDI, RUA",0,"","13/02/2013 14:00",4,"AT",1,1184," "," ",1,0,0,0,0,0,0,0,0,0,0,0,0,0,0,0,0,7664,"FURTADO, RUA CONS",10376,"JOAO MENDES, PCA DR",80,"SE",1,0,"TABATINGUERA, RUA SAO PAULO SP &  ANITA GARIBALDI, RUA SAO PAULO SP",-23.5525003,-46.6293883
"2461","D021301135",18535,"SUZANA, RUA",14709,"MOISES CHAGAS DE LIRA, RUA",0,"","13/02/2013 15:00",2,"CL",42,559,"C"," ",1,0,0,0,0,0,0,0,0,0,0,1,0,0,0,0,0,14709,"MOISES CHAGAS DE LIRA, RUA",18535,"SUZANA, RUA",NA,"",1,0,"SUZANA, RUA SAO PAULO SP &  MOISES CHAGAS DE LIRA, RUA SAO PAULO SP",-23.5911368,-46.5602498
"2462","D021300813",14242,"MOREIRA DE BARROS, RUA CONS",NA,"",1240,"","13/02/2013 15:00",2,"CL",13,1579," "," ",2,0,0,0,0,0,0,0,0,0,0,0,0,0,0,0,0,14242,"MOREIRA DE BARROS, RUA CONS",NA,"",0,"NULL",1,0,"MOREIRA DE BARROS, RUA CONS 1240 SAO PAULO SP",-23.4911346,-46.6350142
"2463","D021300497",46890,"ALEXIOS JAFET (ESTR.CAMPINAS), AV",NA,"",10055,"","13/02/2013 15:20",2,"CO",33,768," "," ",1,1,0,0,0,0,0,0,0,0,0,0,0,0,0,0,0,46890,"ALEXIOS JAFET (ESTR.CAMPINAS), AV",NA,"",41,"JARAGUA",1,0,"ALEXIOS JAFET (ESTR.CAMPINAS), AV 10055 SAO PAULO SP",-22.9529437,-47.0678165
"2464","D021300942",9414,"ISRAEL VIEIRA FERREIRA, RUA REV",NA,"",840,"","13/02/2013 15:34",4,"AT",39,713,"B"," ",1,0,0,0,0,0,0,0,0,0,0,0,0,0,0,0,0,9414,"ISRAEL VIEIRA FERREIRA, RUA REV",NA,"",94,"VILA MEDEIROS",1,0,"ISRAEL VIEIRA FERREIRA, RUA REV 840 SAO PAULO SP",-22.9019241,-47.1068658
"2465","D021300386",8456,"GUIAN, RUA",NA,"",67,"","13/02/2013 16:00",2,"CO",97,435," "," ",0,1,0,0,1,0,0,0,0,0,0,0,0,0,0,0,0,8456,"GUIAN, RUA",NA,"",37,"JABAQUARA",2,0,"GUIAN, RUA 67 SAO PAULO SP",-23.6547184,-46.647486
"2466","D021301320",13357,"MARIA COELHO AGUIAR, AV",NA,"",517,"","13/02/2013 16:20",2,"CO",92,1039," "," ",0,1,0,1,0,0,0,0,0,0,0,0,0,0,0,0,0,13357,"MARIA COELHO AGUIAR, AV",NA,"",45,"JARDIM SAO LUIS",1,0,"MARIA COELHO AGUIAR, AV 517 SAO PAULO SP",-23.6497387,-46.7328749
"2467","D021300211",11958,"LOEFGREEN, RUA",14407,"NAPOLEAO DE BARROS, RUA",0,"","13/02/2013 16:27",2,"CO",16,843," "," ",1,1,0,0,0,0,0,0,0,0,0,0,0,0,0,0,0,11958,"LOEFGREEN, RUA",14407,"NAPOLEAO DE BARROS, RUA",92,"VILA MARIANA",1,0,"LOEFGREEN, RUA SAO PAULO SP &  NAPOLEAO DE BARROS, RUA SAO PAULO SP",-23.6220341,-46.5693528
"2468","D021301670",9044,"RAGUEB CHOHFI, AV",NA,"",1280,"","13/02/2013 16:30",2,"QD",49,2559," "," ",0,0,1,0,0,0,0,0,0,0,0,0,0,0,0,0,0,9044,"RAGUEB CHOHFI, AV",NA,"",32,"IGUATEMI",1,0,"RAGUEB CHOHFI, AV 1280 SAO PAULO SP",-23.6018535,-46.4703902
"2469","D021300119",6642,"ESTADO, AV DO",NA,"",6603,"","13/02/2013 16:30",2,"CL",6,1434," "," ",0,1,0,0,0,0,0,0,0,0,0,1,0,0,0,0,0,6642,"ESTADO, AV DO",NA,"",9,"BOM RETIRO",1,0,"ESTADO, AV DO 6603 SAO PAULO SP",-23.571343,-46.6044641
"2470","D021301252",5606,"CUPECE, AV",NA,"",1900,"","13/02/2013 16:52",2,"CO",43,616," "," ",2,0,0,0,0,0,0,0,0,0,0,0,0,0,0,0,0,5606,"CUPECE, AV",NA,"",22,"CIDADE ADEMAR",1,0,"CUPECE, AV 1900 SAO PAULO SP",-23.6601341,-46.6649225
"2474","D021301004",42220,"USHIKICHI KAMYIA, RUA",NA,"",1132,"","13/02/2013 18:20",4,"AT",73,1547,"B"," ",0,1,0,0,0,0,0,0,0,0,0,0,0,0,0,0,0,42220,"USHIKICHI KAMYIA, RUA",NA,"",38,"JACANA",1,0,"USHIKICHI KAMYIA, RUA 1132 SAO PAULO SP",-23.4404508,-46.5767164
"2475","D021300222",26501,"JOSE MARIA WHITAKER, AV",NA,"",953,"","13/02/2013 18:40",2,"CO",16,1964," "," ",2,0,0,0,0,0,0,0,0,0,0,1,0,0,0,0,0,26501,"JOSE MARIA WHITAKER, AV",NA,"",21,"CASA VERDE",1,0,"JOSE MARIA WHITAKER, AV 953 SAO PAULO SP",-23.6089325,-46.646571
"2477","D021301260",16540,"DELFINO FACCHINA, RUA",NA,"",1340,"","13/02/2013 19:45",4,"AT",43,1707," "," ",1,0,0,0,0,0,0,0,0,0,0,0,0,0,0,0,0,16540,"DELFINO FACCHINA, RUA",NA,"",29,"FREGUESIA DO O",2,0,"DELFINO FACCHINA, RUA 1340 SAO PAULO SP",-23.6817811,-46.6542665
"2478","D021300316",7882,"GEORGE CORBISIER, AV ENG",NA,"",1166,"","13/02/2013 20:15",4,"AT",35,1965," "," ",0,0,0,0,0,0,0,0,0,0,0,1,0,0,0,0,0,7882,"GEORGE CORBISIER, AV ENG",NA,"",37,"JABAQUARA",1,0,"GEORGE CORBISIER, AV ENG 1166 SAO PAULO SP",-23.6469467,-46.6453149
"2479","D021300201",17791,"SANTOS, AL",NA,"",2315,"","13/02/2013 20:44",2,"CO",78,1155," "," ",1,1,0,0,0,0,0,0,0,0,0,0,0,0,0,0,0,17791,"SANTOS, AL",NA,"",17,"CAMPO LIMPO",1,0,"SANTOS, AL 2315 SAO PAULO SP",-23.5581535,-46.6623188
"2480","D021301726",14330,"MURITIBA, AV BRA DE",NA,"",830,"","13/02/2013 20:44",2,"CO",55,2114," "," ",1,1,0,0,0,0,0,0,0,0,0,0,0,0,0,0,0,14330,"MURITIBA, AV BRA DE",NA,"",51,"MANDAQUI",1,0,"MURITIBA, AV BRA DE 830 SAO PAULO SP",-23.6303164,-46.4700801
"2481","D021300608",18262,"SILVIO DE CAMPOS, AV DR",73197,"MOGEIRO, RUA",0,"","13/02/2013 20:50",2,"CO",46,1370," "," ",1,1,0,0,0,0,0,0,0,0,0,0,0,0,0,0,0,18262,"SILVIO DE CAMPOS, AV DR",73197,"MOGEIRO, RUA",62,"PERUS",1,0,"SILVIO DE CAMPOS, AV DR SAO PAULO SP &  MOGEIRO, RUA SAO PAULO SP",-23.4061492,-46.75402
"2482","D021300170",10693,"JORGE MIRANDA, RUA DR",4146,"CANTAREIRA, RUA DA",0,"","13/02/2013 20:55",2,"CL",12,1117," "," ",1,1,0,0,0,0,0,0,0,0,0,0,0,0,0,0,0,4146,"CANTAREIRA, RUA DA",10693,"JORGE MIRANDA, RUA DR",9,"BOM RETIRO",1,0,"JORGE MIRANDA, RUA DR SAO PAULO SP &  CANTAREIRA, RUA DA SAO PAULO SP",-23.5318101,-46.6291835
"2483","D021300439",16017,"PEDROSO DE MORAIS, AV",7086,"FERREIRA DE ARAUJO, RUA",0,"","13/02/2013 21:00",2,"CO",14,1667," "," ",1,1,0,0,0,0,0,0,0,0,0,0,0,0,0,0,0,7086,"FERREIRA DE ARAUJO, RUA",16017,"PEDROSO DE MORAIS, AV",63,"PINHEIROS",1,0,"PEDROSO DE MORAIS, AV SAO PAULO SP &  FERREIRA DE ARAUJO, RUA SAO PAULO SP",-23.5604714,-46.6945891
"2484","D021300271",10918,"JOSE DINIZ, AV VER",NA,"",3028,"","13/02/2013 21:30",2,"QM",27,1527," "," ",0,0,0,0,1,0,0,0,0,0,0,0,0,0,0,0,0,10918,"JOSE DINIZ, AV VER",NA,"",15,"CAMPO BELO",1,0,"JOSE DINIZ, AV VER 3028 SAO PAULO SP",-23.6206201,-46.6780191
"2487","D021301553",46936,"JACU-PESSEGO/NOVA TRABALHADORE, AV",NA,"",200,"","14/02/2013 05:40",2,"CO",63,1276," "," ",1,1,0,0,0,0,0,0,0,0,0,0,0,0,0,0,0,46936,"JACU-PESSEGO/NOVA TRABALHADORE, AV",NA,"",46,"JOSE BONIFACIO",1,0,"JACU-PESSEGO/NOVA TRABALHADORE, AV 200 SAO PAULO SP",-23.5309613,-46.4566589
"2488","D021300866",10945,"JOSE ERMIRIO DE MORAES, AV SEN",NA,"",687,"","14/02/2013 05:40",2,"CL",20,1362," "," ",0,1,1,0,0,0,0,0,0,0,0,0,0,0,0,0,0,10945,"JOSE ERMIRIO DE MORAES, AV SEN",NA,"",83,"TREMEMBE",1,0,"JOSE ERMIRIO DE MORAES, AV SEN 687 SAO PAULO SP",-23.4494707,-46.6148096
"2489","D021300575",34682,"CAMPO LIMPO, ES DO",NA,"",3500,"","14/02/2013 06:55",2,"QD",37,1279," "," ",0,0,0,0,0,0,0,1,0,0,0,0,0,0,0,0,0,34682,"CAMPO LIMPO, ES DO",NA,"",17,"CAMPO LIMPO",1,0,"CAMPO LIMPO, ES DO 3500 SAO PAULO SP",-23.2019463,-46.785846
"2490","D021301116",27094,"SALIM FARAH MALUF, AV",2817,"BARBACENA, RUA MAL",0,"","14/02/2013 07:00",4,"AT",30,840," "," ",0,1,0,0,0,0,0,0,0,0,0,0,0,0,0,0,0,2817,"BARBACENA, RUA MAL",27094,"SALIM FARAH MALUF, AV",87,"VILA FORMOSA",1,0,"SALIM FARAH MALUF, AV SAO PAULO SP &  BARBACENA, RUA MAL SAO PAULO SP",-23.5555392,-46.5773751
"2491","D021301541",8691,"HENRIQUE FRANCO, AV",NA,"",304,"","14/02/2013 07:21",2,"CF",63,513," "," ",1,0,0,0,1,0,0,0,0,0,0,0,0,0,0,0,0,8691,"HENRIQUE FRANCO, AV",NA,"",89,"VILA JACUI",1,0,"HENRIQUE FRANCO, AV 304 SAO PAULO SP",-23.5109068,-46.4678543
"2493","D021301174",2729,"BAIA GRANDE, RUA",15407,"PAPOULAS, RUA DAS",0,"","14/02/2013 08:02",2,"CO",56,943," "," ",1,1,0,0,0,0,0,0,0,0,0,0,0,0,0,0,0,2729,"BAIA GRANDE, RUA",15407,"PAPOULAS, RUA DAS",95,"VILA PRUDENTE",2,0,"BAIA GRANDE, RUA SAO PAULO SP &  PAPOULAS, RUA DAS SAO PAULO SP",-23.6000352,-46.5709662
"2494","D021300394",14480,"NELSON FERNANDES, RUA",NA,"",1,"","14/02/2013 08:07",4,"AT",97,900001," "," ",0,0,1,0,0,0,0,0,0,0,0,0,0,0,0,0,0,14480,"NELSON FERNANDES, RUA",NA,"",42,"JARDIM ANGELA",1,0,"NELSON FERNANDES, RUA 1 SAO PAULO SP",-23.6457745,-46.6408483
"2495","D021300767",10622,"JOAQUINA RAMALHO, AV",NA,"",1411,"","14/02/2013 08:15",2,"QM",9,958," "," ",0,1,0,0,0,0,0,0,0,0,0,0,0,0,0,0,0,10622,"JOAQUINA RAMALHO, AV",NA,"",88,"VILA GUILHERME",1,0,"JOAQUINA RAMALHO, AV 1411 SAO PAULO SP",-23.5043187,-46.6038868
"2496","D021300534",16646,"JOSE JANNARELLI, RUA",8515,"AMELIA CORREA FONTES GUIMARAES, RUA",0,"","14/02/2013 08:35",2,"CO",34,916," "," ",1,1,0,0,0,0,0,0,0,0,0,0,0,0,0,0,0,8515,"AMELIA CORREA FONTES GUIMARAES, RUA",16646,"JOSE JANNARELLI, RUA",55,"MORUMBI",1,0,"JOSE JANNARELLI, RUA SAO PAULO SP &  AMELIA CORREA FONTES GUIMARAES, RUA SAO PAULO SP",-23.5900785,-46.7165858
"2497","D021301475",18803,"TEODORO, RUA S",NA,"",812,"","14/02/2013 08:40",4,"AT",32,1015," "," ",0,1,0,0,0,0,0,0,0,0,0,0,0,0,0,0,0,18803,"TEODORO, RUA S",NA,"",51,"MANDAQUI",1,0,"TEODORO, RUA S 812 SAO PAULO SP",-23.5553904,-46.4532363
"2499","D021300533",17822,"SAPETUBA, RUA",NA,"",295,"","14/02/2013 09:00",2,"CO",34,914," "," ",1,1,0,0,0,0,0,0,0,0,0,0,0,0,0,0,0,17822,"SAPETUBA, RUA",NA,"",13,"CACHOEIRINHA",1,0,"SAPETUBA, RUA 295 SAO PAULO SP",-23.5743255,-46.7096906
"2500","D021300988",13133,"MARIA AMALIA LOPES AZEVEDO, RUA",NA,"",999,"","14/02/2013 09:10",2,"QF",73,858," "," ",0,0,1,0,0,0,0,0,0,0,0,0,0,0,0,0,0,13133,"MARIA AMALIA LOPES AZEVEDO, RUA",NA,"",83,"TREMEMBE",1,0,"MARIA AMALIA LOPES AZEVEDO, RUA 999 SAO PAULO SP",-23.458069,-46.6158624
"2501","D021300080",4347,"CARLOS DO PINHAL, RUA S",NA,"",803,"","14/02/2013 09:16",4,"AT",5,818," "," ",0,0,0,0,0,0,0,0,0,0,0,1,0,0,0,0,0,4347,"CARLOS DO PINHAL, RUA S",NA,"",7,"BELA VISTA",1,0,"CARLOS DO PINHAL, RUA S 803 SAO PAULO SP",-23.5581495,-46.6562894
"2502","D021301835",5127,"FREDERICO RENE DE JAEGHER, RUA",NA,"",1001,"","14/02/2013 09:30",4,"AT",101,372," "," ",0,0,0,0,1,0,0,0,0,0,0,0,0,0,0,0,0,5127,"FREDERICO RENE DE JAEGHER, RUA",NA,"",23,"CIDADE DUTRA",0,1,"FREDERICO RENE DE JAEGHER, RUA 1001 SAO PAULO SP",-23.7220153,-46.7066382
"2503","D021300535",7500,"FRANCISCO MORATO, AV PROF",NA,"",4923,"","14/02/2013 10:08",2,"CO",34,922," "," ",0,1,0,1,0,0,0,0,0,0,0,0,0,0,0,0,0,7500,"FRANCISCO MORATO, AV PROF",NA,"",12,"BUTANTA",1,0,"FRANCISCO MORATO, AV PROF 4923 SAO PAULO SP",-23.5988979,-46.7411553
"2504","D021301068",15304,"PAES DE BARROS, AV",NA,"",250,"","14/02/2013 10:20",2,"CT",18,288," "," ",1,1,0,0,0,0,0,0,0,0,0,0,0,0,0,0,0,15304,"PAES DE BARROS, AV",NA,"",16,"CAMPO GRANDE",1,0,"PAES DE BARROS, AV 250 SAO PAULO SP",-23.5577412,-46.6005206
"2505","D021301777",17824,"SAPOPEMBA, AV",12659,"MANUEL DE ARRUDA CASTANHO, RUA",0,"","14/02/2013 10:20",2,"CO",70,939," "," ",1,1,0,0,0,0,0,0,0,0,0,0,0,0,0,0,0,12659,"MANUEL DE ARRUDA CASTANHO, RUA",17824,"SAPOPEMBA, AV",78,"SAPOPEMBA",1,0,"SAPOPEMBA, AV SAO PAULO SP &  MANUEL DE ARRUDA CASTANHO, RUA SAO PAULO SP",-23.6148326,-46.5024993
"2506","D021301229",10918,"JOSE DINIZ, AV VER",NA,"",1775,"","14/02/2013 10:30",2,"QD",11,1703," "," ",0,0,0,0,0,0,0,1,0,0,0,0,0,0,0,0,0,10918,"JOSE DINIZ, AV VER",NA,"",15,"CAMPO BELO",1,0,"JOSE DINIZ, AV VER 1775 SAO PAULO SP",-23.6293993,-46.6866193
"2507","D021301254",19826,"VITANTONIO D'ABRIL, RUA",NA,"",303,"","14/02/2013 10:30",2,"CO",43,725," "," ",1,1,0,0,0,0,0,0,0,0,0,0,0,0,0,0,0,19826,"VITANTONIO D'ABRIL, RUA",NA,"",29,"FREGUESIA DO O",1,0,"VITANTONIO D'ABRIL, RUA 303 SAO PAULO SP",-23.6630642,-46.6714404
"2508","D021301089",2181,"ARICANDUVA, AV",11325,"JULIO COLACO, RUA",0,"","14/02/2013 11:30",2,"CO",21,854," "," ",0,1,0,1,0,0,0,0,0,0,0,0,0,0,0,0,0,2181,"ARICANDUVA, AV",11325,"JULIO COLACO, RUA",20,"CARRAO",1,0,"ARICANDUVA, AV SAO PAULO SP &  JULIO COLACO, RUA SAO PAULO SP",-23.5479783,-46.5260893
"2509","D021301684",46936,"JACU-PESSEGO/NOVA TRABALHADORE, AV",NA,"",398,"","14/02/2013 11:35",2,"SI",53,984," "," ",0,0,0,1,0,0,0,0,0,0,0,1,0,0,0,0,0,46936,"JACU-PESSEGO/NOVA TRABALHADORE, AV",NA,"",46,"JOSE BONIFACIO",2,0,"JACU-PESSEGO/NOVA TRABALHADORE, AV 398 SAO PAULO SP",-23.5291826,-46.4573133