"","id_acidente","codloga","logradouroA","codlogb","logradouroB","alt_num","referencia","data","cod_acid","tipo_acidente","dp","numero_BO","sentido","pista","automovel","moto","onibus","caminhao","bicicleta","moto_taxi","onibus_fretado","onibus_urbano","microonibus","van","vuc","caminhonete","carreta","jipe","outros","sem_informacao","carroca","princ_a","paiA","princ_b","paiB","cod_distrito","distrito","vit_ferida","vit_morta","local","lat","lon"
"2510","D021301330",35858,"GUIDO CALOI, AV",NA,"",1234,"","14/02/2013 11:50",2,"QD",92,1743," "," ",0,0,0,0,0,0,0,0,0,0,0,1,0,0,0,0,0,35858,"GUIDO CALOI, AV",NA,"",32,"IGUATEMI",1,0,"GUIDO CALOI, AV 1234 SAO PAULO SP",-23.6553803,-46.7243474
"2511","D021301656",13671,"MATEO BEI, AV",NA,"",2505,"","14/02/2013 12:30",4,"AT",49,2155," "," ",1,0,0,0,0,0,0,0,0,0,0,0,0,0,0,0,0,13671,"MATEO BEI, AV",NA,"",75,"SAO MATEUS",1,0,"MATEO BEI, AV 2505 SAO PAULO SP",-23.6035283,-46.4815662
"2512","D021301494",18940,"TIBURCIO DE SOUSA, RUA",NA,"",2100,"","14/02/2013 12:30",2,"SI",50,1933," "," ",0,1,0,0,0,0,0,0,0,0,0,0,0,0,0,1,0,18940,"TIBURCIO DE SOUSA, RUA",NA,"",35,"ITAIM PAULISTA",1,0,"TIBURCIO DE SOUSA, RUA 2100 SAO PAULO SP",-23.5140618,-46.3909789
"2513","D021300670",73499,"MENOTTI LAUDISIO, AV",NA,"",100,"","14/02/2013 12:45",2,"QM",87,786," "," ",0,1,0,0,0,0,0,0,0,0,0,0,0,0,0,0,0,73499,"MENOTTI LAUDISIO, AV",NA,"",0,"NULL",1,0,"MENOTTI LAUDISIO, AV 100 SAO PAULO SP",-23.4843567,-46.7286333
"2514","D021300814",27187,"OLAVO FONTOURA, AV",NA,"",1200,"","14/02/2013 13:00",2,"CO",13,1581," "," ",0,2,0,0,0,0,0,0,1,0,0,0,0,0,0,0,0,27187,"OLAVO FONTOURA, AV",NA,"",8,"BELEM",2,0,"OLAVO FONTOURA, AV 1200 SAO PAULO SP",-23.5150892,-46.6420086
"2515","D021301493",17820,"TITO, AV MAL",NA,"",6130,"","14/02/2013 13:09",2,"CT",50,1929," "," ",1,1,0,0,0,0,0,0,0,0,0,0,0,0,0,0,0,17820,"TITO, AV MAL",NA,"",53,"MOEMA",1,0,"TITO, AV MAL 6130 SAO PAULO SP",-23.4918544,-46.3874965
"2516","D021301476",26062,"RIO BOM, RUA",NA,"",100,"","14/02/2013 13:20",4,"AT",32,1032," "," ",0,1,0,0,0,0,0,0,0,0,0,0,0,0,0,0,0,26062,"RIO BOM, RUA",NA,"",51,"MANDAQUI",2,0,"RIO BOM, RUA 100 SAO PAULO SP",-23.525839,-46.4451226
"2517","D021301655",9044,"RAGUEB CHOHFI, AV",NA,"",4132,"","14/02/2013 13:20",4,"AT",49,2150," "," ",1,0,0,0,0,0,0,0,0,0,0,0,0,0,0,0,0,9044,"RAGUEB CHOHFI, AV",NA,"",32,"IGUATEMI",1,0,"RAGUEB CHOHFI, AV 4132 SAO PAULO SP",-23.5947651,-46.4462813
"2518","D021301080",11098,"JOSE MASCARENHAS, RUA",15915,"PEDRO DIAS DE CAMPOS, RUA CEL",0,"","14/02/2013 14:03",2,"CO",21,475," "," ",0,0,0,0,0,0,0,0,0,0,0,2,0,0,0,0,0,11098,"JOSE MASCARENHAS, RUA",15915,"PEDRO DIAS DE CAMPOS, RUA CEL",NA,"",1,0,"JOSE MASCARENHAS, RUA SAO PAULO SP &  PEDRO DIAS DE CAMPOS, RUA CEL SAO PAULO SP",-23.5389165,-46.5313417
"2519","D021300017",19543,"VENCESLAU BRAS, RUA",NA,"",2,"","14/02/2013 14:05",4,"AT",1,1226," "," ",0,0,0,0,0,0,0,1,0,0,0,0,0,0,0,0,0,19543,"VENCESLAU BRAS, RUA",NA,"",1,"AGUA RASA",1,0,"VENCESLAU BRAS, RUA 2 SAO PAULO SP",-23.5494224,-46.6332227
"2520","D021300576",19657,"VICENTE PINHEIRO, RUA",NA,"",100,"","14/02/2013 14:30",2,"CF",37,1295," "," ",1,0,1,0,0,0,0,0,0,0,0,0,0,0,0,0,0,19657,"VICENTE PINHEIRO, RUA",NA,"",29,"FREGUESIA DO O",2,0,"VICENTE PINHEIRO, RUA 100 SAO PAULO SP",-23.6418936,-46.7712187
"2521","D021300768",5567,"CRUZEIRO DO SUL, AV",11702,"LEITE DE MORAIS, RUA",0,"","14/02/2013 14:45",2,"QD",9,963," "," ",0,0,0,0,0,0,0,1,0,0,0,0,0,0,0,0,0,5567,"CRUZEIRO DO SUL, AV",11702,"LEITE DE MORAIS, RUA",71,"SANTANA",3,0,"CRUZEIRO DO SUL, AV SAO PAULO SP &  LEITE DE MORAIS, RUA SAO PAULO SP",-23.5073033,-46.6250321
"2522","D021301132",17824,"SAPOPEMBA, AV",NA,"",6000,"","14/02/2013 15:00",2,"QD",42,453," "," ",0,0,0,0,0,0,0,0,0,0,0,0,0,0,0,1,0,17824,"SAPOPEMBA, AV",NA,"",33,"IPIRANGA",1,0,"SAPOPEMBA, AV 6000 SAO PAULO SP",-23.5843451,-46.534371
"2523","D021300365",8341,"GUARAIUVA, RUA",7237,"FLORIDA, RUA",0,"","14/02/2013 15:35",2,"CO",96,690," "," ",1,1,0,0,0,0,0,0,0,0,0,0,0,0,0,0,0,7237,"FLORIDA, RUA",8341,"GUARAIUVA, RUA",34,"ITAIM BIBI",1,0,"GUARAIUVA, RUA SAO PAULO SP &  FLORIDA, RUA SAO PAULO SP",-23.6105962,-46.6890653
"2524","D021301175",24338,"LUIZ IGNACIO ANHAIA MELLO, AV PROF",NA,"",2655,"","14/02/2013 15:47",2,"CT",56,954," "," ",0,1,0,1,0,0,0,0,0,0,0,0,0,0,0,0,0,24338,"LUIZ IGNACIO ANHAIA MELLO, AV PROF",NA,"",26,"CONSOLACAO",1,0,"LUIZ IGNACIO ANHAIA MELLO, AV PROF 2655 SAO PAULO SP",-23.5826212,-46.5680866
"2525","D021300472",1198,"ANA PIMENTEL, RUA DONA",7927,"GERMAINE BURCHARD, RUA DONA",0,"","14/02/2013 15:51",2,"CO",23,828," "," ",1,1,0,0,0,0,0,0,0,0,0,0,0,0,0,0,0,1198,"ANA PIMENTEL, RUA DONA",7927,"GERMAINE BURCHARD, RUA DONA",6,"BARRA FUNDA",1,0,"ANA PIMENTEL, RUA DONA SAO PAULO SP &  GERMAINE BURCHARD, RUA DONA SAO PAULO SP",-23.5291194,-46.6692149
"2527","D021301477",98912,"JOSE PINHEIRO BORGES, AV",4974,"COROA DE FRADE, AV",0,"","14/02/2013 16:25",4,"AT",32,1040," "," ",0,0,0,0,0,0,0,0,1,0,0,0,0,0,0,0,0,4974,"COROA DE FRADE, AV",98912,"JOSE PINHEIRO BORGES, AV",88,"VILA GUILHERME",1,0,"JOSE PINHEIRO BORGES, AV SAO PAULO SP &  COROA DE FRADE, AV SAO PAULO SP",-23.5379455,-46.4560852
"2528","D021301118",2673,"AZEVEDO SOARES, RUA",NA,"",60,"","14/02/2013 16:30",4,"AT",30,925," "," ",1,0,0,0,0,0,0,0,0,0,0,0,0,0,0,0,0,2673,"AZEVEDO SOARES, RUA",NA,"",82,"TATUAPE",1,0,"AZEVEDO SOARES, RUA 60 SAO PAULO SP",-23.5508458,-46.5759622
"2529","D021301813",19543,"VENCESLAU BRAS, RUA",3387,"BITENCOURT RODRIGUES, RUA DR",0,"","14/02/2013 16:48",4,"AT",77,707," "," ",0,0,1,0,0,0,0,0,0,0,0,0,0,0,0,0,0,3387,"BITENCOURT RODRIGUES, RUA DR",19543,"VENCESLAU BRAS, RUA",80,"SE",0,1,"VENCESLAU BRAS, RUA SAO PAULO SP &  BITENCOURT RODRIGUES, RUA DR SAO PAULO SP",-23.5494001,-46.6321196
"2530","D021300272",26500,"VICENTE RAO, AV PROF.",NA,"",472,"","14/02/2013 17:00",2,"CO",27,1568," "," ",0,1,0,1,0,0,0,0,0,0,0,0,0,0,0,0,0,26500,"VICENTE RAO, AV PROF.",NA,"",30,"GRAJAU",2,0,"VICENTE RAO, AV PROF. 472 SAO PAULO SP",-23.6296839,-46.6848005
"2531","D021301537",16490,"PONTE RASA, RUA",NA,"",999,"","14/02/2013 17:20",2,"CO",62,1644," "," ",0,1,0,0,0,0,0,0,0,0,0,0,0,0,0,1,0,16490,"PONTE RASA, RUA",NA,"",0,"NULL",1,0,"PONTE RASA, RUA 999 SAO PAULO SP",-23.5136956,-46.481681
"2532","D021300582",21725,"OSCAR CAMPIGLIA, RUA PROF",NA,"",151,"","14/02/2013 17:40",2,"QM",37,1514," "," ",0,1,0,0,0,0,0,0,0,0,0,0,0,0,0,0,0,21725,"OSCAR CAMPIGLIA, RUA PROF",NA,"",29,"FREGUESIA DO O",1,0,"OSCAR CAMPIGLIA, RUA PROF 151 SAO PAULO SP",-23.6433671,-46.7632127
"2533","D021300157",13269,"MARIA JOAQUINA, RUA",13826,"MENDES JUNIOR, RUA",0,"","14/02/2013 17:50",4,"AT",12,900," "," ",1,0,0,0,0,0,0,0,0,0,0,0,0,0,0,0,0,13269,"MARIA JOAQUINA, RUA",13826,"MENDES JUNIOR, RUA",10,"BRAS",1,0,"MARIA JOAQUINA, RUA SAO PAULO SP &  MENDES JUNIOR, RUA SAO PAULO SP",-23.5356425,-46.6125234
"2534","D021300381",7708,"GAIVOTA, RUA",NA,"",1547,"","14/02/2013 18:20",2,"CO",96,2647," "," ",0,1,0,0,0,0,0,0,1,0,0,0,0,0,0,0,0,7708,"GAIVOTA, RUA",NA,"",53,"MOEMA",1,0,"GAIVOTA, RUA 1547 SAO PAULO SP",-23.6082568,-46.6718878
"2535","D021300491",18519,"SUMARE, AV",NA,"",78,"","14/02/2013 18:30",2,"QM",23,1158," "," ",0,1,0,0,0,0,0,0,0,0,0,0,0,0,0,0,0,18519,"SUMARE, AV",NA,"",61,"PERDIZES",1,0,"SUMARE, AV 78 SAO PAULO SP",-23.5306831,-46.6774016
"2536","D021300115",6642,"ESTADO, AV DO",18847,"TERESA CRISTINA, AV",0,"","14/02/2013 18:37",2,"CT",6,1145," "," ",1,1,0,0,0,0,0,0,0,0,0,0,0,0,0,0,0,6642,"ESTADO, AV DO",18847,"TERESA CRISTINA, AV",33,"IPIRANGA",1,0,"ESTADO, AV DO SAO PAULO SP &  TERESA CRISTINA, AV SAO PAULO SP",-23.5635869,-46.6112253
"2539","D021301203",4736,"CELSO GARCIA, AV",NA,"",1500,"","14/02/2013 19:30",4,"AT",81,424,"C"," ",0,0,0,0,0,0,0,1,0,0,0,0,0,0,0,0,0,4736,"CELSO GARCIA, AV",NA,"",82,"TATUAPE",1,0,"CELSO GARCIA, AV 1500 SAO PAULO SP",-23.5379649,-46.5978079
"2540","D021300096",14317,"MUNIZ DE SOUSA, RUA",NA,"",100,"","14/02/2013 19:30",4,"AT",6,825," "," ",1,1,0,0,0,0,0,0,0,0,0,0,0,0,0,0,0,14317,"MUNIZ DE SOUSA, RUA",NA,"",12,"BUTANTA",2,0,"MUNIZ DE SOUSA, RUA 100 SAO PAULO SP",-23.5642693,-46.6242518
"2541","D021300064",2497,"AUGUSTA, RUA",NA,"",108,"","14/02/2013 19:30",2,"CO",4,1150," "," ",0,1,0,0,0,0,0,0,0,0,0,1,0,0,0,0,0,2497,"AUGUSTA, RUA",NA,"",26,"CONSOLACAO",1,0,"AUGUSTA, RUA 108 SAO PAULO SP",-23.5503188,-46.6472182
"2542","D021300671",18729,"TATSUO OKACHI, RUA",NA,"",500,"","14/02/2013 19:30",2,"CO",87,792," "," ",2,0,0,0,0,0,0,0,0,0,0,0,0,0,0,0,0,18729,"TATSUO OKACHI, RUA",NA,"",31,"GUAIANASES",1,0,"TATSUO OKACHI, RUA 500 SAO PAULO SP",-23.492789,-46.7288787
"2543","D021301114",19727,"VILELA, RUA",18067,"SERRA DE BOTUCATU, RUA",0,"","14/02/2013 19:30",2,"CO",30,823," "," ",1,1,0,0,0,0,0,0,0,0,0,0,0,0,0,0,0,18067,"SERRA DE BOTUCATU, RUA",19727,"VILELA, RUA",NA,"",1,0,"VILELA, RUA SAO PAULO SP &  SERRA DE BOTUCATU, RUA SAO PAULO SP",-23.5393935,-46.5667033
"2544","D021300701",18561,"LUIZ MIGLIANO, RUA DR",29686,"ISAAC ALBENIZ, RUA",0,"","14/02/2013 19:30",2,"CL",89,1380," "," ",1,1,0,0,0,0,0,0,0,0,0,0,0,0,0,0,0,18561,"LUIZ MIGLIANO, RUA DR",29686,"ISAAC ALBENIZ, RUA",NA,"",1,0,"LUIZ MIGLIANO, RUA DR SAO PAULO SP &  ISAAC ALBENIZ, RUA SAO PAULO SP",-23.6227182,-46.7383492
"2545","D021301790",17824,"SAPOPEMBA, AV",NA,"",7438,"","14/02/2013 19:49",4,"AT",70,1519," "," ",1,0,0,0,0,0,0,0,0,0,0,0,0,0,0,0,0,17824,"SAPOPEMBA, AV",NA,"",33,"IPIRANGA",1,0,"SAPOPEMBA, AV 7438 SAO PAULO SP",-23.5945055,-46.5268454
"2546","D021300255",18297,"SIMAO LOPES, RUA",6848,"EVOLUCAO, RUA",0,"","14/02/2013 20:15",2,"CO",26,1298," "," ",1,1,0,0,0,0,0,0,0,0,0,0,0,0,0,0,0,6848,"EVOLUCAO, RUA",18297,"SIMAO LOPES, RUA",27,"CURSINO",1,0,"SIMAO LOPES, RUA SAO PAULO SP &  EVOLUCAO, RUA SAO PAULO SP",-23.6329021,-46.6124905
"2547","D021301204",6371,"ELISABETH DE ROBIANO, AV CDSSA",NA,"",600,"","14/02/2013 20:30",2,"CO",81,425," "," ",2,2,0,0,0,0,0,0,0,0,0,0,0,0,0,0,0,29772,"MARGINAL DO RIO TIETE, AV",NA,"",82,"TATUAPE",2,0,"ELISABETH DE ROBIANO, AV CDSSA 600 SAO PAULO SP",-23.5076424,-46.5495997
"2548","D021301625",21143,"MARIA FRANCISCA DO NASCIMENTO, RUA",NA,"",2,"","14/02/2013 21:00",4,"AT",41,1524," "," ",0,0,0,0,0,0,0,0,0,0,0,0,0,0,0,1,0,21143,"MARIA FRANCISCA DO NASCIMENTO, RUA",NA,"",26,"CONSOLACAO",1,0,"MARIA FRANCISCA DO NASCIMENTO, RUA 2 SAO PAULO SP",-23.5806421,-46.5277291
"2549","D021300755",3376,"BILLINGS, AV ENG",NA,"",13500,"","14/02/2013 22:19",2,"CO",93,1415," "," ",3,1,0,0,0,0,0,0,0,0,0,0,0,0,0,0,0,13014,"MARGINAL DO RIO PINHEIROS, AV",NA,"",40,"JAGUARE",2,0,"BILLINGS, AV ENG 13500 SAO PAULO SP",-23.5355054,-46.7476126
"2550","D021300167",4561,"CASTELO BRANCO, AV PRES",15706,"PAULO ANDRIGHETTI, RUA",0,"","14/02/2013 22:30",2,"CT",12,1035," "," ",0,1,1,0,0,0,0,0,0,0,0,0,0,0,0,0,0,4561,"CASTELO BRANCO, AV PRES",15706,"PAULO ANDRIGHETTI, RUA",57,"PARI",1,0,"CASTELO BRANCO, AV PRES SAO PAULO SP &  PAULO ANDRIGHETTI, RUA SAO PAULO SP",-23.5216047,-46.6390428
"2553","D021300927",13374,"MARIANA CALIGIORI RONCHETTI, AV",NA,"",336,"","15/02/2013 01:40",2,"CO",38,1368," "," ",2,0,0,0,0,0,0,0,0,0,0,0,0,0,0,0,0,13374,"MARIANA CALIGIORI RONCHETTI, AV",NA,"",13,"CACHOEIRINHA",2,0,"MARIANA CALIGIORI RONCHETTI, AV 336 SAO PAULO SP",-23.4617459,-46.6537059
"2554","D021301471",5745,"DAVID DOMINGUES FERREIRA, AV",NA,"",736,"","15/02/2013 05:40",2,"CO",32,771,"C"," ",0,1,0,1,0,0,0,0,0,0,0,0,0,0,0,0,0,5745,"DAVID DOMINGUES FERREIRA, AV",NA,"",36,"ITAQUERA",1,0,"DAVID DOMINGUES FERREIRA, AV 736 SAO PAULO SP",-23.5312271,-46.4486681
"2556","D021301317",75170,"MARIA AMELIA GOUVEIA ANDRE, RUA",NA,"",160,"","15/02/2013 07:00",2,"CO",92,1012," "," ",1,0,0,0,1,0,0,0,0,0,0,0,0,0,0,0,0,75170,"MARIA AMELIA GOUVEIA ANDRE, RUA",NA,"",32,"IGUATEMI",1,0,"MARIA AMELIA GOUVEIA ANDRE, RUA 160 SAO PAULO SP",-23.6608685,-46.7572682
"2558","D021300473",2271,"ARNALDO, AV DR",NA,"",300,"","15/02/2013 07:30",4,"AT",23,840," "," ",1,1,0,0,0,0,0,0,0,0,0,0,0,0,0,0,0,2271,"ARNALDO, AV DR",NA,"",26,"CONSOLACAO",1,0,"ARNALDO, AV DR 300 SAO PAULO SP",-23.55447,-46.6698183
"2559","D021301433",14637,"NITRO - QUIMICA, AV",NA,"",219,"","15/02/2013 07:36",2,"CH",22,809," "," ",1,0,0,0,0,0,0,0,0,0,0,0,0,0,0,0,0,14637,"NITRO - QUIMICA, AV",NA,"",53,"MOEMA",1,0,"NITRO - QUIMICA, AV 219 SAO PAULO SP",-23.4818001,-46.4333652
"2562","D021300133",543,"ALCANTARA MACHADO, AV",NA,"",2940,"","15/02/2013 07:42",2,"CO",8,1149,"C"," ",1,1,0,0,0,0,0,0,0,0,0,0,0,0,0,0,0,543,"ALCANTARA MACHADO, AV",NA,"",10,"BRAS",1,0,"ALCANTARA MACHADO, AV 2940 SAO PAULO SP",-23.5456302,-46.5976329
"2563","D021300628",5309,"CORIFEU DE AZEVEDO MARQUES, AV",NA,"",1537,"","15/02/2013 07:44",2,"CO",51,744," "," ",1,1,0,0,0,0,0,0,0,0,0,0,0,0,0,0,0,5309,"CORIFEU DE AZEVEDO MARQUES, AV",NA,"",12,"BUTANTA",1,0,"CORIFEU DE AZEVEDO MARQUES, AV 1537 SAO PAULO SP",-23.5750354,-46.7286829
"2564","D021300474",4561,"CASTELO BRANCO, AV PRES",7396,"JOSE GOMES FALCAO, RUA",0,"","15/02/2013 07:46",2,"CO",23,841," "," ",1,1,0,0,0,0,0,0,0,0,0,0,0,0,0,0,0,4561,"CASTELO BRANCO, AV PRES",7396,"JOSE GOMES FALCAO, RUA",6,"BARRA FUNDA",1,0,"CASTELO BRANCO, AV PRES SAO PAULO SP &  JOSE GOMES FALCAO, RUA SAO PAULO SP",-23.5216047,-46.6390428
"2566","D021301740",2181,"ARICANDUVA, AV",NA,"",9500,"","15/02/2013 08:00",2,"CO",66,766," "," ",0,2,0,0,0,0,0,0,0,0,0,0,0,0,0,0,0,2181,"ARICANDUVA, AV",NA,"",60,"PENHA",1,0,"ARICANDUVA, AV 9500 SAO PAULO SP",-23.5879103,-46.4819608
"2567","D021301298",79235,"SANTILLANA, RUA MARQ DE",NA,"",194,"","15/02/2013 08:09",2,"CO",85,378," "," ",1,1,0,0,0,0,0,0,0,0,0,0,0,0,0,0,0,79235,"SANTILLANA, RUA MARQ DE",NA,"",32,"IGUATEMI",1,0,"SANTILLANA, RUA MARQ DE 194 SAO PAULO SP",-23.7539895,-46.6993851
"2568","D021300536",855,"ALVARENGA, RUA",4232,"CARANGOLA, RUA",0,"","15/02/2013 08:10",2,"CO",34,956," "," ",1,1,0,0,0,0,0,0,0,0,0,0,0,0,0,0,0,855,"ALVARENGA, RUA",4232,"CARANGOLA, RUA",55,"MORUMBI",1,0,"ALVARENGA, RUA SAO PAULO SP &  CARANGOLA, RUA SAO PAULO SP",-23.56847,-46.7117265
"2569","D021300815",15937,"PEDRO LEON SCHNEIDER, AV GAL",NA,"",145,"","15/02/2013 08:20",2,"CT",13,1611," "," ",1,1,0,0,0,0,0,0,0,0,0,0,0,0,0,0,0,15937,"PEDRO LEON SCHNEIDER, AV GAL",NA,"",8,"BELEM",1,0,"PEDRO LEON SCHNEIDER, AV GAL 145 SAO PAULO SP",-23.5081571,-46.6263409
"2571","D021301176",27018,"JACINTO MENEZES PALHARES, AV",NA,"",845,"","15/02/2013 09:00",2,"CO",56,972," "," ",0,1,0,0,0,0,0,0,0,0,0,1,0,0,0,0,0,27018,"JACINTO MENEZES PALHARES, AV",NA,"",26,"CONSOLACAO",1,0,"JACINTO MENEZES PALHARES, AV 845 SAO PAULO SP",-23.5895975,-46.5627145
"2572","D021300967",15485,"PARAPUA, RUA",NA,"",1420,"","15/02/2013 09:20",4,"AT",45,561," "," ",1,0,0,0,0,0,0,0,0,0,0,0,0,0,0,0,0,15485,"PARAPUA, RUA",NA,"",4,"ARICANDUVA",1,0,"PARAPUA, RUA 1420 SAO PAULO SP",-23.4726305,-46.6909804
"2573","D021301509",17820,"TITO, AV MAL",NA,"",2000,"","15/02/2013 09:24",2,"CO",59,639,"C"," ",1,1,0,0,0,0,0,0,0,0,0,0,0,0,0,0,0,17820,"TITO, AV MAL",NA,"",53,"MOEMA",1,0,"TITO, AV MAL 2000 SAO PAULO SP",-23.4947226,-46.4271922
"2574","D021301457",98965,"CALIM EID, AV",NA,"",3880,"","15/02/2013 09:49",4,"AT",24,1645," "," ",1,0,0,0,0,0,0,0,0,0,0,0,0,0,0,0,0,98965,"CALIM EID, AV",NA,"",60,"PENHA",1,0,"CALIM EID, AV 3880 SAO PAULO SP",-23.5285857,-46.489455
"2575","D021301759",25292,"SANDRO ALTAMURA, RUA",NA,"",12,"","15/02/2013 10:00",2,"CO",69,1544," "," ",1,1,0,0,0,0,0,0,0,0,0,0,0,0,0,0,0,25292,"SANDRO ALTAMURA, RUA",NA,"",56,"PARELHEIROS",1,0,"SANDRO ALTAMURA, RUA 12 SAO PAULO SP",-23.6012444,-46.5073372
"2576","D021301685",36318,"OSVALDO PUCCI, AV",NA,"",100,"","15/02/2013 10:30",2,"CO",53,1003," "," ",2,0,0,0,0,0,0,0,0,0,0,1,0,0,0,0,0,36318,"OSVALDO PUCCI, AV",NA,"",5,"ARTUR ALVIM",1,0,"OSVALDO PUCCI, AV 100 SAO PAULO SP",-23.566185,-46.4669412
"2577","D021300454",19196,"TUCUMA, RUA",13478,"MARIO FERRAZ, RUA DR",0,"","15/02/2013 11:00",4,"AT",15,817," "," ",1,0,0,0,0,0,0,0,0,0,0,0,0,0,0,0,0,13478,"MARIO FERRAZ, RUA DR",19196,"TUCUMA, RUA",63,"PINHEIROS",1,0,"TUCUMA, RUA SAO PAULO SP &  MARIO FERRAZ, RUA DR SAO PAULO SP",-23.5811883,-46.6884511
"2579","D021301058",394,"AIGUARA, RUA",NA,"",4,"","15/02/2013 11:30",4,"AT",10,2020," "," ",0,0,0,0,0,0,0,0,0,0,0,0,0,0,0,1,0,394,"AIGUARA, RUA",NA,"",18,"CANGAIBA",1,0,"AIGUARA, RUA 4 SAO PAULO SP",-23.5081978,-46.5389811
"2580","D021300329",18653,"TANGARA, RUA",10670,"JORGE CHAMMAS, RUA",0,"","15/02/2013 11:35",2,"CH",36,727," "," ",2,0,0,0,0,0,0,0,0,0,0,0,0,1,0,0,0,10670,"JORGE CHAMMAS, RUA",18653,"TANGARA, RUA",92,"VILA MARIANA",2,0,"TANGARA, RUA SAO PAULO SP &  JORGE CHAMMAS, RUA SAO PAULO SP",-23.5888012,-46.6479551
"2581","D021301193",16971,"RENATA, AV",12496,"MAFALDA, RUA",0,"","15/02/2013 11:40",4,"AT",58,378," "," ",1,0,0,0,0,0,0,0,0,0,0,0,0,0,0,0,0,12496,"MAFALDA, RUA",16971,"RENATA, AV",87,"VILA FORMOSA",1,0,"RENATA, AV SAO PAULO SP &  MAFALDA, RUA SAO PAULO SP",-23.5706876,-46.5404529
"2582","D021300887",9420,"ITABERABA, AV",NA,"",800,"","15/02/2013 12:00",2,"QD",28,815," "," ",0,0,1,0,0,0,0,0,0,0,0,0,0,0,0,0,0,9420,"ITABERABA, AV",NA,"",29,"FREGUESIA DO O",1,0,"ITABERABA, AV 800 SAO PAULO SP",-23.4941974,-46.6973145
"2583","D021300743",22305,"LEAO MACHADO, AV",NA,"",100,"","15/02/2013 12:00",4,"AT",93,1055," "," ",1,0,0,0,0,0,0,0,0,0,0,0,0,0,0,0,0,22305,"LEAO MACHADO, AV",NA,"",0,"NULL",1,0,"LEAO MACHADO, AV 100 SAO PAULO SP",-23.5480372,-46.7566184
"2584","D021300001",4342,"CARLOS DE SOUSA NAZARE, RUA",2561,"AUGUSTO SEVERO, RUA",0,"","15/02/2013 12:04",4,"AT",1,273," "," ",0,0,0,0,0,0,0,0,0,0,0,1,0,0,0,0,0,2561,"AUGUSTO SEVERO, RUA",4342,"CARLOS DE SOUSA NAZARE, RUA",80,"SE",1,0,"CARLOS DE SOUSA NAZARE, RUA SAO PAULO SP &  AUGUSTO SEVERO, RUA SAO PAULO SP",-23.5402862,-46.6302959
"2585","D021300954",1803,"ANTONIO MUNHOZ BONILHA, AV",NA,"",521,"","15/02/2013 12:10",2,"CT",40,515," "," ",1,0,0,0,0,0,0,1,0,0,0,0,0,0,0,0,0,1803,"ANTONIO MUNHOZ BONILHA, AV",NA,"",50,"LIMAO",1,0,"ANTONIO MUNHOZ BONILHA, AV 521 SAO PAULO SP",-23.4993168,-46.6838264
"2586","D021301767",2878,"BARREIRA GRANDE, AV DA",NA,"",3993,"","15/02/2013 12:20",2,"CH",69,1962," "," ",1,0,0,0,0,0,0,0,0,0,0,1,0,0,0,0,0,2878,"BARREIRA GRANDE, AV DA",NA,"",78,"SAPOPEMBA",1,0,"BARREIRA GRANDE, AV DA 3993 SAO PAULO SP",-23.5915494,-46.4994719
"2587","D021300197",15656,"PAULISTA, AV",12165,"LUIS ANTONIO, AV BRIG",0,"","15/02/2013 12:20",4,"AT",78,952," "," ",1,0,0,0,0,0,0,0,0,0,0,0,0,0,0,0,0,12165,"LUIS ANTONIO, AV BRIG",15656,"PAULISTA, AV",44,"JARDIM PAULISTA",1,0,"PAULISTA, AV SAO PAULO SP &  LUIS ANTONIO, AV BRIG SAO PAULO SP",-23.5625897,-46.6549244
"2588","D021300816",27187,"OLAVO FONTOURA, AV",NA,"",500,"","15/02/2013 12:24",2,"CT",13,1621," "," ",0,1,0,1,0,0,0,0,0,0,0,0,0,0,0,0,0,27187,"OLAVO FONTOURA, AV",NA,"",8,"BELEM",1,0,"OLAVO FONTOURA, AV 500 SAO PAULO SP",-23.5140066,-46.6328351
"2589","D021301187",15034,"ORATORIO, RUA DO",NA,"",2500,"","15/02/2013 12:30",4,"AT",57,846," "," ",0,0,0,0,1,0,0,0,0,0,0,0,0,0,0,0,0,15034,"ORATORIO, RUA DO",NA,"",16,"CAMPO GRANDE",1,0,"ORATORIO, RUA DO 2500 SAO PAULO SP",-23.5691744,-46.5817763
"2590","D021300867",351,"AGUA FRIA, AV",NA,"",1973,"","15/02/2013 13:14",4,"AT",20,1411," "," ",0,1,0,0,0,0,0,0,0,0,0,0,0,0,0,0,0,351,"AGUA FRIA, AV",NA,"",71,"SANTANA",1,0,"AGUA FRIA, AV 1973 SAO PAULO SP",-23.4720378,-46.617798
"2591","D021301579",75006,"JOSE DORIA DE ANDRADE, RUA",75108,"COSMO JOSE DA SILVA, RUA",0,"","15/02/2013 13:18",2,"CF",65,510," "," ",1,1,0,0,0,0,0,0,0,0,0,0,0,0,0,0,0,75006,"JOSE DORIA DE ANDRADE, RUA",75108,"COSMO JOSE DA SILVA, RUA",24,"CIDADE LIDER",1,0,"JOSE DORIA DE ANDRADE, RUA SAO PAULO SP &  COSMO JOSE DA SILVA, RUA SAO PAULO SP",-23.5543715,-46.4781081
"2592","D021301126",34122,"MELO FREIRE, RUA",1967,"APUCARANA, RUA",0,"","15/02/2013 13:30",2,"QM",30,1159," "," ",0,1,0,0,0,0,0,0,0,0,0,0,0,0,0,0,0,1967,"APUCARANA, RUA",34122,"MELO FREIRE, RUA",82,"TATUAPE",1,0,"MELO FREIRE, RUA SAO PAULO SP &  APUCARANA, RUA SAO PAULO SP",-23.5391715,-46.5695321