"","id_acidente","codloga","logradouroA","codlogb","logradouroB","alt_num","referencia","data","cod_acid","tipo_acidente","dp","numero_BO","sentido","pista","automovel","moto","onibus","caminhao","bicicleta","moto_taxi","onibus_fretado","onibus_urbano","microonibus","van","vuc","caminhonete","carreta","jipe","outros","sem_informacao","carroca","princ_a","paiA","princ_b","paiB","cod_distrito","distrito","vit_ferida","vit_morta","local","lat","lon"
"2593","D021300160",11525,"LADARIO, RUA BR DE",3207,"BENTO, PCA PDE",0,"","15/02/2013 14:00",2,"CO",12,931," "," ",1,0,0,0,1,0,0,0,0,0,0,0,0,0,0,0,0,3207,"BENTO, PCA PDE",11525,"LADARIO, RUA BR DE",57,"PARI",1,0,"LADARIO, RUA BR DE SAO PAULO SP &  BENTO, PCA PDE SAO PAULO SP",-23.5384844,-46.6188849
"2594","D021301185",14213,"MOOCA, RUA DA",NA,"",3419,"","15/02/2013 14:00",2,"CH",57,638," "," ",1,1,0,0,0,0,0,0,0,0,0,0,0,0,0,0,0,14213,"MOOCA, RUA DA",NA,"",16,"CAMPO GRANDE",1,0,"MOOCA, RUA DA 3419 SAO PAULO SP",-23.5574294,-46.5922183
"2595","D021300979",3771,"INAJAR DE SOUZA, AV",NA,"",4100,"","15/02/2013 14:30",4,"AT",72,1386,"C"," ",0,1,0,0,0,0,0,0,0,0,0,0,0,0,0,0,0,3771,"INAJAR DE SOUZA, AV",NA,"",50,"LIMAO",1,0,"INAJAR DE SOUZA, AV 4100 SAO PAULO SP",-23.4752766,-46.6704918
"2596","D021301704",45511,"CRISTOVAO DE MOLINA, RUA",NA,"",150,"","15/02/2013 15:07",2,"CH",54,887," "," ",1,0,0,0,0,0,0,0,0,0,0,1,0,0,0,0,0,45511,"CRISTOVAO DE MOLINA, RUA",NA,"",25,"CIDADE TIRADENT",1,0,"CRISTOVAO DE MOLINA, RUA 150 SAO PAULO SP",-23.5880015,-46.3964393
"2597","D021301496",17820,"TITO, AV MAL",NA,"",6390,"","15/02/2013 15:20",2,"CT",50,1981," "," ",0,1,0,0,0,0,0,0,0,0,0,1,0,0,0,0,0,17820,"TITO, AV MAL",NA,"",53,"MOEMA",1,0,"TITO, AV MAL 6390 SAO PAULO SP",-23.4909039,-46.3864356
"2599","D021301348",9250,"SALVADOR DALI, RUA",NA,"",56,"","15/02/2013 16:15",2,"CO",98,1767," "," ",0,1,1,0,0,0,0,0,0,0,0,0,0,0,0,0,0,9250,"SALVADOR DALI, RUA",NA,"",30,"GRAJAU",1,0,"SALVADOR DALI, RUA 56 SAO PAULO SP",-23.708963,-46.6541628
"2600","D021300046",9489,"ITALIANOS, RUA DOS",16041,"PENA, RUA TTE",0,"","15/02/2013 16:50",2,"CO",2,9072," "," ",1,1,0,0,0,0,0,0,0,0,0,0,0,0,0,0,0,9489,"ITALIANOS, RUA DOS",16041,"PENA, RUA TTE",9,"BOM RETIRO",1,0,"ITALIANOS, RUA DOS SAO PAULO SP &  PENA, RUA TTE SAO PAULO SP",-23.5238023,-46.644144
"2601","D021301751",76067,"QUINTA DA MAGNOLIA, RUA",NA,"",402,"","15/02/2013 17:00",4,"AT",66,1007,"C"," ",0,0,0,0,0,0,0,0,0,0,0,1,0,0,0,0,0,76067,"QUINTA DA MAGNOLIA, RUA",NA,"",38,"JACANA",1,0,"QUINTA DA MAGNOLIA, RUA 402 SAO PAULO SP",-23.5593371,-46.4984923
"2602","D021301703",45354,"SARA KUBITSCHEK, RUA",NA,"",155,"","15/02/2013 17:15",4,"AT",54,886," "," ",1,0,0,0,0,0,0,0,0,0,0,0,0,0,0,0,0,45354,"SARA KUBITSCHEK, RUA",NA,"",25,"CIDADE TIRADENT",1,0,"SARA KUBITSCHEK, RUA 155 SAO PAULO SP",-23.5833,-46.406423
"2603","D021301467",98965,"CALIM EID, AV",NA,"",444,"","15/02/2013 17:20",2,"CO",24,2373,"C"," ",1,1,0,0,0,0,0,0,0,0,0,0,0,0,0,0,0,98965,"CALIM EID, AV",NA,"",60,"PENHA",2,0,"CALIM EID, AV 444 SAO PAULO SP",-23.5202952,-46.5084955
"2604","D021301657",2181,"ARICANDUVA, AV",NA,"",1400,"","15/02/2013 17:30",2,"CO",49,2214," "," ",0,1,0,0,0,0,0,0,0,0,0,1,0,0,0,0,0,2181,"ARICANDUVA, AV",NA,"",60,"PENHA",1,0,"ARICANDUVA, AV 1400 SAO PAULO SP",-23.5538475,-46.5184683
"2605","D021300134",14213,"MOOCA, RUA DA",NA,"",237,"","15/02/2013 17:30",4,"AT",8,1166," "," ",1,0,0,0,0,0,0,0,0,0,0,0,0,0,0,0,0,14213,"MOOCA, RUA DA",NA,"",16,"CAMPO GRANDE",1,0,"MOOCA, RUA DA 237 SAO PAULO SP",-23.5533963,-46.6229918
"2606","D021300158",5567,"CRUZEIRO DO SUL, AV",6642,"ESTADO, AV DO",0,"","15/02/2013 17:40",2,"CT",12,922,"C"," ",1,1,0,0,0,0,0,0,0,0,0,0,0,0,0,0,0,5567,"CRUZEIRO DO SUL, AV",6642,"ESTADO, AV DO",57,"PARI",1,0,"CRUZEIRO DO SUL, AV SAO PAULO SP &  ESTADO, AV DO SAO PAULO SP",-23.5073033,-46.6250321
"2607","D021300538",7500,"FRANCISCO MORATO, AV PROF",NA,"",6200,"","15/02/2013 18:15",2,"CT",34,1006," "," ",1,1,0,0,0,0,0,0,0,0,0,0,0,0,0,0,0,7500,"FRANCISCO MORATO, AV PROF",NA,"",12,"BUTANTA",1,0,"FRANCISCO MORATO, AV PROF 6200 SAO PAULO SP",-23.606479,-46.7490387
"2608","D021301016",16838,"RAIMUNDO PEREIRA DE MAGAL., AV",NA,"",12530,"","15/02/2013 18:15",2,"CO",74,723," "," ",1,1,0,0,0,0,0,0,0,0,0,0,0,0,0,0,0,16838,"RAIMUNDO PEREIRA DE MAGAL., AV",NA,"",31,"GUAIANASES",1,0,"RAIMUNDO PEREIRA DE MAGAL., AV 12530 SAO PAULO SP",-23.4327582,-46.72001
"2609","D021301021",16838,"RAIMUNDO PEREIRA DE MAGAL., AV",NA,"",12530,"","15/02/2013 18:15",2,"CO",74,1408," "," ",1,1,0,0,0,0,0,0,0,0,0,0,0,0,0,0,0,16838,"RAIMUNDO PEREIRA DE MAGAL., AV",NA,"",31,"GUAIANASES",1,0,"RAIMUNDO PEREIRA DE MAGAL., AV 12530 SAO PAULO SP",-23.4327582,-46.72001
"2610","D021300655",16878,"RAPOSO TAVARES, VIA",NA,"",19,"","15/02/2013 18:20",2,"CL",75,560," "," ",1,1,0,0,0,0,0,0,0,0,0,0,0,0,0,0,0,16878,"RAPOSO TAVARES, VIA",NA,"",13,"CACHOEIRINHA",1,0,"RAPOSO TAVARES, VIA 19 SAO PAULO SP",-23.6219963,-46.6885593
"2613","D021301658",13671,"MATEO BEI, AV",67888,"SIMAO ALVARES MOUSINHO, RUA",0,"","15/02/2013 18:50",2,"CO",49,2230," "," ",2,1,0,0,0,0,0,0,0,0,0,0,0,0,0,0,0,13671,"MATEO BEI, AV",67888,"SIMAO ALVARES MOUSINHO, RUA",75,"SAO MATEUS",1,0,"MATEO BEI, AV SAO PAULO SP &  SIMAO ALVARES MOUSINHO, RUA SAO PAULO SP",-23.5972768,-46.4866619
"2614","D021301441",10785,"JOSE ARTUR NOVA, AV DR",14975,"OLIVEIRA FREIRE, AV",0,"","15/02/2013 19:05",2,"CT",22,1177," "," ",1,1,0,0,0,0,0,0,0,0,0,0,0,0,0,0,0,10785,"JOSE ARTUR NOVA, AV DR",14975,"OLIVEIRA FREIRE, AV",76,"SAO MIGUEL",1,0,"JOSE ARTUR NOVA, AV DR SAO PAULO SP &  OLIVEIRA FREIRE, AV SAO PAULO SP",-23.4833448,-46.4330112
"2615","D021300744",17162,"RIO PEQUENO, AV DO",36766,"CACHOEIRA, ES DA",0,"","15/02/2013 19:30",4,"AT",93,1091," "," ",1,0,0,0,0,0,0,0,0,0,0,0,0,0,0,0,0,17162,"RIO PEQUENO, AV DO",36766,"CACHOEIRA, ES DA",NA,"",1,0,"RIO PEQUENO, AV DO SAO PAULO SP &  CACHOEIRA, ES DA SAO PAULO SP",-23.5627974,-46.746682
"2616","D021301791",67304,"CAOPIA, RUA",NA,"",414,"","15/02/2013 20:00",2,"CO",70,1565," "," ",1,1,0,0,0,0,0,0,0,0,0,0,0,0,0,0,0,67304,"CAOPIA, RUA",NA,"",26,"CONSOLACAO",1,0,"CAOPIA, RUA 414 SAO PAULO SP",-23.6019308,-46.5388395
"2617","D021300065",2497,"AUGUSTA, RUA",NA,"",437,"","15/02/2013 20:10",2,"CO",4,1209," "," ",1,1,0,0,0,0,0,0,0,0,0,0,0,0,0,0,0,2497,"AUGUSTA, RUA",NA,"",26,"CONSOLACAO",1,0,"AUGUSTA, RUA 437 SAO PAULO SP",-23.5513238,-46.6501543
"2619","D021300067",2497,"AUGUSTA, RUA",NA,"",475,"","15/02/2013 20:30",2,"CO",4,1237," "," ",1,0,0,0,1,0,0,0,0,0,0,0,0,0,0,0,0,2497,"AUGUSTA, RUA",NA,"",26,"CONSOLACAO",1,0,"AUGUSTA, RUA 475 SAO PAULO SP",-23.5513914,-46.6505181
"2621","D021300171",18197,"SILVA TELES, RUA",16015,"PEDROSO DA SILVEIRA, AV",0,"","15/02/2013 20:56",2,"CF",12,1169," "," ",0,1,0,0,0,0,0,1,0,0,0,0,0,0,0,0,0,16015,"PEDROSO DA SILVEIRA, AV",18197,"SILVA TELES, RUA",NA,"",1,0,"SILVA TELES, RUA SAO PAULO SP &  PEDROSO DA SILVEIRA, AV SAO PAULO SP",-23.5299486,-46.6104577
"2622","D021301098",18811,"TEODORO MASCARENHAS, RUA",NA,"",403,"","15/02/2013 21:52",4,"AT",21,1809," "," ",1,0,0,0,0,0,0,0,0,0,0,0,0,0,0,0,0,18811,"TEODORO MASCARENHAS, RUA",NA,"",38,"JACANA",2,0,"TEODORO MASCARENHAS, RUA 403 SAO PAULO SP",-23.539711,-46.5316289
"2624","D021301634",21711,"SATURNINO PEREIRA, RUA",NA,"",460,"","15/02/2013 23:30",2,"CO",44,1012," "," ",1,1,0,0,0,0,0,0,0,0,0,0,0,0,0,0,0,21711,"SATURNINO PEREIRA, RUA",NA,"",50,"LIMAO",2,0,"SATURNINO PEREIRA, RUA 460 SAO PAULO SP",-23.5479011,-46.412194
"2625","D021301005",13133,"MARIA AMALIA LOPES AZEVEDO, RUA",19719,"JAUPACI, RUA",0,"","16/02/2013 00:09",2,"CO",73,1636,"B"," ",1,1,0,0,0,0,0,0,0,0,0,0,0,0,0,0,0,13133,"MARIA AMALIA LOPES AZEVEDO, RUA",19719,"JAUPACI, RUA",83,"TREMEMBE",1,0,"MARIA AMALIA LOPES AZEVEDO, RUA SAO PAULO SP &  JAUPACI, RUA SAO PAULO SP",-23.4584963,-46.6105009
"2627","D021300700",8000,"GIOVANNI GRONCHI, AV",99949,"CARLOS CALDEIRA FILHO, AV",0,"","16/02/2013 03:00",2,"CO",89,1256," "," ",2,0,0,0,0,0,0,0,0,0,0,0,0,0,0,0,0,8000,"GIOVANNI GRONCHI, AV",99949,"CARLOS CALDEIRA FILHO, AV",85,"VILA ANDRADE",5,0,"GIOVANNI GRONCHI, AV SAO PAULO SP &  CARLOS CALDEIRA FILHO, AV SAO PAULO SP",-23.6004501,-46.710515
"2628","D021301792",78860,"ILHA DA TRINDADE, RUA",78671,"NOVA RESENDE, RUA",0,"","16/02/2013 04:26",2,"CO",70,1567," "," ",1,1,0,0,0,0,0,0,0,0,0,0,0,0,0,0,0,78671,"NOVA RESENDE, RUA",78860,"ILHA DA TRINDADE, RUA",78,"SAPOPEMBA",1,0,"ILHA DA TRINDADE, RUA SAO PAULO SP &  NOVA RESENDE, RUA SAO PAULO SP",-23.6139024,-46.5164179
"2629","D021301589",64117,"FRANCISCO GIL DE ARAUJO, RUA",62401,"FRANCISCO DE SOUTOMAIOR, RUA",0,"","16/02/2013 04:30",4,"AT",67,485," "," ",0,1,0,0,0,0,0,0,0,0,0,0,0,0,0,0,0,62401,"FRANCISCO DE SOUTOMAIOR, RUA",64117,"FRANCISCO GIL DE ARAUJO, RUA",47,"LAJEADO",1,0,"FRANCISCO GIL DE ARAUJO, RUA SAO PAULO SP &  FRANCISCO DE SOUTOMAIOR, RUA SAO PAULO SP",-23.527749,-46.3952748
"2630","D021300853",13133,"MARIA AMALIA LOPES AZEVEDO, RUA",NA,"",2740,"","16/02/2013 06:15",2,"QD",20,941," "," ",0,0,0,0,0,0,0,1,0,0,0,0,0,0,0,0,0,13133,"MARIA AMALIA LOPES AZEVEDO, RUA",NA,"",83,"TREMEMBE",1,0,"MARIA AMALIA LOPES AZEVEDO, RUA 2740 SAO PAULO SP",-23.457176,-46.5997686
"2632","D021300986",19711,"ABILIO PEDRO RAMOS, RUA",7061,"FERNAO DIAS, VIA",0,"","16/02/2013 07:01",2,"CL",73,627," "," ",1,1,0,0,0,0,0,0,0,0,0,0,0,0,0,0,0,7061,"FERNAO DIAS, VIA",19711,"ABILIO PEDRO RAMOS, RUA",38,"JACANA",1,0,"ABILIO PEDRO RAMOS, RUA SAO PAULO SP &  FERNAO DIAS, VIA SAO PAULO SP",-23.4603183,-46.5740665
"2633","D021301628",72670,"INACIO MONTEIRO, RUA",NA,"",8402,"","16/02/2013 07:13",4,"AT",44,491," "," ",1,0,0,0,0,0,0,0,0,0,0,0,0,0,0,0,0,72670,"INACIO MONTEIRO, RUA",NA,"",50,"LIMAO",3,0,"INACIO MONTEIRO, RUA 8402 SAO PAULO SP",-23.5833344,-46.3851849
"2634","D021301230",6238,"NACOES UNIDAS, AV DAS",NA,"",17891,"","16/02/2013 08:08",2,"SI",11,1790," "," ",1,1,0,0,0,0,0,0,0,0,0,0,0,0,0,0,0,13014,"MARGINAL DO RIO PINHEIROS, AV",NA,"",90,"VILA LEOPOLDINA",1,0,"NACOES UNIDAS, AV DAS 17891 SAO PAULO SP",-23.6461963,-46.7249534
"2637","D021301269",5165,"MERCANTEIS, RUA DOS",NA,"",80,"","16/02/2013 08:50",2,"SI",47,1993," "," ",1,0,0,0,0,0,0,0,0,0,0,0,0,0,0,0,0,5165,"MERCANTEIS, RUA DOS",NA,"",19,"CAPAO REDONDO",1,0,"MERCANTEIS, RUA DOS 80 SAO PAULO SP",-23.6691695,-46.7760599
"2638","D021300698",10331,"JOAO GUIMARAES, AV DR",69817,"JOSE FELIX, RUA",0,"","16/02/2013 08:50",4,"AT",89,1252," "," ",0,0,0,0,0,0,0,0,0,0,0,1,0,0,0,0,0,10331,"JOAO GUIMARAES, AV DR",69817,"JOSE FELIX, RUA",96,"VILA SONIA",1,0,"JOAO GUIMARAES, AV DR SAO PAULO SP &  JOSE FELIX, RUA SAO PAULO SP",-23.6097435,-46.7486249
"2639","D021300818",2421,"ASSIS CHATEAUBRIAND, AV",NA,"",30,"","16/02/2013 09:00",2,"OU",13,1661," "," ",1,0,0,1,0,0,0,0,0,0,0,0,0,0,0,0,0,29772,"MARGINAL DO RIO TIETE, AV",NA,"",71,"SANTANA",1,0,"ASSIS CHATEAUBRIAND, AV 30 SAO PAULO SP",-23.5183099,-46.6318948
"2640","D021301645",13195,"MARIA CURSI, AV",NA,"",369,"","16/02/2013 09:00",2,"SI",49,492," "," ",0,1,0,0,0,0,0,0,0,0,0,1,0,0,0,0,0,13195,"MARIA CURSI, AV",NA,"",75,"SAO MATEUS",1,0,"MARIA CURSI, AV 369 SAO PAULO SP",-23.5997297,-46.4768465
"2641","D021300256",18704,"TAQUARICHIM, RUA",NA,"",280,"","16/02/2013 09:10",2,"CH",26,1342," "," ",0,0,0,0,0,0,0,1,0,0,0,0,0,0,0,0,0,18704,"TAQUARICHIM, RUA",NA,"",21,"CASA VERDE",1,0,"TAQUARICHIM, RUA 280 SAO PAULO SP",-23.6205993,-46.6028437
"2642","D021301580",12156,"LUIZ AYRES, RUA DR",NA,"",1800,"","16/02/2013 09:26",2,"QM",65,518,"C"," ",0,1,0,0,0,0,0,0,0,0,0,0,0,0,0,0,0,12156,"LUIZ AYRES, RUA DR",NA,"",5,"ARTUR ALVIM",1,0,"LUIZ AYRES, RUA DR 1800 SAO PAULO SP",-23.5383599,-46.4865254
"2643","D021300629",13625,"MARTINS, RUA",NA,"",169,"","16/02/2013 10:20",2,"CO",51,779," "," ",1,1,0,0,0,0,0,0,0,0,0,0,0,0,0,0,0,13625,"MARTINS, RUA",NA,"",12,"BUTANTA",1,0,"MARTINS, RUA 169 SAO PAULO SP",-23.573936,-46.708399
"2644","D021300537",7502,"FRANCISCO MORAZAN, AV GAL",1330,"ANDRE SARAIVA, RUA",0,"","16/02/2013 10:20",2,"CL",34,995," "," ",1,1,0,0,0,0,0,0,0,0,0,0,0,0,0,0,0,1330,"ANDRE SARAIVA, RUA",7502,"FRANCISCO MORAZAN, AV GAL",96,"VILA SONIA",1,0,"FRANCISCO MORAZAN, AV GAL SAO PAULO SP &  ANDRE SARAIVA, RUA SAO PAULO SP",-23.5920897,-46.7317775
"2645","D021301459",9632,"ITINGUCU, RUA",9083,"IMPATA, RUA",0,"","16/02/2013 10:30",2,"CO",24,1687," "," ",1,1,0,0,0,0,0,0,0,0,0,0,0,0,0,0,0,9083,"IMPATA, RUA",9632,"ITINGUCU, RUA",60,"PENHA",2,0,"ITINGUCU, RUA SAO PAULO SP &  IMPATA, RUA SAO PAULO SP",-23.5270874,-46.5021154
"2646","D021300869",835,"ALTINOPOLIS, RUA",NA,"",373,"","16/02/2013 10:30",2,"CO",20,1438," "," ",0,1,0,0,0,0,0,0,0,0,0,1,0,0,0,0,0,835,"ALTINOPOLIS, RUA",NA,"",71,"SANTANA",1,0,"ALTINOPOLIS, RUA 373 SAO PAULO SP",-23.4834605,-46.6191486
"2647","D021300939",2455,"ATALIBA LEONEL, AV GAL",NA,"",3792,"","16/02/2013 10:40",4,"AT",39,635," "," ",0,1,0,0,0,0,0,0,0,0,0,0,0,0,0,0,0,2455,"ATALIBA LEONEL, AV GAL",NA,"",88,"VILA GUILHERME",1,0,"ATALIBA LEONEL, AV GAL 3792 SAO PAULO SP",-23.4846522,-46.603795
"2648","D021300987",16305,"ANTONELO DA MESSINA, AV",NA,"",300,"","16/02/2013 11:00",2,"CO",73,644," "," ",1,1,0,0,0,0,0,0,0,0,0,0,0,0,0,0,0,16305,"ANTONELO DA MESSINA, AV",NA,"",83,"TREMEMBE",1,0,"ANTONELO DA MESSINA, AV 300 SAO PAULO SP",-23.4539654,-46.5893539
"2649","D021301147",4736,"CELSO GARCIA, AV",NA,"",5344,"","16/02/2013 11:15",2,"CH",52,320," "," ",1,0,0,0,0,0,0,0,0,0,0,0,0,0,0,0,0,4736,"CELSO GARCIA, AV",NA,"",82,"TATUAPE",1,0,"CELSO GARCIA, AV 5344 SAO PAULO SP",-23.5322754,-46.5612117
"2650","D021301771",17824,"SAPOPEMBA, AV",NA,"",828,"","16/02/2013 11:30",2,"CO",70,508," "," ",1,0,0,0,0,0,0,1,0,0,0,0,0,0,0,0,0,17824,"SAPOPEMBA, AV",NA,"",33,"IPIRANGA",1,0,"SAPOPEMBA, AV 828 SAO PAULO SP",-23.5633453,-46.5723774
"2651","D021301349",15880,"PEDRO DE AVOS, AV",NA,"",397,"","16/02/2013 11:39",2,"CO",98,1780," "," ",0,1,1,0,0,0,0,0,0,0,0,0,0,0,0,0,0,15880,"PEDRO DE AVOS, AV",NA,"",0,"NULL",1,0,"PEDRO DE AVOS, AV 397 SAO PAULO SP",-23.6835749,-46.6410125
"2652","D021301733",9580,"ITAQUERA, AV",9239,"IOLANDO RIBEIRO BOAVENTURA, RUA",0,"","16/02/2013 12:35",2,"CO",66,500," "," ",1,1,0,0,0,0,0,0,0,0,0,0,0,0,0,0,0,9239,"IOLANDO RIBEIRO BOAVENTURA, RUA",9580,"ITAQUERA, AV",93,"VILA MATILDE",1,0,"ITAQUERA, AV SAO PAULO SP &  IOLANDO RIBEIRO BOAVENTURA, RUA SAO PAULO SP",-23.5540176,-46.4897549
"2653","D021300431",16017,"PEDROSO DE MORAIS, AV",16263,"PINHEIROS, RUA DOS",0,"","16/02/2013 13:10",2,"CO",14,1453," "," ",1,0,0,0,1,0,0,0,0,0,0,0,0,0,0,0,0,16017,"PEDROSO DE MORAIS, AV",16263,"PINHEIROS, RUA DOS",63,"PINHEIROS",1,0,"PEDROSO DE MORAIS, AV SAO PAULO SP &  PINHEIROS, RUA DOS SAO PAULO SP",-23.5604714,-46.6945891
"2654","D021301532",42369,"AIRTON SENNA DA SILVA, VIA",NA,"",20,"","16/02/2013 13:30",2,"CO",62,1299," "," ",1,0,0,0,0,0,0,0,0,0,0,1,0,0,0,0,0,42369,"AIRTON SENNA DA SILVA, VIA",NA,"",18,"CANGAIBA",1,0,"AIRTON SENNA DA SILVA, VIA 20 SAO PAULO SP",-23.5183688,-46.5552173
"2655","D021300477",6471,"SAO VICENTE, AV MARQ DE",38857,"NICOLAS BOER, AV",0,"","16/02/2013 13:55",4,"AT",23,876," "," ",1,0,0,0,0,0,0,0,0,0,0,0,0,0,0,0,0,6471,"SAO VICENTE, AV MARQ DE",38857,"NICOLAS BOER, AV",6,"BARRA FUNDA",1,0,"SAO VICENTE, AV MARQ DE SAO PAULO SP &  NICOLAS BOER, AV SAO PAULO SP",-23.518671,-46.6777488
"2656","D021301151",4736,"CELSO GARCIA, AV",NA,"",4105,"","16/02/2013 14:00",2,"CL",52,475,"B"," ",1,1,0,0,0,0,0,0,0,0,0,0,0,0,0,0,0,4736,"CELSO GARCIA, AV",NA,"",82,"TATUAPE",2,0,"CELSO GARCIA, AV 4105 SAO PAULO SP",-23.5358323,-46.5726672
"2657","D021301630",64003,"JERONIMO DIAS RIBEIRO, RUA",NA,"",16,"","16/02/2013 14:00",2,"CT",44,727," "," ",0,1,0,0,0,0,0,0,0,0,0,0,0,0,0,1,0,64003,"JERONIMO DIAS RIBEIRO, RUA",NA,"",50,"LIMAO",4,0,"JERONIMO DIAS RIBEIRO, RUA 16 SAO PAULO SP",-23.5596601,-46.3990454
"2658","D021300769",5567,"CRUZEIRO DO SUL, AV",NA,"",3000,"","16/02/2013 14:00",2,"CT",9,1013," "," ",1,1,0,0,0,0,0,0,0,0,0,0,0,0,0,0,0,5567,"CRUZEIRO DO SUL, AV",NA,"",5,"ARTUR ALVIM",2,0,"CRUZEIRO DO SUL, AV 3000 SAO PAULO SP",-23.5040017,-46.624624
"2659","D021300907",15426,"PARADA PINTO, AV",NA,"",1811,"","16/02/2013 14:05",2,"CO",38,646," "," ",1,1,0,0,0,0,0,0,0,0,0,0,0,0,0,0,0,15426,"PARADA PINTO, AV",NA,"",8,"BELEM",1,0,"PARADA PINTO, AV 1811 SAO PAULO SP",-23.4697748,-46.6549112
"2662","D021300242",14449,"NAZARE, AV",NA,"",9999,"","16/02/2013 15:40",4,"AT",17,923," "," ",0,0,1,0,0,0,0,0,0,0,0,0,0,0,0,0,0,14449,"NAZARE, AV",NA,"",33,"IPIRANGA",1,0,"NAZARE, AV 9999 SAO PAULO SP",-23.5977633,-46.6089284
"2663","D021301538",8482,"GUILHERME DE OLIVEIRA SA, RUA",NA,"",693,"","16/02/2013 16:30",2,"CH",62,1693," "," ",0,1,0,0,0,0,0,0,0,0,0,0,0,0,0,0,0,8482,"GUILHERME DE OLIVEIRA SA, RUA",NA,"",28,"ERMELINO MATARA",2,0,"GUILHERME DE OLIVEIRA SA, RUA 693 SAO PAULO SP",-23.4981555,-46.4801864
"2664","D021301050",13177,"MARIA CARLOTA, RUA",NA,"",900,"","16/02/2013 17:06",2,"CL",10,1823," "," ",0,1,0,0,0,0,0,0,0,0,0,1,0,0,0,0,0,13177,"MARIA CARLOTA, RUA",NA,"",60,"PENHA",1,0,"MARIA CARLOTA, RUA 900 SAO PAULO SP",-23.5295998,-46.5279811
"2665","D021300304",5965,"DJALMA PINHEIRO FRANCO, RUA DR",4648,"CAVAS, RUA DAS",0,"","16/02/2013 17:09",2,"CO",35,1557," "," ",1,1,0,0,0,0,0,0,0,0,0,0,0,0,0,0,0,4648,"CAVAS, RUA DAS",5965,"DJALMA PINHEIRO FRANCO, RUA DR",37,"JABAQUARA",1,0,"DJALMA PINHEIRO FRANCO, RUA DR SAO PAULO SP &  CAVAS, RUA DAS SAO PAULO SP",-23.6521435,-46.6655215
"2666","D021301051",14932,"OLGA ARTACHO, RUA",NA,"",681,"","16/02/2013 17:11",4,"AT",10,1824," "," ",1,0,0,0,0,0,0,0,0,0,0,0,0,0,0,0,0,14932,"OLGA ARTACHO, RUA",NA,"",41,"JARAGUA",1,0,"OLGA ARTACHO, RUA 681 SAO PAULO SP",-23.4993091,-46.5295076
"2667","D021301020",16838,"RAIMUNDO PEREIRA DE MAGAL., AV",NA,"",10546,"","16/02/2013 17:30",4,"AT",74,1406," "," ",0,0,0,0,0,0,0,0,0,0,0,0,0,0,0,1,0,16838,"RAIMUNDO PEREIRA DE MAGAL., AV",NA,"",31,"GUAIANASES",1,0,"RAIMUNDO PEREIRA DE MAGAL., AV 10546 SAO PAULO SP",-23.4489018,-46.7215264
"2668","D021300179",10101,"JOAO, AV S",14750,"NOTHMANN, AL",0,"","16/02/2013 17:30",4,"AT",77,735," "," ",1,0,0,0,0,0,0,0,0,0,0,0,0,0,0,0,0,10101,"JOAO, AV S",14750,"NOTHMANN, AL",70,"SANTA CECILIA",1,0,"JOAO, AV S SAO PAULO SP &  NOTHMANN, AL SAO PAULO SP",-23.54057,-46.6434402
"2669","D021301572",7552,"FRANCISCO RODRIGUES SECKLER, RUA",NA,"",678,"","16/02/2013 18:30",4,"AT",64,1690," "," ",1,0,0,0,0,0,0,0,0,0,0,0,0,0,0,0,0,7552,"FRANCISCO RODRIGUES SECKLER, RUA",NA,"",36,"ITAQUERA",1,0,"FRANCISCO RODRIGUES SECKLER, RUA 678 SAO PAULO SP",-23.5261038,-46.4555393
"2670","D021300819",3813,"CAETANO ALVARES, AV ENG",10324,"JOAO GUALBERTO, RUA PDE",0,"","16/02/2013 18:50",2,"CO",13,1668," "," ",1,1,0,0,0,0,0,0,0,0,0,0,0,0,0,0,0,3813,"CAETANO ALVARES, AV ENG",10324,"JOAO GUALBERTO, RUA PDE",21,"CASA VERDE",2,0,"CAETANO ALVARES, AV ENG SAO PAULO SP &  JOAO GUALBERTO, RUA PDE SAO PAULO SP",-23.4830811,-46.6330478
"2672","D021301198",43408,"ABEL FERREIRA, AV VER",NA,"",2820,"","16/02/2013 19:30",2,"CT",58,1007," "," ",1,0,0,0,0,0,0,0,0,0,0,1,0,0,0,0,0,43408,"ABEL FERREIRA, AV VER",NA,"",46,"JOSE BONIFACIO",1,0,"ABEL FERREIRA, AV VER 2820 SAO PAULO SP",-23.5691413,-46.5536862
"2673","D021301332",29826,"GUILHERME J. KLOSTERNECHT, RUA",NA,"",154,"","16/02/2013 20:00",4,"AT",92,2007," "," ",0,1,0,0,0,0,0,0,0,0,0,0,0,0,0,0,0,29826,"GUILHERME J. KLOSTERNECHT, RUA",NA,"",38,"JACANA",1,0,"GUILHERME J. KLOSTERNECHT, RUA 154 SAO PAULO SP",-23.6557336,-46.7540545
"2674","D021301022",98877,"MARIA DA CONCEICAO AP.B.COSTA, RUA",NA,"",13,"","16/02/2013 20:00",4,"AT",74,1430," "," ",1,0,0,0,0,0,0,0,0,0,0,0,0,0,0,0,0,98877,"MARIA DA CONCEICAO AP.B.COSTA, RUA",NA,"",41,"JARAGUA",1,0,"MARIA DA CONCEICAO AP.B.COSTA, RUA 13 SAO PAULO SP",-23.5831635,-46.7933488