"","id_acidente","codloga","logradouroA","codlogb","logradouroB","alt_num","referencia","data","cod_acid","tipo_acidente","dp","numero_BO","sentido","pista","automovel","moto","onibus","caminhao","bicicleta","moto_taxi","onibus_fretado","onibus_urbano","microonibus","van","vuc","caminhonete","carreta","jipe","outros","sem_informacao","carroca","princ_a","paiA","princ_b","paiB","cod_distrito","distrito","vit_ferida","vit_morta","local","lat","lon"
"2675","D021300905",6361,"ELISIO TEIXEIRA LEITE, AV",2358,"ARTUR FAJARDO, RUA DR",0,"","16/02/2013 20:00",4,"AT",28,2304," "," ",0,0,0,0,0,0,0,0,0,0,0,0,0,0,0,1,0,2358,"ARTUR FAJARDO, RUA DR",6361,"ELISIO TEIXEIRA LEITE, AV",29,"FREGUESIA DO O",1,0,"ELISIO TEIXEIRA LEITE, AV SAO PAULO SP &  ARTUR FAJARDO, RUA DR SAO PAULO SP",-23.4851402,-46.6992218
"2676","D021301842",2522,"AUGUSTO DE CASTRO, AV",74208,"FELICIO ROSCITO, RUA",0,"","16/02/2013 20:15",2,"CO",98,1797,"B"," ",0,1,1,0,0,0,0,0,0,0,0,0,0,0,0,0,0,2522,"AUGUSTO DE CASTRO, AV",74208,"FELICIO ROSCITO, RUA",59,"PEDREIRA",0,1,"AUGUSTO DE CASTRO, AV SAO PAULO SP &  FELICIO ROSCITO, RUA SAO PAULO SP",-23.6896127,-46.6618546
"2677","D021300848",4775,"CEREJEIRAS, AV DAS",NA,"",2308,"","16/02/2013 21:30",2,"CH",19,1442," "," ",1,1,0,0,0,0,0,0,0,0,0,0,0,0,0,0,0,4775,"CEREJEIRAS, AV DAS",NA,"",94,"VILA MEDEIROS",1,0,"CEREJEIRAS, AV DAS 2308 SAO PAULO SP",-23.5022963,-46.5727104
"2678","D021301659",9044,"RAGUEB CHOHFI, AV",NA,"",4930,"","16/02/2013 21:30",2,"CO",49,2273,"B"," ",1,1,0,0,0,0,0,0,0,0,0,0,0,0,0,0,0,9044,"RAGUEB CHOHFI, AV",NA,"",32,"IGUATEMI",3,0,"RAGUEB CHOHFI, AV 4930 SAO PAULO SP",-23.5956913,-46.4381598
"2680","D021301449",62092,"OLHO D'AGUA DO BORGES, RUA",NA,"",100,"","16/02/2013 22:00",2,"CO",24,845,"B"," ",2,0,0,0,0,0,0,0,0,0,0,0,0,0,0,0,0,62092,"OLHO D'AGUA DO BORGES, RUA",NA,"",0,"NULL",2,0,"OLHO D'AGUA DO BORGES, RUA 100 SAO PAULO SP",-23.4956096,-46.5078875
"2681","D021300663",15761,"PAULO MARANHAO, RUA",NA,"",4,"","16/02/2013 22:00",4,"AT",75,1277," "," ",1,0,0,0,0,0,0,0,0,0,0,0,0,0,0,0,0,15761,"PAULO MARANHAO, RUA",NA,"",13,"CACHOEIRINHA",1,0,"PAULO MARANHAO, RUA 4 SAO PAULO SP",-23.5462261,-46.6528823
"2682","D021301760",59048,"RIACHO DOS MACHADOS, AV",NA,"",125,"","16/02/2013 22:02",2,"QM",69,1596," "," ",0,1,0,0,0,0,0,0,0,0,0,0,0,0,0,0,0,59048,"RIACHO DOS MACHADOS, AV",NA,"",56,"PARELHEIROS",1,0,"RIACHO DOS MACHADOS, AV 125 SAO PAULO SP",-23.5960778,-46.4942518
"2683","D021300553",7500,"FRANCISCO MORATO, AV PROF",NA,"",4551,"","16/02/2013 22:02",4,"AT",34,1278," "," ",1,0,0,0,0,0,0,0,0,0,0,0,0,0,0,0,0,7500,"FRANCISCO MORATO, AV PROF",NA,"",12,"BUTANTA",1,0,"FRANCISCO MORATO, AV PROF 4551 SAO PAULO SP",-23.5961312,-46.7392913
"2684","D021300928",277,"AFONSO LOPES VIEIRA, RUA",NA,"",70,"","16/02/2013 22:13",2,"CO",38,1439," "," ",1,0,1,0,0,0,0,0,0,0,0,0,0,0,0,0,0,277,"AFONSO LOPES VIEIRA, RUA",NA,"",13,"CACHOEIRINHA",3,0,"AFONSO LOPES VIEIRA, RUA 70 SAO PAULO SP",-23.4681978,-46.6675758
"2685","D021301828",6932,"FEIJO, AV REG",1220,"ANALIA FRANCO, RUA",0,"","16/02/2013 22:17",4,"AT",31,863," "," ",1,0,0,0,0,0,0,0,0,0,0,0,0,0,0,0,0,1220,"ANALIA FRANCO, RUA",6932,"FEIJO, AV REG",1,"AGUA RASA",0,1,"FEIJO, AV REG SAO PAULO SP &  ANALIA FRANCO, RUA SAO PAULO SP",-23.558646,-46.569806
"2687","D021301023",6361,"ELISIO TEIXEIRA LEITE, AV",NA,"",6440,"","16/02/2013 22:50",2,"CO",74,1443," "," ",0,1,0,0,0,0,0,0,1,0,0,0,0,0,0,0,0,6361,"ELISIO TEIXEIRA LEITE, AV",NA,"",29,"FREGUESIA DO O",1,0,"ELISIO TEIXEIRA LEITE, AV 6440 SAO PAULO SP",-23.4465282,-46.7172019
"2688","D021300609",27840,"HERCULANO JOSE DOS SANTOS, RUA",NA,"",314,"","16/02/2013 23:30",2,"SI",46,1478," "," ",1,1,0,0,0,0,0,0,0,0,0,0,0,0,0,0,0,27840,"HERCULANO JOSE DOS SANTOS, RUA",NA,"",3,"ANHANGUERA",2,0,"HERCULANO JOSE DOS SANTOS, RUA 314 SAO PAULO SP",-23.4411885,-46.7890792
"2691","D021301500",17820,"TITO, AV MAL",NA,"",4200,"","16/02/2013 23:45",2,"CT",50,2096," "," ",3,0,0,0,0,0,0,0,0,0,0,0,0,0,0,0,0,17820,"TITO, AV MAL",NA,"",53,"MOEMA",2,0,"TITO, AV MAL 4200 SAO PAULO SP",-23.4961169,-46.4027721
"2693","D021301823",17820,"TITO, AV MAL",NA,"",6500,"","17/02/2013 01:00",4,"AT",50,2027,"B"," ",1,0,1,0,0,0,0,0,0,0,0,0,0,0,0,0,0,17820,"TITO, AV MAL",NA,"",53,"MOEMA",0,1,"TITO, AV MAL 6500 SAO PAULO SP",-23.4905176,-46.3861667
"2694","D021301296",20048,"YERVANT KISSAJIKIAN, AV",NA,"",536,"","17/02/2013 02:00",2,"CF",80,1807," "," ",0,2,0,0,0,0,0,0,0,0,0,0,0,0,0,0,0,20048,"YERVANT KISSAJIKIAN, AV",NA,"",29,"FREGUESIA DO O",4,0,"YERVANT KISSAJIKIAN, AV 536 SAO PAULO SP",-23.6676145,-46.6737701
"2695","D021300135",543,"ALCANTARA MACHADO, AV",19163,"TRILHOS, RUA DOS",0,"","17/02/2013 02:00",2,"CH",8,1193," "," ",1,0,0,0,0,0,0,0,0,0,0,0,0,0,0,0,0,543,"ALCANTARA MACHADO, AV",11492,"KENNEDY, PCA PRES",54,"MOOCA",2,0,"ALCANTARA MACHADO, AV SAO PAULO SP &  TRILHOS, RUA DOS SAO PAULO SP",-23.5528151,-46.613419
"2696","D021300646",16738,"TASSELLI UGO, RUA",NA,"",58,"","17/02/2013 03:40",2,"SI",51,1476," "," ",0,1,0,0,0,0,0,0,0,0,0,0,0,0,0,0,0,16738,"TASSELLI UGO, RUA",NA,"",13,"CACHOEIRINHA",2,0,"TASSELLI UGO, RUA 58 SAO PAULO SP",-23.5681696,-46.7635009
"2697","D021301517",30718,"JOSE MARTINS LISBOA, AV",NA,"",704,"","17/02/2013 04:30",2,"CF",59,2043," "," ",2,0,0,0,0,0,0,0,0,0,0,0,0,0,0,0,0,30718,"JOSE MARTINS LISBOA, AV",NA,"",53,"MOEMA",1,0,"JOSE MARTINS LISBOA, AV 704 SAO PAULO SP",-23.4815604,-46.4168298
"2698","D021300342",18914,"GIACOMO COZZARELLI, RUA",5987,"ARNALDO JOAO SEMERARO, RUA PROF",0,"","17/02/2013 04:35",2,"QM",83,900035," "," ",0,1,0,0,0,0,0,0,0,0,0,0,0,0,0,0,0,5987,"ARNALDO JOAO SEMERARO, RUA PROF",18914,"GIACOMO COZZARELLI, RUA",69,"SACOMA",1,0,"GIACOMO COZZARELLI, RUA SAO PAULO SP &  ARNALDO JOAO SEMERARO, RUA PROF SAO PAULO SP",-23.6535196,-46.6036168
"2699","D021301550",25905,"AMENDOEIRAS, RUA DAS",NA,"",133,"","17/02/2013 04:40",2,"CO",63,1202," "," ",1,1,0,0,0,0,0,0,0,0,0,0,0,0,0,0,0,25905,"AMENDOEIRAS, RUA DAS",NA,"",53,"MOEMA",1,0,"AMENDOEIRAS, RUA DAS 133 SAO PAULO SP",-23.5136786,-46.4501201
"2700","D021301333",13357,"MARIA COELHO AGUIAR, AV",NA,"",1600,"","17/02/2013 05:15",2,"CH",92,2020," "," ",1,0,0,1,0,0,0,0,0,0,0,0,0,0,0,0,0,13357,"MARIA COELHO AGUIAR, AV",NA,"",45,"JARDIM SAO LUIS",1,0,"MARIA COELHO AGUIAR, AV 1600 SAO PAULO SP",-23.6572627,-46.7360247
"2703","D021301426",17110,"RIO BONITO, AV DO",NA,"",2360,"","17/02/2013 06:31",4,"AT",102,1810," "," ",1,0,0,0,0,0,0,0,0,0,0,0,0,0,0,0,0,17110,"RIO BONITO, AV DO",NA,"",32,"IGUATEMI",1,0,"RIO BONITO, AV DO 2360 SAO PAULO SP",-23.693821,-46.7016496
"2704","D021301427",8368,"GUARAPIRANGA, AV",18377,"SOCORRO, LGO DO",0,"","17/02/2013 06:45",2,"CO",102,1811," "," ",1,1,0,0,0,0,0,0,0,0,0,0,0,0,0,0,0,8368,"GUARAPIRANGA, AV",18377,"SOCORRO, LGO DO",81,"SOCORRO",1,0,"GUARAPIRANGA, AV SAO PAULO SP &  SOCORRO, LGO DO SAO PAULO SP",-23.6663547,-46.7199235
"2705","D021301460",71932,"JOSE DO BELMONTE, RUA S",61695,"BARRA DOS COQUEIROS, RUA",0,"","17/02/2013 07:00",2,"CH",24,1709," "," ",1,0,0,0,0,0,0,0,0,0,0,0,0,0,0,0,0,61695,"BARRA DOS COQUEIROS, RUA",71932,"JOSE DO BELMONTE, RUA S",18,"CANGAIBA",1,0,"JOSE DO BELMONTE, RUA S SAO PAULO SP &  BARRA DOS COQUEIROS, RUA SAO PAULO SP",-23.4957088,-46.5015347
"2706","D021301635",72670,"INACIO MONTEIRO, RUA",NA,"",9940,"","17/02/2013 07:20",2,"CO",44,1046," "," ",1,0,1,0,0,0,0,0,0,0,0,0,0,0,0,0,0,72670,"INACIO MONTEIRO, RUA",NA,"",50,"LIMAO",4,0,"INACIO MONTEIRO, RUA 9940 SAO PAULO SP",-23.5854179,-46.3824044
"2707","D021301350",20048,"YERVANT KISSAJIKIAN, AV",NA,"",3749,"","17/02/2013 07:25",4,"AT",98,1814," "," ",0,1,0,0,0,0,0,0,0,0,0,0,0,0,0,0,0,20048,"YERVANT KISSAJIKIAN, AV",NA,"",29,"FREGUESIA DO O",3,0,"YERVANT KISSAJIKIAN, AV 3749 SAO PAULO SP",-23.6849902,-46.6475897
"2708","D021301640",62590,"GUILHERME DE ABREU SODRE, AV DR",NA,"",10,"","17/02/2013 09:40",4,"AT",44,2296," "," ",0,0,0,0,0,0,0,1,0,0,0,0,0,0,0,0,0,62590,"GUILHERME DE ABREU SODRE, AV DR",NA,"",50,"LIMAO",1,0,"GUILHERME DE ABREU SODRE, AV DR 10 SAO PAULO SP",-23.567167,-46.4062848
"2709","D021301024",75479,"FERNANDO MENDES DE ALMEIDA, AV",NA,"",1162,"","17/02/2013 10:40",4,"AT",74,1466," "," ",1,0,0,0,0,0,0,0,0,0,0,0,0,0,0,0,0,75479,"FERNANDO MENDES DE ALMEIDA, AV",NA,"",40,"JAGUARE",1,0,"FERNANDO MENDES DE ALMEIDA, AV 1162 SAO PAULO SP",-23.4266951,-46.7144365
"2710","D021300223",6013,"DOMINGOS DE MORAIS, RUA",NA,"",1860,"","17/02/2013 10:45",4,"AT",16,3126," "," ",1,0,0,0,0,0,0,0,0,0,0,0,0,0,0,0,0,6013,"DOMINGOS DE MORAIS, RUA",NA,"",92,"VILA MARIANA",1,0,"DOMINGOS DE MORAIS, RUA 1860 SAO PAULO SP",-23.5921364,-46.6366463
"2711","D021300679",16838,"RAIMUNDO PEREIRA DE MAGAL., AV",73499,"MENOTTI LAUDISIO, AV",0,"","17/02/2013 11:50",4,"AT",87,1497,"B"," ",0,0,1,0,0,0,0,0,0,0,0,0,0,0,0,0,0,16838,"RAIMUNDO PEREIRA DE MAGAL., AV",73499,"MENOTTI LAUDISIO, AV",64,"PIRITUBA",2,0,"RAIMUNDO PEREIRA DE MAGAL., AV SAO PAULO SP &  MENOTTI LAUDISIO, AV SAO PAULO SP",-23.4806625,-46.7253209
"2713","D021301442",1589,"ANTONIO BERNARDO SILVESTRE, AV",NA,"",353,"","17/02/2013 12:58",4,"AT",22,1228," "," ",1,0,0,0,0,0,0,0,0,0,0,0,0,0,0,0,0,1589,"ANTONIO BERNARDO SILVESTRE, AV",NA,"",76,"SAO MIGUEL",1,0,"ANTONIO BERNARDO SILVESTRE, AV 353 SAO PAULO SP",-23.498088,-46.4458003
"2715","D021301428",11017,"JOSE JOAQUIM CESAR, RUA",NA,"",74,"","17/02/2013 13:42",2,"CH",102,1824," "," ",1,0,0,0,0,0,0,0,0,0,0,0,0,0,0,0,0,11017,"JOSE JOAQUIM CESAR, RUA",NA,"",32,"IGUATEMI",1,0,"JOSE JOAQUIM CESAR, RUA 74 SAO PAULO SP",-23.690939,-46.7108625
"2716","D021300929",9170,"INES, AV STA",NA,"",1683,"","17/02/2013 14:00",2,"CO",38,1420," "," ",1,1,0,0,0,0,0,0,0,0,0,0,0,0,0,0,0,9170,"INES, AV STA",NA,"",51,"MANDAQUI",1,0,"INES, AV STA 1683 SAO PAULO SP",-23.456645,-46.6490756
"2719","D021300647",18605,"JOSE DO PATROCINIO WAETGE, RUA",13019,"ESCOLA POLITECNICA, AV",0,"","17/02/2013 16:39",2,"CO",51,1492," "," ",0,0,0,0,1,0,0,0,0,0,0,1,0,0,0,0,0,13019,"ESCOLA POLITECNICA, AV",18605,"JOSE DO PATROCINIO WAETGE, RUA",68,"RIO PEQUENO",1,0,"JOSE DO PATROCINIO WAETGE, RUA SAO PAULO SP &  ESCOLA POLITECNICA, AV SAO PAULO SP",-23.5692483,-46.7621585
"2720","D021301686",11830,"LIDER, AV",NA,"",3000,"","17/02/2013 17:00",4,"AT",53,1067," "," ",0,1,0,0,0,0,0,0,0,0,0,0,0,0,0,0,0,11830,"LIDER, AV",NA,"",24,"CIDADE LIDER",1,0,"LIDER, AV 3000 SAO PAULO SP",-23.5544217,-46.466827
"2721","D021301696",11830,"LIDER, AV",NA,"",3000,"","17/02/2013 17:00",4,"AT",53,900025," "," ",0,1,0,0,0,0,0,0,0,0,0,0,0,0,0,0,0,11830,"LIDER, AV",NA,"",24,"CIDADE LIDER",1,0,"LIDER, AV 3000 SAO PAULO SP",-23.5544217,-46.466827
"2722","D021300610",1429,"ANHANGUERA, VIA",NA,"",24800,"","17/02/2013 18:10",2,"SI",46,1511," "," ",0,0,0,0,1,0,0,0,0,0,0,1,0,0,0,0,0,1429,"ANHANGUERA, VIA",NA,"",73,"SAO DOMINGOS",1,0,"ANHANGUERA, VIA 24800 SAO PAULO SP",-23.4900941,-46.7665396
"2723","D021301231",19931,"WASHINGTON LUIS, AV",NA,"",3052,"","17/02/2013 18:22",2,"CO",11,1834," "," ",1,1,0,0,0,0,0,0,0,0,0,0,0,0,0,0,0,19931,"WASHINGTON LUIS, AV",NA,"",30,"GRAJAU",1,0,"WASHINGTON LUIS, AV 3052 SAO PAULO SP",-23.6525545,-46.6813636
"2724","D021300902",36284,"PETRONIO PORTELA, AV MIN",NA,"",1677,"","17/02/2013 20:10",2,"CL",28,1708," "," ",0,1,0,0,0,0,0,0,0,0,0,1,0,0,0,0,0,36284,"PETRONIO PORTELA, AV MIN",NA,"",4,"ARICANDUVA",1,0,"PETRONIO PORTELA, AV MIN 1677 SAO PAULO SP",-23.4855531,-46.6963076
"2725","D021301142",11441,"JUSTINIANO, RUA",13219,"MARIA DO CARMO, RUA",0,"","17/02/2013 20:26",2,"CO",42,1040," "," ",2,0,0,0,0,0,0,0,0,0,0,0,0,0,0,0,0,11441,"JUSTINIANO, RUA",13219,"MARIA DO CARMO, RUA",95,"VILA PRUDENTE",1,0,"JUSTINIANO, RUA SAO PAULO SP &  MARIA DO CARMO, RUA SAO PAULO SP",-23.601936,-46.5634558
"2726","D021301007",4118,"BASILIO ALVES MORANGO, RUA",3184,"BENFICA, RUA",0,"","17/02/2013 20:30",2,"CO",73,1705," "," ",1,1,0,0,0,0,0,0,0,0,0,0,0,0,0,0,0,3184,"BENFICA, RUA",4118,"BASILIO ALVES MORANGO, RUA",94,"VILA MEDEIROS",2,0,"BASILIO ALVES MORANGO, RUA SAO PAULO SP &  BENFICA, RUA SAO PAULO SP",-23.4799565,-46.5629502
"2727","D021300611",46890,"ALEXIOS JAFET (ESTR.CAMPINAS), AV",NA,"",850,"","17/02/2013 21:00",2,"SI",46,1516," "," ",1,1,0,0,0,0,0,0,0,0,0,0,0,0,0,0,0,46890,"ALEXIOS JAFET (ESTR.CAMPINAS), AV",NA,"",41,"JARAGUA",2,0,"ALEXIOS JAFET (ESTR.CAMPINAS), AV 850 SAO PAULO SP",-23.5682821,-46.6555755
"2728","D021301008",3199,"BENJAMIN PEREIRA, RUA",NA,"",602,"","17/02/2013 22:00",2,"CO",73,1708,"B"," ",3,0,0,0,0,0,0,0,0,0,0,0,0,0,0,0,0,3199,"BENJAMIN PEREIRA, RUA",NA,"",38,"JACANA",1,0,"BENJAMIN PEREIRA, RUA 602 SAO PAULO SP",-23.4680055,-46.5876113
"2729","D021301511",21594,"KUMAKI AOKI, AV",NA,"",1149,"","17/02/2013 22:30",2,"QM",59,701," "," ",0,1,0,0,0,0,0,0,0,0,0,0,0,0,0,0,0,21594,"KUMAKI AOKI, AV",NA,"",53,"MOEMA",1,0,"KUMAKI AOKI, AV 1149 SAO PAULO SP",-23.4792426,-46.4184134
"2730","D021301497",37034,"BRENO CARAMURU TEIXEIRA, RUA DESEM",NA,"",539,"","17/02/2013 23:20",2,"SI",50,2072," "," ",1,1,0,0,0,0,0,0,0,0,0,0,0,0,0,0,0,37034,"BRENO CARAMURU TEIXEIRA, RUA DESEM",NA,"",54,"MOOCA",1,0,"BRENO CARAMURU TEIXEIRA, RUA DESEM 539 SAO PAULO SP",-23.5058857,-46.3717104
"2731","D021300930",27689,"LUIS CARLOS GENTILE DE LAET, RUA",NA,"",1325,"","17/02/2013 23:30",2,"CO",38,1486," "," ",0,1,0,0,0,0,0,1,0,0,0,0,0,0,0,0,0,27689,"LUIS CARLOS GENTILE DE LAET, RUA",NA,"",22,"CIDADE ADEMAR",2,0,"LUIS CARLOS GENTILE DE LAET, RUA 1325 SAO PAULO SP",-23.4559857,-46.6298314
"2732","D021300901",27358,"FUAD LUTFALLA, AV",NA,"",420,"","18/02/2013 01:15",2,"CH",28,1488," "," ",0,0,0,0,0,0,0,0,0,0,0,1,0,0,0,0,0,27358,"FUAD LUTFALLA, AV",NA,"",4,"ARICANDUVA",2,0,"FUAD LUTFALLA, AV 420 SAO PAULO SP",-23.4860538,-46.7104932
"2733","D021301271",79177,"AFONSO SANCHES, RUA",NA,"",100,"","18/02/2013 04:00",4,"AT",47,2120,"C"," ",0,1,0,0,0,0,0,0,0,0,0,0,0,0,0,0,0,79177,"AFONSO SANCHES, RUA",NA,"",29,"FREGUESIA DO O",1,0,"AFONSO SANCHES, RUA 100 SAO PAULO SP",-23.6816181,-46.7865934
"2734","D021301510",68208,"TUJUMIRIM, RUA",30718,"JOSE MARTINS LISBOA, AV",0,"","18/02/2013 05:55",2,"CL",59,672," "," ",1,1,0,0,0,0,0,0,0,0,0,0,0,0,0,0,0,30718,"JOSE MARTINS LISBOA, AV",68208,"TUJUMIRIM, RUA",43,"JARDIM HELENA",1,0,"TUJUMIRIM, RUA SAO PAULO SP &  JOSE MARTINS LISBOA, AV SAO PAULO SP",-23.4817344,-46.4197406
"2735","D021301498",17820,"TITO, AV MAL",NA,"",4271,"","18/02/2013 06:00",2,"CH",50,2079," "," ",1,0,0,0,0,0,0,0,0,0,0,0,0,0,0,0,0,17820,"TITO, AV MAL",NA,"",53,"MOEMA",2,0,"TITO, AV MAL 4271 SAO PAULO SP",-23.495205,-46.404264
"2738","D021300577",99949,"CARLOS CALDEIRA FILHO, AV",NA,"",2205,"","18/02/2013 06:30",2,"QM",37,1358," "," ",0,1,0,0,0,0,0,0,0,0,0,0,0,0,0,0,0,99949,"CARLOS CALDEIRA FILHO, AV",NA,"",19,"CAPAO REDONDO",1,0,"CARLOS CALDEIRA FILHO, AV 2205 SAO PAULO SP",-23.6453347,-46.750598
"2739","D021300066",14804,"NOVE DE JULHO, AV",NA,"",1239,"","18/02/2013 06:40",2,"QM",4,1223," "," ",0,1,0,0,0,0,0,0,0,0,0,0,0,0,0,0,0,14804,"NOVE DE JULHO, AV",NA,"",63,"PINHEIROS",1,0,"NOVE DE JULHO, AV 1239 SAO PAULO SP",-23.5543736,-46.6482959
"2740","D021300494",4561,"CASTELO BRANCO, AV PRES",71650,"HELIO DE BARROS, RUA",0,"","18/02/2013 07:00",2,"CO",23,1781," "," ",2,0,0,0,0,0,0,0,0,0,0,0,0,0,0,0,0,4561,"CASTELO BRANCO, AV PRES",71650,"HELIO DE BARROS, RUA",6,"BARRA FUNDA",1,0,"CASTELO BRANCO, AV PRES SAO PAULO SP &  HELIO DE BARROS, RUA SAO PAULO SP",-23.5216047,-46.6390428
"2741","D021300426",18813,"TEODORO SAMPAIO, RUA",NA,"",1300,"","18/02/2013 07:10",2,"CO",14,1290," "," ",0,1,0,0,0,0,0,0,0,0,0,1,0,0,0,0,0,18813,"TEODORO SAMPAIO, RUA",NA,"",20,"CARRAO",2,0,"TEODORO SAMPAIO, RUA 1300 SAO PAULO SP",-23.5603109,-46.6820694
"2743","D021301049",7703,"GABRIELA MISTRAL, AV",NA,"",1000,"","18/02/2013 07:50",2,"CL",10,1814," "," ",0,2,0,0,0,0,0,0,0,0,0,0,0,0,0,0,0,7703,"GABRIELA MISTRAL, AV",NA,"",60,"PENHA",1,0,"GABRIELA MISTRAL, AV 1000 SAO PAULO SP",-23.5123568,-46.5509276
"2744","D021300724",12436,"MACEDO SOARES, AV EMB",19005,"TITO, RUA S",0,"","18/02/2013 08:00",2,"CO",91,1162," "," ",0,1,0,0,0,0,0,0,0,0,0,0,0,0,0,0,0,12436,"MACEDO SOARES, AV EMB",19005,"TITO, RUA S",48,"LAPA",1,0,"MACEDO SOARES, AV EMB SAO PAULO SP &  TITO, RUA S SAO PAULO SP",-23.509526,-46.7091748
"2745","D021300915",64369,"AUGUSTO ROCHA, RUA",NA,"",75,"","18/02/2013 08:10",2,"CO",38,839," "," ",2,1,0,0,0,0,0,0,0,0,0,0,0,0,0,0,0,64369,"AUGUSTO ROCHA, RUA",NA,"",8,"BELEM",1,0,"AUGUSTO ROCHA, RUA 75 SAO PAULO SP",-23.4860807,-46.6435251
"2746","D021300387",24491,"IMIGRANTES, VIA DOS",NA,"",1300,"","18/02/2013 08:30",2,"CO",97,436," "," ",0,1,0,0,0,0,0,0,0,0,0,1,0,0,0,0,0,24491,"IMIGRANTES, VIA DOS",NA,"",NA,"",1,0,"IMIGRANTES, VIA DOS 1300 SAO PAULO SP",-23.8043739,-46.5893044
"2749","D021300478",18519,"SUMARE, AV",10137,"JOAO ARRUDA, RUA PROF",0,"","18/02/2013 08:50",2,"CF",23,889," "," ",1,1,0,0,0,0,0,0,0,0,0,0,0,0,0,0,0,10137,"JOAO ARRUDA, RUA PROF",18519,"SUMARE, AV",61,"PERDIZES",1,0,"SUMARE, AV SAO PAULO SP &  JOAO ARRUDA, RUA PROF SAO PAULO SP",-22.8071539,-47.223149
"2750","D021301624",14366,"NACIONALISTAS, AV DOS",NA,"",165,"","18/02/2013 09:00",2,"CO",41,1466," "," ",1,1,0,0,0,0,0,0,0,0,0,0,0,0,0,0,0,14366,"NACIONALISTAS, AV DOS",NA,"",4,"ARICANDUVA",1,0,"NACIONALISTAS, AV DOS 165 SAO PAULO SP",-23.576183,-46.5189733
"2751","D021301321",16053,"JOSE BARROS MAGALDI, RUA",NA,"",2000,"","18/02/2013 09:02",2,"SI",92,1066," "," ",0,1,0,0,0,0,0,0,0,0,0,1,0,0,0,0,0,16053,"JOSE BARROS MAGALDI, RUA",NA,"",32,"IGUATEMI",1,0,"JOSE BARROS MAGALDI, RUA 2000 SAO PAULO SP",-23.6714789,-46.7409978
"2752","D021300433",5885,"DIOGENES RIBEIRO DE LIMA, AV",NA,"",1021,"","18/02/2013 09:30",4,"AT",14,1523," "," ",0,1,0,0,0,0,0,0,0,0,0,0,0,0,0,0,0,5885,"DIOGENES RIBEIRO DE LIMA, AV",NA,"",2,"ALTO DE PINHEIR",1,0,"DIOGENES RIBEIRO DE LIMA, AV 1021 SAO PAULO SP",-23.5484332,-46.7106588
"2753","D021301660",13671,"MATEO BEI, AV",NA,"",95,"","18/02/2013 10:09",2,"CO",49,2348," "," ",1,1,0,0,0,0,0,0,0,0,0,0,0,0,0,0,0,13671,"MATEO BEI, AV",NA,"",75,"SAO MATEUS",1,0,"MATEO BEI, AV 95 SAO PAULO SP",-23.5841556,-46.4921061
"2754","D021301117",78707,"ANTONIO ALVES BARRIL, RUA",NA,"",653,"","18/02/2013 10:59",4,"AT",30,899," "," ",0,1,0,0,0,0,0,0,0,0,0,0,0,0,0,0,0,78707,"ANTONIO ALVES BARRIL, RUA",NA,"",87,"VILA FORMOSA",1,0,"ANTONIO ALVES BARRIL, RUA 653 SAO PAULO SP",-23.5585849,-46.5605358
"2755","D021301548",46936,"JACU-PESSEGO/NOVA TRABALHADORE, AV",NA,"",3539,"","18/02/2013 11:00",2,"CO",63,1111," "," ",1,1,0,0,0,0,0,0,0,0,0,0,0,0,0,0,0,46936,"JACU-PESSEGO/NOVA TRABALHADORE, AV",NA,"",46,"JOSE BONIFACIO",1,0,"JACU-PESSEGO/NOVA TRABALHADORE, AV 3539 SAO PAULO SP",-23.5554881,-46.4458371
"2757","D021301593",22053,"ANTONIO THADEO, RUA",11543,"LAGEADO VELHO, ES DO",0,"","18/02/2013 11:30",2,"CO",68,524," "," ",1,1,0,0,0,0,0,0,0,0,0,0,0,0,0,0,0,11543,"LAGEADO VELHO, ES DO",22053,"ANTONIO THADEO, RUA",47,"LAJEADO",1,0,"ANTONIO THADEO, RUA SAO PAULO SP &  LAGEADO VELHO, ES DO SAO PAULO SP",-23.5424025,-46.4058765
"2758","D021300558",7500,"FRANCISCO MORATO, AV PROF",NA,"",5249,"","18/02/2013 12:00",2,"QM",34,1414," "," ",0,1,0,0,0,0,0,0,0,0,0,0,0,0,0,0,0,7500,"FRANCISCO MORATO, AV PROF",NA,"",12,"BUTANTA",1,0,"FRANCISCO MORATO, AV PROF 5249 SAO PAULO SP",-23.6012523,-46.7429797
"2759","D021301661",9044,"RAGUEB CHOHFI, AV",NA,"",1280,"","18/02/2013 12:00",2,"CT",49,2363," "," ",2,0,0,0,0,0,0,0,0,0,0,0,0,0,0,0,0,9044,"RAGUEB CHOHFI, AV",NA,"",32,"IGUATEMI",1,0,"RAGUEB CHOHFI, AV 1280 SAO PAULO SP",-23.6018535,-46.4703902
"2760","D021300161",4561,"CASTELO BRANCO, AV PRES",NA,"",3300,"","18/02/2013 12:00",2,"CO",12,966," "," ",1,0,0,1,0,0,0,0,0,0,0,0,0,0,0,0,0,29772,"MARGINAL DO RIO TIETE, AV",NA,"",6,"BARRA FUNDA",1,0,"CASTELO BRANCO, AV PRES 3300 SAO PAULO SP",-23.5110353,-46.6843577