"","id_acidente","codloga","logradouroA","codlogb","logradouroB","alt_num","referencia","data","cod_acid","tipo_acidente","dp","numero_BO","sentido","pista","automovel","moto","onibus","caminhao","bicicleta","moto_taxi","onibus_fretado","onibus_urbano","microonibus","van","vuc","caminhonete","carreta","jipe","outros","sem_informacao","carroca","princ_a","paiA","princ_b","paiB","cod_distrito","distrito","vit_ferida","vit_morta","local","lat","lon"
"2761","D021300004",16870,"RANGEL PESTANA, AV",NA,"",1200,"","18/02/2013 12:00",2,"CT",1,707," "," ",1,1,0,0,0,0,0,0,0,0,0,0,0,0,0,0,0,16870,"RANGEL PESTANA, AV",NA,"",1,"AGUA RASA",1,0,"RANGEL PESTANA, AV 1200 SAO PAULO SP",-23.5464746,-46.622742
"2762","D021301253",4069,"HORACIO ALVES DA COSTA, RUA",NA,"",610,"","18/02/2013 12:29",2,"CO",43,681,"B"," ",0,0,0,1,1,0,0,0,0,0,0,0,0,0,0,0,0,4069,"HORACIO ALVES DA COSTA, RUA",NA,"",22,"CIDADE ADEMAR",1,0,"HORACIO ALVES DA COSTA, RUA 610 SAO PAULO SP",-23.666308,-46.6662616
"2763","D021300409",928,"ALVILANDIA, RUA",NA,"",480,"","18/02/2013 13:00",2,"CO",14,812," "," ",1,1,0,0,0,0,0,0,0,0,0,0,0,0,0,0,0,928,"ALVILANDIA, RUA",NA,"",2,"ALTO DE PINHEIR",1,0,"ALVILANDIA, RUA 480 SAO PAULO SP",-23.545894,-46.7079272
"2764","D021301586",9580,"ITAQUERA, AV",15143,"BENEDITO COELHO NETTO, RUA",0,"","18/02/2013 13:15",4,"AT",65,1184," "," ",1,0,0,0,0,0,0,0,0,0,0,0,0,0,0,0,0,9580,"ITAQUERA, AV",15143,"BENEDITO COELHO NETTO, RUA",36,"ITAQUERA",1,0,"ITAQUERA, AV SAO PAULO SP &  BENEDITO COELHO NETTO, RUA SAO PAULO SP",-23.5540176,-46.4897549
"2765","D021300888",5947,"EDGAR FACO, AV GAL",17171,"RIO VERDE, RUA",0,"","18/02/2013 13:20",2,"CO",28,844," "," ",1,1,0,0,0,0,0,0,0,0,0,0,0,0,0,0,0,5947,"EDGAR FACO, AV GAL",27358,"FUAD LUTFALLA, AV",64,"PIRITUBA",1,0,"EDGAR FACO, AV GAL SAO PAULO SP &  RIO VERDE, RUA SAO PAULO SP",-23.4986333,-46.7070233
"2766","D021300434",3339,"BEETHOVEN, PCA",1739,"ANTONIO DE GOUVEIA GIUDICE, RUA",0,"","18/02/2013 13:30",2,"CO",14,1531," "," ",1,1,0,0,0,0,0,0,0,0,0,0,0,0,0,0,0,1739,"ANTONIO DE GOUVEIA GIUDICE, RUA",3089,"BELINI, RUA",2,"ALTO DE PINHEIR",1,0,"BEETHOVEN, PCA SAO PAULO SP &  ANTONIO DE GOUVEIA GIUDICE, RUA SAO PAULO SP",-23.547278,-46.715495
"2767","D021300599",7153,"FIORELLI PECCICACCO, RUA",NA,"",663,"","18/02/2013 13:30",2,"CO",46,829," "," ",1,1,0,0,0,0,0,0,0,0,0,0,0,0,0,0,0,7153,"FIORELLI PECCICACCO, RUA",NA,"",62,"PERUS",1,0,"FIORELLI PECCICACCO, RUA 663 SAO PAULO SP",-23.404408,-46.7511056
"2768","D021300301",9715,"JABAQUARA, AV",NA,"",2560,"","18/02/2013 13:31",2,"CO",35,1513," "," ",1,0,0,0,1,0,0,0,0,0,0,0,0,0,0,0,0,9715,"JABAQUARA, AV",NA,"",79,"SAUDE",1,0,"JABAQUARA, AV 2560 SAO PAULO SP",-23.6264728,-46.6414348
"2769","D021301103",27094,"SALIM FARAH MALUF, AV",NA,"",21000,"","18/02/2013 13:38",2,"CO",29,458,"C"," ",0,1,0,1,0,0,0,0,0,0,0,0,0,0,0,0,0,27094,"SALIM FARAH MALUF, AV",NA,"",82,"TATUAPE",1,0,"SALIM FARAH MALUF, AV 21000 SAO PAULO SP",-23.5555392,-46.5773751
"2770","D021300745",9836,"JAGUARE, AV",NA,"",1347,"","18/02/2013 13:47",2,"QM",93,1118," "," ",0,1,0,0,0,0,0,0,0,0,0,0,0,0,0,0,0,9836,"JAGUARE, AV",NA,"",40,"JAGUARE",1,0,"JAGUARE, AV 1347 SAO PAULO SP",-23.5510946,-46.7403509
"2771","D021301290",19305,"DAVID EID, RUA",NA,"",1507,"","18/02/2013 13:52",4,"AT",80,585," "," ",1,0,0,0,0,0,0,0,0,0,0,0,0,0,0,0,0,19305,"DAVID EID, RUA",NA,"",29,"FREGUESIA DO O",1,0,"DAVID EID, RUA 1507 SAO PAULO SP",-23.6806115,-46.6697038
"2772","D021300672",6980,"FELIPE PINEL, AV DR",NA,"",2000,"","18/02/2013 14:00",2,"CO",87,865," "," ",0,0,1,0,0,0,0,0,0,0,0,0,0,0,0,1,0,6980,"FELIPE PINEL, AV DR",NA,"",64,"PIRITUBA",1,0,"FELIPE PINEL, AV DR 2000 SAO PAULO SP",-23.4732683,-46.7352277
"2774","D021301499",18940,"TIBURCIO DE SOUSA, RUA",15658,"JURARATERE, RUA",0,"","18/02/2013 15:48",2,"CF",50,2095," "," ",1,1,0,0,0,0,0,0,0,0,0,0,0,0,0,0,0,15658,"JURARATERE, RUA",18940,"TIBURCIO DE SOUSA, RUA",35,"ITAIM PAULISTA",1,0,"TIBURCIO DE SOUSA, RUA SAO PAULO SP &  JURARATERE, RUA SAO PAULO SP",-23.5111694,-46.3943311
"2775","D021300082",35600,"PEDROSO, VD",NA,"",111,"","18/02/2013 16:20",2,"CT",5,907," "," ",1,1,0,0,0,0,0,0,0,0,0,0,0,0,0,0,0,16010,"PEDROSO, RUA",NA,"",17,"CAMPO LIMPO",1,0,"PEDROSO, VD 111 SAO PAULO SP",-23.5630763,-46.6391091
"2776","D021301662",2181,"ARICANDUVA, AV",NA,"",11000,"","18/02/2013 16:30",2,"CO",49,2364," "," ",0,1,0,1,0,0,0,0,0,0,0,0,0,0,0,0,0,2181,"ARICANDUVA, AV",NA,"",60,"PENHA",1,0,"ARICANDUVA, AV 11000 SAO PAULO SP",-23.5912641,-46.4766561
"2777","D021301220",19931,"WASHINGTON LUIS, AV",NA,"",3569,"","18/02/2013 16:30",2,"CO",11,712," "," ",1,1,0,0,0,0,0,0,0,0,0,0,0,0,0,0,0,19931,"WASHINGTON LUIS, AV",NA,"",30,"GRAJAU",1,0,"WASHINGTON LUIS, AV 3569 SAO PAULO SP",-23.6474766,-46.675344
"2778","D021301607",10152,"JOAO BATISTA CONTI, AV PROF",37209,"NAGIB FARAH MALUF, AV",0,"","18/02/2013 16:40",2,"CO",103,675,"B"," ",0,0,0,0,0,0,0,1,1,0,0,0,0,0,0,0,0,10152,"JOAO BATISTA CONTI, AV PROF",37209,"NAGIB FARAH MALUF, AV",46,"JOSE BONIFACIO",4,0,"JOAO BATISTA CONTI, AV PROF SAO PAULO SP &  NAGIB FARAH MALUF, AV SAO PAULO SP",-23.5509054,-46.4372431
"2781","D021300539",19461,"VALERIO, AV S",11983,"LOPES DE AZEVEDO, AV",0,"","18/02/2013 17:20",2,"CT",34,1045," "," ",1,1,0,0,0,0,0,0,0,0,0,0,0,0,0,0,0,11983,"LOPES DE AZEVEDO, AV",14663,"NORDESTINO, RUA",55,"MORUMBI",1,0,"VALERIO, AV S SAO PAULO SP &  LOPES DE AZEVEDO, AV SAO PAULO SP",-23.5828258,-46.7026391
"2782","D021300479",8554,"GUSTAVO TEIXEIRA, RUA",3939,"CAMARGO ARANHA, RUA",0,"","18/02/2013 17:44",2,"QM",23,912," "," ",0,1,0,0,0,0,0,0,0,0,0,0,0,0,0,0,0,3939,"CAMARGO ARANHA, RUA",8554,"GUSTAVO TEIXEIRA, RUA",61,"PERDIZES",1,0,"GUSTAVO TEIXEIRA, RUA SAO PAULO SP &  CAMARGO ARANHA, RUA SAO PAULO SP",-23.5437259,-46.6679131
"2783","D021300507",14350,"MUTINGA, AV",NA,"",4752,"","18/02/2013 17:50",2,"CO",33,1546," "," ",2,0,0,0,0,0,0,0,0,0,0,0,0,0,0,0,0,14350,"MUTINGA, AV",NA,"",64,"PIRITUBA",1,0,"MUTINGA, AV 4752 SAO PAULO SP",-23.5022103,-46.7568222
"2785","D021300794",719,"ALFREDO PUJOL, RUA",988,"AMARAL GAMA, RUA",0,"","18/02/2013 18:00",2,"CL",13,471," "," ",1,1,0,0,0,0,0,0,0,0,0,0,0,0,0,0,0,719,"ALFREDO PUJOL, RUA",988,"AMARAL GAMA, RUA",71,"SANTANA",2,0,"ALFREDO PUJOL, RUA SAO PAULO SP &  AMARAL GAMA, RUA SAO PAULO SP",-23.4993697,-46.6322004
"2787","D021300098",11922,"LINS DE VASCONCELOS, AV",NA,"",2260,"","18/02/2013 18:30",2,"CO",6,874," "," ",1,1,0,0,0,0,0,0,0,0,0,0,0,0,0,0,0,11922,"LINS DE VASCONCELOS, AV",NA,"",92,"VILA MARIANA",1,0,"LINS DE VASCONCELOS, AV 2260 SAO PAULO SP",-23.5820457,-46.6270622
"2789","D021300091",15656,"PAULISTA, AV",NA,"",900,"","18/02/2013 18:50",2,"CO",5,1350," "," ",2,1,0,0,0,0,0,0,0,0,0,0,0,0,0,0,0,15656,"PAULISTA, AV",NA,"",7,"BELA VISTA",1,0,"PAULISTA, AV 900 SAO PAULO SP",-23.5650422,-46.6510771
"2790","D021301099",2181,"ARICANDUVA, AV",8608,"HEITOR DE MELO, RUA ARQ",0,"","18/02/2013 19:00",2,"CO",21,1904," "," ",2,0,0,0,0,0,0,0,0,0,0,0,0,0,0,0,0,2181,"ARICANDUVA, AV",2440,"ASTARTE, RUA",20,"CARRAO",1,0,"ARICANDUVA, AV SAO PAULO SP &  HEITOR DE MELO, RUA ARQ SAO PAULO SP",-23.5479783,-46.5260893
"2791","D021300852",351,"AGUA FRIA, AV",19519,"VAZ MUNIZ, RUA",0,"","18/02/2013 19:00",2,"CO",20,665," "," ",1,1,0,0,0,0,0,0,0,0,0,0,0,0,0,0,0,351,"AGUA FRIA, AV",19519,"VAZ MUNIZ, RUA",84,"TUCURUVI",1,0,"AGUA FRIA, AV SAO PAULO SP &  VAZ MUNIZ, RUA SAO PAULO SP",-23.4723367,-46.6180753
"2792","D021301309",15507,"TEOTONIO VILELA, AV SEN",NA,"",4430,"","18/02/2013 19:15",4,"AT",85,1202,"B"," ",0,0,1,0,0,0,0,0,0,0,0,0,0,0,0,0,0,15507,"TEOTONIO VILELA, AV SEN",NA,"",23,"CIDADE DUTRA",1,0,"TEOTONIO VILELA, AV SEN 4430 SAO PAULO SP",-23.7391286,-46.701512
"2793","D021301817",15507,"TEOTONIO VILELA, AV SEN",NA,"",4430,"","18/02/2013 19:15",4,"AT",14,1725,"B"," ",0,0,1,0,0,0,0,0,0,0,0,0,0,0,0,0,0,15507,"TEOTONIO VILELA, AV SEN",NA,"",23,"CIDADE DUTRA",0,1,"TEOTONIO VILELA, AV SEN 4430 SAO PAULO SP",-23.7391286,-46.701512
"2794","D021300952",11321,"JULIO BUONO, AV",NA,"",920,"","18/02/2013 19:20",2,"CO",39,1731," "," ",0,1,0,0,1,0,0,0,0,0,0,0,0,0,0,0,0,11321,"JULIO BUONO, AV",NA,"",94,"VILA MEDEIROS",1,0,"JULIO BUONO, AV 920 SAO PAULO SP",-23.4908095,-46.596079
"2795","D021300749",8603,"HEITOR ANTONIO EIRAS GARCIA, AV ENG",NA,"",80,"","18/02/2013 20:30",2,"CO",93,1218," "," ",1,1,0,0,0,0,0,0,0,0,0,0,0,0,0,0,0,8603,"HEITOR ANTONIO EIRAS GARCIA, AV ENG",NA,"",68,"RIO PEQUENO",1,0,"HEITOR ANTONIO EIRAS GARCIA, AV ENG 80 SAO PAULO SP",-23.5735621,-46.7371404
"2797","D021300162",10485,"JOAO TEODORO, RUA",NA,"",860,"","18/02/2013 20:30",4,"AT",12,975," "," ",1,0,0,0,0,0,0,0,0,0,0,0,0,0,0,0,0,10485,"JOAO TEODORO, RUA",NA,"",10,"BRAS",1,0,"JOAO TEODORO, RUA 860 SAO PAULO SP",-23.5345758,-46.6242462
"2798","D021301663",22160,"SATELITE, AV",21470,"LUA, RUA",0,"","18/02/2013 20:57",2,"CO",49,2376," "," ",1,1,0,0,0,0,0,0,0,0,0,0,0,0,0,0,0,21470,"LUA, RUA",22160,"SATELITE, AV",NA,"",1,0,"SATELITE, AV SAO PAULO SP &  LUA, RUA SAO PAULO SP",-23.6139213,-46.471401
"2799","D021300273",8944,"IBIRAPUERA, AV",14057,"MOACI, AV",0,"","18/02/2013 21:24",2,"CO",27,1712," "," ",1,1,0,0,0,0,0,0,0,0,0,0,0,0,0,0,0,8944,"IBIRAPUERA, AV",14057,"MOACI, AV",53,"MOEMA",1,0,"IBIRAPUERA, AV SAO PAULO SP &  MOACI, AV SAO PAULO SP",-23.6014353,-46.6601288
"2800","D021300068",5245,"CONSOLACAO, RUA DA",NA,"",1611,"","18/02/2013 21:30",2,"CT",4,1321," "," ",1,0,0,0,0,0,0,0,0,0,0,0,0,0,0,1,0,5245,"CONSOLACAO, RUA DA",NA,"",26,"CONSOLACAO",1,0,"CONSOLACAO, RUA DA 1611 SAO PAULO SP",-23.5511641,-46.6558165
"2801","D021300136",19958,"WILSON, AV PRES",NA,"",1323,"","18/02/2013 21:30",2,"CO",8,1277," "," ",1,1,0,0,0,0,0,0,0,0,0,0,0,0,0,0,0,19958,"WILSON, AV PRES",NA,"",16,"CAMPO GRANDE",1,0,"WILSON, AV PRES 1323 SAO PAULO SP",-23.5661956,-46.6057048
"2802","D021301351",20048,"YERVANT KISSAJIKIAN, AV",NA,"",3800,"","18/02/2013 23:00",2,"CO",98,1884," "," ",1,1,0,0,0,0,0,0,0,0,0,0,0,0,0,0,0,20048,"YERVANT KISSAJIKIAN, AV",NA,"",29,"FREGUESIA DO O",2,0,"YERVANT KISSAJIKIAN, AV 3800 SAO PAULO SP",-23.6850914,-46.6471501
"2803","D021301824",7703,"GABRIELA MISTRAL, AV",NA,"",900,"","18/02/2013 23:40",2,"CT",10,1905," "," ",0,1,1,0,0,0,0,0,0,0,0,0,0,0,0,0,0,7703,"GABRIELA MISTRAL, AV",NA,"",60,"PENHA",0,1,"GABRIELA MISTRAL, AV 900 SAO PAULO SP",-23.5133187,-46.5506989
"2804","D021301574",17949,"AMADO BAIA, RUA",NA,"",5,"","18/02/2013 23:47",2,"CH",64,1798," "," ",0,0,0,0,0,0,0,0,0,0,0,1,0,0,0,0,0,17949,"AMADO BAIA, RUA",NA,"",49,"LIBERDADE",2,0,"AMADO BAIA, RUA 5 SAO PAULO SP",-23.5266158,-46.4837593
"2805","D021300117",11649,"LAVAPES, RUA DO",NA,"",444,"","19/02/2013 00:55",2,"CH",6,1257," "," ",0,0,0,1,0,0,0,0,0,0,0,1,0,0,0,0,0,11649,"LAVAPES, RUA DO",NA,"",49,"LIBERDADE",2,0,"LAVAPES, RUA DO 444 SAO PAULO SP",-23.561786,-46.6283855
"2806","D021301687",36393,"MATASHIRO YAMAGUISHY, RUA",NA,"",355,"","19/02/2013 05:40",2,"CH",53,1130," "," ",0,0,1,0,0,0,0,0,0,0,0,0,0,0,0,0,0,36393,"MATASHIRO YAMAGUISHY, RUA",NA,"",51,"MANDAQUI",4,0,"MATASHIRO YAMAGUISHY, RUA 355 SAO PAULO SP",-22.7836249,-49.3069218
"2807","D021300275",10586,"JOAQUIM NABUCO, RUA",20036,"ZACARIAS DE GOIS, RUA",0,"","19/02/2013 06:30",4,"AT",27,1790,"C"," ",1,0,0,0,0,0,0,0,0,0,0,0,0,0,0,0,0,10586,"JOAQUIM NABUCO, RUA",20036,"ZACARIAS DE GOIS, RUA",15,"CAMPO BELO",1,0,"JOAQUIM NABUCO, RUA SAO PAULO SP &  ZACARIAS DE GOIS, RUA SAO PAULO SP",-23.6292068,-46.6772389
"2808","D021301205",4736,"CELSO GARCIA, AV",NA,"",2117,"","19/02/2013 06:48",2,"CT",81,466," "," ",0,0,2,0,0,0,0,0,0,0,0,0,0,0,0,0,0,4736,"CELSO GARCIA, AV",NA,"",82,"TATUAPE",1,0,"CELSO GARCIA, AV 2117 SAO PAULO SP",-23.5368915,-46.5919459
"2809","D021301053",4128,"CANGAIBA, AV",NA,"",2164,"","19/02/2013 07:00",4,"AT",10,1919," "," ",0,1,0,0,0,0,0,0,0,0,0,0,0,0,0,0,0,4128,"CANGAIBA, AV",NA,"",18,"CANGAIBA",1,0,"CANGAIBA, AV 2164 SAO PAULO SP",-23.5081319,-46.5342379
"2810","D021300453",6238,"NACOES UNIDAS, AV DAS",14883,"OFELIA, RUA",0,"","19/02/2013 08:00",2,"CH",15,773,"B"," ",0,0,0,0,0,0,0,0,1,0,0,0,0,0,0,0,0,6238,"NACOES UNIDAS, AV DAS",14883,"OFELIA, RUA",63,"PINHEIROS",2,0,"NACOES UNIDAS, AV DAS SAO PAULO SP &  OFELIA, RUA SAO PAULO SP",-23.5735935,-46.7008864
"2811","D021300325",19583,"VERGUEIRO, RUA",23986,"VOLTAIRE, RUA",0,"","19/02/2013 08:15",2,"CO",36,631," "," ",1,1,0,0,0,0,0,0,0,0,0,0,0,0,0,0,0,19583,"VERGUEIRO, RUA",23986,"VOLTAIRE, RUA",NA,"",1,0,"VERGUEIRO, RUA SAO PAULO SP &  VOLTAIRE, RUA SAO PAULO SP",-23.6104332,-46.6085751
"2812","D021300770",20089,"ZUQUIM, RUA DR",NA,"",517,"","19/02/2013 08:30",4,"AT",9,1049," "," ",1,0,0,0,0,0,0,0,0,0,0,0,0,0,0,0,0,20089,"ZUQUIM, RUA DR",NA,"",8,"BELEM",1,0,"ZUQUIM, RUA DR 517 SAO PAULO SP",-23.5008816,-46.622368
"2813","D021301664",9044,"RAGUEB CHOHFI, AV",NA,"",1539,"","19/02/2013 08:30",4,"AT",49,2400," "," ",0,1,0,0,0,0,0,0,0,0,0,0,0,0,0,0,0,9044,"RAGUEB CHOHFI, AV",NA,"",32,"IGUATEMI",1,0,"RAGUEB CHOHFI, AV 1539 SAO PAULO SP",-23.5997211,-46.4698185
"2814","D021301368",7917,"GERALDO SANT'ANA, AV SARG",NA,"",660,"","19/02/2013 08:40",2,"CO",99,722," "," ",1,1,0,0,0,0,0,0,0,0,0,0,0,0,0,0,0,7917,"GERALDO SANT'ANA, AV SARG",NA,"",16,"CAMPO GRANDE",1,0,"GERALDO SANT'ANA, AV SARG 660 SAO PAULO SP",-23.6635084,-46.6844927
"2816","D021300746",17162,"RIO PEQUENO, AV DO",NA,"",868,"","19/02/2013 09:30",4,"AT",93,1131," "," ",0,1,0,0,0,0,0,0,0,0,0,0,0,0,0,0,0,17162,"RIO PEQUENO, AV DO",NA,"",13,"CACHOEIRINHA",1,0,"RIO PEQUENO, AV DO 868 SAO PAULO SP",-23.5666541,-46.7537342
"2818","D021300180",16321,"PIRACICABA, AL BR DE",NA,"",286,"","19/02/2013 10:00",4,"AT",77,768," "," ",1,0,0,0,0,0,0,0,0,0,0,0,0,0,0,0,0,16321,"PIRACICABA, AL BR DE",NA,"",11,"BRASILANDIA",1,0,"PIRACICABA, AL BR DE 286 SAO PAULO SP",-23.5336842,-46.6430854
"2819","D021301581",36172,"FRANCISCO DE TOLEDO, AV PDE",NA,"",219,"","19/02/2013 10:13",2,"CO",65,548," "," ",2,0,0,0,0,0,0,0,0,0,0,0,0,0,0,0,0,36172,"FRANCISCO DE TOLEDO, AV PDE",NA,"",38,"JACANA",1,0,"FRANCISCO DE TOLEDO, AV PDE 219 SAO PAULO SP",-23.6686906,-46.5838102
"2820","D021300163",4561,"CASTELO BRANCO, AV PRES",2679,"AZURITA, RUA",0,"","19/02/2013 10:41",2,"CO",12,993," "," ",1,1,0,0,0,0,0,0,0,0,0,0,0,0,0,0,0,2679,"AZURITA, RUA",4561,"CASTELO BRANCO, AV PRES",57,"PARI",1,0,"CASTELO BRANCO, AV PRES SAO PAULO SP &  AZURITA, RUA SAO PAULO SP",-23.5216047,-46.6390428
"2821","D021300540",7500,"FRANCISCO MORATO, AV PROF",NA,"",3500,"","19/02/2013 11:00",2,"CO",34,1058," "," ",1,1,0,0,0,0,0,0,0,0,0,0,0,0,0,0,0,7500,"FRANCISCO MORATO, AV PROF",NA,"",12,"BUTANTA",1,0,"FRANCISCO MORATO, AV PROF 3500 SAO PAULO SP",-23.5903185,-46.7302696
"2822","D021301633",72670,"INACIO MONTEIRO, RUA",NA,"",6324,"","19/02/2013 11:15",4,"AT",44,956," "," ",0,0,0,0,0,0,0,0,0,0,0,0,0,0,0,1,0,72670,"INACIO MONTEIRO, RUA",NA,"",50,"LIMAO",1,0,"INACIO MONTEIRO, RUA 6324 SAO PAULO SP",-23.5762109,-46.3918584
"2823","D021300338",19253,"FRANCOIS BUNEL, RUA",NA,"",362,"","19/02/2013 11:30",2,"CO",83,425," "," ",0,1,0,0,1,0,0,0,0,0,0,0,0,0,0,0,0,19253,"FRANCOIS BUNEL, RUA",NA,"",21,"CASA VERDE",2,0,"FRANCOIS BUNEL, RUA 362 SAO PAULO SP",-23.6500488,-46.6088263
"2824","D021300541",12502,"MAGALHAES DE CASTRO, AV",NA,"",3305,"","19/02/2013 11:40",2,"CO",34,1060," "," ",1,1,0,0,0,0,0,0,0,0,0,0,0,0,0,0,0,13014,"MARGINAL DO RIO PINHEIROS, AV",NA,"",12,"BUTANTA",1,0,"MAGALHAES DE CASTRO, AV 3305 SAO PAULO SP",-23.6116422,-46.7005679
"2825","D021300303",31674,"HUGO BEOLCHI, AV DR",NA,"",539,"","19/02/2013 11:50",2,"SI",35,1547," "," ",2,0,0,0,0,0,0,0,0,0,0,0,0,0,0,0,0,31674,"HUGO BEOLCHI, AV DR",NA,"",42,"JARDIM ANGELA",1,0,"HUGO BEOLCHI, AV DR 539 SAO PAULO SP",-23.6300775,-46.6411666
"2826","D021300233",6642,"ESTADO, AV DO",15341,"PALMARES, RUA",0,"","19/02/2013 11:51",2,"CO",17,487," "," ",1,0,0,0,0,0,0,0,0,0,0,1,0,0,0,0,0,6642,"ESTADO, AV DO",15341,"PALMARES, RUA",33,"IPIRANGA",1,0,"ESTADO, AV DO SAO PAULO SP &  PALMARES, RUA SAO PAULO SP",-23.5635869,-46.6112253
"2828","D021301292",34824,"ZIKE TUMA, RUA",12041,"JACQUES TUPINAMBA, RUA DR",0,"","19/02/2013 12:00",2,"CO",80,631," "," ",1,1,0,0,0,0,0,0,0,0,0,0,0,0,0,0,0,12041,"JACQUES TUPINAMBA, RUA DR",34824,"ZIKE TUMA, RUA",16,"CAMPO GRANDE",1,0,"ZIKE TUMA, RUA SAO PAULO SP &  JACQUES TUPINAMBA, RUA DR SAO PAULO SP",-23.6913879,-46.6775548
"2829","D021301310",38349,"RUFINO ZADO, RUA",NA,"",120,"","19/02/2013 12:25",2,"CP",85,900091," "," ",1,0,0,0,0,0,0,0,0,0,0,0,0,0,0,0,0,38349,"RUFINO ZADO, RUA",NA,"",32,"IGUATEMI",1,0,"RUFINO ZADO, RUA 120 SAO PAULO SP",-23.7688637,-46.6765786
"2830","D021300164",19713,"VILA GUILHERME, PTE DA",NA,"",10,"","19/02/2013 12:40",2,"CO",12,996," "," ",0,0,0,1,1,0,0,0,0,0,0,0,0,0,0,0,0,19713,"VILA GUILHERME, PTE DA",NA,"",47,"LAJEADO",1,0,"VILA GUILHERME, PTE DA 10 SAO PAULO SP",-23.5221147,-46.6074875
"2831","D021300400",5072,"CLELIA, RUA",NA,"",550,"","19/02/2013 13:00",2,"CO",7,1129," "," ",1,0,0,0,0,0,0,1,0,0,0,0,0,0,0,0,0,5072,"CLELIA, RUA",NA,"",48,"LAPA",1,0,"CLELIA, RUA 550 SAO PAULO SP",-23.5249519,-46.6878502
"2832","D021301194",35211,"GUILHERME GIORGI, AV",1126,"AMOECA, RUA",0,"","19/02/2013 13:16",2,"CT",58,402," "," ",1,1,0,0,0,0,0,0,0,0,0,0,0,0,0,0,0,1126,"AMOECA, RUA",35211,"GUILHERME GIORGI, AV",87,"VILA FORMOSA",1,0,"GUILHERME GIORGI, AV SAO PAULO SP &  AMOECA, RUA SAO PAULO SP",-23.5539082,-46.5450462
"2836","D021301435",19824,"MOACIR DANTAS ITAPICURU, AV",NA,"",1045,"","19/02/2013 14:20",2,"CO",22,893,"B"," ",1,0,0,0,1,0,0,0,0,0,0,0,0,0,0,0,0,19824,"MOACIR DANTAS ITAPICURU, AV",NA,"",53,"MOEMA",1,0,"MOACIR DANTAS ITAPICURU, AV 1045 SAO PAULO SP",-23.5046157,-46.433453
"2837","D021301206",4736,"CELSO GARCIA, AV",NA,"",1850,"","19/02/2013 14:23",2,"CO",81,479," "," ",0,1,0,0,0,0,0,0,0,0,0,1,0,0,0,0,0,4736,"CELSO GARCIA, AV",NA,"",82,"TATUAPE",1,0,"CELSO GARCIA, AV 1850 SAO PAULO SP",-23.5372958,-46.5944962
"2840","D021301761",59153,"PEDRO DA UNIAO, RUA S",NA,"",16,"","19/02/2013 14:38",2,"CH",69,1718," "," ",0,1,0,0,0,0,0,0,0,0,0,0,0,0,0,0,0,59153,"PEDRO DA UNIAO, RUA S",NA,"",0,"NULL",1,0,"PEDRO DA UNIAO, RUA S 16 SAO PAULO SP",-23.5973559,-46.5029669
"2841","D021301666",29950,"ANECY ROCHA, RUA",NA,"",97,"","19/02/2013 15:00",2,"CO",49,2424," "," ",0,0,0,0,1,0,0,0,0,0,0,1,0,0,0,0,0,29950,"ANECY ROCHA, RUA",NA,"",32,"IGUATEMI",1,0,"ANECY ROCHA, RUA 97 SAO PAULO SP",-23.6026991,-46.4380071
"2842","D021300771",16759,"QUIRINO, RUA S",NA,"",905,"","19/02/2013 15:00",4,"AT",9,1071," "," ",0,0,0,0,0,0,0,0,0,0,0,1,0,0,0,0,0,16759,"QUIRINO, RUA S",NA,"",47,"LAJEADO",1,0,"QUIRINO, RUA S 905 SAO PAULO SP",-23.5149328,-46.5977957
"2843","D021300168",6642,"ESTADO, AV DO",12278,"LUIS PACHECO, RUA",0,"","19/02/2013 15:00",2,"CO",12,1054," "," ",0,2,0,0,0,0,0,0,0,0,0,0,0,0,0,0,0,6642,"ESTADO, AV DO",12278,"LUIS PACHECO, RUA",9,"BOM RETIRO",1,0,"ESTADO, AV DO SAO PAULO SP &  LUIS PACHECO, RUA SAO PAULO SP",-23.5635869,-46.6112253
"2844","D021301188",14427,"NATAL, RUA",NA,"",526,"","19/02/2013 15:14",4,"AT",57,900058," "," ",1,0,0,0,0,0,0,0,0,0,0,0,0,0,0,0,0,14427,"NATAL, RUA",NA,"",1,"AGUA RASA",2,0,"NATAL, RUA 526 SAO PAULO SP",-23.563775,-46.5821746
"2845","D021300774",12766,"MANUEL SILVINO BANDEIRA MELO, RUA",NA,"",181,"","19/02/2013 15:30",2,"CO",9,1097," "," ",2,0,0,0,0,0,0,0,0,0,0,0,0,0,0,0,0,12766,"MANUEL SILVINO BANDEIRA MELO, RUA",NA,"",88,"VILA GUILHERME",1,0,"MANUEL SILVINO BANDEIRA MELO, RUA 181 SAO PAULO SP",-23.5188204,-46.6070834
"2847","D021300555",7500,"FRANCISCO MORATO, AV PROF",NA,"",4170,"","19/02/2013 15:40",2,"QM",34,1292," "," ",0,1,0,0,0,0,0,0,0,0,0,0,0,0,0,0,0,7500,"FRANCISCO MORATO, AV PROF",NA,"",12,"BUTANTA",1,0,"FRANCISCO MORATO, AV PROF 4170 SAO PAULO SP",-23.5940608,-46.7364709