"","id_acidente","codloga","logradouroA","codlogb","logradouroB","alt_num","referencia","data","cod_acid","tipo_acidente","dp","numero_BO","sentido","pista","automovel","moto","onibus","caminhao","bicicleta","moto_taxi","onibus_fretado","onibus_urbano","microonibus","van","vuc","caminhonete","carreta","jipe","outros","sem_informacao","carroca","princ_a","paiA","princ_b","paiB","cod_distrito","distrito","vit_ferida","vit_morta","local","lat","lon"
"2848","D021300871",14767,"NOVA CANTAREIRA, AV",NA,"",691,"","19/02/2013 15:54",2,"CO",20,1548," "," ",1,1,0,0,0,0,0,0,0,0,0,0,0,0,0,0,0,14767,"NOVA CANTAREIRA, AV",NA,"",83,"TREMEMBE",1,0,"NOVA CANTAREIRA, AV 691 SAO PAULO SP",-23.4865817,-46.6187964
"2850","D021300702",8000,"GIOVANNI GRONCHI, AV",NA,"",4710,"","19/02/2013 16:30",4,"AT",89,1402," "," ",1,0,0,0,0,0,0,0,0,0,0,0,0,0,0,0,0,8000,"GIOVANNI GRONCHI, AV",NA,"",55,"MORUMBI",1,0,"GIOVANNI GRONCHI, AV 4710 SAO PAULO SP",-23.6195165,-46.7330955
"2851","D021300078",19154,"TREZE DE MAIO, RUA",12690,"MANOEL DUTRA, RUA",0,"","19/02/2013 16:30",2,"CH",5,686," "," ",1,1,0,0,0,0,0,0,0,0,0,0,0,0,0,0,0,12690,"MANOEL DUTRA, RUA",19154,"TREZE DE MAIO, RUA",7,"BELA VISTA",1,0,"TREZE DE MAIO, RUA SAO PAULO SP &  MANOEL DUTRA, RUA SAO PAULO SP",-23.7408161,-46.6576222
"2852","D021301209",6371,"ELISABETH DE ROBIANO, AV CDSSA",NA,"",450,"","19/02/2013 16:40",2,"CO",81,481,"A"," ",0,0,1,0,0,0,0,0,0,0,0,0,0,0,0,0,0,29772,"MARGINAL DO RIO TIETE, AV",NA,"",82,"TATUAPE",1,0,"ELISABETH DE ROBIANO, AV CDSSA 450 SAO PAULO SP",-23.5076424,-46.5495997
"2853","D021301208",11784,"LEOPOLDO, RUA S",NA,"",356,"","19/02/2013 16:47",4,"AT",81,480," "," ",0,1,0,0,0,0,0,0,0,0,0,0,0,0,0,0,0,11784,"LEOPOLDO, RUA S",NA,"",8,"BELEM",1,0,"LEOPOLDO, RUA S 356 SAO PAULO SP",-23.5410419,-46.59971
"2855","D021300100",11794,"LEOPOLDO MIGUEZ, RUA",NA,"",281,"","19/02/2013 17:00",2,"CO",6,892," "," ",1,0,0,0,0,0,0,0,0,0,0,1,0,0,0,0,0,11794,"LEOPOLDO MIGUEZ, RUA",NA,"",14,"CAMBUCI",1,0,"LEOPOLDO MIGUEZ, RUA 281 SAO PAULO SP",-23.556676,-46.6257049
"2856","D021301820",11794,"LEOPOLDO MIGUEZ, RUA",NA,"",281,"","19/02/2013 17:00",2,"CO",5,892," "," ",2,0,0,0,0,0,0,0,0,0,0,0,0,0,0,0,0,11794,"LEOPOLDO MIGUEZ, RUA",NA,"",14,"CAMBUCI",1,1,"LEOPOLDO MIGUEZ, RUA 281 SAO PAULO SP",-23.556676,-46.6257049
"2858","D021301479",11542,"NORDESTINA, AV",NA,"",3422,"","19/02/2013 17:10",2,"QM",32,1171," "," ",0,1,0,0,0,0,0,0,0,0,0,0,0,0,0,0,0,11542,"NORDESTINA, AV",NA,"",76,"SAO MIGUEL",1,0,"NORDESTINA, AV 3422 SAO PAULO SP",-23.5115447,-46.4283085
"2860","D021301152",6371,"ELISABETH DE ROBIANO, AV CDSSA",NA,"",3500,"","19/02/2013 18:00",2,"CT",52,523," "," ",1,1,0,0,0,0,0,0,0,0,0,0,0,0,0,0,0,29772,"MARGINAL DO RIO TIETE, AV",NA,"",82,"TATUAPE",2,0,"ELISABETH DE ROBIANO, AV CDSSA 3500 SAO PAULO SP",-23.5076424,-46.5495997
"2861","D021301695",36393,"MATASHIRO YAMAGUISHY, RUA",NA,"",9999,"","19/02/2013 18:00",2,"CH",53,1273," "," ",1,0,0,0,0,0,0,0,0,0,0,0,0,0,0,0,0,36393,"MATASHIRO YAMAGUISHY, RUA",NA,"",51,"MANDAQUI",1,0,"MATASHIRO YAMAGUISHY, RUA 9999 SAO PAULO SP",-22.8244592,-47.2685796
"2862","D021300578",63349,"ROGERIO DE PAULA BRITO, RUA",NA,"",10,"","19/02/2013 18:30",4,"AT",37,14354," "," ",0,1,0,0,0,0,0,0,0,0,0,0,0,0,0,0,0,63349,"ROGERIO DE PAULA BRITO, RUA",NA,"",29,"FREGUESIA DO O",1,0,"ROGERIO DE PAULA BRITO, RUA 10 SAO PAULO SP",-23.6508053,-46.7572443
"2863","D021300224",4224,"CARAMURU, RUA",NA,"",1611,"","19/02/2013 18:30",2,"CO",16,2256," "," ",1,0,0,0,1,0,0,0,0,0,0,0,0,0,0,0,0,4224,"CARAMURU, RUA",NA,"",79,"SAUDE",1,0,"CARAMURU, RUA 1611 SAO PAULO SP",-23.6135663,-46.6297753
"2865","D021300101",12452,"MACHADO DE ASSIS, RUA",15627,"PAULA NEY, RUA",0,"","19/02/2013 19:46",2,"SI",6,896," "," ",1,1,0,0,0,0,0,0,0,0,0,0,0,0,0,0,0,12452,"MACHADO DE ASSIS, RUA",15627,"PAULA NEY, RUA",92,"VILA MARIANA",1,0,"MACHADO DE ASSIS, RUA SAO PAULO SP &  PAULA NEY, RUA SAO PAULO SP",-23.4319687,-46.7770675
"2866","D021300021",3209,"BENTO, LGO SAO",NA,"",64,"","19/02/2013 19:49",4,"AT",1,1287," "," ",1,0,0,0,0,0,0,0,0,0,0,0,0,0,0,0,0,3209,"BENTO, LGO SAO",NA,"",80,"SE",1,0,"BENTO, LGO SAO 64 SAO PAULO SP",-23.5440241,-46.6336922
"2867","D021301595",41069,"VICENZO RUFFO, RUA",NA,"",18,"","19/02/2013 20:10",2,"CO",68,2144," "," ",0,0,0,0,1,0,0,1,0,0,0,0,0,0,0,0,0,41069,"VICENZO RUFFO, RUA",NA,"",50,"LIMAO",1,0,"VICENZO RUFFO, RUA 18 SAO PAULO SP",-23.5229014,-46.4215255
"2868","D021300137",543,"ALCANTARA MACHADO, AV",3653,"BRESSER, RUA",0,"","19/02/2013 21:08",4,"AT",8,1279," "," ",1,0,0,0,0,0,0,0,0,0,0,0,0,0,0,0,0,543,"ALCANTARA MACHADO, AV",3653,"BRESSER, RUA",54,"MOOCA",1,0,"ALCANTARA MACHADO, AV SAO PAULO SP &  BRESSER, RUA SAO PAULO SP",-23.5528151,-46.613419
"2869","D021300102",9151,"INDEPENDENCIA (V PRUDENTE), RUA",NA,"",100,"","19/02/2013 22:05",2,"QD",6,906," "," ",0,0,0,0,0,0,0,1,0,0,0,0,0,0,0,0,0,9151,"INDEPENDENCIA (V PRUDENTE), RUA",NA,"",78,"SAPOPEMBA",1,0,"INDEPENDENCIA (V PRUDENTE), RUA 100 SAO PAULO SP",-23.5716668,-46.6158251
"2870","D021301143",8767,"HERWIS, RUA",NA,"",33,"","19/02/2013 22:30",2,"CO",42,1081,"C"," ",1,1,0,0,0,0,0,0,0,0,0,0,0,0,0,0,0,8767,"HERWIS, RUA",NA,"",74,"SAO LUCAS",1,0,"HERWIS, RUA 33 SAO PAULO SP",-23.5803168,-46.540003
"2871","D021300828",719,"ALFREDO PUJOL, RUA",4353,"CARLOS ESCOBAR, RUA",0,"","19/02/2013 22:45",2,"QM",13,1986," "," ",0,1,0,0,0,0,0,0,0,0,0,0,0,0,0,0,0,719,"ALFREDO PUJOL, RUA",4353,"CARLOS ESCOBAR, RUA",71,"SANTANA",1,0,"ALFREDO PUJOL, RUA SAO PAULO SP &  CARLOS ESCOBAR, RUA SAO PAULO SP",-23.4993697,-46.6322004
"2872","D021301667",13671,"MATEO BEI, AV",NA,"",3240,"","19/02/2013 23:00",2,"CO",49,2458," "," ",2,0,0,0,0,0,0,0,0,0,0,0,0,0,0,0,0,13671,"MATEO BEI, AV",NA,"",75,"SAO MATEUS",1,0,"MATEO BEI, AV 3240 SAO PAULO SP",-23.6089948,-46.4776425
"2873","D021301464",954,"AMADOR BUENO DA VEIGA, AV",NA,"",4086,"","20/02/2013 01:30",2,"QD",24,2122,"B"," ",0,0,0,0,0,0,0,1,0,0,0,0,0,0,0,0,0,954,"AMADOR BUENO DA VEIGA, AV",NA,"",60,"PENHA",1,0,"AMADOR BUENO DA VEIGA, AV 4086 SAO PAULO SP",-23.5164363,-46.5088887
"2874","D021301081",12156,"LUIZ AYRES, RUA DR",16248,"PINHAL, RUA",0,"","20/02/2013 01:30",4,"AT",21,562," "," ",1,0,0,0,0,0,0,0,0,0,0,0,0,0,0,0,0,12156,"LUIZ AYRES, RUA DR",16248,"PINHAL, RUA",5,"ARTUR ALVIM",1,0,"LUIZ AYRES, RUA DR SAO PAULO SP &  PINHAL, RUA SAO PAULO SP",-23.5423381,-46.4672547
"2875","D021300872",20089,"ZUQUIM, RUA DR",NA,"",1739,"","20/02/2013 05:15",2,"CH",20,1561," "," ",0,0,0,0,0,0,0,0,0,0,0,1,0,0,0,0,0,20089,"ZUQUIM, RUA DR",NA,"",8,"BELEM",1,0,"ZUQUIM, RUA DR 1739 SAO PAULO SP",-23.4907499,-46.6246689
"2876","D021301322",42908,"M. CAMARO, RUA",NA,"",387,"","20/02/2013 05:26",4,"AT",92,1113," "," ",0,1,0,0,0,0,0,0,0,0,0,0,0,0,0,0,0,42908,"M. CAMARO, RUA",NA,"",32,"IGUATEMI",2,0,"M. CAMARO, RUA 387 SAO PAULO SP",-23.7692073,-46.6491627
"2877","D021301778",15032,"ORATORIO, AV DO",NA,"",5313,"","20/02/2013 05:30",2,"SI",70,1056," "," ",1,1,0,0,0,0,0,0,0,0,0,0,0,0,0,0,0,15032,"ORATORIO, AV DO",NA,"",26,"CONSOLACAO",1,0,"ORATORIO, AV DO 5313 SAO PAULO SP",-23.6039533,-46.5239642
"2878","D021300917",19337,"ULTRAMARINO, AV",NA,"",912,"","20/02/2013 06:05",2,"CO",38,889," "," ",2,0,0,0,0,0,0,0,0,0,0,0,0,0,0,0,0,19337,"ULTRAMARINO, AV",NA,"",8,"BELEM",2,0,"ULTRAMARINO, AV 912 SAO PAULO SP",-23.4710012,-46.6428421
"2879","D021300657",16878,"RAPOSO TAVARES, VIA",NA,"",17200,"","20/02/2013 06:40",4,"AT",75,602," "," ",0,1,0,0,0,0,0,0,0,0,0,0,0,0,0,0,0,16878,"RAPOSO TAVARES, VIA",NA,"",13,"CACHOEIRINHA",2,0,"RAPOSO TAVARES, VIA 17200 SAO PAULO SP",-23.5182579,-48.5000767
"2880","D021300225",9715,"JABAQUARA, AV",13915,"MIGUEL ESTEFANO, AV",0,"","20/02/2013 06:57",2,"CO",16,2270," "," ",1,1,0,0,0,0,0,0,0,0,0,0,0,0,0,0,0,9715,"JABAQUARA, AV",13915,"MIGUEL ESTEFANO, AV",79,"SAUDE",1,0,"JABAQUARA, AV SAO PAULO SP &  MIGUEL ESTEFANO, AV SAO PAULO SP",-23.6202152,-46.6396897
"2881","D021301221",3216,"BENTO BRANCO DE ANDRADE FILHO, RUA",NA,"",212,"","20/02/2013 07:00",2,"CO",11,1208," "," ",1,1,0,0,0,0,0,0,0,0,0,0,0,0,0,0,0,3216,"BENTO BRANCO DE ANDRADE FILHO, RUA",NA,"",72,"SANTO AMARO",1,0,"BENTO BRANCO DE ANDRADE FILHO, RUA 212 SAO PAULO SP",-23.6467641,-46.7226989
"2882","D021300424",9862,"JAIME FONSECA RODRIGUES, RUA ARQ",NA,"",200,"","20/02/2013 07:10",2,"QD",14,1271," "," ",0,0,0,0,0,0,0,1,0,0,0,0,0,0,0,0,0,9862,"JAIME FONSECA RODRIGUES, RUA ARQ",NA,"",2,"ALTO DE PINHEIR",1,0,"JAIME FONSECA RODRIGUES, RUA ARQ 200 SAO PAULO SP",-23.5526299,-46.7062225
"2883","D021301232",11063,"JOSE MARIA, AV PDE",NA,"",1,"","20/02/2013 07:13",4,"AT",11,1937," "," ",0,0,0,0,0,0,0,1,0,0,0,0,0,0,0,0,0,11063,"JOSE MARIA, AV PDE",NA,"",72,"SANTO AMARO",1,0,"JOSE MARIA, AV PDE 1 SAO PAULO SP",-23.6609468,-46.7834077
"2884","D021300748",5309,"CORIFEU DE AZEVEDO MARQUES, AV",13019,"ESCOLA POLITECNICA, AV",0,"","20/02/2013 07:20",2,"CL",93,1161," "," ",0,1,0,0,0,0,0,0,0,0,0,1,0,0,0,0,0,5309,"CORIFEU DE AZEVEDO MARQUES, AV",9836,"JAGUARE, AV",55,"MORUMBI",1,0,"CORIFEU DE AZEVEDO MARQUES, AV SAO PAULO SP &  ESCOLA POLITECNICA, AV SAO PAULO SP",-23.5597707,-46.7472778
"2885","D021300339",5618,"CURSINO, AV DO",NA,"",6067,"","20/02/2013 07:29",4,"AT",83,435," "," ",1,0,0,0,0,0,0,0,0,0,0,0,0,0,0,0,0,5618,"CURSINO, AV DO",NA,"",27,"CURSINO",1,0,"CURSINO, AV DO 6067 SAO PAULO SP",-23.6530466,-46.6139525
"2886","D021300165",16870,"RANGEL PESTANA, AV",NA,"",1421,"","20/02/2013 07:36",4,"AT",12,1013," "," ",0,0,0,0,0,0,0,1,0,0,0,0,0,0,0,0,0,16870,"RANGEL PESTANA, AV",NA,"",1,"AGUA RASA",1,0,"RANGEL PESTANA, AV 1421 SAO PAULO SP",-23.545356,-46.6207555
"2889","D021300656",16878,"RAPOSO TAVARES, VIA",NA,"",17800,"","20/02/2013 07:50",4,"AT",75,600," "," ",0,0,1,0,0,0,0,0,0,0,0,0,0,0,0,0,0,16878,"RAPOSO TAVARES, VIA",NA,"",13,"CACHOEIRINHA",1,0,"RAPOSO TAVARES, VIA 17800 SAO PAULO SP",-23.5149352,-48.5046585
"2891","D021300480",18519,"SUMARE, AV",3880,"CAIUBI, RUA",0,"","20/02/2013 08:00",2,"CL",23,941," "," ",1,1,0,0,0,0,0,0,0,0,0,0,0,0,0,0,0,3880,"CAIUBI, RUA",18519,"SUMARE, AV",61,"PERDIZES",1,0,"SUMARE, AV SAO PAULO SP &  CAIUBI, RUA SAO PAULO SP",-22.8071539,-47.223149
"2892","D021301055",43777,"CARVALHO PINTO, AV GOV",NA,"",300,"","20/02/2013 08:08",4,"AT",10,1962," "," ",0,1,0,0,0,0,0,0,0,0,0,0,0,0,0,0,0,43777,"CARVALHO PINTO, AV GOV",NA,"",41,"JARAGUA",1,0,"CARVALHO PINTO, AV GOV 300 SAO PAULO SP",-23.5148018,-46.5476941
"2893","D021300049",6642,"ESTADO, AV DO",NA,"",100,"","20/02/2013 08:09",2,"CO",2,1010," "," ",1,1,0,0,0,0,0,0,0,0,0,0,0,0,0,0,0,6642,"ESTADO, AV DO",NA,"",9,"BOM RETIRO",1,0,"ESTADO, AV DO 100 SAO PAULO SP",-23.5416624,-46.6286643
"2894","D021301291",32089,"ESTANISLAU MONIUSKO, RUA",NA,"",300,"","20/02/2013 08:17",2,"CF",80,605," "," ",1,1,0,0,0,0,0,0,0,0,0,0,0,0,0,0,0,32089,"ESTANISLAU MONIUSKO, RUA",NA,"",29,"FREGUESIA DO O",2,0,"ESTANISLAU MONIUSKO, RUA 300 SAO PAULO SP",-23.6763388,-46.6603916
"2895","D021301779",24338,"LUIZ IGNACIO ANHAIA MELLO, AV PROF",NA,"",8051,"","20/02/2013 08:27",2,"SI",70,1062," "," ",1,1,0,0,0,0,0,0,0,0,0,0,0,0,0,0,0,24338,"LUIZ IGNACIO ANHAIA MELLO, AV PROF",NA,"",26,"CONSOLACAO",1,0,"LUIZ IGNACIO ANHAIA MELLO, AV PROF 8051 SAO PAULO SP",-23.6018373,-46.5243496
"2896","D021300305",15590,"CHARLES DARWIN, RUA",26095,"ELIAS DE CARVALHO, RUA CONS",0,"","20/02/2013 08:30",2,"CO",35,1576," "," ",1,0,0,0,0,0,0,0,0,0,0,0,0,0,0,1,0,15590,"CHARLES DARWIN, RUA",26095,"ELIAS DE CARVALHO, RUA CONS",37,"JABAQUARA",2,0,"CHARLES DARWIN, RUA SAO PAULO SP &  ELIAS DE CARVALHO, RUA CONS SAO PAULO SP",-23.6515553,-46.6609174
"2897","D021300542",19461,"VALERIO, AV S",NA,"",650,"","20/02/2013 08:50",2,"CO",34,1084," "," ",1,1,0,0,0,0,0,0,0,0,0,0,0,0,0,0,0,19461,"VALERIO, AV S",NA,"",13,"CACHOEIRINHA",2,0,"VALERIO, AV S 650 SAO PAULO SP",-23.5824009,-46.703125
"2898","D021300562",16349,"PIRAPO, RUA",NA,"",500,"","20/02/2013 09:00",2,"QM",34,1927," "," ",0,1,0,0,0,0,0,0,0,0,0,0,0,0,0,0,0,16349,"PIRAPO, RUA",NA,"",13,"CACHOEIRINHA",1,0,"PIRAPO, RUA 500 SAO PAULO SP",-23.5855488,-46.7119524
"2900","D021300659",8603,"HEITOR ANTONIO EIRAS GARCIA, AV ENG",NA,"",5500,"","20/02/2013 09:07",2,"CF",75,608," "," ",1,0,0,0,0,0,0,1,0,0,0,0,0,0,0,0,0,8603,"HEITOR ANTONIO EIRAS GARCIA, AV ENG",NA,"",68,"RIO PEQUENO",1,0,"HEITOR ANTONIO EIRAS GARCIA, AV ENG 5500 SAO PAULO SP",-23.5946752,-46.7778623
"2901","D021300889",15485,"PARAPUA, RUA",NA,"",795,"","20/02/2013 09:20",2,"CO",28,804," "," ",0,1,0,0,0,0,0,0,0,0,0,1,0,0,0,0,0,15485,"PARAPUA, RUA",NA,"",4,"ARICANDUVA",2,0,"PARAPUA, RUA 795 SAO PAULO SP",-23.4776577,-46.6910227
"2902","D021300658",16878,"RAPOSO TAVARES, VIA",NA,"",14800,"","20/02/2013 09:25",2,"CL",75,603," "," ",0,0,0,0,0,0,0,1,0,0,0,0,0,0,0,0,0,16878,"RAPOSO TAVARES, VIA",NA,"",13,"CACHOEIRINHA",1,0,"RAPOSO TAVARES, VIA 14800 SAO PAULO SP",-23.5256131,-48.4765329
"2903","D021301302",63003,"ALZIRO PINHEIRO MAGALHAES, RUA",NA,"",198,"","20/02/2013 09:26",2,"CO",85,939," "," ",1,0,0,0,1,0,0,0,0,0,0,0,0,0,0,0,0,63003,"ALZIRO PINHEIRO MAGALHAES, RUA",NA,"",32,"IGUATEMI",1,0,"ALZIRO PINHEIRO MAGALHAES, RUA 198 SAO PAULO SP",-23.7648301,-46.6840236
"2904","D021301501",13168,"MANUEL ALVARES PIMENTEL, RUA",79543,"CORNELIO DE ARZAO, RUA",0,"","20/02/2013 09:35",2,"CO",50,2173," "," ",1,1,0,0,0,0,0,0,0,0,0,0,0,0,0,0,0,13168,"MANUEL ALVARES PIMENTEL, RUA",79543,"CORNELIO DE ARZAO, RUA",35,"ITAIM PAULISTA",1,0,"MANUEL ALVARES PIMENTEL, RUA SAO PAULO SP &  CORNELIO DE ARZAO, RUA SAO PAULO SP",-23.5248413,-46.3961253
"2905","D021300366",41023,"CHUCRI ZAIDAN, AV DR",21499,"JOSE LEITE E OITICICA, RUA PROF",0,"","20/02/2013 09:45",2,"CL",96,758," "," ",1,1,0,0,0,0,0,0,0,0,0,0,0,0,0,0,0,21499,"JOSE LEITE E OITICICA, RUA PROF",41023,"CHUCRI ZAIDAN, AV DR",34,"ITAIM BIBI",1,0,"CHUCRI ZAIDAN, AV DR SAO PAULO SP &  JOSE LEITE E OITICICA, RUA PROF SAO PAULO SP",-23.6174986,-46.6978448
"2906","D021300873",2563,"AUGUSTO TOLLE, RUA",NA,"",175,"","20/02/2013 10:30",2,"CH",20,1570," "," ",1,0,0,0,0,0,0,0,0,0,0,0,0,0,0,0,0,2563,"AUGUSTO TOLLE, RUA",NA,"",8,"BELEM",1,0,"AUGUSTO TOLLE, RUA 175 SAO PAULO SP",-23.4916699,-46.6318514
"2907","D021300139",19163,"TRILHOS, RUA DOS",NA,"",869,"","20/02/2013 11:28",2,"CO",8,1301," "," ",1,1,0,0,0,0,0,0,0,0,0,0,0,0,0,0,0,19163,"TRILHOS, RUA DOS",NA,"",54,"MOOCA",1,0,"TRILHOS, RUA DOS 869 SAO PAULO SP",-23.5530988,-46.6003975
"2908","D021300579",16339,"CARLOS LACERDA, AV",NA,"",1604,"","20/02/2013 11:40",4,"AT",37,1479," "," ",0,2,0,0,0,0,0,0,0,0,0,0,0,0,0,0,0,16339,"CARLOS LACERDA, AV",NA,"",29,"FREGUESIA DO O",2,0,"CARLOS LACERDA, AV 1604 SAO PAULO SP",-23.6456233,-46.7794384
"2909","D021300436",16919,"REBOUCAS, AV",NA,"",1921,"","20/02/2013 12:00",2,"CO",14,1610," "," ",1,1,0,0,0,0,0,0,0,0,0,0,0,0,0,0,0,16919,"REBOUCAS, AV",NA,"",44,"JARDIM PAULISTA",1,0,"REBOUCAS, AV 1921 SAO PAULO SP",-23.5649817,-46.6789592
"2910","D021301407",3509,"BELMIRA MARIN, AV DONA",NA,"",5000,"","20/02/2013 12:00",2,"QD",101,1212," "," ",0,0,0,0,0,0,0,0,1,0,0,0,0,0,0,0,0,3509,"BELMIRA MARIN, AV DONA",NA,"",30,"GRAJAU",1,0,"BELMIRA MARIN, AV DONA 5000 SAO PAULO SP",-23.7562987,-46.6694393
"2911","D021301210",6371,"ELISABETH DE ROBIANO, AV CDSSA",NA,"",450,"","20/02/2013 12:20",2,"CL",81,489," "," ",0,1,0,0,0,0,0,0,0,0,0,1,0,0,0,0,0,29772,"MARGINAL DO RIO TIETE, AV",NA,"",82,"TATUAPE",1,0,"ELISABETH DE ROBIANO, AV CDSSA 450 SAO PAULO SP",-23.5076424,-46.5495997
"2912","D021301009",16305,"ANTONELO DA MESSINA, AV",NA,"",1480,"","20/02/2013 12:20",2,"CT",73,1961," "," ",0,1,0,0,0,0,0,0,0,0,0,1,0,0,0,0,0,16305,"ANTONELO DA MESSINA, AV",NA,"",83,"TREMEMBE",1,0,"ANTONELO DA MESSINA, AV 1480 SAO PAULO SP",-23.4449439,-46.5899934
"2913","D021300703",71804,"LAERCIO CORTE, RUA DEP",NA,"",1350,"","20/02/2013 12:23",4,"AT",89,1409," "," ",1,0,0,0,0,0,0,0,0,0,0,0,0,0,0,0,0,71804,"LAERCIO CORTE, RUA DEP",NA,"",29,"FREGUESIA DO O",1,0,"LAERCIO CORTE, RUA DEP 1350 SAO PAULO SP",-23.6335756,-46.7242598
"2914","D021301567",98965,"CALIM EID, AV",NA,"",2773,"","20/02/2013 12:28",2,"CT",64,1478," "," ",1,0,0,1,0,0,0,0,0,0,0,0,0,0,0,0,0,98965,"CALIM EID, AV",NA,"",60,"PENHA",1,0,"CALIM EID, AV 2773 SAO PAULO SP",-23.5282037,-46.4893905
"2915","D021301109",5153,"COELHO LISBOA, RUA",9539,"ITAPETI, RUA",0,"","20/02/2013 12:30",2,"SI",30,527," "," ",1,1,0,0,0,0,0,0,0,0,0,0,0,0,0,0,0,5153,"COELHO LISBOA, RUA",9539,"ITAPETI, RUA",NA,"",1,0,"COELHO LISBOA, RUA SAO PAULO SP &  ITAPETI, RUA SAO PAULO SP",-23.5500402,-46.5716461
"2916","D021300226",9715,"JABAQUARA, AV",NA,"",2500,"","20/02/2013 12:55",4,"AT",16,2289," "," ",1,0,0,0,0,0,0,0,0,0,0,0,0,0,0,0,0,9715,"JABAQUARA, AV",NA,"",79,"SAUDE",1,0,"JABAQUARA, AV 2500 SAO PAULO SP",-23.6264651,-46.6415161
"2917","D021301281",15507,"TEOTONIO VILELA, AV SEN",NA,"",1440,"","20/02/2013 13:00",2,"CO",48,686," "," ",0,1,0,0,0,0,0,0,0,0,0,1,0,0,0,0,0,15507,"TEOTONIO VILELA, AV SEN",NA,"",23,"CIDADE DUTRA",1,0,"TEOTONIO VILELA, AV SEN 1440 SAO PAULO SP",-23.7140911,-46.6987377
"2918","D021301554",62145,"GUARABU, RUA",NA,"",142,"","20/02/2013 13:00",2,"CH",63,1302," "," ",1,0,0,0,0,0,0,0,0,0,0,0,0,0,0,0,0,62145,"GUARABU, RUA",NA,"",53,"MOEMA",1,0,"GUARABU, RUA 142 SAO PAULO SP",-23.5131273,-46.4489111
"2919","D021300084",21822,"QUATORZE DE JULHO, RUA",NA,"",114,"","20/02/2013 13:30",2,"CO",5,953," "," ",0,1,0,0,0,0,0,0,0,0,0,1,0,0,0,0,0,21822,"QUATORZE DE JULHO, RUA",NA,"",17,"CAMPO LIMPO",1,0,"QUATORZE DE JULHO, RUA 114 SAO PAULO SP",-23.554408,-46.644189
"2920","D021301052",954,"AMADOR BUENO DA VEIGA, AV",NA,"",1730,"","20/02/2013 14:00",2,"CO",10,1873," "," ",1,1,0,0,0,0,0,0,0,0,0,0,0,0,0,0,0,954,"AMADOR BUENO DA VEIGA, AV",NA,"",60,"PENHA",1,0,"AMADOR BUENO DA VEIGA, AV 1730 SAO PAULO SP",-23.5215745,-46.5285542
"2922","D021301082",10581,"JOAQUIM MARRA, RUA",NA,"",1529,"","20/02/2013 15:05",2,"CT",21,565," "," ",0,1,0,1,0,0,0,0,0,0,0,0,0,0,0,0,0,10581,"JOAQUIM MARRA, RUA",NA,"",93,"VILA MATILDE",1,0,"JOAQUIM MARRA, RUA 1529 SAO PAULO SP",-23.5382242,-46.5180425
"2923","D021301056",4128,"CANGAIBA, AV",NA,"",1539,"","20/02/2013 15:30",4,"AT",10,1990," "," ",0,0,0,0,0,0,0,0,1,0,0,0,0,0,0,0,0,4128,"CANGAIBA, AV",NA,"",18,"CANGAIBA",1,0,"CANGAIBA, AV 1539 SAO PAULO SP",-23.5097635,-46.5396453
"2924","D021300166",4736,"CELSO GARCIA, AV",NA,"",919,"","20/02/2013 15:45",4,"AT",12,1031," "," ",0,0,0,0,0,0,0,1,0,0,0,0,0,0,0,0,0,4736,"CELSO GARCIA, AV",NA,"",82,"TATUAPE",1,0,"CELSO GARCIA, AV 919 SAO PAULO SP",-23.538526,-46.6035149
"2925","D021301120",1657,"ANTONIO DE BARROS, RUA",2673,"AZEVEDO SOARES, RUA",0,"","20/02/2013 15:49",4,"AT",30,984," "," ",0,1,0,0,0,0,0,0,0,0,0,0,0,0,0,0,0,1657,"ANTONIO DE BARROS, RUA",2673,"AZEVEDO SOARES, RUA",82,"TATUAPE",1,0,"ANTONIO DE BARROS, RUA SAO PAULO SP &  AZEVEDO SOARES, RUA SAO PAULO SP",-23.5447741,-46.5559478
"2926","D021300455",16011,"PEDROSO ALVARENGA, RUA",16985,"RENATO PAES DE BARROS, RUA DR",0,"","20/02/2013 16:00",4,"AT",15,824," "," ",0,0,0,0,0,0,0,0,0,0,0,1,0,0,0,0,0,16011,"PEDROSO ALVARENGA, RUA",16985,"RENATO PAES DE BARROS, RUA DR",34,"ITAIM BIBI",1,0,"PEDROSO ALVARENGA, RUA SAO PAULO SP &  RENATO PAES DE BARROS, RUA DR SAO PAULO SP",-23.5819449,-46.6792214
"2927","D021301688",46936,"JACU-PESSEGO/NOVA TRABALHADORE, AV",NA,"",7181,"","20/02/2013 16:30",2,"CO",53,1158," "," ",1,1,0,0,0,0,0,0,0,0,0,0,0,0,0,0,0,46936,"JACU-PESSEGO/NOVA TRABALHADORE, AV",NA,"",46,"JOSE BONIFACIO",1,0,"JACU-PESSEGO/NOVA TRABALHADORE, AV 7181 SAO PAULO SP",-23.5501912,-46.4465681
"2928","D021300459",4933,"CIDADE JARDIM, AV",NA,"",187,"","20/02/2013 16:45",4,"AT",15,958," "," ",1,0,0,0,0,0,0,0,0,0,0,0,0,0,0,0,0,4933,"CIDADE JARDIM, AV",NA,"",63,"PINHEIROS",1,0,"CIDADE JARDIM, AV 187 SAO PAULO SP",-23.5794918,-46.6823677