"","id_acidente","codloga","logradouroA","codlogb","logradouroB","alt_num","referencia","data","cod_acid","tipo_acidente","dp","numero_BO","sentido","pista","automovel","moto","onibus","caminhao","bicicleta","moto_taxi","onibus_fretado","onibus_urbano","microonibus","van","vuc","caminhonete","carreta","jipe","outros","sem_informacao","carroca","princ_a","paiA","princ_b","paiB","cod_distrito","distrito","vit_ferida","vit_morta","local","lat","lon"
"2929","D021300580",16339,"CARLOS LACERDA, AV",NA,"",1190,"","20/02/2013 17:00",2,"CO",37,1483," "," ",1,0,0,0,1,0,0,0,0,0,0,0,0,0,0,0,0,16339,"CARLOS LACERDA, AV",NA,"",29,"FREGUESIA DO O",1,0,"CARLOS LACERDA, AV 1190 SAO PAULO SP",-23.6418593,-46.7800036
"2931","D021300406",17086,"RICARDO MEDINA FILHO, AV",5490,"CRISPIM, PCA S",0,"","20/02/2013 17:10",2,"CO",7,90053," "," ",1,1,0,0,0,0,0,0,0,0,0,0,0,0,0,0,0,5490,"CRISPIM, PCA S",16482,"PONTA PORA, RUA",48,"LAPA",1,0,"RICARDO MEDINA FILHO, AV SAO PAULO SP &  CRISPIM, PCA S SAO PAULO SP",-23.5367237,-46.7075152
"2932","D021301153",4736,"CELSO GARCIA, AV",18347,"SIRIA, RUA",0,"","20/02/2013 17:22",2,"CO",52,540," "," ",0,0,1,0,1,0,0,0,0,0,0,0,0,0,0,0,0,4736,"CELSO GARCIA, AV",18347,"SIRIA, RUA",82,"TATUAPE",1,0,"CELSO GARCIA, AV SAO PAULO SP &  SIRIA, RUA SAO PAULO SP",-23.5359522,-46.5717652
"2934","D021300450",8714,"HENRIQUE SCHAUMANN, RUA",NA,"",1096,"","20/02/2013 17:25",2,"QM",14,2137," "," ",0,1,0,0,0,0,0,0,0,0,0,0,0,0,0,0,0,8714,"HENRIQUE SCHAUMANN, RUA",NA,"",63,"PINHEIROS",1,0,"HENRIQUE SCHAUMANN, RUA 1096 SAO PAULO SP",-23.5558489,-46.6836097
"2935","D021300543",7500,"FRANCISCO MORATO, AV PROF",NA,"",6000,"","20/02/2013 17:30",2,"CL",34,1096," "," ",1,1,0,0,0,0,0,0,0,0,0,0,0,0,0,0,0,7500,"FRANCISCO MORATO, AV PROF",NA,"",12,"BUTANTA",1,0,"FRANCISCO MORATO, AV PROF 6000 SAO PAULO SP",-23.6060611,-46.7477198
"2936","D021301012",19711,"ABILIO PEDRO RAMOS, RUA",NA,"",400,"","20/02/2013 17:30",2,"CL",73,2162," "," ",1,1,0,0,0,0,0,0,0,0,0,0,0,0,0,0,0,19711,"ABILIO PEDRO RAMOS, RUA",NA,"",22,"CIDADE ADEMAR",1,0,"ABILIO PEDRO RAMOS, RUA 400 SAO PAULO SP",-23.4615426,-46.5770663
"2937","D021300775",5567,"CRUZEIRO DO SUL, AV",NA,"",3420,"","20/02/2013 17:45",2,"CO",9,1098," "," ",1,1,0,0,0,0,0,0,0,0,0,0,0,0,0,0,0,5567,"CRUZEIRO DO SUL, AV",NA,"",5,"ARTUR ALVIM",1,0,"CRUZEIRO DO SUL, AV 3420 SAO PAULO SP",-23.500622,-46.6244187
"2938","D021301261",5606,"CUPECE, AV",NA,"",4300,"","20/02/2013 18:00",2,"CO",43,1959,"C"," ",1,1,0,0,0,0,0,0,0,0,0,0,0,0,0,0,0,5606,"CUPECE, AV",NA,"",22,"CIDADE ADEMAR",1,0,"CUPECE, AV 4300 SAO PAULO SP",-23.6722535,-46.6451588
"2939","D021300500",15151,"JOAO RODRIGUES LEITE, RUA",NA,"",9,"","20/02/2013 18:00",4,"AT",33,906," "," ",1,0,0,0,0,0,0,0,0,0,0,0,0,0,0,0,0,15151,"JOAO RODRIGUES LEITE, RUA",NA,"",31,"GUAIANASES",1,0,"JOAO RODRIGUES LEITE, RUA 9 SAO PAULO SP",-23.4696426,-46.7479544
"2940","D021301443",11123,"JOSE NUNES DOS SANTOS, RUA",NA,"",860,"","20/02/2013 18:30",4,"AT",22,1308," "," ",0,0,0,0,0,0,0,0,0,0,0,1,0,0,0,0,0,11123,"JOSE NUNES DOS SANTOS, RUA",NA,"",43,"JARDIM HELENA",1,0,"JOSE NUNES DOS SANTOS, RUA 860 SAO PAULO SP",-23.4892599,-46.4277464
"2941","D021301668",2181,"ARICANDUVA, AV",NA,"",12000,"","20/02/2013 18:30",2,"CO",49,2484," "," ",1,1,0,0,0,0,0,0,0,0,0,0,0,0,0,0,0,2181,"ARICANDUVA, AV",NA,"",60,"PENHA",2,0,"ARICANDUVA, AV 12000 SAO PAULO SP",-23.5930999,-46.4694983
"2942","D021301273",6334,"ELLIS MAAS, AV",NA,"",679,"","20/02/2013 18:50",2,"CO",47,2254,"C"," ",1,1,0,0,0,0,0,0,0,0,0,0,0,0,0,0,0,6334,"ELLIS MAAS, AV",NA,"",19,"CAPAO REDONDO",1,0,"ELLIS MAAS, AV 679 SAO PAULO SP",-23.6659828,-46.7710507
"2943","D021300943",17728,"SANATORIO, AV",NA,"",331,"","20/02/2013 18:55",2,"CO",39,837,"B"," ",2,1,0,0,0,0,0,0,0,0,0,0,0,0,0,0,0,17728,"SANATORIO, AV",NA,"",22,"CIDADE ADEMAR",1,0,"SANATORIO, AV 331 SAO PAULO SP",-23.4769523,-46.5803072
"2944","D021300202",17791,"SANTOS, AL",4003,"CAMPINAS, AL",0,"","20/02/2013 19:06",2,"CO",78,1377," "," ",1,1,0,0,0,0,0,0,0,0,0,0,0,0,0,0,0,4003,"CAMPINAS, AL",17791,"SANTOS, AL",44,"JARDIM PAULISTA",1,0,"SANTOS, AL SAO PAULO SP &  CAMPINAS, AL SAO PAULO SP",-23.5653061,-46.6539384
"2945","D021300306",4596,"CATARINA, AV STA",26095,"ELIAS DE CARVALHO, RUA CONS",0,"","20/02/2013 19:10",2,"CO",35,1598," "," ",0,1,0,0,0,0,0,0,0,0,0,0,0,0,0,1,0,4596,"CATARINA, AV STA",26095,"ELIAS DE CARVALHO, RUA CONS",37,"JABAQUARA",1,0,"CATARINA, AV STA SAO PAULO SP &  ELIAS DE CARVALHO, RUA CONS SAO PAULO SP",-23.6478165,-46.6624038
"2946","D021300103",8614,"HEITOR PEIXOTO, RUA",NA,"",501,"","20/02/2013 19:18",2,"CO",6,913," "," ",0,0,0,0,1,0,0,1,0,0,0,0,0,0,0,0,0,8614,"HEITOR PEIXOTO, RUA",NA,"",14,"CAMBUCI",1,0,"HEITOR PEIXOTO, RUA 501 SAO PAULO SP",-23.5752612,-46.6224238
"2948","D021301502",21475,"MANUEL LEMES DA SILVA, RUA",NA,"",585,"","20/02/2013 19:30",2,"CO",50,2185," "," ",1,1,0,0,0,0,0,0,0,0,0,0,0,0,0,0,0,21475,"MANUEL LEMES DA SILVA, RUA",NA,"",54,"MOOCA",1,0,"MANUEL LEMES DA SILVA, RUA 585 SAO PAULO SP",-23.4947999,-46.3796543
"2950","D021301762",74849,"TAIOBEIRAS, RUA",NA,"",16,"","20/02/2013 20:11",2,"CO",69,1769," "," ",1,0,1,0,0,0,0,0,0,0,0,0,0,0,0,0,0,74849,"TAIOBEIRAS, RUA",NA,"",56,"PARELHEIROS",1,0,"TAIOBEIRAS, RUA 16 SAO PAULO SP",-23.5967118,-46.5004686
"2951","D021301155",4736,"CELSO GARCIA, AV",NA,"",4377,"","20/02/2013 20:12",2,"CO",52,543," "," ",1,1,0,0,0,0,0,0,0,0,0,0,0,0,0,0,0,4736,"CELSO GARCIA, AV",NA,"",82,"TATUAPE",1,0,"CELSO GARCIA, AV 4377 SAO PAULO SP",-23.5354045,-46.5701595
"2953","D021301752",9580,"ITAQUERA, AV",NA,"",750,"","20/02/2013 21:09",4,"AT",66,1161," "," ",0,0,0,0,0,0,0,0,0,0,0,0,0,0,0,1,0,9580,"ITAQUERA, AV",NA,"",24,"CIDADE LIDER",1,0,"ITAQUERA, AV 750 SAO PAULO SP",-23.5547917,-46.5159039
"2954","D021300581",16339,"CARLOS LACERDA, AV",NA,"",2700,"","20/02/2013 21:30",2,"QM",37,1500," "," ",0,1,0,0,0,0,0,0,0,0,0,0,0,0,0,0,0,16339,"CARLOS LACERDA, AV",NA,"",29,"FREGUESIA DO O",1,0,"CARLOS LACERDA, AV 2700 SAO PAULO SP",-23.6551856,-46.7766617
"2955","D021301518",17642,"RIO GUALEGUAI, RUA",NA,"",18,"","20/02/2013 21:30",2,"CF",59,2187," "," ",0,1,0,0,0,0,0,0,0,0,0,1,0,0,0,0,0,17642,"RIO GUALEGUAI, RUA",NA,"",53,"MOEMA",2,0,"RIO GUALEGUAI, RUA 18 SAO PAULO SP",-23.5089885,-46.4113112
"2956","D021301215",18337,"SIQUEIRA BUENO, RUA",NA,"",308,"","20/02/2013 22:40",4,"AT",81,955," "," ",0,0,0,0,0,0,0,0,1,0,0,0,0,0,0,0,0,18337,"SIQUEIRA BUENO, RUA",NA,"",10,"BRAS",1,0,"SIQUEIRA BUENO, RUA 308 SAO PAULO SP",-23.5424682,-46.5954475
"2957","D021300508",14350,"MUTINGA, AV",NA,"",1237,"","20/02/2013 23:20",2,"CL",33,1607," "," ",1,1,0,0,0,0,0,0,0,0,0,0,0,0,0,0,0,14350,"MUTINGA, AV",NA,"",64,"PIRITUBA",1,0,"MUTINGA, AV 1237 SAO PAULO SP",-23.4865925,-46.7387092
"2958","D021301815",19958,"WILSON, AV PRES",NA,"",695,"","21/02/2013 00:10",4,"AT",8,1316," "," ",0,0,0,0,0,0,0,0,0,0,0,0,0,0,0,1,0,19958,"WILSON, AV PRES",NA,"",16,"CAMPO GRANDE",0,1,"WILSON, AV PRES 695 SAO PAULO SP",-23.5599976,-46.6086322
"2959","D021300680",75254,"ANTONIO DA SILVA GUIMARAES, RUA",NA,"",200,"","21/02/2013 03:30",2,"CP",87,1608," "," ",1,0,0,0,0,0,0,0,0,0,0,0,0,0,0,0,0,75254,"ANTONIO DA SILVA GUIMARAES, RUA",NA,"",31,"GUAIANASES",1,0,"ANTONIO DA SILVA GUIMARAES, RUA 200 SAO PAULO SP",-23.4742036,-46.726652
"2960","D021300173",6642,"ESTADO, AV DO",10485,"JOAO TEODORO, RUA",0,"","21/02/2013 05:40",2,"CO",12,1261," "," ",1,1,0,0,0,0,0,0,0,0,0,0,0,0,0,0,0,6642,"ESTADO, AV DO",10485,"JOAO TEODORO, RUA",9,"BOM RETIRO",1,0,"ESTADO, AV DO SAO PAULO SP &  JOAO TEODORO, RUA SAO PAULO SP",-23.5635869,-46.6112253
"2962","D021301816",13604,"CANDIDO MOTTA FILHO, AV DR",NA,"",1298,"","21/02/2013 06:50",2,"CH",93,362," "," ",0,1,0,0,0,0,0,0,0,0,0,0,0,0,0,0,0,13604,"CANDIDO MOTTA FILHO, AV DR",NA,"",68,"RIO PEQUENO",0,1,"CANDIDO MOTTA FILHO, AV DR 1298 SAO PAULO SP",-23.5587391,-46.7597144
"2963","D021301417",11685,"LEBLON, AV",16569,"DIANA DE LIZ, RUA",0,"","21/02/2013 07:05",2,"CO",102,550," "," ",1,1,0,0,0,0,0,0,0,0,0,0,0,0,0,0,0,3588,"JOAO ALVARES FAGUNDES, PCA",5273,"OCTAVIANO DE FREITAS COSTA, AV CEL",81,"SOCORRO",1,0,"LEBLON, AV SAO PAULO SP &  DIANA DE LIZ, RUA SAO PAULO SP",-23.6816073,-46.710418
"2964","D021300665",12289,"MARIO SILVEIRA ROSA, RUA",NA,"",65,"","21/02/2013 07:30",4,"AT",75,1459," "," ",0,0,0,0,0,0,0,0,0,0,0,1,0,0,0,0,0,12289,"MARIO SILVEIRA ROSA, RUA",NA,"",96,"VILA SONIA",1,0,"MARIO SILVEIRA ROSA, RUA 65 SAO PAULO SP",-23.5954054,-46.7585555
"2965","D021301646",2181,"ARICANDUVA, AV",9044,"RAGUEB CHOHFI, AV",0,"","21/02/2013 07:40",2,"QM",49,546," "," ",0,1,0,0,0,0,0,0,0,0,0,0,0,0,0,0,0,2181,"ARICANDUVA, AV",9044,"RAGUEB CHOHFI, AV",75,"SAO MATEUS",1,0,"ARICANDUVA, AV SAO PAULO SP &  RAGUEB CHOHFI, AV SAO PAULO SP",-23.5479783,-46.5260893
"2966","D021300918",64361,"SAID SAAD, RUA",NA,"",455,"","21/02/2013 07:50",2,"CO",38,908," "," ",0,0,0,0,1,0,0,1,0,0,0,0,0,0,0,0,0,64361,"SAID SAAD, RUA",NA,"",13,"CACHOEIRINHA",1,0,"SAID SAAD, RUA 455 SAO PAULO SP",-23.4658107,-46.6493595
"2967","D021300822",8589,"HAVRE, RUA DO",20043,"ZANZIBAR, RUA",0,"","21/02/2013 08:05",2,"CL",13,1845,"C"," ",0,1,0,0,0,0,0,1,0,0,0,0,0,0,0,0,0,8589,"HAVRE, RUA DO",20043,"ZANZIBAR, RUA",21,"CASA VERDE",1,0,"HAVRE, RUA DO SAO PAULO SP &  ZANZIBAR, RUA SAO PAULO SP",-23.5141708,-46.659127
"2968","D021300203",15656,"PAULISTA, AV",2497,"AUGUSTA, RUA",0,"","21/02/2013 08:20",4,"AT",78,1389,"C"," ",1,0,0,0,0,0,0,0,0,0,0,0,0,0,0,0,0,2497,"AUGUSTA, RUA",15656,"PAULISTA, AV",26,"CONSOLACAO",1,0,"PAULISTA, AV SAO PAULO SP &  AUGUSTA, RUA SAO PAULO SP",-23.5625897,-46.6549244
"2970","D021300735",3828,"CAETANOPOLIS, RUA",NA,"",96,"","21/02/2013 08:34",2,"CO",93,364," "," ",1,1,0,0,0,0,0,0,0,0,0,0,0,0,0,0,0,3828,"CAETANOPOLIS, RUA",NA,"",40,"JAGUARE",1,0,"CAETANOPOLIS, RUA 96 SAO PAULO SP",-23.5480759,-46.7517813
"2971","D021300072",5245,"CONSOLACAO, RUA DA",NA,"",1600,"","21/02/2013 08:40",2,"CO",4,1852," "," ",0,2,0,0,0,0,0,0,0,0,0,0,0,0,0,0,0,5245,"CONSOLACAO, RUA DA",NA,"",26,"CONSOLACAO",1,0,"CONSOLACAO, RUA DA 1600 SAO PAULO SP",-23.5509726,-46.6560851
"2972","D021300309",21185,"MASCOTE, AV",NA,"",490,"","21/02/2013 09:00",2,"CO",35,1606," "," ",2,0,0,0,0,0,0,0,0,0,0,0,0,0,0,0,0,21185,"MASCOTE, AV",NA,"",0,"NULL",2,0,"MASCOTE, AV 490 SAO PAULO SP",-23.6486151,-46.666987
"2973","D021300288",5965,"DJALMA PINHEIRO FRANCO, RUA DR",NA,"",737,"","21/02/2013 09:30",2,"CH",35,510," "," ",0,1,0,0,0,0,0,0,0,0,0,1,0,0,0,0,0,5965,"DJALMA PINHEIRO FRANCO, RUA DR",NA,"",37,"JABAQUARA",1,0,"DJALMA PINHEIRO FRANCO, RUA DR 737 SAO PAULO SP",-23.6538796,-46.6667106
"2974","D021300411",6819,"EUSEBIO MATOSO, AV",5190,"COLUMBANO, RUA S",0,"","21/02/2013 09:30",2,"QM",14,838," "," ",0,1,0,0,0,0,0,0,0,0,0,0,0,0,0,0,0,5190,"COLUMBANO, RUA S",6819,"EUSEBIO MATOSO, AV",63,"PINHEIROS",2,0,"EUSEBIO MATOSO, AV SAO PAULO SP &  COLUMBANO, RUA S SAO PAULO SP",-23.5715591,-46.6948518
"2975","D021300367",6238,"NACOES UNIDAS, AV DAS",NA,"",13355,"","21/02/2013 09:50",2,"QM",96,794," "," ",0,1,0,0,0,0,0,0,0,0,0,1,0,0,0,0,0,13014,"MARGINAL DO RIO PINHEIROS, AV",NA,"",90,"VILA LEOPOLDINA",1,0,"NACOES UNIDAS, AV DAS 13355 SAO PAULO SP",-23.6791528,-46.6960887
"2976","D021300018",11818,"LIBERDADE, AV DA",NA,"",100,"","21/02/2013 10:00",4,"AT",1,1227," "," ",0,1,0,0,0,0,0,0,0,0,0,0,0,0,0,0,0,11818,"LIBERDADE, AV DA",NA,"",49,"LIBERDADE",1,0,"LIBERDADE, AV DA 100 SAO PAULO SP",-23.5538118,-46.6352436
"2977","D021301352",34444,"TORRES NETO, AV DR",NA,"",51,"","21/02/2013 10:10",4,"AT",98,1986," "," ",0,0,0,0,0,0,0,0,0,0,0,1,0,0,0,0,0,34444,"TORRES NETO, AV DR",NA,"",29,"FREGUESIA DO O",1,0,"TORRES NETO, AV DR 51 SAO PAULO SP",-23.6911125,-46.6418902
"2979","D021300776",36061,"LUIZ DUMONT VILLARES, AV",NA,"",1600,"","21/02/2013 10:30",2,"CO",9,1112," "," ",1,1,0,0,0,0,0,0,0,0,0,0,0,0,0,0,0,36061,"LUIZ DUMONT VILLARES, AV",NA,"",22,"CIDADE ADEMAR",1,0,"LUIZ DUMONT VILLARES, AV 1600 SAO PAULO SP",-23.488411,-46.6093164
"2980","D021301568",46936,"JACU-PESSEGO/NOVA TRABALHADORE, AV",8025,"MONTANHAS, RUA",0,"","21/02/2013 10:30",2,"CT",64,1504," "," ",1,0,0,1,0,0,0,0,0,0,0,0,0,0,0,0,0,184,"ADELINO, RUA",46936,"JACU-PESSEGO/NOVA TRABALHADORE, AV",36,"ITAQUERA",2,0,"JACU-PESSEGO/NOVA TRABALHADORE, AV SAO PAULO SP &  MONTANHAS, RUA SAO PAULO SP",-23.5754203,-46.4449094
"2981","D021300407",5072,"CLELIA, RUA",NA,"",1442,"","21/02/2013 10:43",2,"CO",7,900077," "," ",1,1,0,0,0,0,0,0,0,0,0,0,0,0,0,0,0,5072,"CLELIA, RUA",NA,"",48,"LAPA",1,0,"CLELIA, RUA 1442 SAO PAULO SP",-23.5249057,-46.6965321
"2982","D021301369",7917,"GERALDO SANT'ANA, AV SARG",NA,"",1640,"","21/02/2013 11:38",4,"AT",99,760," "," ",0,1,0,0,0,0,0,0,0,0,0,0,0,0,0,0,0,7917,"GERALDO SANT'ANA, AV SARG",NA,"",16,"CAMPO GRANDE",2,0,"GERALDO SANT'ANA, AV SARG 1640 SAO PAULO SP",-23.6650968,-46.6785524
"2983","D021300843",9626,"ITAUNAS, RUA",25709,"DIAMANTINA, RUA",0,"","21/02/2013 11:44",2,"CO",19,700," "," ",0,1,0,0,0,0,0,0,0,0,0,1,0,0,0,0,0,9626,"ITAUNAS, RUA",25709,"DIAMANTINA, RUA",91,"VILA MARIA",1,0,"ITAUNAS, RUA SAO PAULO SP &  DIAMANTINA, RUA SAO PAULO SP",-23.5169178,-46.5914262
"2984","D021300085",18232,"SILVIA, RUA",NA,"",243,"","21/02/2013 11:45",4,"AT",5,987," "," ",1,0,0,0,0,0,0,0,0,0,0,0,0,0,0,0,0,18232,"SILVIA, RUA",NA,"",17,"CAMPO LIMPO",1,0,"SILVIA, RUA 243 SAO PAULO SP",-23.5605501,-46.6504945
"2986","D021301418",11561,"ARTHUR CORDEIRO, AV DR",NA,"",50,"","21/02/2013 12:30",2,"CO",102,563," "," ",1,1,0,0,0,0,0,0,0,0,0,0,0,0,0,0,0,11561,"ARTHUR CORDEIRO, AV DR",NA,"",81,"SOCORRO",1,0,"ARTHUR CORDEIRO, AV DR 50 SAO PAULO SP",-23.6857285,-46.7134006
"2987","D021300022",13853,"MERCURIO, AV",4146,"CANTAREIRA, RUA DA",0,"","21/02/2013 12:35",2,"CO",1,1455," "," ",1,1,0,0,0,0,0,0,0,0,0,0,0,0,0,0,0,4146,"CANTAREIRA, RUA DA",16725,"QUEIROS, AV SEN",80,"SE",1,0,"MERCURIO, AV SAO PAULO SP &  CANTAREIRA, RUA DA SAO PAULO SP",-23.5422333,-46.6273817
"2988","D021300924",9078,"IMIRIM, AV",NA,"",3100,"","21/02/2013 12:52",2,"CO",38,1036," "," ",1,1,0,0,0,0,0,0,0,0,0,0,0,0,0,0,0,9078,"IMIRIM, AV",NA,"",71,"SANTANA",1,0,"IMIRIM, AV 3100 SAO PAULO SP",-23.4804953,-46.6560914
"2989","D021300182",5797,"DEODORO, PCA MAL",NA,"",333,"","21/02/2013 13:00",4,"AT",77,818," "," ",1,0,0,0,0,0,0,0,0,0,0,0,0,0,0,0,0,5797,"DEODORO, PCA MAL",NA,"",11,"BRASILANDIA",1,0,"DEODORO, PCA MAL 333 SAO PAULO SP",-23.5339057,-46.6557652
"2990","D021300183",14750,"NOTHMANN, AL",16321,"PIRACICABA, AL BR DE",0,"","21/02/2013 13:20",2,"CL",77,819," "," ",1,1,0,0,0,0,0,0,0,0,0,0,0,0,0,0,0,14750,"NOTHMANN, AL",16321,"PIRACICABA, AL BR DE",70,"SANTA CECILIA",1,0,"NOTHMANN, AL SAO PAULO SP &  PIRACICABA, AL BR DE SAO PAULO SP",-23.5343632,-46.6488075
"2991","D021300631",13019,"ESCOLA POLITECNICA, AV",NA,"",5300,"","21/02/2013 13:30",2,"CT",51,851," "," ",0,1,0,0,0,0,0,0,0,0,0,1,0,0,0,0,0,13019,"ESCOLA POLITECNICA, AV",NA,"",40,"JAGUARE",1,0,"ESCOLA POLITECNICA, AV 5300 SAO PAULO SP",-23.5771203,-46.7664893
"2992","D021300069",5245,"CONSOLACAO, RUA DA",NA,"",2000,"","21/02/2013 13:40",2,"CT",4,1338," "," ",1,1,0,0,0,0,0,0,0,0,0,0,0,0,0,0,0,5245,"CONSOLACAO, RUA DA",NA,"",26,"CONSOLACAO",1,0,"CONSOLACAO, RUA DA 2000 SAO PAULO SP",-23.5528996,-46.6595161
"2994","D021301335",39831,"ROBERTO PATRAO ASSIS, RUA ARQ",NA,"",380,"","21/02/2013 13:45",2,"QD",92,2416," "," ",0,0,0,0,0,0,0,0,0,0,0,0,0,0,0,1,0,39831,"ROBERTO PATRAO ASSIS, RUA ARQ",NA,"",29,"FREGUESIA DO O",1,0,"ROBERTO PATRAO ASSIS, RUA ARQ 380 SAO PAULO SP",-23.658937,-46.74588
"2996","D021300844",475,"ALBERTO BYINGTON, AV",NA,"",1807,"","21/02/2013 14:04",4,"AT",19,701," "," ",1,0,0,0,0,0,0,0,0,0,0,0,0,0,0,0,0,475,"ALBERTO BYINGTON, AV",NA,"",91,"VILA MARIA",1,0,"ALBERTO BYINGTON, AV 1807 SAO PAULO SP",-23.5006214,-46.588955
"2997","D021300482",8615,"HEITOR PENTEADO, RUA",NA,"",1726,"","21/02/2013 14:15",2,"CO",23,981," "," ",1,1,0,0,0,0,0,0,0,0,0,0,0,0,0,0,0,8615,"HEITOR PENTEADO, RUA",NA,"",61,"PERDIZES",1,0,"HEITOR PENTEADO, RUA 1726 SAO PAULO SP",-23.5438552,-46.6941736
"2998","D021301177",8955,"IBITIRAMA, RUA",NA,"",1200,"","21/02/2013 14:20",4,"AT",56,1115," "," ",0,0,1,0,0,0,0,0,0,0,0,0,0,0,0,0,0,8955,"IBITIRAMA, RUA",NA,"",95,"VILA PRUDENTE",1,0,"IBITIRAMA, RUA 1200 SAO PAULO SP",-23.5910538,-46.5811471
"2999","D021300074",17517,"RUI BARBOSA, RUA",19154,"TREZE DE MAIO, RUA",0,"","21/02/2013 14:42",4,"AT",5,297," "," ",0,1,0,0,0,0,0,0,0,0,0,0,0,0,0,0,0,17517,"RUI BARBOSA, RUA",19154,"TREZE DE MAIO, RUA",NA,"",1,0,"RUI BARBOSA, RUA SAO PAULO SP &  TREZE DE MAIO, RUA SAO PAULO SP",-23.5607,-46.6452321
"3001","D021300779",4896,"CHICO PONTES, RUA",NA,"",1000,"","21/02/2013 15:08",4,"AT",9,1122," "," ",1,0,0,0,0,0,0,0,0,0,0,0,0,0,0,0,0,4896,"CHICO PONTES, RUA",NA,"",88,"VILA GUILHERME",1,0,"CHICO PONTES, RUA 1000 SAO PAULO SP",-23.5075846,-46.6028604
"3003","D021300140",543,"ALCANTARA MACHADO, AV",8798,"HIPODROMO, RUA",0,"","21/02/2013 16:00",4,"AT",8,1337," "," ",1,0,0,0,0,0,0,0,0,0,0,0,0,0,0,0,0,543,"ALCANTARA MACHADO, AV",8798,"HIPODROMO, RUA",54,"MOOCA",1,0,"ALCANTARA MACHADO, AV SAO PAULO SP &  HIPODROMO, RUA SAO PAULO SP",-23.5528151,-46.613419
"3005","D021301689",76059,"ILHA DE SANTA ANA, RUA",NA,"",1145,"","21/02/2013 16:22",2,"QM",53,1192," "," ",0,0,0,0,1,0,0,0,0,0,0,0,0,0,0,0,0,76059,"ILHA DE SANTA ANA, RUA",NA,"",51,"MANDAQUI",1,0,"ILHA DE SANTA ANA, RUA 1145 SAO PAULO SP",-23.5623627,-46.4566478
"3006","D021301444",8522,"GUIRAPO, RUA",8521,"GUIRAPA, RUA",0,"","21/02/2013 16:54",2,"CO",22,1330," "," ",1,0,0,0,1,0,0,0,0,0,0,0,0,0,0,0,0,8521,"GUIRAPA, RUA",8522,"GUIRAPO, RUA",86,"VILA CURUCA",1,0,"GUIRAPO, RUA SAO PAULO SP &  GUIRAPA, RUA SAO PAULO SP",-23.6220341,-46.5693528
"3007","D021301026",18594,"TAIPAS, ES",NA,"",3625,"","21/02/2013 17:00",2,"CO",74,1607," "," ",1,1,0,0,0,0,0,0,0,0,0,0,0,0,0,0,0,18594,"TAIPAS, ES",NA,"",52,"MARSILAC",2,0,"TAIPAS, ES 3625 SAO PAULO SP",-23.4261258,-46.7260757
"3009","D021300105",2806,"BATISTA CAETANO, RUA",NA,"",200,"","21/02/2013 17:20",2,"CH",6,933," "," ",1,0,0,0,0,0,0,0,0,0,0,0,0,0,0,0,0,2806,"BATISTA CAETANO, RUA",NA,"",14,"CAMBUCI",1,0,"BATISTA CAETANO, RUA 200 SAO PAULO SP",-23.5789705,-46.6281788
"3010","D021300660",12289,"MARIO SILVEIRA ROSA, RUA",NA,"",18,"","21/02/2013 17:20",4,"AT",75,620," "," ",1,1,0,0,0,0,0,0,0,0,0,0,0,0,0,0,0,12289,"MARIO SILVEIRA ROSA, RUA",NA,"",96,"VILA SONIA",1,0,"MARIO SILVEIRA ROSA, RUA 18 SAO PAULO SP",-23.5957133,-46.7582195
"3011","D021300438",6238,"NACOES UNIDAS, AV DAS",7617,"FREDERICO HERMAN JUNIOR, AV PROF",0,"","21/02/2013 17:45",2,"CO",14,1665," "," ",1,1,0,0,0,0,0,0,0,0,0,0,0,0,0,0,0,6238,"NACOES UNIDAS, AV DAS",7617,"FREDERICO HERMAN JUNIOR, AV PROF",63,"PINHEIROS",1,0,"NACOES UNIDAS, AV DAS SAO PAULO SP &  FREDERICO HERMAN JUNIOR, AV PROF SAO PAULO SP",-23.5735935,-46.7008864
"3012","D021300831",20066,"ZILDA, RUA",NA,"",385,"","21/02/2013 18:00",2,"CO",13,2028," "," ",1,1,0,0,0,0,0,0,0,0,0,0,0,0,0,0,0,20066,"ZILDA, RUA",NA,"",44,"JARDIM PAULISTA",1,0,"ZILDA, RUA 385 SAO PAULO SP",-23.496369,-46.6611923
"3013","D021300142",19163,"TRILHOS, RUA DOS",NA,"",1566,"","21/02/2013 18:30",4,"AT",8,1341," "," ",1,0,0,0,0,0,0,0,0,0,0,0,0,0,0,0,0,19163,"TRILHOS, RUA DOS",NA,"",54,"MOOCA",1,0,"TRILHOS, RUA DOS 1566 SAO PAULO SP",-23.5541862,-46.5944264
"3014","D021300441",16919,"REBOUCAS, AV",NA,"",2742,"","21/02/2013 18:30",2,"CO",14,1732," "," ",1,1,0,0,0,0,0,0,0,0,0,0,0,0,0,0,0,16919,"REBOUCAS, AV",NA,"",44,"JARDIM PAULISTA",1,0,"REBOUCAS, AV 2742 SAO PAULO SP",-23.5685049,-46.6860912
"3016","D021301274",33353,"PRUDENCIO DO AMARAL, RUA",NA,"",77,"","21/02/2013 19:22",4,"AT",47,2266," "," ",0,0,1,0,0,0,0,0,0,0,0,0,0,0,0,0,0,33353,"PRUDENCIO DO AMARAL, RUA",NA,"",29,"FREGUESIA DO O",1,0,"PRUDENCIO DO AMARAL, RUA 77 SAO PAULO SP",-23.6483439,-46.7864739