"","id_acidente","codloga","logradouroA","codlogb","logradouroB","alt_num","referencia","data","cod_acid","tipo_acidente","dp","numero_BO","sentido","pista","automovel","moto","onibus","caminhao","bicicleta","moto_taxi","onibus_fretado","onibus_urbano","microonibus","van","vuc","caminhonete","carreta","jipe","outros","sem_informacao","carroca","princ_a","paiA","princ_b","paiB","cod_distrito","distrito","vit_ferida","vit_morta","local","lat","lon"
"3017","D021300106",17294,"RODRIGO VIEIRA, RUA",NA,"",315,"","21/02/2013 19:30",2,"SI",6,938," "," ",1,1,0,0,0,0,0,0,0,0,0,0,0,0,0,0,0,17294,"RODRIGO VIEIRA, RUA",NA,"",0,"NULL",1,0,"RODRIGO VIEIRA, RUA 315 SAO PAULO SP",-23.5894207,-46.6235181
"3018","D021301162",6492,"ENGENHO VELHO, RUA",4736,"CELSO GARCIA, AV",0,"","21/02/2013 19:30",2,"CO",52,2039," "," ",1,1,0,0,0,0,0,0,0,0,0,0,0,0,0,0,0,4736,"CELSO GARCIA, AV",6492,"ENGENHO VELHO, RUA",82,"TATUAPE",1,0,"ENGENHO VELHO, RUA SAO PAULO SP &  CELSO GARCIA, AV SAO PAULO SP",-23.5337027,-46.5813249
"3019","D021301753",9580,"ITAQUERA, AV",18063,"SERRA DAS DIVISOES, RUA",0,"","21/02/2013 19:40",4,"AT",66,1177," "," ",1,0,0,0,0,0,0,0,0,0,0,0,0,0,0,0,0,9580,"ITAQUERA, AV",34654,"WALDEMAR TIETZ, AV",24,"CIDADE LIDER",1,0,"ITAQUERA, AV SAO PAULO SP &  SERRA DAS DIVISOES, RUA SAO PAULO SP",-23.5540176,-46.4897549
"3021","D021301669",9044,"RAGUEB CHOHFI, AV",2181,"ARICANDUVA, AV",0,"","21/02/2013 20:26",4,"AT",49,2540," "," ",0,1,0,0,0,0,0,0,0,0,0,0,0,0,0,0,0,2181,"ARICANDUVA, AV",9044,"RAGUEB CHOHFI, AV",75,"SAO MATEUS",2,0,"RAGUEB CHOHFI, AV SAO PAULO SP &  ARICANDUVA, AV SAO PAULO SP",-23.5962789,-46.4358414
"3025","D021300981",3771,"INAJAR DE SOUZA, AV",27489,"JERONIMO DE ANDRADE, AV",0,"","21/02/2013 23:30",2,"CO",72,1610," "," ",1,1,0,0,0,0,0,0,0,0,0,0,0,0,0,0,0,3771,"INAJAR DE SOUZA, AV",27489,"JERONIMO DE ANDRADE, AV",13,"CACHOEIRINHA",1,0,"INAJAR DE SOUZA, AV SAO PAULO SP &  JERONIMO DE ANDRADE, AV SAO PAULO SP",-23.461436,-46.6729346
"3026","D021301647",9044,"RAGUEB CHOHFI, AV",NA,"",5057,"","22/02/2013 06:30",2,"CO",49,555," "," ",1,0,0,1,0,0,0,0,0,0,0,0,0,0,0,0,0,9044,"RAGUEB CHOHFI, AV",NA,"",32,"IGUATEMI",4,0,"RAGUEB CHOHFI, AV 5057 SAO PAULO SP",-23.595818,-46.4369764
"3027","D021301219",32309,"SOCORRO, PTE DO",NA,"",100,"","22/02/2013 06:30",2,"CO",11,567," "," ",1,1,0,0,0,0,0,0,0,0,0,0,0,0,0,0,0,32309,"SOCORRO, PTE DO",NA,"",30,"GRAJAU",1,0,"SOCORRO, PTE DO 100 SAO PAULO SP",-23.6658217,-46.7115251
"3029","D021301059",43777,"CARVALHO PINTO, AV GOV",13848,"MERCEDES LOPES, RUA",0,"","22/02/2013 06:45",2,"CT",10,2062," "," ",2,0,0,3,0,0,0,0,0,0,0,2,0,0,0,0,0,13848,"MERCEDES LOPES, RUA",43777,"CARVALHO PINTO, AV GOV",60,"PENHA",2,0,"CARVALHO PINTO, AV GOV SAO PAULO SP &  MERCEDES LOPES, RUA SAO PAULO SP",-23.5149544,-46.5203738
"3030","D021301523",13881,"MIGUEL, AV S",NA,"",4200,"","22/02/2013 06:46",2,"CT",62,763," "," ",0,1,0,0,0,0,0,0,0,0,0,1,0,0,0,0,0,13881,"MIGUEL, AV S",NA,"",65,"PONTE RASA",1,0,"MIGUEL, AV S 4200 SAO PAULO SP",-23.5081246,-46.4927802
"3031","D021301745",9580,"ITAQUERA, AV",NA,"",2500,"","22/02/2013 06:48",2,"CP",66,901,"B"," ",1,0,0,0,0,0,0,0,0,0,0,0,0,0,0,0,0,9580,"ITAQUERA, AV",NA,"",24,"CIDADE LIDER",1,0,"ITAQUERA, AV 2500 SAO PAULO SP",-23.5498338,-46.5017473
"3032","D021301178",15407,"PAPOULAS, RUA DAS",2729,"BAIA GRANDE, RUA",0,"","22/02/2013 06:49",2,"CT",56,1130," "," ",1,1,0,0,0,0,0,0,0,0,0,0,0,0,0,0,0,2729,"BAIA GRANDE, RUA",15407,"PAPOULAS, RUA DAS",95,"VILA PRUDENTE",1,0,"PAPOULAS, RUA DAS SAO PAULO SP &  BAIA GRANDE, RUA SAO PAULO SP",-23.6018498,-46.5706728
"3033","D021301234",10918,"JOSE DINIZ, AV VER",NA,"",615,"","22/02/2013 06:50",2,"CO",11,2027," "," ",0,1,1,0,0,0,0,0,0,0,0,0,0,0,0,0,0,10918,"JOSE DINIZ, AV VER",NA,"",15,"CAMPO BELO",1,0,"JOSE DINIZ, AV VER 615 SAO PAULO SP",-23.6369188,-46.693789
"3034","D021300903",3771,"INAJAR DE SOUZA, AV",NA,"",2000,"","22/02/2013 07:00",2,"CO",28,1899," "," ",0,1,0,0,0,0,0,0,0,0,0,1,0,0,0,0,0,3771,"INAJAR DE SOUZA, AV",NA,"",50,"LIMAO",1,0,"INAJAR DE SOUZA, AV 2000 SAO PAULO SP",-23.4883925,-46.6833461
"3036","D021301323",21084,"JOAO FERNANDES C. NOVA JUNIOR, RUA",NA,"",510,"","22/02/2013 07:00",2,"SI",92,1174," "," ",1,1,0,0,0,0,0,0,0,0,0,0,0,0,0,0,0,21084,"JOAO FERNANDES C. NOVA JUNIOR, RUA",NA,"",29,"FREGUESIA DO O",1,0,"JOAO FERNANDES C. NOVA JUNIOR, RUA 510 SAO PAULO SP",-23.653613,-46.7413435
"3037","D021300673",16838,"RAIMUNDO PEREIRA DE MAGAL., AV",NA,"",2500,"","22/02/2013 07:00",2,"CO",87,931," "," ",1,1,0,0,0,0,0,0,0,0,0,0,0,0,0,0,0,16838,"RAIMUNDO PEREIRA DE MAGAL., AV",NA,"",31,"GUAIANASES",2,0,"RAIMUNDO PEREIRA DE MAGAL., AV 2500 SAO PAULO SP",-23.4866606,-46.7259161
"3038","D021300276",14050,"MIRUNA, AV",8264,"GUAICANAS, AL DOS",0,"","22/02/2013 07:05",2,"CO",27,1863," "," ",1,0,0,0,0,0,0,0,0,0,0,2,0,0,0,0,0,8264,"GUAICANAS, AL DOS",14050,"MIRUNA, AV",79,"SAUDE",1,0,"MIRUNA, AV SAO PAULO SP &  GUAICANAS, AL DOS SAO PAULO SP",-23.614804,-46.6613722
"3039","D021301083",2181,"ARICANDUVA, AV",NA,"",46,"","22/02/2013 07:30",2,"CO",21,585," "," ",0,2,0,0,0,0,0,0,0,0,0,0,0,0,0,0,0,2181,"ARICANDUVA, AV",NA,"",60,"PENHA",1,0,"ARICANDUVA, AV 46 SAO PAULO SP",-23.537927,-46.5459778
"3040","D021300401",6544,"ERMANO MARCHETTI, AV",28914,"PIQUERI, PTE DO",0,"","22/02/2013 07:32",4,"AT",7,1216," "," ",0,0,0,0,0,0,0,1,0,0,0,0,0,0,0,0,0,6544,"ERMANO MARCHETTI, AV",28914,"PIQUERI, PTE DO",NA,"",1,0,"ERMANO MARCHETTI, AV SAO PAULO SP &  PIQUERI, PTE DO SAO PAULO SP",-23.5138014,-46.7023128
"3042","D021300277",19100,"BANDEIRANTES, AV DOS",NA,"",3300,"","22/02/2013 08:13",2,"CO",27,1871," "," ",0,1,0,0,0,0,0,0,0,0,0,1,0,0,0,0,0,19100,"BANDEIRANTES, AV DOS",NA,"",24,"CIDADE LIDER",1,0,"BANDEIRANTES, AV DOS 3300 SAO PAULO SP",-23.6156489,-46.6671819
"3043","D021301060",13177,"MARIA CARLOTA, RUA",NA,"",1015,"","22/02/2013 08:15",4,"AT",10,2068," "," ",0,1,0,0,0,0,0,0,0,0,0,0,0,0,0,0,0,13177,"MARIA CARLOTA, RUA",NA,"",60,"PENHA",1,0,"MARIA CARLOTA, RUA 1015 SAO PAULO SP",-23.5306931,-46.5275448
"3044","D021301233",952,"AMADOR BUENO, RUA",NA,"",120,"","22/02/2013 08:18",4,"AT",11,2025," "," ",1,0,0,0,0,0,0,0,0,0,0,0,0,0,0,0,0,952,"AMADOR BUENO, RUA",NA,"",72,"SANTO AMARO",1,0,"AMADOR BUENO, RUA 120 SAO PAULO SP",-23.6522786,-46.7089848
"3045","D021300351",6917,"FAUSTO, RUA",7461,"FRANCISCO INACIO, RUA CEL",0,"","22/02/2013 08:30",2,"CO",95,818," "," ",1,1,0,0,0,0,0,0,0,0,0,0,0,0,0,0,0,6917,"FAUSTO, RUA",7461,"FRANCISCO INACIO, RUA CEL",69,"SACOMA",1,0,"FAUSTO, RUA SAO PAULO SP &  FRANCISCO INACIO, RUA CEL SAO PAULO SP",-23.6113231,-46.6037254
"3046","D021301164",65634,"FRANCISCO FALCONI, AV",NA,"",1454,"","22/02/2013 08:45",2,"CH",56,370," "," ",1,0,0,0,0,0,0,0,0,0,0,0,0,0,0,0,0,65634,"FRANCISCO FALCONI, AV",NA,"",26,"CONSOLACAO",1,0,"FRANCISCO FALCONI, AV 1454 SAO PAULO SP",-23.5932196,-46.563583
"3047","D021300825",9078,"IMIRIM, AV",NA,"",1190,"","22/02/2013 09:15",2,"QM",13,1898," "," ",0,1,0,0,0,0,0,0,0,0,0,0,0,0,0,0,0,9078,"IMIRIM, AV",NA,"",71,"SANTANA",1,0,"IMIRIM, AV 1190 SAO PAULO SP",-23.4943735,-46.6460023
"3049","D021301420",7640,"LUIS ARROBAS MARTINS, RUA DR",NA,"",735,"","22/02/2013 09:41",2,"CO",102,570," "," ",1,1,0,0,0,0,0,0,0,0,0,0,0,0,0,0,0,7640,"LUIS ARROBAS MARTINS, RUA DR",NA,"",81,"SOCORRO",1,0,"LUIS ARROBAS MARTINS, RUA DR 735 SAO PAULO SP",-23.6854396,-46.7085775
"3050","D021300184",8023,"GLETE, AL",11883,"LIMEIRA, AL BR DE",0,"","22/02/2013 09:51",2,"CO",77,837," "," ",1,1,0,0,0,0,0,0,0,0,0,0,0,0,0,0,0,8023,"GLETE, AL",11883,"LIMEIRA, AL BR DE",70,"SANTA CECILIA",1,0,"GLETE, AL SAO PAULO SP &  LIMEIRA, AL BR DE SAO PAULO SP",-23.5372939,-46.6502599
"3052","D021300891",5947,"EDGAR FACO, AV GAL",NA,"",1200,"","22/02/2013 10:05",2,"CO",28,952," "," ",1,1,0,0,0,0,0,0,0,0,0,0,0,0,0,0,0,5947,"EDGAR FACO, AV GAL",NA,"",64,"PIRITUBA",1,0,"EDGAR FACO, AV GAL 1200 SAO PAULO SP",-23.4953362,-46.7080558
"3053","D021300461",7691,"GABRIEL MONTEIRO DA SILVA, AL",NA,"",1800,"","22/02/2013 10:15",2,"CO",15,1007," "," ",1,1,0,0,0,0,0,0,0,0,0,0,0,0,0,0,0,7691,"GABRIEL MONTEIRO DA SILVA, AL",NA,"",63,"PINHEIROS",1,0,"GABRIEL MONTEIRO DA SILVA, AL 1800 SAO PAULO SP",-23.5740698,-46.6841801
"3054","D021300456",6897,"FARIA LIMA, AV BRIG",NA,"",4600,"","22/02/2013 10:45",2,"CO",15,875," "," ",0,2,0,0,0,0,0,0,0,0,0,0,0,0,0,0,0,6897,"FARIA LIMA, AV BRIG",NA,"",63,"PINHEIROS",1,0,"FARIA LIMA, AV BRIG 4600 SAO PAULO SP",-23.5967626,-46.6797189
"3055","D021300892",9420,"ITABERABA, AV",NA,"",1296,"","22/02/2013 10:52",2,"SI",28,954," "," ",0,1,1,0,0,0,0,0,0,0,0,0,0,0,0,0,0,9420,"ITABERABA, AV",NA,"",29,"FREGUESIA DO O",1,0,"ITABERABA, AV 1296 SAO PAULO SP",-23.4909094,-46.6944355
"3057","D021301421",17110,"RIO BONITO, AV DO",NA,"",1700,"","22/02/2013 11:56",2,"CO",102,527," "," ",1,1,0,0,0,0,0,0,0,0,0,0,0,0,0,0,0,17110,"RIO BONITO, AV DO",NA,"",32,"IGUATEMI",1,0,"RIO BONITO, AV DO 1700 SAO PAULO SP",-23.6872599,-46.7021153
"3058","D021300204",5175,"COLOMBIA, RUA",NA,"",100,"","22/02/2013 12:15",2,"CO",78,1432," "," ",1,1,0,0,0,0,0,0,0,0,0,0,0,0,0,0,0,5175,"COLOMBIA, RUA",NA,"",44,"JARDIM PAULISTA",1,0,"COLOMBIA, RUA 100 SAO PAULO SP",-23.5673239,-46.6699827
"3059","D021300697",8483,"GUILHERME DUMONT VILARES, AV DR",NA,"",500,"","22/02/2013 12:20",2,"CO",89,1218," "," ",0,0,0,0,0,0,0,0,0,0,0,2,0,0,0,0,0,8483,"GUILHERME DUMONT VILARES, AV DR",NA,"",85,"VILA ANDRADE",1,0,"GUILHERME DUMONT VILARES, AV DR 500 SAO PAULO SP",-23.607958,-46.7448377
"3060","D021300205",12165,"LUIS ANTONIO, AV BRIG",NA,"",3722,"","22/02/2013 12:22",2,"CO",78,1433," "," ",1,1,0,0,0,0,0,0,0,0,0,0,0,0,0,0,0,12165,"LUIS ANTONIO, AV BRIG",NA,"",7,"BELA VISTA",1,0,"LUIS ANTONIO, AV BRIG 3722 SAO PAULO SP",-23.5769884,-46.6590507
"3061","D021300187",14750,"NOTHMANN, AL",NA,"",603,"","22/02/2013 13:10",2,"CO",77,890," "," ",1,1,0,0,0,0,0,0,0,0,0,0,0,0,0,0,0,14750,"NOTHMANN, AL",NA,"",70,"SANTA CECILIA",1,0,"NOTHMANN, AL 603 SAO PAULO SP",-23.5330606,-46.6468667
"3062","D021301690",61686,"EDUARDO SALAMONDE, RUA",66467,"LUIS DE TOLEDO PIZA, RUA",0,"","22/02/2013 13:10",2,"CO",53,1195," "," ",0,1,0,0,0,0,0,0,1,0,0,0,0,0,0,0,0,61686,"EDUARDO SALAMONDE, RUA",66467,"LUIS DE TOLEDO PIZA, RUA",58,"PARQUE DO CARMO",1,0,"EDUARDO SALAMONDE, RUA SAO PAULO SP &  LUIS DE TOLEDO PIZA, RUA SAO PAULO SP",-23.5705572,-46.4744313
"3063","D021301122",27094,"SALIM FARAH MALUF, AV",2817,"BARBACENA, RUA MAL",0,"","22/02/2013 13:42",2,"QM",30,1023," "," ",0,1,0,0,0,0,0,0,0,0,0,0,0,0,0,0,0,2817,"BARBACENA, RUA MAL",27094,"SALIM FARAH MALUF, AV",87,"VILA FORMOSA",1,0,"SALIM FARAH MALUF, AV SAO PAULO SP &  BARBACENA, RUA MAL SAO PAULO SP",-23.5555392,-46.5773751
"3065","D021300278",9309,"IRAI, AV",NA,"",600,"","22/02/2013 14:00",2,"CO",27,1892," "," ",1,1,0,0,0,0,0,0,0,0,0,0,0,0,0,0,0,9309,"IRAI, AV",NA,"",79,"SAUDE",1,0,"IRAI, AV 600 SAO PAULO SP",-23.6115825,-46.6619807
"3066","D021300107",11922,"LINS DE VASCONCELOS, AV",NA,"",1281,"","22/02/2013 14:05",2,"SI",6,952," "," ",1,1,0,0,0,0,0,0,0,0,0,0,0,0,0,0,0,11922,"LINS DE VASCONCELOS, AV",NA,"",92,"VILA MARIANA",1,0,"LINS DE VASCONCELOS, AV 1281 SAO PAULO SP",-23.5746808,-46.6231665
"3067","D021300817",4819,"CESAR PENA RAMOS, RUA",NA,"",94,"","22/02/2013 14:11",4,"AT",13,1637," "," ",0,0,0,0,0,0,0,0,0,0,0,0,0,0,0,1,0,4819,"CESAR PENA RAMOS, RUA",NA,"",50,"LIMAO",1,0,"CESAR PENA RAMOS, RUA 94 SAO PAULO SP",-23.4909759,-46.6617854
"3068","D021300912",9078,"IMIRIM, AV",NA,"",2912,"","22/02/2013 14:15",4,"AT",38,724," "," ",0,1,0,0,0,0,0,0,0,0,0,0,0,0,0,0,0,9078,"IMIRIM, AV",NA,"",71,"SANTANA",1,0,"IMIRIM, AV 2912 SAO PAULO SP",-23.4818453,-46.6550581
"3069","D021300333",10630,"PEDRO ALVARES CABRAL, AV",NA,"",201,"","22/02/2013 14:15",2,"CL",36,836," "," ",1,1,0,0,0,0,0,0,0,0,0,0,0,0,0,0,0,10630,"PEDRO ALVARES CABRAL, AV",NA,"",53,"MOEMA",2,0,"PEDRO ALVARES CABRAL, AV 201 SAO PAULO SP",-23.579423,-46.657371
"3070","D021300781",2455,"ATALIBA LEONEL, AV GAL",NA,"",1570,"","22/02/2013 14:20",4,"AT",9,1148," "," ",1,0,0,0,0,0,0,0,0,0,0,0,0,0,0,0,0,2455,"ATALIBA LEONEL, AV GAL",NA,"",88,"VILA GUILHERME",1,0,"ATALIBA LEONEL, AV GAL 1570 SAO PAULO SP",-23.500989,-46.6138368
"3071","D021300169",4561,"CASTELO BRANCO, AV PRES",4632,"CATUMBI, RUA",0,"","22/02/2013 14:30",4,"AT",12,1097," "," ",0,0,0,1,0,0,0,0,0,0,0,0,0,0,0,0,0,4561,"CASTELO BRANCO, AV PRES",4632,"CATUMBI, RUA",8,"BELEM",1,0,"CASTELO BRANCO, AV PRES SAO PAULO SP &  CATUMBI, RUA SAO PAULO SP",-23.5216047,-46.6390428
"3072","D021300782",4219,"ZAKI NARCHI, AV",NA,"",1100,"","22/02/2013 15:00",2,"CO",9,1149," "," ",0,1,0,0,0,0,0,0,0,0,0,1,0,0,0,0,0,4219,"ZAKI NARCHI, AV",NA,"",88,"VILA GUILHERME",1,0,"ZAKI NARCHI, AV 1100 SAO PAULO SP",-23.5083518,-46.6155248
"3073","D021300705",9710,"JOSE HOR. MEIRELLES TEIXEIRA, RUA PROF",69906,"CUSTODIO DE OLIVEIRA, RUA",0,"","22/02/2013 15:00",2,"CO",89,1478," "," ",1,1,0,0,0,0,0,0,0,0,0,0,0,0,0,0,0,9710,"JOSE HOR. MEIRELLES TEIXEIRA, RUA PROF",73454,"JOAO BALDINATO, RUA",96,"VILA SONIA",1,0,"JOSE HOR. MEIRELLES TEIXEIRA, RUA PROF SAO PAULO SP &  CUSTODIO DE OLIVEIRA, RUA SAO PAULO SP",-23.5559971,-46.4105377
"3074","D021301370",3028,"BEIJUI, RUA",NA,"",31,"","22/02/2013 15:20",2,"CO",99,784," "," ",1,1,0,0,0,0,0,0,0,0,0,0,0,0,0,0,0,3028,"BEIJUI, RUA",NA,"",16,"CAMPO GRANDE",1,0,"BEIJUI, RUA 31 SAO PAULO SP",-23.6676536,-46.6900555
"3075","D021300877",13133,"MARIA AMALIA LOPES AZEVEDO, RUA",NA,"",1705,"","22/02/2013 15:30",2,"CO",20,1726," "," ",1,1,0,0,0,0,0,0,0,0,0,0,0,0,0,0,0,13133,"MARIA AMALIA LOPES AZEVEDO, RUA",NA,"",83,"TREMEMBE",1,0,"MARIA AMALIA LOPES AZEVEDO, RUA 1705 SAO PAULO SP",-23.4581294,-46.6083826
"3076","D021301438",11542,"NORDESTINA, AV",NA,"",10,"","22/02/2013 15:40",4,"AT",22,1019," "," ",1,0,0,0,0,0,0,0,0,0,0,0,0,0,0,0,0,11542,"NORDESTINA, AV",NA,"",76,"SAO MIGUEL",1,0,"NORDESTINA, AV 10 SAO PAULO SP",-23.4963191,-46.4421927
"3077","D021300944",18182,"SILVA GUIMARAES, RUA",6163,"EDE, AV",0,"","22/02/2013 15:50",2,"CO",39,871," "," ",1,1,0,0,0,0,0,0,0,0,0,0,0,0,0,0,0,6163,"EDE, AV",18182,"SILVA GUIMARAES, RUA",94,"VILA MEDEIROS",1,0,"SILVA GUIMARAES, RUA SAO PAULO SP &  EDE, AV SAO PAULO SP",-23.4928678,-46.5938213
"3078","D021300674",28329,"CHARLES SILVER, RUA",28325,"GABRIEL PLAVER, RUA",0,"","22/02/2013 16:00",2,"CL",87,952," "," ",0,0,0,0,1,0,0,0,1,0,0,0,0,0,0,0,0,28325,"GABRIEL PLAVER, RUA",28329,"CHARLES SILVER, RUA",64,"PIRITUBA",1,0,"CHARLES SILVER, RUA SAO PAULO SP &  GABRIEL PLAVER, RUA SAO PAULO SP",-23.4961985,-46.7225227
"3079","D021301793",36323,"SOFIA CASTELANE, RUA",43087,"AGUIAS REAIS, RUA DAS",0,"","22/02/2013 16:00",2,"CF",70,1840," "," ",1,1,0,0,0,0,0,0,0,0,0,0,0,0,0,0,0,36323,"SOFIA CASTELANE, RUA",43087,"AGUIAS REAIS, RUA DAS",78,"SAPOPEMBA",1,0,"SOFIA CASTELANE, RUA SAO PAULO SP &  AGUIAS REAIS, RUA DAS SAO PAULO SP",-23.6206289,-46.5049947
"3081","D021300648",8603,"HEITOR ANTONIO EIRAS GARCIA, AV ENG",NA,"",4420,"","22/02/2013 16:37",2,"CO",75,244," "," ",1,1,0,0,0,0,0,0,0,0,0,0,0,0,0,0,0,8603,"HEITOR ANTONIO EIRAS GARCIA, AV ENG",NA,"",68,"RIO PEQUENO",1,0,"HEITOR ANTONIO EIRAS GARCIA, AV ENG 4420 SAO PAULO SP",-23.5898624,-46.770298
"3082","D021300279",15986,"CONSTANTINO DE SOUSA, RUA",19692,"VIEIRA DE MORAIS, RUA",0,"","22/02/2013 17:00",4,"AT",27,1895," "," ",1,0,0,0,0,0,0,0,0,0,0,0,0,0,0,0,0,15986,"CONSTANTINO DE SOUSA, RUA",19692,"VIEIRA DE MORAIS, RUA",15,"CAMPO BELO",1,0,"CONSTANTINO DE SOUSA, RUA SAO PAULO SP &  VIEIRA DE MORAIS, RUA SAO PAULO SP",-23.6201136,-46.6761631
"3083","D021300676",75150,"HERBERT ARRUDA PEREIRA, RUA",NA,"",20,"","22/02/2013 17:30",2,"CO",87,1055," "," ",0,1,0,0,0,0,0,0,0,0,0,0,0,0,0,1,0,75150,"HERBERT ARRUDA PEREIRA, RUA",NA,"",31,"GUAIANASES",1,0,"HERBERT ARRUDA PEREIRA, RUA 20 SAO PAULO SP",-23.4799195,-46.7252051
"3084","D021301184",14213,"MOOCA, RUA DA",NA,"",1115,"","22/02/2013 17:30",2,"QM",57,351," "," ",1,1,0,0,0,0,0,0,0,0,0,0,0,0,0,0,0,14213,"MOOCA, RUA DA",NA,"",16,"CAMPO GRANDE",1,0,"MOOCA, RUA DA 1115 SAO PAULO SP",-23.5541516,-46.6143801
"3086","D021300544",11291,"JULES RIMET, AV",11687,"LEBRET, AV PDE",0,"","22/02/2013 17:45",2,"CO",34,1196," "," ",1,0,1,0,0,0,0,0,0,0,0,0,0,0,0,0,0,11291,"JULES RIMET, AV",11687,"LEBRET, AV PDE",55,"MORUMBI",1,0,"JULES RIMET, AV SAO PAULO SP &  LEBRET, AV PDE SAO PAULO SP",-23.5984722,-46.7196818
"3087","D021300559",11291,"JULES RIMET, AV",11687,"LEBRET, AV PDE",0,"","22/02/2013 17:45",2,"CF",34,1479," "," ",1,0,1,0,0,0,0,0,0,0,0,0,0,0,0,0,0,11291,"JULES RIMET, AV",11687,"LEBRET, AV PDE",55,"MORUMBI",1,0,"JULES RIMET, AV SAO PAULO SP &  LEBRET, AV PDE SAO PAULO SP",-23.5984722,-46.7196818
"3088","D021301086",18454,"SOUSA BANDEIRA, AV",NA,"",740,"","22/02/2013 18:00",2,"CO",21,598," "," ",3,0,0,0,0,0,0,0,0,0,0,0,0,0,0,0,0,18454,"SOUSA BANDEIRA, AV",NA,"",38,"JACANA",1,0,"SOUSA BANDEIRA, AV 740 SAO PAULO SP",-23.5436274,-46.4992637
"3090","D021300311",21116,"LEDUGERIO DE FREITAS BARBOSA, RUA",NA,"",15,"","22/02/2013 18:15",4,"AT",35,1674," "," ",1,0,0,0,0,0,0,0,0,0,0,0,0,0,0,0,0,21116,"LEDUGERIO DE FREITAS BARBOSA, RUA",NA,"",42,"JARDIM ANGELA",1,0,"LEDUGERIO DE FREITAS BARBOSA, RUA 15 SAO PAULO SP",-23.6453766,-46.6474139
"3091","D021301241",6238,"NACOES UNIDAS, AV DAS",NA,"",13500,"","22/02/2013 18:20",2,"CO",11,2513," "," ",1,1,0,0,0,0,0,0,0,0,0,0,0,0,0,0,0,13014,"MARGINAL DO RIO PINHEIROS, AV",NA,"",90,"VILA LEOPOLDINA",1,0,"NACOES UNIDAS, AV DAS 13500 SAO PAULO SP",-23.6791527,-46.6960883
"3092","D021300931",9170,"INES, AV STA",NA,"",836,"","22/02/2013 18:30",2,"CF",38,1629," "," ",1,1,0,0,0,0,0,0,0,0,0,0,0,0,0,0,0,9170,"INES, AV STA",NA,"",51,"MANDAQUI",1,0,"INES, AV STA 836 SAO PAULO SP",-23.4723584,-46.6299798
"3093","D021300826",19884,"VOLUNTARIOS DA PATRIA, RUA",NA,"",1068,"","22/02/2013 18:30",2,"QM",13,1907," "," ",0,1,0,0,0,0,0,0,0,0,0,0,0,0,0,0,0,19884,"VOLUNTARIOS DA PATRIA, RUA",NA,"",8,"BELEM",1,0,"VOLUNTARIOS DA PATRIA, RUA 1068 SAO PAULO SP",-23.5111823,-46.6260629
"3094","D021300725",12436,"MACEDO SOARES, AV EMB",15330,"PALADINO, RUA MAJ",0,"","22/02/2013 18:51",4,"AT",91,1278," "," ",0,1,0,0,0,0,0,0,0,0,0,0,0,0,0,0,0,12436,"MACEDO SOARES, AV EMB",15330,"PALADINO, RUA MAJ",90,"VILA LEOPOLDINA",1,0,"MACEDO SOARES, AV EMB SAO PAULO SP &  PALADINO, RUA MAJ SAO PAULO SP",-23.509526,-46.7091748
"3095","D021301337",19230,"NOVA DO TUPAROQUERA, RUA",36572,"PAULO LEMORE, RUA",0,"","22/02/2013 18:53",2,"CO",92,900037," "," ",1,1,0,0,0,0,0,0,0,0,0,0,0,0,0,0,0,19230,"NOVA DO TUPAROQUERA, RUA",36572,"PAULO LEMORE, RUA",45,"JARDIM SAO LUIS",1,0,"NOVA DO TUPAROQUERA, RUA SAO PAULO SP &  PAULO LEMORE, RUA SAO PAULO SP",-23.6616472,-46.740126
"3096","D021301569",6613,"ESPERANTINA, AV",NA,"",1200,"","22/02/2013 19:00",2,"CO",64,1555," "," ",1,1,0,0,0,0,0,0,0,0,0,0,0,0,0,0,0,6613,"ESPERANTINA, AV",NA,"",5,"ARTUR ALVIM",1,0,"ESPERANTINA, AV 1200 SAO PAULO SP",-23.5350415,-46.4761516
"3097","D021300726",12436,"MACEDO SOARES, AV EMB",NA,"",6000,"","22/02/2013 19:00",4,"AT",91,1285," "," ",1,0,0,0,0,0,0,0,0,0,0,0,0,0,0,0,0,29772,"MARGINAL DO RIO TIETE, AV",NA,"",48,"LAPA",1,0,"MACEDO SOARES, AV EMB 6000 SAO PAULO SP",-23.5727557,-46.6882636
"3098","D021301711",45398,"CACHOEIRA IDALINA, RUA",NA,"",10,"","22/02/2013 19:00",2,"QM",54,2583," "," ",0,1,0,0,0,0,0,0,0,0,0,0,0,0,0,0,0,45398,"CACHOEIRA IDALINA, RUA",NA,"",25,"CIDADE TIRADENT",1,0,"CACHOEIRA IDALINA, RUA 10 SAO PAULO SP",-23.5819147,-46.3940789
"3101","D021301061",15220,"OTILIA, RUA",6383,"HELOISA CAMARGO, RUA",0,"","22/02/2013 19:19",2,"CO",10,2086," "," ",2,0,0,0,0,0,0,0,0,0,0,0,0,0,0,0,0,6383,"HELOISA CAMARGO, RUA",15220,"OTILIA, RUA",60,"PENHA",1,0,"OTILIA, RUA SAO PAULO SP &  HELOISA CAMARGO, RUA SAO PAULO SP",-23.5267318,-46.5238806
"3103","D021301512",71944,"DOMINGOS FERNANDES NOBRE, RUA",NA,"",100,"","22/02/2013 19:30",4,"AT",59,769," "," ",1,0,0,0,0,0,0,0,0,0,0,0,0,0,0,0,0,71944,"DOMINGOS FERNANDES NOBRE, RUA",NA,"",54,"MOOCA",1,0,"DOMINGOS FERNANDES NOBRE, RUA 100 SAO PAULO SP",-23.4860847,-46.389533