"","id_acidente","codloga","logradouroA","codlogb","logradouroB","alt_num","referencia","data","cod_acid","tipo_acidente","dp","numero_BO","sentido","pista","automovel","moto","onibus","caminhao","bicicleta","moto_taxi","onibus_fretado","onibus_urbano","microonibus","van","vuc","caminhonete","carreta","jipe","outros","sem_informacao","carroca","princ_a","paiA","princ_b","paiB","cod_distrito","distrito","vit_ferida","vit_morta","local","lat","lon"
"3104","D021301746",75433,"LATINOS, AV DOS",NA,"",1203,"","22/02/2013 19:30",4,"AT",66,916," "," ",0,1,0,0,0,0,0,0,0,0,0,0,0,0,0,0,0,75433,"LATINOS, AV DOS",NA,"",38,"JACANA",1,0,"LATINOS, AV DOS 1203 SAO PAULO SP",-23.57345,-46.4942979
"3105","D021300372",2034,"ARAGUARI, RUA",8193,"GRAUNA, RUA",0,"","22/02/2013 19:35",2,"CO",96,953," "," ",1,1,0,0,0,0,0,0,0,0,0,0,0,0,0,0,0,2034,"ARAGUARI, RUA",8193,"GRAUNA, RUA",53,"MOEMA",1,0,"ARAGUARI, RUA SAO PAULO SP &  GRAUNA, RUA SAO PAULO SP",-23.6010372,-46.6728294
"3106","D021301334",1903,"ANTUNES DOS SANTOS, RUA COMEN",NA,"",62,"","22/02/2013 19:45",4,"AT",92,2339," "," ",0,1,0,0,0,0,0,0,0,0,0,0,0,0,0,0,0,1903,"ANTUNES DOS SANTOS, RUA COMEN",NA,"",45,"JARDIM SAO LUIS",1,0,"ANTUNES DOS SANTOS, RUA COMEN 62 SAO PAULO SP",-23.6680849,-46.7725032
"3107","D021301691",45319,"MALMEQUER DO CAMPO, RUA",45309,"SOVERAL, RUA",0,"","22/02/2013 19:54",2,"CO",53,1200," "," ",2,0,0,0,0,0,0,0,0,0,0,0,0,0,0,0,0,45309,"SOVERAL, RUA",45319,"MALMEQUER DO CAMPO, RUA",58,"PARQUE DO CARMO",1,0,"MALMEQUER DO CAMPO, RUA SAO PAULO SP &  SOVERAL, RUA SAO PAULO SP",-23.5834044,-46.4519729
"3108","D021301257",11116,"JOSE NEVES, RUA",NA,"",213,"","22/02/2013 20:00",4,"AT",43,820," "," ",0,0,0,0,0,0,0,0,0,0,0,1,0,0,0,0,0,11116,"JOSE NEVES, RUA",NA,"",22,"CIDADE ADEMAR",1,0,"JOSE NEVES, RUA 213 SAO PAULO SP",-23.659664,-46.6774902
"3110","D021300920",4290,"ADOLFO COELHO, AV",NA,"",606,"","22/02/2013 20:00",4,"AT",38,947," "," ",1,0,0,0,0,0,0,0,0,0,0,0,0,0,0,0,0,4290,"ADOLFO COELHO, AV",NA,"",51,"MANDAQUI",1,0,"ADOLFO COELHO, AV 606 SAO PAULO SP",-23.4718492,-46.6464998
"3111","D021300393",2235,"ARMANDO DE ARRUDA PEREIRA, AV ENG",NA,"",2370,"","22/02/2013 20:10",4,"AT",97,1594," "," ",0,0,1,0,0,0,0,0,0,0,0,0,0,0,0,0,0,2235,"ARMANDO DE ARRUDA PEREIRA, AV ENG",NA,"",37,"JABAQUARA",1,0,"ARMANDO DE ARRUDA PEREIRA, AV ENG 2370 SAO PAULO SP",-23.6484095,-46.6403726
"3113","D021300249",18172,"SILVA BUENO, RUA",18760,"TAYLOR, RUA COMTE",0,"","22/02/2013 21:30",2,"CO",17,2430," "," ",1,1,0,0,0,0,0,0,0,0,0,0,0,0,0,0,0,18172,"SILVA BUENO, RUA",18760,"TAYLOR, RUA COMTE",NA,"",1,0,"SILVA BUENO, RUA SAO PAULO SP &  TAYLOR, RUA COMTE SAO PAULO SP",-23.5920384,-46.601253
"3115","D021300280",4676,"CECI, AV",1937,"APETUPAS, AL",0,"","22/02/2013 22:05",2,"CO",27,1905," "," ",1,1,0,0,0,0,0,0,0,0,0,0,0,0,0,0,0,518,"ALBERTO WILLO, RUA",9899,"JANDIRA, AV",79,"SAUDE",1,0,"CECI, AV SAO PAULO SP &  APETUPAS, AL SAO PAULO SP",-23.6207973,-46.6498156
"3116","D021300430",14282,"MOURATO COELHO, RUA",2149,"ARCOVERDE, RUA CARD",0,"","22/02/2013 23:30",4,"AT",14,1339," "," ",1,0,0,0,0,0,0,0,0,0,0,0,0,0,0,0,0,2149,"ARCOVERDE, RUA CARD",14282,"MOURATO COELHO, RUA",63,"PINHEIROS",1,0,"MOURATO COELHO, RUA SAO PAULO SP &  ARCOVERDE, RUA CARD SAO PAULO SP",-23.5595325,-46.6905467
"3117","D021301826",2181,"ARICANDUVA, AV",NA,"",5555,"","23/02/2013 00:40",2,"CH",53,1205," "," ",0,1,0,0,0,0,0,0,0,0,0,0,0,0,0,0,0,2181,"ARICANDUVA, AV",NA,"",60,"PENHA",0,1,"ARICANDUVA, AV 5555 SAO PAULO SP",-23.5610792,-46.5113397
"3118","D021300706",8000,"GIOVANNI GRONCHI, AV",NA,"",3737,"","23/02/2013 00:40",4,"AT",89,1483," "," ",1,0,0,0,0,0,0,0,0,0,0,0,0,0,0,0,0,8000,"GIOVANNI GRONCHI, AV",NA,"",55,"MORUMBI",1,0,"GIOVANNI GRONCHI, AV 3737 SAO PAULO SP",-23.6130535,-46.7296057
"3119","D021301594",11542,"NORDESTINA, AV",NA,"",5500,"","23/02/2013 01:00",2,"CF",68,596," "," ",1,1,0,0,0,0,0,0,0,0,0,0,0,0,0,0,0,11542,"NORDESTINA, AV",NA,"",76,"SAO MIGUEL",1,0,"NORDESTINA, AV 5500 SAO PAULO SP",-23.5246116,-46.4183928
"3120","D021301524",2429,"ASSIS RIBEIRO, RUA DR",NA,"",8472,"","23/02/2013 02:00",2,"CT",62,776," "," ",0,1,0,0,0,0,0,0,0,0,0,1,0,0,0,0,0,2429,"ASSIS RIBEIRO, RUA DR",NA,"",28,"ERMELINO MATARA",1,0,"ASSIS RIBEIRO, RUA DR 8472 SAO PAULO SP",-23.4850531,-46.4790939
"3121","D021300707",8483,"GUILHERME DUMONT VILARES, AV DR",NA,"",240,"","23/02/2013 02:15",2,"SI",89,1484," "," ",0,2,0,0,0,0,0,0,0,0,0,0,0,0,0,0,0,8483,"GUILHERME DUMONT VILARES, AV DR",NA,"",85,"VILA ANDRADE",2,0,"GUILHERME DUMONT VILARES, AV DR 240 SAO PAULO SP",-23.6059844,-46.7463135
"3122","D021301179",7497,"FRANCISCO MESQUITA, AV DR",NA,"",1800,"","23/02/2013 02:46",2,"CH",56,1153," "," ",1,0,0,0,0,0,0,0,0,0,0,0,0,0,0,0,0,7497,"FRANCISCO MESQUITA, AV DR",NA,"",95,"VILA PRUDENTE",1,0,"FRANCISCO MESQUITA, AV DR 1800 SAO PAULO SP",-23.5983965,-46.5806067
"3123","D021300207",3581,"BRASIL, AV",19544,"VENEZA, RUA",0,"","23/02/2013 05:10",2,"CO",78,1452," "," ",1,0,0,0,0,0,0,0,0,0,0,1,0,0,0,0,0,3581,"BRASIL, AV",19544,"VENEZA, RUA",44,"JARDIM PAULISTA",2,0,"BRASIL, AV SAO PAULO SP &  VENEZA, RUA SAO PAULO SP",-21.4863218,-47.3631133
"3124","D021300190",8255,"GUAIANASES, RUA",NA,"",800,"","23/02/2013 05:30",2,"QF",77,1094," "," ",0,0,0,0,0,0,0,1,0,0,0,0,0,0,0,0,0,8255,"GUAIANASES, RUA",NA,"",70,"SANTA CECILIA",1,0,"GUAIANASES, RUA 800 SAO PAULO SP",-23.5348785,-46.6448544
"3125","D021300440",8714,"HENRIQUE SCHAUMANN, RUA",44187,"CELSO DELMANTO, PCA",0,"","23/02/2013 05:40",2,"CO",14,1726," "," ",1,0,0,1,0,0,0,0,0,0,0,0,0,0,0,0,0,8714,"HENRIQUE SCHAUMANN, RUA",44187,"CELSO DELMANTO, PCA",NA,"",1,0,"HENRIQUE SCHAUMANN, RUA SAO PAULO SP &  CELSO DELMANTO, PCA SAO PAULO SP",-23.5592028,-46.6816806
"3126","D021301570",99884,"ENCONTROS E DESPEDIDAS, RUA",NA,"",60,"","23/02/2013 07:07",2,"CH",64,1561," "," ",1,0,0,0,0,0,0,0,0,0,0,0,0,0,0,0,0,99884,"ENCONTROS E DESPEDIDAS, RUA",NA,"",36,"ITAQUERA",1,0,"ENCONTROS E DESPEDIDAS, RUA 60 SAO PAULO SP",-23.5236013,-46.4665806
"3127","D021301461",27081,"CARLOS BIGATTI, RUA",NA,"",44,"","23/02/2013 07:09",2,"CO",24,1953," "," ",1,1,0,0,0,0,0,0,0,0,0,0,0,0,0,0,0,27081,"CARLOS BIGATTI, RUA",NA,"",41,"JARAGUA",1,0,"CARLOS BIGATTI, RUA 44 SAO PAULO SP",-23.5044689,-46.5108299
"3128","D021300893",5947,"EDGAR FACO, AV GAL",NA,"",1,"","23/02/2013 07:15",4,"AT",28,970," "," ",1,0,0,0,0,0,0,0,0,0,0,0,0,0,0,0,0,5947,"EDGAR FACO, AV GAL",NA,"",64,"PIRITUBA",1,0,"EDGAR FACO, AV GAL 1 SAO PAULO SP",-23.4986333,-46.7070233
"3129","D021300584",9949,"JARACATIA, RUA",NA,"",566,"","23/02/2013 08:15",2,"CO",37,1581," "," ",1,0,0,0,1,0,0,0,0,0,0,0,0,0,0,0,0,9949,"JARACATIA, RUA",NA,"",17,"CAMPO LIMPO",1,0,"JARACATIA, RUA 566 SAO PAULO SP",-23.6202341,-46.7533087
"3130","D021300281",10412,"JOAO PEDRO CARDOSO, AV",NA,"",244,"","23/02/2013 08:27",2,"SI",27,1913," "," ",1,0,0,0,0,0,0,0,0,0,0,0,0,0,0,0,0,10412,"JOAO PEDRO CARDOSO, AV",NA,"",15,"CAMPO BELO",1,0,"JOAO PEDRO CARDOSO, AV 244 SAO PAULO SP",-23.6350685,-46.6582573
"3131","D021301582",9020,"INES MONTEIRO, RUA",NA,"",100,"","23/02/2013 08:30",4,"AT",65,624," "," ",0,1,0,0,0,0,0,0,0,0,0,0,0,0,0,0,0,9020,"INES MONTEIRO, RUA",NA,"",5,"ARTUR ALVIM",1,0,"INES MONTEIRO, RUA 100 SAO PAULO SP",-23.541094,-46.4857026
"3132","D021300945",8320,"GUAPIRA, AV",NA,"",40,"","23/02/2013 08:30",2,"CO",39,912," "," ",1,1,0,0,0,0,0,0,0,0,0,0,0,0,0,0,0,8320,"GUAPIRA, AV",NA,"",38,"JACANA",1,0,"GUAPIRA, AV 40 SAO PAULO SP",-23.481659,-46.6019141
"3133","D021300894",5947,"EDGAR FACO, AV GAL",NA,"",1455,"","23/02/2013 09:00",2,"CO",28,971," "," ",1,1,0,0,0,0,0,0,0,0,0,0,0,0,0,0,0,5947,"EDGAR FACO, AV GAL",NA,"",64,"PIRITUBA",1,0,"EDGAR FACO, AV GAL 1455 SAO PAULO SP",-23.4938501,-46.7095242
"3135","D021301391",38494,"FUNCIONARIOS PUBLICOS, AV DOS",NA,"",110,"","23/02/2013 10:40",4,"AT",100,1025," "," ",1,0,0,0,0,0,0,0,0,0,0,0,0,0,0,0,0,38494,"FUNCIONARIOS PUBLICOS, AV DOS",NA,"",32,"IGUATEMI",2,0,"FUNCIONARIOS PUBLICOS, AV DOS 110 SAO PAULO SP",-23.7318594,-46.7853956
"3136","D021300024",6642,"ESTADO, AV DO",15984,"PEDRO II, PQ DOM",0,"","23/02/2013 11:15",2,"SI",1,1506," "," ",1,1,0,0,0,0,0,0,0,0,0,0,0,0,0,0,0,6642,"ESTADO, AV DO",15984,"PEDRO II, PQ DOM",80,"SE",1,0,"ESTADO, AV DO SAO PAULO SP &  PEDRO II, PQ DOM SAO PAULO SP",-23.5635869,-46.6112253
"3138","D021300588",16339,"CARLOS LACERDA, AV",NA,"",1250,"","23/02/2013 13:30",2,"CH",37,1665," "," ",1,1,0,0,0,0,0,0,0,0,0,0,0,0,0,0,0,16339,"CARLOS LACERDA, AV",NA,"",29,"FREGUESIA DO O",1,0,"CARLOS LACERDA, AV 1250 SAO PAULO SP",-23.6422349,-46.7798645
"3139","D021300086",12165,"LUIS ANTONIO, AV BRIG",NA,"",700,"","23/02/2013 13:35",4,"AT",5,1025," "," ",0,0,0,0,0,0,0,1,0,0,0,0,0,0,0,0,0,12165,"LUIS ANTONIO, AV BRIG",NA,"",7,"BELA VISTA",1,0,"LUIS ANTONIO, AV BRIG 700 SAO PAULO SP",-23.5566316,-46.6401697
"3140","D021301728",17824,"SAPOPEMBA, AV",NA,"",19451,"","23/02/2013 14:30",2,"CO",55,2630," "," ",1,0,0,0,0,0,0,0,0,0,0,1,0,0,0,0,0,17824,"SAPOPEMBA, AV",NA,"",33,"IPIRANGA",1,0,"SAPOPEMBA, AV 19451 SAO PAULO SP",-23.6228321,-46.4438559
"3142","D021301584",75006,"JOSE DORIA DE ANDRADE, RUA",NA,"",159,"","23/02/2013 15:00",2,"CO",65,986," "," ",1,1,0,0,0,0,0,0,0,0,0,0,0,0,0,0,0,75006,"JOSE DORIA DE ANDRADE, RUA",NA,"",38,"JACANA",1,0,"JOSE DORIA DE ANDRADE, RUA 159 SAO PAULO SP",-23.5541123,-46.4790812
"3143","D021301137",75925,"BARTOLOMEU CORREA BUENO, RUA",NA,"",337,"","23/02/2013 15:22",2,"CH",42,704," "," ",2,0,0,0,0,0,0,0,0,0,0,0,0,0,0,0,0,75925,"BARTOLOMEU CORREA BUENO, RUA",NA,"",26,"CONSOLACAO",1,0,"BARTOLOMEU CORREA BUENO, RUA 337 SAO PAULO SP",-23.5866776,-46.5523706
"3144","D021301156",10927,"JOSE DO MARANHAO, LGO S",NA,"",30,"","23/02/2013 16:13",2,"CT",52,577," "," ",1,1,0,0,0,0,0,0,0,0,0,0,0,0,0,0,0,10927,"JOSE DO MARANHAO, LGO S",NA,"",82,"TATUAPE",1,0,"JOSE DO MARANHAO, LGO S 30 SAO PAULO SP",-23.5303685,-46.5600653
"3145","D021301596",16635,"CRUZ DO ESPIRITO SANTO, RUA",NA,"",30,"","23/02/2013 16:40",2,"CO",68,2317," "," ",1,1,0,0,0,0,0,0,0,0,0,0,0,0,0,0,0,16635,"CRUZ DO ESPIRITO SANTO, RUA",NA,"",50,"LIMAO",1,0,"CRUZ DO ESPIRITO SANTO, RUA 30 SAO PAULO SP",-23.5369757,-46.409711
"3146","D021301462",954,"AMADOR BUENO DA VEIGA, AV",NA,"",4800,"","23/02/2013 17:12",2,"QM",24,1974," "," ",0,1,0,0,0,0,0,0,0,0,0,0,0,0,0,0,0,954,"AMADOR BUENO DA VEIGA, AV",NA,"",60,"PENHA",1,0,"AMADOR BUENO DA VEIGA, AV 4800 SAO PAULO SP",-23.5127316,-46.5031133
"3147","D021301611",37269,"JARDIM TAMOIO, RUA",NA,"",700,"","23/02/2013 17:30",2,"CO",103,1380," "," ",3,0,0,0,0,0,0,0,0,0,0,0,0,0,0,0,0,37269,"JARDIM TAMOIO, RUA",NA,"",51,"MANDAQUI",1,0,"JARDIM TAMOIO, RUA 700 SAO PAULO SP",-23.5544949,-46.4383921
"3148","D021301408",3509,"BELMIRA MARIN, AV DONA",NA,"",2714,"","23/02/2013 17:59",2,"CO",101,1341,"B"," ",0,1,0,0,0,0,0,0,0,0,0,0,0,0,0,0,0,3509,"BELMIRA MARIN, AV DONA",NA,"",30,"GRAJAU",2,0,"BELMIRA MARIN, AV DONA 2714 SAO PAULO SP",-23.7525121,-46.6886726
"3149","D021300493",19927,"VANDERLEI, RUA",NA,"",820,"","23/02/2013 18:25",2,"CP",23,1305," "," ",1,0,0,0,0,0,0,0,0,0,0,0,0,0,0,0,0,19927,"VANDERLEI, RUA",NA,"",19,"CAPAO REDONDO",1,0,"VANDERLEI, RUA 820 SAO PAULO SP",-23.5401037,-46.6748699
"3150","D021301483",46936,"JACU-PESSEGO/NOVA TRABALHADORE, AV",NA,"",533,"","23/02/2013 18:30",2,"CO",32,1371," "," ",2,1,0,0,0,0,0,0,0,0,0,0,0,0,0,0,0,46936,"JACU-PESSEGO/NOVA TRABALHADORE, AV",NA,"",46,"JOSE BONIFACIO",1,0,"JACU-PESSEGO/NOVA TRABALHADORE, AV 533 SAO PAULO SP",-23.5476737,-46.4462031
"3151","D021300108",6642,"ESTADO, AV DO",14805,"ALBERTO LION, PCA",0,"","23/02/2013 18:50",2,"CL",6,966," "," ",1,1,0,0,0,0,0,0,0,0,0,0,0,0,0,0,0,6642,"ESTADO, AV DO",14805,"ALBERTO LION, PCA",14,"CAMBUCI",2,0,"ESTADO, AV DO SAO PAULO SP &  ALBERTO LION, PCA SAO PAULO SP",-23.5635869,-46.6112253
"3152","D021301671",70040,"AGUIAR LOBO, RUA",NA,"",14,"","23/02/2013 19:19",2,"CO",49,2642," "," ",2,0,0,0,0,0,0,0,0,0,0,0,0,0,0,0,0,70040,"AGUIAR LOBO, RUA",NA,"",55,"MORUMBI",1,0,"AGUIAR LOBO, RUA 14 SAO PAULO SP",-23.5933321,-46.4819003
"3153","D021301062",16052,"PENHA DE FRANCA, AV",NA,"",394,"","23/02/2013 19:30",4,"AT",10,2112," "," ",0,0,1,0,0,0,0,0,0,0,0,0,0,0,0,0,0,16052,"PENHA DE FRANCA, AV",NA,"",3,"ANHANGUERA",1,0,"PENHA DE FRANCA, AV 394 SAO PAULO SP",-23.5232055,-46.5475268
"3154","D021301409",37956,"LIGACAO, EST DE",NA,"",41,"","23/02/2013 19:50",4,"AT",101,1342," "," ",2,0,0,0,0,0,0,0,0,0,0,0,0,0,0,0,0,37956,"LIGACAO, EST DE",NA,"",30,"GRAJAU",1,0,"LIGACAO, EST DE 41 SAO PAULO SP",-23.4382013,-46.771595
"3155","D021301794",5950,"CUSTODIO DE SA E FARIA, AV",NA,"",210,"","23/02/2013 19:55",4,"AT",70,1864," "," ",0,1,0,0,0,0,0,0,0,0,0,0,0,0,0,0,0,5950,"CUSTODIO DE SA E FARIA, AV",NA,"",78,"SAPOPEMBA",1,0,"CUSTODIO DE SA E FARIA, AV 210 SAO PAULO SP",-23.6150652,-46.5051321
"3157","D021300560",7500,"FRANCISCO MORATO, AV PROF",NA,"",4426,"","23/02/2013 20:15",2,"CL",34,1504," "," ",1,1,0,0,0,0,0,0,0,0,0,0,0,0,0,0,0,7500,"FRANCISCO MORATO, AV PROF",NA,"",12,"BUTANTA",1,0,"FRANCISCO MORATO, AV PROF 4426 SAO PAULO SP",-23.5948741,-46.7382174
"3158","D021301795",17824,"SAPOPEMBA, AV",NA,"",6551,"","23/02/2013 21:18",4,"AT",70,1867," "," ",0,1,0,0,0,0,0,0,0,0,0,0,0,0,0,0,0,17824,"SAPOPEMBA, AV",NA,"",33,"IPIRANGA",1,0,"SAPOPEMBA, AV 6551 SAO PAULO SP",-23.5887626,-46.5322042
"3159","D021301262",67206,"JOAO GOMES BATISTA, RUA",NA,"",786,"","23/02/2013 21:30",2,"CO",43,2074," "," ",1,1,0,0,0,0,0,0,0,0,0,0,0,0,0,0,0,67206,"JOAO GOMES BATISTA, RUA",NA,"",29,"FREGUESIA DO O",1,0,"JOAO GOMES BATISTA, RUA 786 SAO PAULO SP",-23.6600092,-46.6716932
"3160","D021300313",4359,"CARLOS FRANCISCO DE PAULA, RUA",NA,"",86,"","23/02/2013 21:30",4,"AT",35,1773," "," ",0,0,0,0,0,0,0,0,0,0,0,0,0,0,0,1,0,4359,"CARLOS FRANCISCO DE PAULA, RUA",NA,"",30,"GRAJAU",1,0,"CARLOS FRANCISCO DE PAULA, RUA 86 SAO PAULO SP",-23.6413317,-46.6583189
"3161","D021300874",13133,"MARIA AMALIA LOPES AZEVEDO, RUA",14767,"NOVA CANTAREIRA, AV",0,"","23/02/2013 22:00",2,"CO",20,1679," "," ",2,0,0,0,0,0,0,0,0,0,0,0,0,0,0,0,0,13133,"MARIA AMALIA LOPES AZEVEDO, RUA",14767,"NOVA CANTAREIRA, AV",NA,"",2,0,"MARIA AMALIA LOPES AZEVEDO, RUA SAO PAULO SP &  NOVA CANTAREIRA, AV SAO PAULO SP",-23.4584963,-46.6105009
"3162","D021300681",15626,"PAULA FERREIRA, AV",NA,"",100,"","23/02/2013 22:30",2,"CO",87,1695," "," ",2,0,0,0,0,0,0,0,0,0,0,0,0,0,0,0,0,15626,"PAULA FERREIRA, AV",NA,"",64,"PIRITUBA",2,0,"PAULA FERREIRA, AV 100 SAO PAULO SP",-23.5018416,-46.7006094
"3163","D021301612",18243,"SILVIANOPOLIS, RUA",NA,"",88,"","23/02/2013 22:30",2,"CO",103,1383," "," ",3,0,0,0,0,0,0,0,0,0,0,0,0,0,0,0,0,18243,"SILVIANOPOLIS, RUA",NA,"",51,"MANDAQUI",1,0,"SILVIANOPOLIS, RUA 88 SAO PAULO SP",-23.5501873,-46.4354672
"3164","D021300613",35449,"BANDEIRANTES, VIA DOS",NA,"",2200,"","23/02/2013 22:45",4,"AT",46,1690," "," ",0,0,0,0,0,0,0,0,0,0,0,1,0,0,0,0,0,35449,"BANDEIRANTES, VIA DOS",NA,"",64,"PIRITUBA",1,0,"BANDEIRANTES, VIA DOS 2200 SAO PAULO SP",-23.4117119,-46.7671885
"3165","D021301818",35449,"BANDEIRANTES, VIA DOS",NA,"",22000,"","23/02/2013 22:45",4,"AT",33,1690," "," ",1,0,0,0,0,0,0,0,0,0,0,0,0,0,0,0,0,35449,"BANDEIRANTES, VIA DOS",NA,"",64,"PIRITUBA",0,1,"BANDEIRANTES, VIA DOS 22000 SAO PAULO SP",-23.4389865,-46.7581808
"3167","D021301626",7147,"FINANCEIROS, RUA DOS",NA,"",65,"","23/02/2013 23:11",2,"CO",41,1898," "," ",1,1,0,0,0,0,0,0,0,0,0,0,0,0,0,0,0,7147,"FINANCEIROS, RUA DOS",NA,"",56,"PARELHEIROS",1,0,"FINANCEIROS, RUA DOS 65 SAO PAULO SP",-23.5903649,-46.5201634
"3168","D021300904",3771,"INAJAR DE SOUZA, AV",14736,"O, AV NSRA DO",0,"","23/02/2013 23:30",4,"AT",28,1947," "," ",0,0,0,0,0,0,0,0,0,0,0,0,0,0,0,1,0,3771,"INAJAR DE SOUZA, AV",14736,"O, AV NSRA DO",50,"LIMAO",1,0,"INAJAR DE SOUZA, AV SAO PAULO SP &  O, AV NSRA DO SAO PAULO SP",-23.461436,-46.6729346
"3169","D021301712",34500,"IGUATEMI, AV",NA,"",1800,"","23/02/2013 23:36",4,"AT",54,2649," "," ",1,0,0,0,0,0,0,0,0,0,0,0,0,0,0,0,0,34500,"IGUATEMI, AV",NA,"",50,"LIMAO",1,0,"IGUATEMI, AV 1800 SAO PAULO SP",-23.572496,-46.4156279
"3171","D021301144",20806,"HERENY DA COSTA, PCA",20872,"LAZARO MONCEF, RUA",0,"","24/02/2013 00:05",2,"QM",42,1174," "," ",0,1,0,0,0,0,0,0,0,0,0,0,0,0,0,0,0,20806,"HERENY DA COSTA, PCA",20872,"LAZARO MONCEF, RUA",74,"SAO LUCAS",1,0,"HERENY DA COSTA, PCA SAO PAULO SP &  LAZARO MONCEF, RUA SAO PAULO SP",-23.5898147,-46.5343787
"3172","D021300317",6809,"ATOS DAMASCENO, RUA",NA,"",224,"","24/02/2013 00:10",2,"QM",35,2467," "," ",0,1,0,0,0,0,0,0,0,0,0,0,0,0,0,0,0,6809,"ATOS DAMASCENO, RUA",NA,"",37,"JABAQUARA",2,0,"ATOS DAMASCENO, RUA 224 SAO PAULO SP",-23.6486298,-46.6558709
"3173","D021301692",45319,"MALMEQUER DO CAMPO, RUA",NA,"",1200,"","24/02/2013 00:26",4,"AT",53,1224," "," ",0,1,0,0,0,0,0,0,0,0,0,0,0,0,0,0,0,45319,"MALMEQUER DO CAMPO, RUA",NA,"",58,"PARQUE DO CARMO",1,0,"MALMEQUER DO CAMPO, RUA 1200 SAO PAULO SP",-23.5836569,-46.4495682
"3174","D021300614",98902,"EDUARDO GRUSIUS, RUA",NA,"",90,"","24/02/2013 02:03",2,"CO",46,1697," "," ",0,1,0,0,0,0,0,0,0,0,0,1,0,0,0,0,0,98902,"EDUARDO GRUSIUS, RUA",NA,"",3,"ANHANGUERA",2,0,"EDUARDO GRUSIUS, RUA 90 SAO PAULO SP",-23.4451813,-46.797445
"3175","D021301006",11864,"LILIENTAL, RUA",2874,"BARACCA, RUA MAJ",0,"","24/02/2013 02:20",2,"CF",73,1683," "," ",2,0,0,0,0,0,0,0,0,0,0,0,0,0,0,0,0,2874,"BARACCA, RUA MAJ",11864,"LILIENTAL, RUA",38,"JACANA",1,0,"LILIENTAL, RUA SAO PAULO SP &  BARACCA, RUA MAJ SAO PAULO SP",-23.4710234,-46.5680116
"3176","D021301503",18940,"TIBURCIO DE SOUSA, RUA",NA,"",219,"","24/02/2013 04:00",4,"AT",50,2342," "," ",0,1,0,0,0,0,0,0,0,0,0,0,0,0,0,0,0,18940,"TIBURCIO DE SOUSA, RUA",NA,"",35,"ITAIM PAULISTA",1,0,"TIBURCIO DE SOUSA, RUA 219 SAO PAULO SP",-23.4994315,-46.3993908
"3177","D021300318",66,"ABRAAO DE MORAIS, AV PROF",6883,"FAGUNDES FILHO, AV",0,"","24/02/2013 04:30",2,"CO",35,2475," "," ",2,0,0,0,0,0,0,0,0,0,0,0,0,0,0,0,0,66,"ABRAAO DE MORAIS, AV PROF",6883,"FAGUNDES FILHO, AV",79,"SAUDE",1,0,"ABRAAO DE MORAIS, AV PROF SAO PAULO SP &  FAGUNDES FILHO, AV SAO PAULO SP",-23.6072122,-46.6270066
"3178","D021301027",68233,"BARRA DO SIRINHAEM, RUA",NA,"",314,"","24/02/2013 04:50",2,"CH",74,1666," "," ",0,1,0,0,0,0,0,0,0,0,0,0,0,0,0,0,0,68233,"BARRA DO SIRINHAEM, RUA",NA,"",40,"JAGUARE",2,0,"BARRA DO SIRINHAEM, RUA 314 SAO PAULO SP",-23.4593767,-46.6925705
"3179","D021301597",11542,"NORDESTINA, AV",NA,"",5972,"","24/02/2013 05:00",2,"CF",68,2338," "," ",1,0,0,1,0,0,0,0,0,0,0,0,0,0,0,0,0,11542,"NORDESTINA, AV",NA,"",76,"SAO MIGUEL",1,0,"NORDESTINA, AV 5972 SAO PAULO SP",-23.5295131,-46.416122
"3182","D021300512",14350,"MUTINGA, AV",NA,"",4200,"","24/02/2013 06:00",2,"CO",33,1700," "," ",1,0,0,0,0,0,0,0,0,0,0,1,0,0,0,0,0,14350,"MUTINGA, AV",NA,"",64,"PIRITUBA",5,0,"MUTINGA, AV 4200 SAO PAULO SP",-23.5003898,-46.7523167
"3183","D021300616",98860,"PAULO ARENTINO, RUA",NA,"",598,"","24/02/2013 06:15",4,"AT",46,1703," "," ",0,0,0,0,0,0,0,0,0,0,0,0,0,0,0,1,0,98860,"PAULO ARENTINO, RUA",NA,"",41,"JARAGUA",1,0,"PAULO ARENTINO, RUA 598 SAO PAULO SP",-23.4363917,-46.7346549
"3184","D021300143",543,"ALCANTARA MACHADO, AV",NA,"",1884,"","24/02/2013 07:24",2,"CT",8,1399," "," ",2,0,0,0,0,0,0,0,0,0,0,0,0,0,0,0,0,543,"ALCANTARA MACHADO, AV",NA,"",10,"BRAS",1,0,"ALCANTARA MACHADO, AV 1884 SAO PAULO SP",-23.5505051,-46.606607
"3185","D021301755",9580,"ITAQUERA, AV",NA,"",2439,"","24/02/2013 07:47",2,"CO",66,900027," "," ",1,1,0,0,0,0,0,0,0,0,0,0,0,0,0,0,0,9580,"ITAQUERA, AV",NA,"",24,"CIDADE LIDER",1,0,"ITAQUERA, AV 2439 SAO PAULO SP",-23.5487075,-46.5053928