"","id_acidente","codloga","logradouroA","codlogb","logradouroB","alt_num","referencia","data","cod_acid","tipo_acidente","dp","numero_BO","sentido","pista","automovel","moto","onibus","caminhao","bicicleta","moto_taxi","onibus_fretado","onibus_urbano","microonibus","van","vuc","caminhonete","carreta","jipe","outros","sem_informacao","carroca","princ_a","paiA","princ_b","paiB","cod_distrito","distrito","vit_ferida","vit_morta","local","lat","lon"
"3275","D021301637",72670,"INACIO MONTEIRO, RUA",99799,"CACHOEIRA CAMALEAO, RUA",0,"","25/02/2013 17:10",2,"CO",44,1284," "," ",1,1,0,0,0,0,0,0,0,0,0,0,0,0,0,0,0,72670,"INACIO MONTEIRO, RUA",99799,"CACHOEIRA CAMALEAO, RUA",68,"RIO PEQUENO",1,0,"INACIO MONTEIRO, RUA SAO PAULO SP &  CACHOEIRA CAMALEAO, RUA SAO PAULO SP",-23.5740692,-46.3933022
"3276","D021300341",5618,"CURSINO, AV DO",NA,"",2829,"","25/02/2013 19:00",2,"CO",83,1783," "," ",1,1,0,0,0,0,0,0,0,0,0,0,0,0,0,0,0,5618,"CURSINO, AV DO",NA,"",27,"CURSINO",1,0,"CURSINO, AV DO 2829 SAO PAULO SP",-23.6264574,-46.6191335
"3277","D021301398",4191,"CAPITINGA, RUA",NA,"",18,"","25/02/2013 19:00",2,"CF",100,2495," "," ",0,2,0,0,0,0,0,0,0,0,0,0,0,0,0,0,0,4191,"CAPITINGA, RUA",NA,"",32,"IGUATEMI",3,0,"CAPITINGA, RUA 18 SAO PAULO SP",-23.7252698,-46.7611596
"3278","D021300586",19684,"VIEGAS XORTES, RUA",NA,"",1,"","25/02/2013 19:15",2,"CF",37,1645," "," ",1,0,0,0,1,0,0,0,0,0,0,0,0,0,0,0,0,19684,"VIEGAS XORTES, RUA",NA,"",29,"FREGUESIA DO O",1,0,"VIEGAS XORTES, RUA 1 SAO PAULO SP",-23.6362498,-46.7494457
"3279","D021300444",2149,"ARCOVERDE, RUA CARD",NA,"",1647,"","25/02/2013 19:30",2,"CO",14,1807," "," ",1,1,0,0,0,0,0,0,0,0,0,0,0,0,0,0,0,2149,"ARCOVERDE, RUA CARD",NA,"",44,"JARDIM PAULISTA",1,0,"ARCOVERDE, RUA CARD 1647 SAO PAULO SP",-23.5610843,-46.6872918
"3280","D021301484",11542,"NORDESTINA, AV",NA,"",2735,"","25/02/2013 19:50",4,"AT",32,1442," "," ",1,0,0,0,0,0,0,0,0,0,0,0,0,0,0,0,0,11542,"NORDESTINA, AV",NA,"",76,"SAO MIGUEL",1,0,"NORDESTINA, AV 2735 SAO PAULO SP",-23.512552,-46.4328603
"3281","D021300634",16878,"RAPOSO TAVARES, VIA",NA,"",10800,"","25/02/2013 20:00",2,"QM",51,922," "," ",0,1,0,0,0,0,0,0,0,0,0,0,0,0,0,0,0,16878,"RAPOSO TAVARES, VIA",NA,"",13,"CACHOEIRINHA",2,0,"RAPOSO TAVARES, VIA 10800 SAO PAULO SP",-23.5326928,-48.4173233
"3282","D021301091",2181,"ARICANDUVA, AV",NA,"",3164,"","25/02/2013 20:10",2,"QD",21,1054," "," ",0,0,0,0,0,0,0,1,0,0,0,0,0,0,0,0,0,2181,"ARICANDUVA, AV",NA,"",60,"PENHA",1,0,"ARICANDUVA, AV 3164 SAO PAULO SP",-23.550968,-46.5231323
"3283","D021300111",15505,"PARECIS, RUA DOS",NA,"",29,"","25/02/2013 20:16",2,"QM",6,995," "," ",0,1,0,0,0,0,0,0,0,0,0,0,0,0,0,0,0,15505,"PARECIS, RUA DOS",NA,"",2,"ALTO DE PINHEIR",1,0,"PARECIS, RUA DOS 29 SAO PAULO SP",-23.5641617,-46.6282591
"3284","D021301729",75483,"SERTANISTAS, AV DOS",NA,"",1000,"","25/02/2013 21:46",2,"CL",55,2746," "," ",0,1,1,0,0,0,0,0,0,0,0,0,0,0,0,0,0,75483,"SERTANISTAS, AV DOS",NA,"",55,"MORUMBI",2,0,"SERTANISTAS, AV DOS 1000 SAO PAULO SP",-23.6295313,-46.4464251
"3285","D021301239",32119,"SUZANA RODRIGUES, PCA",NA,"",248,"","25/02/2013 22:10",4,"AT",11,2177," "," ",1,0,0,0,0,0,0,0,0,0,0,0,0,0,0,0,0,32119,"SUZANA RODRIGUES, PCA",NA,"",NA,"",1,0,"SUZANA RODRIGUES, PCA 248 SAO PAULO SP",-23.6920272,-46.7114314
"3286","D021301146",19708,"VILA EMA, AV",60383,"RIBEIROPOLIS, RUA",0,"","25/02/2013 22:28",2,"CO",42,1241," "," ",0,1,0,0,0,0,0,1,0,0,0,0,0,0,0,0,0,19708,"VILA EMA, AV",60383,"RIBEIROPOLIS, RUA",NA,"",1,0,"VILA EMA, AV SAO PAULO SP &  RIBEIROPOLIS, RUA SAO PAULO SP",-23.5863974,-46.5447811
"3287","D021300093",1521,"ANTONIO, RUA STO",13614,"MARTINHO PRADO, RUA",0,"","25/02/2013 22:34",2,"CO",5,1534," "," ",1,1,0,0,0,0,0,0,0,0,0,0,0,0,0,0,0,1521,"ANTONIO, RUA STO",13614,"MARTINHO PRADO, RUA",67,"REPUBLICA",1,0,"ANTONIO, RUA STO SAO PAULO SP &  MARTINHO PRADO, RUA SAO PAULO SP",-23.5507601,-46.6426817
"3288","D021301446",14975,"OLIVEIRA FREIRE, AV",17414,"ROSA DE LIMA, RUA STA",0,"","25/02/2013 23:50",2,"CO",22,1443," "," ",1,2,0,0,0,0,0,1,0,0,0,0,0,0,0,0,0,14975,"OLIVEIRA FREIRE, AV",17414,"ROSA DE LIMA, RUA STA",43,"JARDIM HELENA",1,0,"OLIVEIRA FREIRE, AV SAO PAULO SP &  ROSA DE LIMA, RUA STA SAO PAULO SP",-23.4846578,-46.4273099
"3290","D021300250",8802,"HIPOLITO SOARES, RUA",6642,"ESTADO, AV DO",0,"","26/02/2013 02:33",2,"CO",17,2561," "," ",1,1,0,0,0,0,0,0,0,0,0,0,0,0,0,0,0,6642,"ESTADO, AV DO",8802,"HIPOLITO SOARES, RUA",33,"IPIRANGA",1,0,"HIPOLITO SOARES, RUA SAO PAULO SP &  ESTADO, AV DO SAO PAULO SP",-23.5712756,-46.6056116
"3291","D021300458",7691,"GABRIEL MONTEIRO DA SILVA, AL",NA,"",2373,"","26/02/2013 05:28",4,"AT",15,946," "," ",0,1,0,0,0,0,0,0,0,0,0,0,0,0,0,0,0,7691,"GABRIEL MONTEIRO DA SILVA, AL",NA,"",63,"PINHEIROS",1,0,"GABRIEL MONTEIRO DA SILVA, AL 2373 SAO PAULO SP",-23.5755326,-46.6892665
"3293","D021301282",9220,"INTERLAGOS, AV",NA,"",6451,"","26/02/2013 06:16",2,"CO",48,748," "," ",2,1,0,0,0,0,0,0,0,0,0,1,0,0,0,0,0,9220,"INTERLAGOS, AV",NA,"",16,"CAMPO GRANDE",1,0,"INTERLAGOS, AV 6451 SAO PAULO SP",-23.7027928,-46.7018033
"3294","D021300984",3771,"INAJAR DE SOUZA, AV",NA,"",5759,"","26/02/2013 06:20",2,"CL",72,1719," "," ",1,1,0,0,0,0,0,0,0,0,0,0,0,0,0,0,0,3771,"INAJAR DE SOUZA, AV",NA,"",50,"LIMAO",1,0,"INAJAR DE SOUZA, AV 5759 SAO PAULO SP",-23.4622278,-46.672849
"3295","D021301018",15425,"CANTIDIO SAMPAIO, AV DEP",NA,"",4400,"","26/02/2013 06:30",2,"CO",74,872," "," ",2,1,0,0,0,0,0,0,0,0,0,0,0,0,0,0,0,15425,"CANTIDIO SAMPAIO, AV DEP",NA,"",41,"JARAGUA",1,0,"CANTIDIO SAMPAIO, AV DEP 4400 SAO PAULO SP",-23.4492459,-46.701085
"3297","D021301749",2181,"ARICANDUVA, AV",NA,"",5447,"","26/02/2013 07:00",2,"CO",66,955," "," ",2,1,0,0,0,0,0,0,0,0,0,0,0,0,0,0,0,2181,"ARICANDUVA, AV",NA,"",60,"PENHA",1,0,"ARICANDUVA, AV 5447 SAO PAULO SP",-23.5562847,-46.5160171
"3299","D021300946",19201,"TUCURUVI, AV",NA,"",647,"","26/02/2013 07:00",4,"AT",39,920," "," ",0,1,0,0,0,0,0,0,0,0,0,0,0,0,0,0,0,19201,"TUCURUVI, AV",NA,"",22,"CIDADE ADEMAR",1,0,"TUCURUVI, AV 647 SAO PAULO SP",-23.4806775,-46.6055989
"3300","D021300587",3079,"BELEZAS, AV DAS",NA,"",10,"","26/02/2013 07:00",2,"CO",37,1656," "," ",1,1,0,0,0,0,0,0,0,0,0,0,0,0,0,0,0,3079,"BELEZAS, AV DAS",NA,"",85,"VILA ANDRADE",1,0,"BELEZAS, AV DAS 10 SAO PAULO SP",-23.5252711,-46.4611281
"3301","D021301676",13294,"MARIA LUIZA AMERICANO, AV",NA,"",2580,"","26/02/2013 07:10",2,"CO",53,611," "," ",1,1,0,0,0,0,0,0,0,0,0,0,0,0,0,0,0,13294,"MARIA LUIZA AMERICANO, AV",NA,"",58,"PARQUE DO CARMO",1,0,"MARIA LUIZA AMERICANO, AV 2580 SAO PAULO SP",-23.5602017,-46.4743934
"3302","D021300601",16838,"RAIMUNDO PEREIRA DE MAGAL., AV",NA,"",15000,"","26/02/2013 07:15",2,"CT",46,964," "," ",1,1,0,0,0,0,0,0,0,0,0,0,0,0,0,0,0,16838,"RAIMUNDO PEREIRA DE MAGAL., AV",NA,"",31,"GUAIANASES",1,0,"RAIMUNDO PEREIRA DE MAGAL., AV 15000 SAO PAULO SP",-23.4090097,-46.7348037
"3303","D021301638",73357,"UTARO KANAI, RUA",NA,"",100,"","26/02/2013 07:30",2,"QD",44,1303," "," ",0,0,0,0,0,0,0,1,0,0,0,0,0,0,0,0,0,73357,"UTARO KANAI, RUA",NA,"",50,"LIMAO",1,0,"UTARO KANAI, RUA 100 SAO PAULO SP",-23.5667048,-46.4003285
"3305","D021301527",3546,"BOTURUSSU, AV",NA,"",1000,"","26/02/2013 07:35",4,"AT",62,853," "," ",1,0,0,0,0,0,0,0,0,0,0,0,0,0,0,0,0,3546,"BOTURUSSU, AV",NA,"",28,"ERMELINO MATARA",1,0,"BOTURUSSU, AV 1000 SAO PAULO SP",-23.4988485,-46.4872595
"3306","D021300027",6642,"ESTADO, AV DO",NA,"",3835,"","26/02/2013 07:40",4,"AT",1,1580," "," ",0,1,0,0,0,0,0,0,0,0,0,0,0,0,0,0,0,6642,"ESTADO, AV DO",NA,"",9,"BOM RETIRO",1,0,"ESTADO, AV DO 3835 SAO PAULO SP",-23.5475852,-46.6291641
"3307","D021300708",8587,"HASTINFILO DE MOURA, RUA MAL",NA,"",312,"","26/02/2013 07:40",2,"CO",89,1557," "," ",0,1,0,0,0,0,0,0,0,0,0,1,0,0,0,0,0,8587,"HASTINFILO DE MOURA, RUA MAL",NA,"",85,"VILA ANDRADE",1,0,"HASTINFILO DE MOURA, RUA MAL 312 SAO PAULO SP",-23.617397,-46.5640149
"3308","D021300682",18215,"SILVEIRA SAMPAIO, RUA",NA,"",207,"","26/02/2013 07:40",2,"CO",89,259," "," ",1,1,0,0,0,0,0,0,0,0,0,0,0,0,0,0,0,18215,"SILVEIRA SAMPAIO, RUA",NA,"",13,"CACHOEIRINHA",1,0,"SILVEIRA SAMPAIO, RUA 207 SAO PAULO SP",-23.6132267,-46.719995
"3309","D021301256",9010,"ICATURAMA, RUA",NA,"",112,"","26/02/2013 07:55",2,"QF",43,791," "," ",0,0,0,0,0,0,0,1,0,0,0,0,0,0,0,0,0,9010,"ICATURAMA, RUA",NA,"",22,"CIDADE ADEMAR",1,0,"ICATURAMA, RUA 112 SAO PAULO SP",-23.6704994,-46.6574342
"3310","D021300790",11747,"LEONCIO DE MAGALHAES, AV",NA,"",1165,"","26/02/2013 08:00",2,"CO",9,1315," "," ",1,1,0,0,0,0,0,0,0,0,0,0,0,0,0,0,0,11747,"LEONCIO DE MAGALHAES, AV",NA,"",71,"SANTANA",1,0,"LEONCIO DE MAGALHAES, AV 1165 SAO PAULO SP",-23.4912349,-46.6184784
"3313","D021300231",15914,"PEDRO DE TOLEDO, RUA",NA,"",300,"","26/02/2013 08:10",2,"QD",16,2641," "," ",0,0,0,0,0,0,0,1,0,0,0,0,0,0,0,0,0,15914,"PEDRO DE TOLEDO, RUA",NA,"",24,"CIDADE LIDER",1,0,"PEDRO DE TOLEDO, RUA 300 SAO PAULO SP",-23.5984785,-46.6396513
"3315","D021300053",17799,"SANTOS DUMONT, AV",6642,"ESTADO, AV DO",0,"","26/02/2013 08:36",4,"AT",2,1141," "," ",0,2,0,0,0,0,0,0,0,0,0,0,0,0,0,0,0,6642,"ESTADO, AV DO",17799,"SANTOS DUMONT, AV",9,"BOM RETIRO",3,0,"SANTOS DUMONT, AV SAO PAULO SP &  ESTADO, AV DO SAO PAULO SP",-23.5257861,-46.6307889
"3316","D021301470",98912,"JOSE PINHEIRO BORGES, AV",72538,"BENTO MUNHOZ, RUA",0,"","26/02/2013 08:38",2,"CO",32,651," "," ",1,1,0,0,0,0,0,0,0,0,0,0,0,0,0,0,0,72538,"BENTO MUNHOZ, RUA",98912,"JOSE PINHEIRO BORGES, AV",22,"CIDADE ADEMAR",1,0,"JOSE PINHEIRO BORGES, AV SAO PAULO SP &  BENTO MUNHOZ, RUA SAO PAULO SP",-23.5379455,-46.4560852
"3318","D021301124",4502,"CARRAO, AV CONS",NA,"",467,"","26/02/2013 08:50",2,"CO",30,1104," "," ",1,1,0,0,0,0,0,0,0,0,0,0,0,0,0,0,0,4502,"CARRAO, AV CONS",NA,"",20,"CARRAO",1,0,"CARRAO, AV CONS 467 SAO PAULO SP",-23.5390441,-46.553823
"3319","D021300209",12165,"LUIS ANTONIO, AV BRIG",NA,"",2699,"","26/02/2013 09:00",2,"QD",78,1538," "," ",0,0,0,0,0,0,0,1,0,0,0,0,0,0,0,0,0,12165,"LUIS ANTONIO, AV BRIG",NA,"",7,"BELA VISTA",1,0,"LUIS ANTONIO, AV BRIG 2699 SAO PAULO SP",-23.5705186,-46.6518114
"3320","D021301325",13357,"MARIA COELHO AGUIAR, AV",NA,"",573,"","26/02/2013 09:20",2,"SI",92,1244," "," ",1,1,0,0,0,0,0,0,0,0,0,0,0,0,0,0,0,13357,"MARIA COELHO AGUIAR, AV",NA,"",45,"JARDIM SAO LUIS",1,0,"MARIA COELHO AGUIAR, AV 573 SAO PAULO SP",-23.6498939,-46.7330042
"3321","D021300761",17682,"SALVADOR ROMEU, RUA",NA,"",71,"","26/02/2013 09:20",4,"AT",9,755," "," ",1,0,0,0,0,0,0,0,0,0,0,0,0,0,0,0,0,17682,"SALVADOR ROMEU, RUA",NA,"",47,"LAJEADO",1,0,"SALVADOR ROMEU, RUA 71 SAO PAULO SP",-23.4953937,-46.6100252
"3323","D021300545",14483,"NELSON HUNGRIA, RUA MIN",NA,"",90,"","26/02/2013 09:33",2,"CO",34,1222," "," ",1,1,0,0,0,0,0,0,0,0,0,0,0,0,0,0,0,14483,"NELSON HUNGRIA, RUA MIN",NA,"",55,"MORUMBI",1,0,"NELSON HUNGRIA, RUA MIN 90 SAO PAULO SP",-23.616495,-46.7054945
"3324","D021301307",15507,"TEOTONIO VILELA, AV SEN",NA,"",5800,"","26/02/2013 09:37",4,"AT",85,1076," "," ",0,1,0,0,0,0,0,0,0,0,0,0,0,0,0,0,0,15507,"TEOTONIO VILELA, AV SEN",NA,"",23,"CIDADE DUTRA",2,0,"TEOTONIO VILELA, AV SEN 5800 SAO PAULO SP",-23.7478441,-46.7085111
"3325","D021300028",6642,"ESTADO, AV DO",NA,"",3113,"","26/02/2013 09:48",4,"AT",1,1587," "," ",0,1,0,0,0,0,0,0,0,0,0,0,0,0,0,0,0,6642,"ESTADO, AV DO",NA,"",9,"BOM RETIRO",1,0,"ESTADO, AV DO 3113 SAO PAULO SP",-23.5476381,-46.6291265
"3326","D021301555",13881,"MIGUEL, AV S",NA,"",7800,"","26/02/2013 09:53",4,"AT",63,1450," "," ",0,1,0,0,0,0,0,0,0,0,0,0,0,0,0,0,0,13881,"MIGUEL, AV S",NA,"",65,"PONTE RASA",1,0,"MIGUEL, AV S 7800 SAO PAULO SP",-23.4981152,-46.4619015
"3327","D021301065",17091,"RICARDO VILELA, RUA",NA,"",287,"","26/02/2013 10:00",4,"AT",10,2209," "," ",1,0,0,0,0,0,0,0,0,0,0,0,0,0,0,0,0,17091,"RICARDO VILELA, RUA",NA,"",3,"ANHANGUERA",1,0,"RICARDO VILELA, RUA 287 SAO PAULO SP",-23.5272371,-46.5336595
"3328","D021300960",3813,"CAETANO ALVARES, AV ENG",NA,"",111,"","26/02/2013 10:40",2,"CO",40,2149," "," ",1,1,0,0,0,0,0,0,0,0,0,0,0,0,0,0,0,3813,"CAETANO ALVARES, AV ENG",NA,"",21,"CASA VERDE",1,0,"CAETANO ALVARES, AV ENG 111 SAO PAULO SP",-23.5123825,-46.670969
"3329","D021301235",222,"ADOLFO PINHEIRO, AV",NA,"",1126,"","26/02/2013 11:07",2,"CO",11,2030," "," ",1,1,0,0,0,0,0,0,0,0,0,0,0,0,0,0,0,222,"ADOLFO PINHEIRO, AV",NA,"",72,"SANTO AMARO",1,0,"ADOLFO PINHEIRO, AV 1126 SAO PAULO SP",-23.643875,-46.6996592
"3330","D021301480",2516,"AUGUSTO CARLOS BAUMAN, RUA",NA,"",200,"","26/02/2013 11:10",4,"AT",32,1319," "," ",0,0,0,0,0,0,0,0,0,0,0,1,0,0,0,0,0,2516,"AUGUSTO CARLOS BAUMAN, RUA",NA,"",36,"ITAQUERA",1,0,"AUGUSTO CARLOS BAUMAN, RUA 200 SAO PAULO SP",-23.5349865,-46.4517594
"3331","D021300029",8024,"GLICERIO, RUA",NA,"",100,"","26/02/2013 11:20",2,"CO",1,1594," "," ",0,1,0,0,0,0,0,0,0,0,0,1,0,0,0,0,0,8024,"GLICERIO, RUA",NA,"",80,"SE",1,0,"GLICERIO, RUA 100 SAO PAULO SP",-23.5071644,-46.4766961
"3332","D021300403",5072,"CLELIA, RUA",NA,"",391,"","26/02/2013 11:45",2,"CF",7,1305," "," ",0,1,0,0,0,0,0,1,0,0,0,0,0,0,0,0,0,5072,"CLELIA, RUA",NA,"",48,"LAPA",1,0,"CLELIA, RUA 391 SAO PAULO SP",-23.525032,-46.6862702
"3333","D021301614",61050,"ANTONIO FERRACIOLLI, RUA",35098,"BORBELA, RUA",0,"","26/02/2013 12:23",2,"CO",41,613,"B"," ",0,1,0,0,0,0,0,0,0,0,0,1,0,0,0,0,0,35098,"BORBELA, RUA",61050,"ANTONIO FERRACIOLLI, RUA",NA,"",1,0,"ANTONIO FERRACIOLLI, RUA SAO PAULO SP &  BORBELA, RUA SAO PAULO SP",-23.5848675,-46.5139846
"3335","D021301672",13671,"MATEO BEI, AV",NA,"",2211,"","26/02/2013 12:47",4,"AT",49,2778," "," ",0,1,0,0,0,0,0,0,0,0,0,0,0,0,0,0,0,13671,"MATEO BEI, AV",NA,"",75,"SAO MATEUS",1,0,"MATEO BEI, AV 2211 SAO PAULO SP",-23.6014862,-46.4833866
"3336","D021300922",16170,"PERI RONCHETTI, AV",NA,"",285,"","26/02/2013 12:50",2,"CO",38,1006," "," ",0,1,0,0,0,0,0,0,0,0,0,1,0,0,0,0,0,16170,"PERI RONCHETTI, AV",NA,"",8,"BELEM",1,0,"PERI RONCHETTI, AV 285 SAO PAULO SP",-23.461002,-46.6491452
"3337","D021301181",24338,"LUIZ IGNACIO ANHAIA MELLO, AV PROF",NA,"",300,"","26/02/2013 12:50",2,"CO",56,1255," "," ",1,1,0,0,0,0,0,0,0,0,0,0,0,0,0,0,0,24338,"LUIZ IGNACIO ANHAIA MELLO, AV PROF",NA,"",26,"CONSOLACAO",1,0,"LUIZ IGNACIO ANHAIA MELLO, AV PROF 300 SAO PAULO SP",-23.6669673,-46.4973536
"3338","D021300445",2753,"BALTAZAR CARRASCO, RUA",NA,"",95,"","26/02/2013 12:54",4,"AT",14,1821," "," ",1,0,0,0,0,0,0,0,0,0,0,0,0,0,0,0,0,2753,"BALTAZAR CARRASCO, RUA",NA,"",63,"PINHEIROS",1,0,"BALTAZAR CARRASCO, RUA 95 SAO PAULO SP",-23.5647141,-46.6933882
"3340","D021301463",30522,"EMBIRA, RUA",NA,"",574,"","26/02/2013 14:00",2,"QD",24,2120," "," ",0,0,0,0,0,0,0,0,1,0,0,0,0,0,0,0,0,30522,"EMBIRA, RUA",NA,"",49,"LIBERDADE",1,0,"EMBIRA, RUA 574 SAO PAULO SP",-23.5156944,-46.4992902
"3343","D021300030",13853,"MERCURIO, AV",NA,"",544,"","26/02/2013 14:00",2,"CO",1,1597," "," ",1,1,0,0,0,0,0,0,0,0,0,0,0,0,0,0,0,13853,"MERCURIO, AV",NA,"",9,"BOM RETIRO",1,0,"MERCURIO, AV 544 SAO PAULO SP",-23.5407296,-46.6287526
"3344","D021301706",45354,"SARA KUBITSCHEK, RUA",NA,"",794,"","26/02/2013 14:00",2,"CL",54,1102," "," ",0,0,1,0,0,0,0,0,0,0,0,1,0,0,0,0,0,45354,"SARA KUBITSCHEK, RUA",NA,"",25,"CIDADE TIRADENT",1,0,"SARA KUBITSCHEK, RUA 794 SAO PAULO SP",-23.5799946,-46.4009424
"3345","D021301276",4975,"HENRIQUE SAM MINDLIN, RUA",NA,"",60,"","26/02/2013 14:30",2,"CO",47,2546," "," ",1,1,0,0,0,0,0,0,0,0,0,0,0,0,0,0,0,4975,"HENRIQUE SAM MINDLIN, RUA",NA,"",19,"CAPAO REDONDO",1,0,"HENRIQUE SAM MINDLIN, RUA 60 SAO PAULO SP",-23.6783599,-46.7767223
"3346","D021300728",17917,"SEBASTIAO BACH, RUA",5192,"COLUMBUS, RUA",0,"","26/02/2013 14:31",2,"CO",91,1375," "," ",1,0,0,0,0,0,0,0,0,0,0,1,0,0,0,0,0,5192,"COLUMBUS, RUA",17917,"SEBASTIAO BACH, RUA",90,"VILA LEOPOLDINA",1,0,"SEBASTIAO BACH, RUA SAO PAULO SP &  COLUMBUS, RUA SAO PAULO SP",-23.5244844,-46.7347575
"3347","D021301375",7917,"GERALDO SANT'ANA, AV SARG",NA,"",1632,"","26/02/2013 14:35",2,"CO",99,855," "," ",1,1,0,0,0,0,0,0,0,0,0,0,0,0,0,0,0,7917,"GERALDO SANT'ANA, AV SARG",NA,"",16,"CAMPO GRANDE",1,0,"GERALDO SANT'ANA, AV SARG 1632 SAO PAULO SP",-23.6650923,-46.6785604
"3349","D021301218",6238,"NACOES UNIDAS, AV DAS",13861,"MESQUITA SAMPAIO, RUA ENG",0,"","26/02/2013 15:00",2,"CT",11,478," "," ",0,1,0,0,0,0,0,0,0,0,0,0,0,0,0,1,0,6238,"NACOES UNIDAS, AV DAS",13861,"MESQUITA SAMPAIO, RUA ENG",72,"SANTO AMARO",1,0,"NACOES UNIDAS, AV DAS SAO PAULO SP &  MESQUITA SAMPAIO, RUA ENG SAO PAULO SP",-23.5735935,-46.7008864
"3350","D021301730",17824,"SAPOPEMBA, AV",NA,"",17643,"","26/02/2013 15:07",2,"CL",55,2783," "," ",2,0,0,0,0,0,0,0,0,0,0,0,0,0,0,0,0,17824,"SAPOPEMBA, AV",NA,"",33,"IPIRANGA",1,0,"SAPOPEMBA, AV 17643 SAO PAULO SP",-23.621187,-46.4523447
"3351","D021300487",61,"ABRAAO RIBEIRO, AV DR",6471,"SAO VICENTE, AV MARQ DE",0,"","26/02/2013 15:15",2,"CO",23,1080," "," ",1,1,0,0,0,0,0,0,0,0,0,0,0,0,0,0,0,61,"ABRAAO RIBEIRO, AV DR",6471,"SAO VICENTE, AV MARQ DE",70,"SANTA CECILIA",1,0,"ABRAAO RIBEIRO, AV DR SAO PAULO SP &  SAO VICENTE, AV MARQ DE SAO PAULO SP",-23.5236,-46.66
"3352","D021301583",9580,"ITAQUERA, AV",NA,"",6771,"","26/02/2013 15:26",2,"CO",65,664,"B"," ",1,1,0,0,0,0,0,0,0,0,0,0,0,0,0,0,0,9580,"ITAQUERA, AV",NA,"",24,"CIDADE LIDER",1,0,"ITAQUERA, AV 6771 SAO PAULO SP",-23.551055,-46.4635947
"3353","D021300635",16340,"PIRAJUSSARA, RUA",NA,"",340,"","26/02/2013 15:50",4,"AT",51,939," "," ",1,0,0,0,0,0,0,0,0,0,0,0,0,0,0,0,0,16340,"PIRAJUSSARA, RUA",NA,"",13,"CACHOEIRINHA",1,0,"PIRAJUSSARA, RUA 340 SAO PAULO SP",-23.570641,-46.7064575
"3354","D021300230",66,"ABRAAO DE MORAIS, AV PROF",8945,"IBIRAREMA, RUA",0,"","26/02/2013 16:00",2,"QM",16,2592," "," ",0,1,0,0,0,0,0,0,0,0,0,0,0,0,0,0,0,66,"ABRAAO DE MORAIS, AV PROF",8945,"IBIRAREMA, RUA",79,"SAUDE",1,0,"ABRAAO DE MORAIS, AV PROF SAO PAULO SP &  IBIRAREMA, RUA SAO PAULO SP",-23.6072122,-46.6270066
"3355","D021300071",13614,"MARTINHO PRADO, RUA",NA,"",127,"","26/02/2013 16:55",2,"QM",4,1476," "," ",0,0,0,0,1,0,0,0,0,0,0,0,0,0,0,0,0,13614,"MARTINHO PRADO, RUA",NA,"",67,"REPUBLICA",1,0,"MARTINHO PRADO, RUA 127 SAO PAULO SP",-23.5497784,-46.646294
"3356","D021301526",75855,"ANTONIO LEITE PENTEADO, RUA",NA,"",390,"","26/02/2013 17:10",2,"CO",62,840," "," ",0,1,0,0,0,0,0,0,0,0,0,0,0,0,0,1,0,75855,"ANTONIO LEITE PENTEADO, RUA",NA,"",49,"LIBERDADE",1,0,"ANTONIO LEITE PENTEADO, RUA 390 SAO PAULO SP",-23.4871427,-46.4870883
"3357","D021300145",543,"ALCANTARA MACHADO, AV",NA,"",1700,"","26/02/2013 17:30",2,"CO",8,1485,"B"," ",1,1,0,0,0,0,0,0,0,0,0,0,0,0,0,0,0,543,"ALCANTARA MACHADO, AV",NA,"",10,"BRAS",1,0,"ALCANTARA MACHADO, AV 1700 SAO PAULO SP",-23.5466314,-46.5996211
"3358","D021300258",14705,"SAUDE, RUA NSRA DA",NA,"",1250,"","26/02/2013 18:00",2,"CL",26,1739," "," ",1,1,0,0,0,0,0,0,0,0,0,0,0,0,0,0,0,14705,"SAUDE, RUA NSRA DA",NA,"",69,"SACOMA",1,0,"SAUDE, RUA NSRA DA 1250 SAO PAULO SP",-23.6222028,-46.6079674
"3359","D021300636",5309,"CORIFEU DE AZEVEDO MARQUES, AV",NA,"",1816,"","26/02/2013 19:00",2,"CO",51,942," "," ",0,0,0,0,1,0,0,1,0,0,0,0,0,0,0,0,0,5309,"CORIFEU DE AZEVEDO MARQUES, AV",NA,"",12,"BUTANTA",1,0,"CORIFEU DE AZEVEDO MARQUES, AV 1816 SAO PAULO SP",-23.5735782,-46.7316555
"3361","D021300261",19931,"WASHINGTON LUIS, AV",NA,"",3709,"","26/02/2013 19:30",2,"CO",27,858," "," ",1,1,0,0,0,0,0,0,0,0,0,0,0,0,0,0,0,19931,"WASHINGTON LUIS, AV",NA,"",30,"GRAJAU",1,0,"WASHINGTON LUIS, AV 3709 SAO PAULO SP",-23.6462738,-46.6745084
"3362","D021301600",5408,"COSME DEODATO TADEU, RUA PROF",NA,"",1200,"","26/02/2013 20:00",2,"QM",68,2453," "," ",0,1,0,0,0,0,0,0,0,0,0,0,0,0,0,0,0,5408,"COSME DEODATO TADEU, RUA PROF",NA,"",45,"JARDIM SAO LUIS",1,0,"COSME DEODATO TADEU, RUA PROF 1200 SAO PAULO SP",-23.545569,-46.4032675