"","id_acidente","codloga","logradouroA","codlogb","logradouroB","alt_num","referencia","data","cod_acid","tipo_acidente","dp","numero_BO","sentido","pista","automovel","moto","onibus","caminhao","bicicleta","moto_taxi","onibus_fretado","onibus_urbano","microonibus","van","vuc","caminhonete","carreta","jipe","outros","sem_informacao","carroca","princ_a","paiA","princ_b","paiB","cod_distrito","distrito","vit_ferida","vit_morta","local","lat","lon"
"3363","D021301108",17824,"SAPOPEMBA, AV",NA,"",1050,"","26/02/2013 20:54",4,"AT",29,1259," "," ",1,0,0,0,0,0,0,0,0,0,0,0,0,0,0,0,0,17824,"SAPOPEMBA, AV",NA,"",33,"IPIRANGA",1,0,"SAPOPEMBA, AV 1050 SAO PAULO SP",-23.5646647,-46.5708387
"3365","D021300023",13853,"MERCURIO, AV",17400,"ROSA, RUA STA",0,"","26/02/2013 21:23",4,"AT",1,1490," "," ",1,0,0,0,0,0,0,0,0,0,0,0,0,0,0,0,0,13853,"MERCURIO, AV",17400,"ROSA, RUA STA",80,"SE",1,0,"MERCURIO, AV SAO PAULO SP &  ROSA, RUA STA SAO PAULO SP",-23.5422333,-46.6273817
"3368","D021301521",13881,"MIGUEL, AV S",NA,"",6120,"","27/02/2013 04:40",2,"CH",62,663," "," ",1,0,0,0,0,0,0,0,0,0,0,0,0,0,0,0,0,13881,"MIGUEL, AV S",NA,"",65,"PONTE RASA",1,0,"MIGUEL, AV S 6120 SAO PAULO SP",-23.5054356,-46.4744565
"3369","D021300661",16878,"RAPOSO TAVARES, VIA",NA,"",17800,"","27/02/2013 05:00",2,"CT",75,689," "," ",1,0,0,0,1,0,0,0,0,0,0,0,0,0,0,0,0,16878,"RAPOSO TAVARES, VIA",NA,"",13,"CACHOEIRINHA",1,0,"RAPOSO TAVARES, VIA 17800 SAO PAULO SP",-23.5149352,-48.5046585
"3370","D021300282",35829,"MOREIRA GUIMARAES, AV",NA,"",1055,"","27/02/2013 05:30",2,"CL",27,2041," "," ",0,2,0,0,0,0,0,0,0,0,0,0,0,0,0,0,0,35829,"MOREIRA GUIMARAES, AV",NA,"",24,"CIDADE LIDER",1,0,"MOREIRA GUIMARAES, AV 1055 SAO PAULO SP",-23.607613,-46.6528343
"3371","D021301639",72670,"INACIO MONTEIRO, RUA",NA,"",903,"","27/02/2013 06:37",4,"AT",44,1325," "," ",1,0,0,0,0,0,0,0,0,0,0,0,0,0,0,0,0,72670,"INACIO MONTEIRO, RUA",NA,"",50,"LIMAO",3,0,"INACIO MONTEIRO, RUA 903 SAO PAULO SP",-23.5683662,-46.4017534
"3372","D021301283",12639,"MANUEL CALDEIRA, RUA",NA,"",253,"","27/02/2013 07:00",2,"CO",48,765," "," ",1,1,0,0,0,0,0,0,0,0,0,0,0,0,0,0,0,12639,"MANUEL CALDEIRA, RUA",NA,"",23,"CIDADE DUTRA",1,0,"MANUEL CALDEIRA, RUA 253 SAO PAULO SP",-23.7168904,-46.6914566
"3373","D021301609",1528,"BOTUPORA, RUA",3668,"BRITO MACHADO, RUA PROF",0,"","27/02/2013 07:10",2,"CO",103,811," "," ",1,1,0,0,0,0,0,0,0,0,0,0,0,0,0,0,0,1528,"BOTUPORA, RUA",3668,"BRITO MACHADO, RUA PROF",36,"ITAQUERA",1,0,"BOTUPORA, RUA SAO PAULO SP &  BRITO MACHADO, RUA PROF SAO PAULO SP",-23.5418904,-46.444685
"3374","D021300788",10622,"JOAQUINA RAMALHO, AV",NA,"",8,"","27/02/2013 07:40",4,"AT",9,1252," "," ",0,1,0,0,0,0,0,0,0,0,0,0,0,0,0,0,0,10622,"JOAQUINA RAMALHO, AV",NA,"",88,"VILA GUILHERME",1,0,"JOAQUINA RAMALHO, AV 8 SAO PAULO SP",-23.5163862,-46.6082729
"3376","D021301571",23441,"SONHO GAUCHO, RUA",17142,"CAMPO DAS PITANGUEIRAS, RUA",0,"","27/02/2013 08:09",2,"CO",64,1672," "," ",0,2,0,0,0,0,0,0,0,0,0,0,0,0,0,0,0,17142,"CAMPO DAS PITANGUEIRAS, RUA",23441,"SONHO GAUCHO, RUA",NA,"",1,0,"SONHO GAUCHO, RUA SAO PAULO SP &  CAMPO DAS PITANGUEIRAS, RUA SAO PAULO SP",-23.5240136,-46.4760057
"3377","D021301482",1528,"BOTUPORA, RUA",NA,"",372,"","27/02/2013 08:10",2,"CO",32,1335," "," ",1,1,0,0,0,0,0,0,0,0,0,0,0,0,0,0,0,1528,"BOTUPORA, RUA",NA,"",86,"VILA CURUCA",1,0,"BOTUPORA, RUA 372 SAO PAULO SP",-23.5419534,-46.4447534
"3378","D021300447",16919,"REBOUCAS, AV",NA,"",1552,"","27/02/2013 08:30",4,"AT",14,1848," "," ",0,1,0,0,0,0,0,0,0,0,0,0,0,0,0,0,0,16919,"REBOUCAS, AV",NA,"",44,"JARDIM PAULISTA",1,0,"REBOUCAS, AV 1552 SAO PAULO SP",-23.5630272,-46.6760013
"3380","D021300514",4232,"CARANGOLA, RUA",855,"ALVARENGA, RUA",0,"","27/02/2013 08:57",2,"CO",34,268," "," ",1,1,0,0,0,0,0,0,0,0,0,0,0,0,0,0,0,855,"ALVARENGA, RUA",4232,"CARANGOLA, RUA",55,"MORUMBI",1,0,"CARANGOLA, RUA SAO PAULO SP &  ALVARENGA, RUA SAO PAULO SP",-23.5806236,-46.7087199
"3382","D021300460",18552,"TABAPUA, RUA",12710,"MANUEL GUEDES, RUA",0,"","27/02/2013 09:11",2,"CO",15,974," "," ",0,1,0,0,0,0,0,0,0,0,0,1,0,0,0,0,0,12710,"MANUEL GUEDES, RUA",18552,"TABAPUA, RUA",34,"ITAIM BIBI",1,0,"TABAPUA, RUA SAO PAULO SP &  MANUEL GUEDES, RUA SAO PAULO SP",-23.583508,-46.6768143
"3384","D021300789",4219,"ZAKI NARCHI, AV",NA,"",153,"","27/02/2013 10:20",2,"CO",9,1255," "," ",1,1,0,0,0,0,0,0,0,0,0,0,0,0,0,0,0,4219,"ZAKI NARCHI, AV",NA,"",88,"VILA GUILHERME",1,0,"ZAKI NARCHI, AV 153 SAO PAULO SP",-23.511369,-46.6229746
"3385","D021301284",15507,"TEOTONIO VILELA, AV SEN",NA,"",1993,"","27/02/2013 10:32",2,"QM",48,769," "," ",0,1,0,0,0,0,0,0,0,0,0,0,0,0,0,0,0,15507,"TEOTONIO VILELA, AV SEN",NA,"",23,"CIDADE DUTRA",1,0,"TEOTONIO VILELA, AV SEN 1993 SAO PAULO SP",-23.7193464,-46.69818
"3386","D021300284",35829,"MOREIRA GUIMARAES, AV",9062,"IMARES, AV DOS",0,"","27/02/2013 10:45",2,"CO",27,2048," "," ",2,1,0,0,0,0,0,0,0,0,0,0,0,0,0,0,0,9062,"IMARES, AV DOS",35829,"MOREIRA GUIMARAES, AV",53,"MOEMA",1,0,"MOREIRA GUIMARAES, AV SAO PAULO SP &  IMARES, AV DOS SAO PAULO SP",-23.6112321,-46.6554476
"3387","D021301543",25108,"ANTONIO EGAS MONIZ, RUA",2429,"ASSIS RIBEIRO, RUA DR",0,"","27/02/2013 11:00",2,"CL",63,835," "," ",0,0,0,0,0,0,0,1,0,0,0,0,1,0,0,0,0,2429,"ASSIS RIBEIRO, RUA DR",25108,"ANTONIO EGAS MONIZ, RUA",89,"VILA JACUI",1,0,"ANTONIO EGAS MONIZ, RUA SAO PAULO SP &  ASSIS RIBEIRO, RUA DR SAO PAULO SP",-23.4833893,-46.471088
"3388","D021301211",16959,"REINALDO CAJADO, RUA ENG",NA,"",290,"","27/02/2013 11:06",4,"AT",81,564," "," ",0,0,0,0,0,0,0,0,0,0,0,0,0,0,0,1,0,16959,"REINALDO CAJADO, RUA ENG",NA,"",10,"BRAS",1,0,"REINALDO CAJADO, RUA ENG 290 SAO PAULO SP",-23.5380022,-46.5832103
"3390","D021301357",5606,"CUPECE, AV",NA,"",4767,"","27/02/2013 11:30",4,"AT",98,900071," "," ",0,1,0,0,0,0,0,0,0,0,0,0,0,0,0,0,0,5606,"CUPECE, AV",NA,"",22,"CIDADE ADEMAR",1,0,"CUPECE, AV 4767 SAO PAULO SP",-23.6756531,-46.6420559
"3391","D021300488",7491,"FRANCISCO MATARAZZO, AV",NA,"",151,"","27/02/2013 11:50",2,"QD",23,1100," "," ",0,0,0,0,0,0,0,1,0,0,0,0,0,0,0,0,0,7491,"FRANCISCO MATARAZZO, AV",NA,"",6,"BARRA FUNDA",1,0,"FRANCISCO MATARAZZO, AV 151 SAO PAULO SP",-23.531255,-46.6651444
"3392","D021300832",719,"ALFREDO PUJOL, RUA",4875,"CHEMIN DEL PRA, RUA",0,"","27/02/2013 12:00",4,"AT",13,2098," "," ",0,0,0,0,0,0,0,0,0,0,0,1,0,0,0,0,0,719,"ALFREDO PUJOL, RUA",4875,"CHEMIN DEL PRA, RUA",71,"SANTANA",1,0,"ALFREDO PUJOL, RUA SAO PAULO SP &  CHEMIN DEL PRA, RUA SAO PAULO SP",-23.4993697,-46.6322004
"3393","D021301466",954,"AMADOR BUENO DA VEIGA, AV",NA,"",2973,"","27/02/2013 12:15",2,"CT",24,2133," "," ",1,0,0,0,0,0,0,1,0,0,0,0,0,0,0,0,0,954,"AMADOR BUENO DA VEIGA, AV",NA,"",60,"PENHA",2,0,"AMADOR BUENO DA VEIGA, AV 2973 SAO PAULO SP",-23.5220269,-46.5175715
"3394","D021301557",9806,"PIRES DO RIO, AV",NA,"",1839,"","27/02/2013 12:25",2,"CO",63,1475," "," ",1,1,0,0,0,0,0,0,0,0,0,0,0,0,0,0,0,9806,"PIRES DO RIO, AV",NA,"",76,"SAO MIGUEL",1,0,"PIRES DO RIO, AV 1839 SAO PAULO SP",-23.5130019,-46.4437194
"3396","D021300189",14947,"OLIMPIO DA SILVEIRA, AV GAL",7685,"GABRIEL DOS SANTOS, RUA DR",0,"","27/02/2013 12:40",4,"AT",77,916," "," ",1,0,0,0,0,0,0,0,0,0,0,0,0,0,0,0,0,7685,"GABRIEL DOS SANTOS, RUA DR",14947,"OLIMPIO DA SILVEIRA, AV GAL",70,"SANTA CECILIA",1,0,"OLIMPIO DA SILVEIRA, AV GAL SAO PAULO SP &  GABRIEL DOS SANTOS, RUA DR SAO PAULO SP",-23.5320251,-46.6594292
"3398","D021300683",21832,"JOSE CARLOS DE TOLEDO PIZA, RUA DR",NA,"",10,"","27/02/2013 13:00",4,"AT",89,272," "," ",1,0,0,0,0,0,0,0,0,0,0,0,0,0,0,0,0,21832,"JOSE CARLOS DE TOLEDO PIZA, RUA DR",NA,"",29,"FREGUESIA DO O",1,0,"JOSE CARLOS DE TOLEDO PIZA, RUA DR 10 SAO PAULO SP",-23.6202506,-46.7304162
"3399","D021300548",26502,"ARY TORRES, PTE ENG",NA,"",11,"","27/02/2013 13:00",2,"CO",34,1257," "," ",1,1,0,0,0,0,0,0,0,0,0,0,0,0,0,0,0,26502,"ARY TORRES, PTE ENG",NA,"",13,"CACHOEIRINHA",1,0,"ARY TORRES, PTE ENG 11 SAO PAULO SP",-23.5450029,-46.4989628
"3400","D021300404",19887,"VOTUPOCA, RUA",NA,"",30,"","27/02/2013 13:15",4,"AT",7,1336," "," ",1,0,0,0,0,0,0,0,0,0,0,0,0,0,0,0,0,19887,"VOTUPOCA, RUA",NA,"",14,"CAMBUCI",1,0,"VOTUPOCA, RUA 30 SAO PAULO SP",-23.5356668,-46.702
"3401","D021300054",13669,"MATARAZZO, RUA",NA,"",251,"","27/02/2013 13:30",4,"AT",2,1168," "," ",1,0,0,0,0,0,0,0,0,0,0,0,0,0,0,0,0,13669,"MATARAZZO, RUA",NA,"",9,"BOM RETIRO",1,0,"MATARAZZO, RUA 251 SAO PAULO SP",-23.5230758,-46.6402003
"3402","D021300729",7836,"GASTAO VIDIGAL, AV DR",16726,"QUEIROZ FILHO, AV",0,"","27/02/2013 13:59",2,"CO",91,1390," "," ",0,1,0,0,1,0,0,0,0,0,0,0,0,0,0,0,0,4677,"APECATU, PCA",7257,"FONSECA RODRIGUES, AV PROF",90,"VILA LEOPOLDINA",2,0,"GASTAO VIDIGAL, AV DR SAO PAULO SP &  QUEIROZ FILHO, AV SAO PAULO SP",-23.5250205,-46.7409786
"3403","D021300031",6642,"ESTADO, AV DO",NA,"",3350,"","27/02/2013 14:48",4,"AT",1,1652," "," ",0,0,0,0,0,0,0,0,0,0,0,1,0,0,0,0,0,6642,"ESTADO, AV DO",NA,"",9,"BOM RETIRO",1,0,"ESTADO, AV DO 3350 SAO PAULO SP",-23.5476206,-46.6291392
"3404","D021301785",24338,"LUIZ IGNACIO ANHAIA MELLO, AV PROF",NA,"",7200,"","27/02/2013 15:00",2,"CL",70,1352," "," ",1,1,0,0,0,0,0,0,0,0,0,0,0,0,0,0,0,24338,"LUIZ IGNACIO ANHAIA MELLO, AV PROF",NA,"",26,"CONSOLACAO",1,0,"LUIZ IGNACIO ANHAIA MELLO, AV PROF 7200 SAO PAULO SP",-23.5990195,-46.5316269
"3405","D021300965",15485,"PARAPUA, RUA",NA,"",2024,"","27/02/2013 15:10",4,"AT",45,505," "," ",0,0,0,0,1,0,0,1,0,0,0,0,0,0,0,0,0,15485,"PARAPUA, RUA",NA,"",4,"ARICANDUVA",1,0,"PARAPUA, RUA 2024 SAO PAULO SP",-23.4689163,-46.6946739
"3407","D021300754",12114,"LUCIO MARTINS RODRIGUES, RUA PROF",NA,"",443,"","27/02/2013 16:00",2,"CH",93,1348," "," ",2,1,0,0,0,0,0,0,0,0,0,0,0,0,0,0,0,12114,"LUCIO MARTINS RODRIGUES, RUA PROF",NA,"",13,"CACHOEIRINHA",1,0,"LUCIO MARTINS RODRIGUES, RUA PROF 443 SAO PAULO SP",-23.5991741,-46.7233529
"3408","D021300709",18561,"LUIZ MIGLIANO, RUA DR",NA,"",1260,"","27/02/2013 16:40",2,"CO",89,1612," "," ",1,0,0,0,0,0,0,0,0,0,0,0,0,0,0,1,0,18561,"LUIZ MIGLIANO, RUA DR",NA,"",0,"NULL",1,0,"LUIZ MIGLIANO, RUA DR 1260 SAO PAULO SP",-23.615857,-46.7427034
"3409","D021300550",8000,"GIOVANNI GRONCHI, AV",NA,"",1920,"","27/02/2013 16:56",2,"CT",34,1264," "," ",1,1,0,0,0,0,0,0,0,0,0,0,0,0,0,0,0,8000,"GIOVANNI GRONCHI, AV",NA,"",55,"MORUMBI",1,0,"GIOVANNI GRONCHI, AV 1920 SAO PAULO SP",-23.5998366,-46.7221513
"3410","D021300549",7500,"FRANCISCO MORATO, AV PROF",NA,"",2500,"","27/02/2013 17:00",2,"CO",34,1262," "," ",1,1,0,0,0,0,0,0,0,0,0,0,0,0,0,0,0,7500,"FRANCISCO MORATO, AV PROF",NA,"",12,"BUTANTA",2,0,"FRANCISCO MORATO, AV PROF 2500 SAO PAULO SP",-23.5978052,-46.7406715
"3411","D021301719",17824,"SAPOPEMBA, AV",NA,"",14037,"","27/02/2013 17:20",2,"SI",55,945," "," ",1,1,0,0,0,0,0,0,0,0,0,0,0,0,0,0,0,17824,"SAPOPEMBA, AV",NA,"",33,"IPIRANGA",2,0,"SAPOPEMBA, AV 14037 SAO PAULO SP",-23.6126592,-46.4727192
"3412","D021301618",3852,"CIPRIANO RODRIGUES, AV",28944,"MANOEL FERREIRA PIRES, RUA",0,"","27/02/2013 17:33",2,"CO",41,1116," "," ",1,0,0,0,1,0,0,0,0,0,0,0,0,0,0,0,0,3852,"CIPRIANO RODRIGUES, AV",28944,"MANOEL FERREIRA PIRES, RUA",4,"ARICANDUVA",1,0,"CIPRIANO RODRIGUES, AV SAO PAULO SP &  MANOEL FERREIRA PIRES, RUA SAO PAULO SP",-23.5764511,-46.5272207
"3413","D021300210",15656,"PAULISTA, AV",NA,"",1682,"","27/02/2013 18:00",4,"AT",78,1589," "," ",0,1,0,0,0,0,0,0,0,0,0,0,0,0,0,0,0,15656,"PAULISTA, AV",NA,"",7,"BELA VISTA",1,0,"PAULISTA, AV 1682 SAO PAULO SP",-23.5608318,-46.6567866
"3415","D021300833",4308,"CARLOS BELMIRO CORREIA, RUA",11170,"JOSE RANGEL DE CAMARGO, RUA",0,"","27/02/2013 18:15",2,"CO",13,2125," "," ",1,1,0,0,0,0,0,0,0,0,0,0,0,0,0,0,0,4308,"CARLOS BELMIRO CORREIA, RUA",11170,"JOSE RANGEL DE CAMARGO, RUA",21,"CASA VERDE",1,0,"CARLOS BELMIRO CORREIA, RUA SAO PAULO SP &  JOSE RANGEL DE CAMARGO, RUA SAO PAULO SP",-23.4989613,-46.6557689
"3417","D021300585",78774,"MARCIO AKIRA MIURA, RUA",NA,"",147,"","27/02/2013 18:49",4,"AT",37,1623," "," ",0,0,0,0,0,0,0,0,0,0,0,0,0,0,0,1,0,78774,"MARCIO AKIRA MIURA, RUA",NA,"",29,"FREGUESIA DO O",1,0,"MARCIO AKIRA MIURA, RUA 147 SAO PAULO SP",-23.6456892,-46.7554279
"3418","D021300032",7733,"GALVAO BUENO, RUA",NA,"",52,"","27/02/2013 18:50",4,"AT",1,1660," "," ",0,0,0,0,1,0,0,0,0,0,0,0,0,0,0,0,0,7733,"GALVAO BUENO, RUA",NA,"",80,"SE",1,0,"GALVAO BUENO, RUA 52 SAO PAULO SP",-23.4553086,-46.7491092
"3419","D021300554",7500,"FRANCISCO MORATO, AV PROF",NA,"",2500,"","27/02/2013 19:30",2,"QD",34,1284," "," ",0,0,1,0,0,0,0,0,0,0,0,0,0,0,0,0,0,7500,"FRANCISCO MORATO, AV PROF",NA,"",12,"BUTANTA",1,0,"FRANCISCO MORATO, AV PROF 2500 SAO PAULO SP",-23.5978052,-46.7406715
"3420","D021301197",6239,"EDUARDO COTCHING, AV DR",NA,"",1904,"","27/02/2013 19:40",2,"CL",58,1093," "," ",1,1,0,0,0,0,0,0,0,0,0,0,0,0,0,0,0,6239,"EDUARDO COTCHING, AV DR",NA,"",87,"VILA FORMOSA",1,0,"EDUARDO COTCHING, AV DR 1904 SAO PAULO SP",-23.5664313,-46.5443773
"3421","D021300879",19884,"VOLUNTARIOS DA PATRIA, RUA",NA,"",3646,"","27/02/2013 20:30",2,"CO",20,1865," "," ",0,1,0,0,0,0,0,0,0,0,0,0,0,0,0,1,0,19884,"VOLUNTARIOS DA PATRIA, RUA",NA,"",8,"BELEM",1,0,"VOLUNTARIOS DA PATRIA, RUA 3646 SAO PAULO SP",-23.4880739,-46.626202
"3423","D021300925",19337,"ULTRAMARINO, AV",3423,"LACERDA MARQUES, RUA",0,"","27/02/2013 20:45",2,"CO",38,1045," "," ",1,1,0,0,0,0,0,0,0,0,0,0,0,0,0,0,0,3423,"LACERDA MARQUES, RUA",19337,"ULTRAMARINO, AV",51,"MANDAQUI",1,0,"ULTRAMARINO, AV SAO PAULO SP &  LACERDA MARQUES, RUA SAO PAULO SP",-23.4726702,-46.6401253
"3424","D021301754",2181,"ARICANDUVA, AV",NA,"",4066,"","27/02/2013 21:47",2,"CT",66,1326," "," ",0,1,0,0,0,0,0,1,0,0,0,0,0,0,0,0,0,2181,"ARICANDUVA, AV",NA,"",60,"PENHA",1,0,"ARICANDUVA, AV 4066 SAO PAULO SP",-23.5563246,-46.5168536
"3425","D021301028",61175,"ANGELO GAYOTO, RUA",NA,"",200,"","27/02/2013 22:10",4,"AT",74,1780,"B"," ",0,0,0,0,0,0,0,1,0,0,0,0,0,0,0,0,0,61175,"ANGELO GAYOTO, RUA",NA,"",40,"JAGUARE",1,0,"ANGELO GAYOTO, RUA 200 SAO PAULO SP",-23.4366174,-46.715784
"3426","D021300251",11379,"JUNTAS PROVISORIAS, AV",5144,"COCKRANE, RUA LORD",0,"","27/02/2013 22:17",2,"CO",17,2665," "," ",1,1,0,0,0,0,0,0,0,0,0,0,0,0,0,0,0,5144,"COCKRANE, RUA LORD",11379,"JUNTAS PROVISORIAS, AV",33,"IPIRANGA",1,0,"JUNTAS PROVISORIAS, AV SAO PAULO SP &  COCKRANE, RUA LORD SAO PAULO SP",-23.6035256,-46.6020793
"3427","D021300618",46890,"ALEXIOS JAFET (ESTR.CAMPINAS), AV",NA,"",1315,"","27/02/2013 22:30",4,"AT",46,1843," "," ",1,0,0,0,0,0,0,0,0,0,0,0,0,0,0,0,0,46890,"ALEXIOS JAFET (ESTR.CAMPINAS), AV",NA,"",41,"JARAGUA",1,0,"ALEXIOS JAFET (ESTR.CAMPINAS), AV 1315 SAO PAULO SP",-23.5714505,-46.658598
"3428","D021300741",5309,"CORIFEU DE AZEVEDO MARQUES, AV",NA,"",3600,"","27/02/2013 22:30",2,"CO",93,970," "," ",1,1,0,0,0,0,0,0,0,0,0,0,0,0,0,0,0,5309,"CORIFEU DE AZEVEDO MARQUES, AV",NA,"",12,"BUTANTA",1,0,"CORIFEU DE AZEVEDO MARQUES, AV 3600 SAO PAULO SP",-23.5658455,-46.7441648
"3429","D021300974",15485,"PARAPUA, RUA",NA,"",1400,"","27/02/2013 23:20",2,"CF",45,1781," "," ",1,0,0,0,0,0,0,1,0,0,0,0,0,0,0,0,0,15485,"PARAPUA, RUA",NA,"",4,"ARICANDUVA",2,0,"PARAPUA, RUA 1400 SAO PAULO SP",-23.4726974,-46.6908082
"3430","D021300932",15426,"PARADA PINTO, AV",21133,"SALVADOR TOLEZANO, RUA",0,"","27/02/2013 23:20",2,"CO",38,1779," "," ",1,1,0,0,0,0,0,0,0,0,0,0,0,0,0,0,0,15426,"PARADA PINTO, AV",21133,"SALVADOR TOLEZANO, RUA",51,"MANDAQUI",2,0,"PARADA PINTO, AV SAO PAULO SP &  SALVADOR TOLEZANO, RUA SAO PAULO SP",-23.4694786,-46.6646692
"3431","D021300285",14531,"NHAMBIQUARAS, AL DOS",2108,"ARATAS, AV",0,"","28/02/2013 00:14",2,"CF",27,2077," "," ",1,1,0,0,0,0,0,0,0,0,0,0,0,0,0,0,0,2108,"ARATAS, AV",14531,"NHAMBIQUARAS, AL DOS",53,"MOEMA",1,0,"NHAMBIQUARAS, AL DOS SAO PAULO SP &  ARATAS, AV SAO PAULO SP",-23.6008685,-46.6535551
"3432","D021301123",1657,"ANTONIO DE BARROS, RUA",15579,"PASSOS OURIQUE, RUA",0,"","28/02/2013 00:25",2,"CH",30,1096," "," ",1,0,0,0,0,0,0,0,0,0,0,0,0,0,0,0,0,1657,"ANTONIO DE BARROS, RUA",15579,"PASSOS OURIQUE, RUA",82,"TATUAPE",3,0,"ANTONIO DE BARROS, RUA SAO PAULO SP &  PASSOS OURIQUE, RUA SAO PAULO SP",-23.5447741,-46.5559478
"3433","D021300662",16878,"RAPOSO TAVARES, VIA",NA,"",17500,"","28/02/2013 04:40",2,"TB",75,711," "," ",0,1,0,0,0,0,0,0,0,0,0,0,0,0,0,0,0,16878,"RAPOSO TAVARES, VIA",NA,"",13,"CACHOEIRINHA",2,0,"RAPOSO TAVARES, VIA 17500 SAO PAULO SP",-23.5165942,-48.5023661
"3434","D021300089",19764,"VINTE E TRES DE MAIO, AV",NA,"",989,"","28/02/2013 04:51",4,"AT",5,1108,"C"," ",0,1,0,0,0,0,0,0,0,0,0,0,0,0,0,0,0,19764,"VINTE E TRES DE MAIO, AV",NA,"",17,"CAMPO LIMPO",1,0,"VINTE E TRES DE MAIO, AV 989 SAO PAULO SP",-23.5830727,-46.6522523
"3435","D021301279",99925,"INTEGRADA, RUA",99924,"SOLIDARIEDADE, RUA",0,"","28/02/2013 06:50",2,"CO",47,2898," "," ",1,1,0,0,0,0,0,0,0,0,0,0,0,0,0,0,0,99924,"SOLIDARIEDADE, RUA",99925,"INTEGRADA, RUA",NA,"",1,0,"INTEGRADA, RUA SAO PAULO SP &  SOLIDARIEDADE, RUA SAO PAULO SP",-23.665288,-46.7773108
"3436","D021300172",18993,"TIRADENTES, AV",NA,"",100,"","28/02/2013 07:10",2,"CO",12,1185,"B"," ",1,1,0,0,0,0,0,0,0,0,0,0,0,0,0,0,0,18993,"TIRADENTES, AV",NA,"",9,"BOM RETIRO",1,0,"TIRADENTES, AV 100 SAO PAULO SP",-23.5348987,-46.6331073
"3437","D021301182",24338,"LUIZ IGNACIO ANHAIA MELLO, AV PROF",NA,"",2797,"","28/02/2013 07:11",2,"CT",56,1280,"C"," ",1,1,0,0,0,0,0,0,0,0,0,0,0,0,0,0,0,24338,"LUIZ IGNACIO ANHAIA MELLO, AV PROF",NA,"",26,"CONSOLACAO",1,0,"LUIZ IGNACIO ANHAIA MELLO, AV PROF 2797 SAO PAULO SP",-23.5825224,-46.5662823
"3439","D021301326",8368,"GUARAPIRANGA, AV",NA,"",576,"","28/02/2013 07:30",2,"CO",92,1316," "," ",1,1,0,0,0,0,0,0,0,0,0,0,0,0,0,0,0,8368,"GUARAPIRANGA, AV",NA,"",45,"JARDIM SAO LUIS",1,0,"GUARAPIRANGA, AV 576 SAO PAULO SP",-23.6662468,-46.7179665
"3440","D021300286",9309,"IRAI, AV",11394,"JUQUIS, RUA",0,"","28/02/2013 07:45",2,"CO",27,2682," "," ",1,1,0,0,0,0,0,0,0,0,0,0,0,0,0,0,0,9309,"IRAI, AV",11394,"JUQUIS, RUA",53,"MOEMA",1,0,"IRAI, AV SAO PAULO SP &  JUQUIS, RUA SAO PAULO SP",-23.6145681,-46.6582054
"3441","D021300897",2075,"ARAPUA, RUA",NA,"",300,"","28/02/2013 08:00",2,"QD",28,1105," "," ",0,0,1,0,0,0,0,0,0,0,0,0,0,0,0,0,0,2075,"ARAPUA, RUA",NA,"",37,"JABAQUARA",1,0,"ARAPUA, RUA 300 SAO PAULO SP",-23.631814,-46.6464426
"3443","D021300675",63165,"CECILIA CALOVINI, RUA",NA,"",100,"","28/02/2013 09:01",4,"AT",87,1047," "," ",1,0,0,0,0,0,0,0,0,0,0,0,0,0,0,0,0,63165,"CECILIA CALOVINI, RUA",NA,"",4,"ARICANDUVA",1,0,"CECILIA CALOVINI, RUA 100 SAO PAULO SP",-23.4815364,-46.716368
"3444","D021300515",17822,"SAPETUBA, RUA",NA,"",58,"","28/02/2013 09:10",2,"CO",34,278," "," ",2,1,0,0,0,0,0,0,0,0,0,0,0,0,0,0,0,17822,"SAPETUBA, RUA",NA,"",13,"CACHOEIRINHA",1,0,"SAPETUBA, RUA 58 SAO PAULO SP",-23.574734,-46.7074801
"3445","D021300552",7500,"FRANCISCO MORATO, AV PROF",NA,"",4293,"","28/02/2013 09:30",2,"CO",34,1273," "," ",0,1,1,0,0,0,0,0,0,0,0,0,0,0,0,0,0,7500,"FRANCISCO MORATO, AV PROF",NA,"",12,"BUTANTA",1,0,"FRANCISCO MORATO, AV PROF 4293 SAO PAULO SP",-23.5944611,-46.7373115
"3446","D021301212",4632,"CATUMBI, RUA",6835,"EVARISTO DA VEIGA, RUA",0,"","28/02/2013 09:30",4,"AT",81,580,"B"," ",0,0,0,0,0,0,0,1,0,0,0,0,0,0,0,0,0,4632,"CATUMBI, RUA",6835,"EVARISTO DA VEIGA, RUA",8,"BELEM",1,0,"CATUMBI, RUA SAO PAULO SP &  EVARISTO DA VEIGA, RUA SAO PAULO SP",-23.532869,-46.6012407
"3447","D021301299",99144,"OPCAO BRASIL NATAL, RUA",NA,"",110,"","28/02/2013 09:50",2,"CH",85,472," "," ",1,0,0,0,0,0,0,0,0,0,0,0,0,0,0,0,0,99144,"OPCAO BRASIL NATAL, RUA",NA,"",30,"GRAJAU",1,0,"OPCAO BRASIL NATAL, RUA 110 SAO PAULO SP",-23.7630026,-46.6987417
"3449","D021300926",9078,"IMIRIM, AV",NA,"",3100,"","28/02/2013 10:30",4,"AT",38,1055," "," ",0,0,0,0,0,0,0,1,0,0,0,0,0,0,0,0,0,9078,"IMIRIM, AV",NA,"",71,"SANTANA",2,0,"IMIRIM, AV 3100 SAO PAULO SP",-23.4804953,-46.6560914