"","id_acidente","codloga","logradouroA","codlogb","logradouroB","alt_num","referencia","data","cod_acid","tipo_acidente","dp","numero_BO","sentido","pista","automovel","moto","onibus","caminhao","bicicleta","moto_taxi","onibus_fretado","onibus_urbano","microonibus","van","vuc","caminhonete","carreta","jipe","outros","sem_informacao","carroca","princ_a","paiA","princ_b","paiB","cod_distrito","distrito","vit_ferida","vit_morta","local","lat","lon"
"3450","D021300489",4561,"CASTELO BRANCO, AV PRES",NA,"",6373,"","28/02/2013 11:10",4,"AT",23,1131," "," ",1,0,0,0,0,0,0,0,0,0,0,0,0,0,0,0,0,29772,"MARGINAL DO RIO TIETE, AV",NA,"",6,"BARRA FUNDA",1,0,"CASTELO BRANCO, AV PRES 6373 SAO PAULO SP",-23.511563,-46.6830609
"3451","D021300446",16919,"REBOUCAS, AV",NA,"",450,"","28/02/2013 11:15",2,"CO",14,1827," "," ",1,1,0,0,0,0,0,0,0,0,0,0,0,0,0,0,0,16919,"REBOUCAS, AV",NA,"",44,"JARDIM PAULISTA",1,0,"REBOUCAS, AV 450 SAO PAULO SP",-23.5575713,-46.6672891
"3452","D021301528",16490,"PONTE RASA, RUA",21984,"DJALMA EVANGELISTA, RUA SARG",0,"","28/02/2013 11:44",2,"CO",62,865," "," ",1,1,0,0,0,0,0,0,0,0,0,0,0,0,0,0,0,16490,"PONTE RASA, RUA",21984,"DJALMA EVANGELISTA, RUA SARG",65,"PONTE RASA",1,0,"PONTE RASA, RUA SAO PAULO SP &  DJALMA EVANGELISTA, RUA SARG SAO PAULO SP",-23.5130784,-46.4842264
"3453","D021301720",14330,"MURITIBA, AV BRA DE",NA,"",70,"","28/02/2013 11:58",2,"CO",55,955," "," ",1,0,0,0,0,0,0,0,0,0,0,1,0,0,0,0,0,14330,"MURITIBA, AV BRA DE",NA,"",51,"MANDAQUI",2,0,"MURITIBA, AV BRA DE 70 SAO PAULO SP",-23.623124,-46.4720196
"3455","D021300371",999,"SANTO AMARO, AV",15797,"PAVAO, AV",0,"","28/02/2013 12:12",2,"CL",96,926," "," ",1,1,0,0,0,0,0,1,0,0,0,0,0,0,0,0,0,999,"SANTO AMARO, AV",15797,"PAVAO, AV",34,"ITAIM BIBI",1,0,"SANTO AMARO, AV SAO PAULO SP &  PAVAO, AV SAO PAULO SP",-23.614288,-46.6791208
"3456","D021300966",19001,"TIRO AO POMBO, RUA",21596,"JOAO CAETANO PINTO, RUA",0,"","28/02/2013 12:14",4,"AT",45,513," "," ",0,0,0,0,0,0,0,0,0,0,0,0,0,0,0,1,0,19001,"TIRO AO POMBO, RUA",21596,"JOAO CAETANO PINTO, RUA",11,"BRASILANDIA",1,0,"TIRO AO POMBO, RUA SAO PAULO SP &  JOAO CAETANO PINTO, RUA SAO PAULO SP",-23.4716892,-46.6883364
"3457","D021300033",8024,"GLICERIO, RUA",NA,"",100,"","28/02/2013 12:15",2,"CO",1,1675," "," ",1,1,0,0,0,0,0,0,0,0,0,0,0,0,0,0,0,8024,"GLICERIO, RUA",NA,"",80,"SE",1,0,"GLICERIO, RUA 100 SAO PAULO SP",-23.5071644,-46.4766961
"3458","D021300645",13019,"ESCOLA POLITECNICA, AV",75804,"RAIMUNDO DE CASTRO MAIA, RUA",0,"","28/02/2013 12:40",2,"QM",51,1387," "," ",0,1,0,0,0,0,0,0,0,0,0,0,0,0,0,0,0,13019,"ESCOLA POLITECNICA, AV",75804,"RAIMUNDO DE CASTRO MAIA, RUA",68,"RIO PEQUENO",1,0,"ESCOLA POLITECNICA, AV SAO PAULO SP &  RAIMUNDO DE CASTRO MAIA, RUA SAO PAULO SP",-23.5585284,-46.7466636
"3459","D021300880",3813,"CAETANO ALVARES, AV ENG",NA,"",4099,"","28/02/2013 12:45",2,"SI",20,2158," "," ",1,0,0,0,1,0,0,0,0,0,0,0,0,0,0,0,0,3813,"CAETANO ALVARES, AV ENG",NA,"",21,"CASA VERDE",1,0,"CAETANO ALVARES, AV ENG 4099 SAO PAULO SP",-23.4879905,-46.6484381
"3460","D021300896",27358,"FUAD LUTFALLA, AV",NA,"",450,"","28/02/2013 12:58",2,"CT",28,1089," "," ",0,1,1,0,0,0,0,0,0,0,0,0,0,0,0,0,0,27358,"FUAD LUTFALLA, AV",NA,"",4,"ARICANDUVA",1,0,"FUAD LUTFALLA, AV 450 SAO PAULO SP",-23.4860126,-46.710421
"3461","D021300347",2121,"ARAUJO GONDIM, RUA",NA,"",351,"","28/02/2013 13:00",2,"CF",95,599," "," ",1,1,0,0,0,0,0,0,0,0,0,0,0,0,0,0,0,2121,"ARAUJO GONDIM, RUA",NA,"",69,"SACOMA",1,0,"ARAUJO GONDIM, RUA 351 SAO PAULO SP",-23.6145152,-46.5945514
"3462","D021300836",10712,"JORGE VALIM, RUA",NA,"",90,"","28/02/2013 13:05",2,"SI",13,2153," "," ",1,1,0,0,0,0,0,0,0,0,0,0,0,0,0,0,0,10712,"JORGE VALIM, RUA",NA,"",21,"CASA VERDE",1,0,"JORGE VALIM, RUA 90 SAO PAULO SP",-23.4992522,-46.6453367
"3465","D021300490",18519,"SUMARE, AV",10436,"JOAO RAMALHO, RUA",0,"","28/02/2013 13:55",2,"CO",23,1133," "," ",0,1,0,0,0,0,0,0,0,0,0,1,0,0,0,0,0,10436,"JOAO RAMALHO, RUA",18519,"SUMARE, AV",61,"PERDIZES",1,0,"SUMARE, AV SAO PAULO SP &  JOAO RAMALHO, RUA SAO PAULO SP",-22.8071539,-47.223149
"3466","D021300123",3653,"BRESSER, RUA",NA,"",1200,"","28/02/2013 14:00",2,"CO",8,882," "," ",0,1,0,0,1,0,0,0,0,0,0,0,0,0,0,0,0,3653,"BRESSER, RUA",NA,"",10,"BRAS",1,0,"BRESSER, RUA 1200 SAO PAULO SP",-23.5406767,-46.6076833
"3469","D021300248",12057,"LUCAS OBES, RUA DOM",18172,"SILVA BUENO, RUA",0,"","28/02/2013 14:43",4,"AT",17,1193," "," ",1,0,0,0,0,0,0,0,0,0,0,0,0,0,0,0,0,12057,"LUCAS OBES, RUA DOM",18172,"SILVA BUENO, RUA",33,"IPIRANGA",1,0,"LUCAS OBES, RUA DOM SAO PAULO SP &  SILVA BUENO, RUA SAO PAULO SP",-23.5890296,-46.6009121
"3470","D021300034",8024,"GLICERIO, RUA",NA,"",100,"","28/02/2013 15:10",2,"QM",1,1682," "," ",0,1,0,0,0,0,0,0,0,0,0,0,0,0,0,0,0,8024,"GLICERIO, RUA",NA,"",80,"SE",1,0,"GLICERIO, RUA 100 SAO PAULO SP",-23.5071644,-46.4766961
"3473","D021300730",8650,"HELIOPOLIS, RUA",2991,"BAUMANN, RUA",0,"","28/02/2013 16:06",2,"CO",91,1418," "," ",1,1,0,0,0,0,0,0,0,0,0,0,0,0,0,0,0,2991,"BAUMANN, RUA",8650,"HELIOPOLIS, RUA",90,"VILA LEOPOLDINA",1,0,"HELIOPOLIS, RUA SAO PAULO SP &  BAUMANN, RUA SAO PAULO SP",-23.5346331,-46.7303076
"3474","D021300448",7257,"FONSECA RODRIGUES, AV PROF",NA,"",2116,"","28/02/2013 16:45",2,"CO",14,1890," "," ",0,2,0,0,0,0,0,0,0,0,0,0,0,0,0,0,0,7257,"FONSECA RODRIGUES, AV PROF",NA,"",2,"ALTO DE PINHEIR",1,0,"FONSECA RODRIGUES, AV PROF 2116 SAO PAULO SP",-23.5425688,-46.7265639
"3475","D021300556",6819,"EUSEBIO MATOSO, AV",NA,"",10,"","28/02/2013 17:00",2,"CO",34,1293," "," ",1,0,0,0,1,0,0,0,0,0,0,0,0,0,0,0,0,6819,"EUSEBIO MATOSO, AV",NA,"",63,"PINHEIROS",1,0,"EUSEBIO MATOSO, AV 10 SAO PAULO SP",-23.5710948,-46.6929101
"3476","D021300878",15446,"PEDRO DE ABREU, RUA",NA,"",61,"","28/02/2013 17:20",4,"AT",20,1829," "," ",0,0,0,0,0,0,0,0,0,0,0,0,0,0,0,1,0,15446,"PEDRO DE ABREU, RUA",NA,"",22,"CIDADE ADEMAR",1,0,"PEDRO DE ABREU, RUA 61 SAO PAULO SP",-23.4540037,-46.6060238
"3477","D021301293",20048,"YERVANT KISSAJIKIAN, AV",NA,"",1547,"","28/02/2013 17:50",2,"CO",80,715," "," ",1,1,0,0,0,0,0,0,0,0,0,0,0,0,0,0,0,20048,"YERVANT KISSAJIKIAN, AV",NA,"",29,"FREGUESIA DO O",1,0,"YERVANT KISSAJIKIAN, AV 1547 SAO PAULO SP",-23.6734935,-46.6651645
"3478","D021301590",11542,"NORDESTINA, AV",NA,"",4569,"","28/02/2013 18:00",4,"AT",67,594," "," ",0,1,0,0,0,0,0,0,0,0,0,0,0,0,0,0,0,11542,"NORDESTINA, AV",NA,"",76,"SAO MIGUEL",1,0,"NORDESTINA, AV 4569 SAO PAULO SP",-23.5185885,-46.4210041
"3479","D021300035",19764,"VINTE E TRES DE MAIO, AV",NA,"",2,"","28/02/2013 19:00",4,"AT",1,1704," "," ",0,1,0,0,0,0,0,0,0,0,0,0,0,0,0,0,0,19764,"VINTE E TRES DE MAIO, AV",NA,"",17,"CAMPO LIMPO",1,0,"VINTE E TRES DE MAIO, AV 2 SAO PAULO SP",-23.5832944,-46.6521967
"3481","D021301010",45826,"ISMAEL DE JESUS SILVA, RUA",NA,"",32,"","28/02/2013 19:15",2,"CO",73,2148," "," ",0,0,0,0,1,0,0,0,0,0,0,1,0,0,0,0,0,45826,"ISMAEL DE JESUS SILVA, RUA",NA,"",83,"TREMEMBE",1,0,"ISMAEL DE JESUS SILVA, RUA 32 SAO PAULO SP",-23.453775,-46.5818266
"3482","D021301183",19708,"VILA EMA, AV",NA,"",369,"","28/02/2013 19:20",4,"AT",56,1299," "," ",0,1,0,0,0,0,0,0,0,0,0,0,0,0,0,0,0,19708,"VILA EMA, AV",NA,"",26,"CONSOLACAO",1,0,"VILA EMA, AV 369 SAO PAULO SP",-23.5791332,-46.5727185
"3483","D021300619",36860,"LEOPOLDO DE PASSOS LIMA, RUA",NA,"",822,"","28/02/2013 19:40",2,"CO",46,1873," "," ",2,1,0,0,0,0,0,0,0,0,0,1,0,0,0,0,0,36860,"LEOPOLDO DE PASSOS LIMA, RUA",NA,"",3,"ANHANGUERA",1,0,"LEOPOLDO DE PASSOS LIMA, RUA 822 SAO PAULO SP",-23.4281433,-46.79461
"3484","D021300449",6238,"NACOES UNIDAS, AV DAS",NA,"",6000,"","28/02/2013 19:50",2,"CO",14,1899," "," ",0,2,0,0,0,0,0,0,0,0,0,0,0,0,0,0,0,13014,"MARGINAL DO RIO PINHEIROS, AV",NA,"",90,"VILA LEOPOLDINA",2,0,"NACOES UNIDAS, AV DAS 6000 SAO PAULO SP",-23.6791585,-46.6961138
"3485","D021301125",43408,"ABEL FERREIRA, AV VER",1220,"ANALIA FRANCO, RUA",0,"","28/02/2013 20:00",2,"SI",30,1105," "," ",1,1,0,0,0,0,0,0,0,0,0,0,0,0,0,0,0,1220,"ANALIA FRANCO, RUA",43408,"ABEL FERREIRA, AV VER",1,"AGUA RASA",1,0,"ABEL FERREIRA, AV VER SAO PAULO SP &  ANALIA FRANCO, RUA SAO PAULO SP",-23.5650195,-46.5589073
"3486","D021300557",8000,"GIOVANNI GRONCHI, AV",15774,"PAULO PUPO, RUA PROF",0,"","28/02/2013 20:00",2,"CL",34,1298," "," ",1,1,0,0,0,0,0,0,0,0,0,0,0,0,0,0,0,8000,"GIOVANNI GRONCHI, AV",15774,"PAULO PUPO, RUA PROF",55,"MORUMBI",1,0,"GIOVANNI GRONCHI, AV SAO PAULO SP &  PAULO PUPO, RUA PROF SAO PAULO SP",-23.6004501,-46.710515
"3488","D021300252",5421,"COSTA AGUIAR, RUA",NA,"",2713,"","28/02/2013 21:40",2,"CO",17,2714,"B"," ",0,2,0,0,0,0,0,0,0,0,0,0,0,0,0,0,0,5421,"COSTA AGUIAR, RUA",NA,"",33,"IPIRANGA",2,0,"COSTA AGUIAR, RUA 2713 SAO PAULO SP",-23.598181,-46.6052097
"3489","D021301355",5606,"CUPECE, AV",NA,"",5347,"","28/02/2013 23:15",2,"CO",98,2268," "," ",0,0,0,0,1,0,0,1,0,0,0,0,0,0,0,0,0,5606,"CUPECE, AV",NA,"",22,"CIDADE ADEMAR",1,0,"CUPECE, AV 5347 SAO PAULO SP",-23.6807162,-46.6386619
"3491","D031300520",13605,"MARTINELLI, AV COMEN",NA,"",367,"","01/03/2013 05:40",4,"AT",7,1375," "," ",0,1,0,0,0,0,0,0,0,0,0,0,0,0,0,0,0,13605,"MARTINELLI, AV COMEN",NA,"",6,"BARRA FUNDA",1,0,"MARTINELLI, AV COMEN 367 SAO PAULO SP",-23.5186813,-46.6999583
"3492","D031301114",18151,"SEZEFREDO FAGUNDES, AV CEL",13133,"MARIA AMALIA LOPES AZEVEDO, RUA",0,"","01/03/2013 06:25",2,"CL",20,1850,"B"," ",0,1,0,0,0,0,0,1,0,0,0,0,0,0,0,0,0,13133,"MARIA AMALIA LOPES AZEVEDO, RUA",18151,"SEZEFREDO FAGUNDES, AV CEL",NA,"",1,0,"SEZEFREDO FAGUNDES, AV CEL SAO PAULO SP &  MARIA AMALIA LOPES AZEVEDO, RUA SAO PAULO SP",-23.4550902,-46.6022715
"3493","D031301617",98963,"RODOANEL MARIO COVAS, VIA",NA,"",5300,"","01/03/2013 06:30",4,"AT",25,549," "," ",0,0,0,1,0,0,0,0,0,0,0,0,0,0,0,0,0,98963,"RODOANEL MARIO COVAS, VIA",NA,"",62,"PERUS",1,0,"RODOANEL MARIO COVAS, VIA 5300 SAO PAULO SP",-23.760612,-46.5934574
"3494","D031301633",34128,"JOAO DE LUCA, AV VER",NA,"",225,"","01/03/2013 06:30",2,"SI",43,836," "," ",1,1,0,0,0,0,0,0,0,0,0,0,0,0,0,0,0,34128,"JOAO DE LUCA, AV VER",NA,"",42,"JARDIM ANGELA",1,0,"JOAO DE LUCA, AV VER 225 SAO PAULO SP",-23.6459404,-46.671341
"3495","D031300542",16919,"REBOUCAS, AV",NA,"",1164,"","01/03/2013 06:45",2,"CO",14,1953," "," ",1,1,0,0,0,0,0,0,0,0,0,0,0,0,0,0,0,16919,"REBOUCAS, AV",NA,"",44,"JARDIM PAULISTA",1,0,"REBOUCAS, AV 1164 SAO PAULO SP",-23.5607379,-46.6730424
"3497","D031301233",6450,"EMILIO CARLOS, AV DEP",NA,"",2235,"","01/03/2013 06:48",2,"CO",40,734," "," ",1,1,0,0,0,0,0,0,0,0,0,0,0,0,0,0,0,6450,"EMILIO CARLOS, AV DEP",NA,"",50,"LIMAO",1,0,"EMILIO CARLOS, AV DEP 2235 SAO PAULO SP",-23.4875689,-46.675803
"3498","D031300106",12165,"LUIS ANTONIO, AV BRIG",NA,"",1818,"","01/03/2013 06:50",4,"AT",5,342," "," ",0,1,0,0,0,0,0,0,0,0,0,0,0,0,0,0,0,12165,"LUIS ANTONIO, AV BRIG",NA,"",7,"BELA VISTA",2,0,"LUIS ANTONIO, AV BRIG 1818 SAO PAULO SP",-23.5627117,-46.6455294
"3500","D031301597",3516,"MARIO VILAS BOAS RODRIGUES, AV DR",NA,"",387,"","01/03/2013 07:30",2,"CT",11,3095," "," ",0,2,0,0,0,0,0,0,0,0,0,0,0,0,0,0,0,3516,"MARIO VILAS BOAS RODRIGUES, AV DR",NA,"",72,"SANTO AMARO",1,0,"MARIO VILAS BOAS RODRIGUES, AV DR 387 SAO PAULO SP",-23.6515793,-46.7220371
"3501","D031301511",8955,"IBITIRAMA, RUA",20059,"ZELINA, AV",0,"","01/03/2013 07:30",2,"CO",56,1305," "," ",1,1,0,0,0,0,0,0,0,0,0,0,0,0,0,0,0,8955,"IBITIRAMA, RUA",20059,"ZELINA, AV",95,"VILA PRUDENTE",1,0,"IBITIRAMA, RUA SAO PAULO SP &  ZELINA, AV SAO PAULO SP",-23.5937819,-46.5790788
"3502","D031300491",6238,"NACOES UNIDAS, AV DAS",21514,"ROQUE PETRONI JUNIOR, AV",0,"","01/03/2013 07:54",2,"CO",96,148," "," ",1,2,0,0,0,0,0,0,0,0,0,0,0,0,0,0,0,6238,"NACOES UNIDAS, AV DAS",21514,"ROQUE PETRONI JUNIOR, AV",72,"SANTO AMARO",1,0,"NACOES UNIDAS, AV DAS SAO PAULO SP &  ROQUE PETRONI JUNIOR, AV SAO PAULO SP",-23.5735935,-46.7008864
"3503","D031300809",16838,"RAIMUNDO PEREIRA DE MAGAL., AV",NA,"",15500,"","01/03/2013 08:10",2,"CO",46,1027," "," ",1,1,0,0,0,0,0,0,0,0,0,0,0,0,0,0,0,16838,"RAIMUNDO PEREIRA DE MAGAL., AV",NA,"",31,"GUAIANASES",1,0,"RAIMUNDO PEREIRA DE MAGAL., AV 15500 SAO PAULO SP",-23.4077682,-46.7348657
"3504","D031300005",7122,"FIGUEIRA, RUA DA",NA,"",100,"","01/03/2013 08:10",2,"CT",1,1712," "," ",0,1,1,0,0,0,0,0,0,0,0,0,0,0,0,0,0,7122,"FIGUEIRA, RUA DA",NA,"",10,"BRAS",1,0,"FIGUEIRA, RUA DA 100 SAO PAULO SP",-23.5456653,-46.6263698
"3505","D031300041",16593,"PRESTES MAIA, AV",NA,"",250,"","01/03/2013 08:32",2,"CO",2,1204," "," ",2,0,0,0,0,0,0,0,0,0,0,0,0,0,0,0,0,16593,"PRESTES MAIA, AV",NA,"",9,"BOM RETIRO",3,0,"PRESTES MAIA, AV 250 SAO PAULO SP",-23.5428219,-46.6348575
"3506","D031300166",543,"ALCANTARA MACHADO, AV",NA,"",3198,"","01/03/2013 09:00",2,"QM",8,1534," "," ",0,1,0,0,0,0,0,0,0,0,0,0,0,0,0,0,0,543,"ALCANTARA MACHADO, AV",NA,"",10,"BRAS",1,0,"ALCANTARA MACHADO, AV 3198 SAO PAULO SP",-23.5450981,-46.5958501
"3507","D031301714",10270,"JOAO DIAS, AV",NA,"",3639,"","01/03/2013 09:00",2,"CO",92,1127," "," ",1,1,0,0,0,0,0,0,0,0,0,0,0,0,0,0,0,10270,"JOAO DIAS, AV",NA,"",72,"SANTO AMARO",1,0,"JOAO DIAS, AV 3639 SAO PAULO SP",-23.6440297,-46.7349198
"3508","D031300006",6642,"ESTADO, AV DO",NA,"",4000,"","01/03/2013 09:15",2,"CO",1,1739," "," ",1,2,0,0,0,0,0,0,0,0,0,0,0,0,0,0,0,6642,"ESTADO, AV DO",NA,"",9,"BOM RETIRO",1,0,"ESTADO, AV DO 4000 SAO PAULO SP",-23.5475726,-46.6291723
"3509","D031301491",4736,"CELSO GARCIA, AV",NA,"",3976,"","01/03/2013 09:15",4,"AT",52,641," "," ",0,0,0,0,0,0,0,1,0,0,0,0,0,0,0,0,0,4736,"CELSO GARCIA, AV",NA,"",82,"TATUAPE",1,0,"CELSO GARCIA, AV 3976 SAO PAULO SP",-23.5355977,-46.5738784
"3510","D031301576",10270,"JOAO DIAS, AV",NA,"",2200,"","01/03/2013 09:37",2,"QD",11,2319," "," ",0,0,0,0,0,0,0,1,0,0,0,0,0,0,0,0,0,10270,"JOAO DIAS, AV",NA,"",72,"SANTO AMARO",1,0,"JOAO DIAS, AV 2200 SAO PAULO SP",-23.6447354,-46.7213883
"3511","D031300081",14433,"NATANAEL, RUA MAJ",NA,"",223,"","01/03/2013 09:45",4,"AT",4,1150," "," ",1,0,0,0,0,0,0,0,0,0,0,0,0,0,0,0,0,14433,"NATANAEL, RUA MAJ",NA,"",26,"CONSOLACAO",1,0,"NATANAEL, RUA MAJ 223 SAO PAULO SP",-23.5549955,-46.6673513
"3512","D031301512",15047,"ORFANATO, RUA",5682,"DAMIAO, PCA PDE",0,"","01/03/2013 09:45",4,"AT",56,1309," "," ",0,0,0,0,0,0,0,0,0,0,0,1,0,0,0,0,0,5682,"DAMIAO, PCA PDE",8955,"IBITIRAMA, RUA",95,"VILA PRUDENTE",1,0,"ORFANATO, RUA SAO PAULO SP &  DAMIAO, PCA PDE SAO PAULO SP",-23.5799057,-46.5817828
"3513","D031300239",14750,"NOTHMANN, AL",NA,"",200,"","01/03/2013 11:00",2,"CO",77,335," "," ",1,1,0,0,0,0,0,0,0,0,0,0,0,0,0,0,0,14750,"NOTHMANN, AL",NA,"",70,"SANTA CECILIA",2,0,"NOTHMANN, AL 200 SAO PAULO SP",-23.530947,-46.6436267
"3514","D031300199",5567,"CRUZEIRO DO SUL, AV",6642,"ESTADO, AV DO",0,"","01/03/2013 11:30",2,"CL",12,1210,"C"," ",1,0,0,1,0,0,0,0,0,0,0,0,0,0,0,0,0,5567,"CRUZEIRO DO SUL, AV",6642,"ESTADO, AV DO",57,"PARI",1,0,"CRUZEIRO DO SUL, AV SAO PAULO SP &  ESTADO, AV DO SAO PAULO SP",-23.5073033,-46.6250321
"3515","D031301948",17820,"TITO, AV MAL",NA,"",3097,"","01/03/2013 11:40",4,"AT",59,857," "," ",1,0,0,0,0,0,0,0,0,0,0,0,0,0,0,0,0,17820,"TITO, AV MAL",NA,"",53,"MOEMA",1,0,"TITO, AV MAL 3097 SAO PAULO SP",-23.4940369,-46.4159146
"3517","D031301548",8444,"GUAXUPE, RUA",NA,"",146,"","01/03/2013 11:45",2,"CO",58,514," "," ",1,1,0,0,0,0,0,0,0,0,0,0,0,0,0,0,0,8444,"GUAXUPE, RUA",NA,"",87,"VILA FORMOSA",1,0,"GUAXUPE, RUA 146 SAO PAULO SP",-23.5562217,-46.5530394
"3518","D031301696",61138,"RUDEPOEMA, RUA",NA,"",56,"","01/03/2013 12:00",2,"CH",85,486," "," ",1,0,0,1,0,0,0,0,0,0,0,0,0,0,0,0,0,61138,"RUDEPOEMA, RUA",NA,"",32,"IGUATEMI",1,0,"RUDEPOEMA, RUA 56 SAO PAULO SP",-23.7582307,-46.705579
"3520","D031302138",2181,"ARICANDUVA, AV",NA,"",12800,"","01/03/2013 12:54",2,"QM",49,2946," "," ",0,1,0,0,0,0,0,0,0,0,0,0,0,0,0,0,0,2181,"ARICANDUVA, AV",NA,"",60,"PENHA",1,0,"ARICANDUVA, AV 12800 SAO PAULO SP",-23.5964741,-46.4665601
"3521","D031301081",475,"ALBERTO BYINGTON, AV",NA,"",2600,"","01/03/2013 13:10",2,"CO",19,831," "," ",1,1,0,0,0,0,0,0,0,0,0,0,0,0,0,0,0,475,"ALBERTO BYINGTON, AV",NA,"",91,"VILA MARIA",2,0,"ALBERTO BYINGTON, AV 2600 SAO PAULO SP",-23.5024172,-46.5826303
"3522","D031300308",15609,"PATRIOTAS, RUA DOS",4963,"CIPRIANO BARATA, RUA",0,"","01/03/2013 13:10",4,"AT",17,1222," "," ",1,0,0,0,0,0,0,0,0,0,0,0,0,0,0,0,0,4963,"CIPRIANO BARATA, RUA",15609,"PATRIOTAS, RUA DOS",33,"IPIRANGA",1,0,"PATRIOTAS, RUA DOS SAO PAULO SP &  CIPRIANO BARATA, RUA SAO PAULO SP",-23.5820082,-46.5986804
"3523","D031301577",952,"AMADOR BUENO, RUA",NA,"",138,"","01/03/2013 13:15",2,"CO",11,2350," "," ",0,1,0,0,0,0,0,0,0,0,0,1,0,0,0,0,0,952,"AMADOR BUENO, RUA",NA,"",72,"SANTO AMARO",1,0,"AMADOR BUENO, RUA 138 SAO PAULO SP",-23.6523191,-46.7092457
"3524","D031301324",15425,"CANTIDIO SAMPAIO, AV DEP",16838,"RAIMUNDO PEREIRA DE MAGAL., AV",0,"","01/03/2013 13:40",4,"AT",74,808,"C"," ",0,0,0,0,0,0,0,0,0,0,0,1,0,0,0,0,0,15425,"CANTIDIO SAMPAIO, AV DEP",16838,"RAIMUNDO PEREIRA DE MAGAL., AV",41,"JARAGUA",1,0,"CANTIDIO SAMPAIO, AV DEP SAO PAULO SP &  RAIMUNDO PEREIRA DE MAGAL., AV SAO PAULO SP",-23.4351468,-46.7178155
"3525","D031301172",15426,"PARADA PINTO, AV",NA,"",3700,"","01/03/2013 13:50",2,"SI",38,1085," "," ",1,1,0,0,0,0,0,0,0,0,0,0,0,0,0,0,0,15426,"PARADA PINTO, AV",NA,"",8,"BELEM",1,0,"PARADA PINTO, AV 3700 SAO PAULO SP",-23.4657896,-46.6365725
"3526","D031300521",5072,"CLELIA, RUA",NA,"",991,"","01/03/2013 13:58",2,"CO",7,1379," "," ",1,1,0,0,0,0,0,0,0,0,0,0,0,0,0,0,0,5072,"CLELIA, RUA",NA,"",NA,"",1,0,"CLELIA, RUA 991 SAO PAULO SP",-23.5250769,-46.6921234
"3527","D031302359",46936,"JACU-PESSEGO/NOVA TRABALHADORE, AV",8025,"MONTANHAS, RUA",0,"","01/03/2013 14:28",4,"AT",24,2215,"C"," ",1,0,0,0,0,0,0,0,0,0,0,0,0,0,0,0,0,184,"ADELINO, RUA",46936,"JACU-PESSEGO/NOVA TRABALHADORE, AV",NA,"",0,1,"JACU-PESSEGO/NOVA TRABALHADORE, AV SAO PAULO SP &  MONTANHAS, RUA SAO PAULO SP",-23.5754203,-46.4449094
"3529","D031302048",4826,"TEODORO BERNARDO DO NASCIMENTO, AV",NA,"",255,"","01/03/2013 14:30",2,"CO",67,632," "," ",1,1,0,0,0,0,0,0,0,0,0,0,0,0,0,0,0,4826,"TEODORO BERNARDO DO NASCIMENTO, AV",NA,"",86,"VILA CURUCA",1,0,"TEODORO BERNARDO DO NASCIMENTO, AV 255 SAO PAULO SP",-23.5254038,-46.4089013
"3530","D031300107",18232,"SILVIA, RUA",NA,"",376,"","01/03/2013 14:40",4,"AT",5,1152," "," ",1,0,0,0,0,0,0,0,0,0,0,0,0,0,0,0,0,18232,"SILVIA, RUA",NA,"",17,"CAMPO LIMPO",1,0,"SILVIA, RUA 376 SAO PAULO SP",-23.5613117,-46.6511748
"3531","D031300702",21242,"PLINIO SALGADO, RUA",NA,"",521,"","01/03/2013 14:48",2,"CO",34,1316," "," ",1,0,0,0,1,0,0,0,0,0,0,0,0,0,0,0,0,21242,"PLINIO SALGADO, RUA",NA,"",13,"CACHOEIRINHA",1,0,"PLINIO SALGADO, RUA 521 SAO PAULO SP",-23.5871043,-46.7324801
"3532","D031300255",14804,"NOVE DE JULHO, AV",NA,"",3700,"","01/03/2013 15:10",2,"CO",78,1649," "," ",1,1,0,0,0,0,0,0,0,0,0,0,0,0,0,0,0,14804,"NOVE DE JULHO, AV",NA,"",63,"PINHEIROS",1,0,"NOVE DE JULHO, AV 3700 SAO PAULO SP",-23.5713702,-46.6636746
"3533","D031301773",9220,"INTERLAGOS, AV",NA,"",1500,"","01/03/2013 16:00",2,"CO",99,969," "," ",1,1,0,0,0,0,0,0,0,0,0,0,0,0,0,0,0,9220,"INTERLAGOS, AV",NA,"",16,"CAMPO GRANDE",1,0,"INTERLAGOS, AV 1500 SAO PAULO SP",-23.6663927,-46.6779578
"3534","D031301580",6238,"NACOES UNIDAS, AV DAS",NA,"",16555,"","01/03/2013 16:20",2,"CO",11,2357," "," ",1,1,0,0,0,0,0,0,0,0,0,0,0,0,0,0,0,13014,"MARGINAL DO RIO PINHEIROS, AV",NA,"",90,"VILA LEOPOLDINA",1,0,"NACOES UNIDAS, AV DAS 16555 SAO PAULO SP",-23.6791511,-46.6960783
"3535","D031301432",4502,"CARRAO, AV CONS",NA,"",2220,"","01/03/2013 16:30",2,"CO",30,1120,"C"," ",1,1,0,0,0,0,0,0,0,0,0,0,0,0,0,0,0,4502,"CARRAO, AV CONS",NA,"",20,"CARRAO",2,0,"CARRAO, AV CONS 2220 SAO PAULO SP",-23.5475627,-46.5399288