"","id_acidente","codloga","logradouroA","codlogb","logradouroB","alt_num","referencia","data","cod_acid","tipo_acidente","dp","numero_BO","sentido","pista","automovel","moto","onibus","caminhao","bicicleta","moto_taxi","onibus_fretado","onibus_urbano","microonibus","van","vuc","caminhonete","carreta","jipe","outros","sem_informacao","carroca","princ_a","paiA","princ_b","paiB","cod_distrito","distrito","vit_ferida","vit_morta","local","lat","lon"
"3630","D031302095",2878,"BARREIRA GRANDE, AV DA",NA,"",3440,"","02/03/2013 18:33",2,"CO",41,2150," "," ",1,1,0,0,0,0,0,0,0,0,0,0,0,0,0,0,0,2878,"BARREIRA GRANDE, AV DA",NA,"",78,"SAPOPEMBA",1,0,"BARREIRA GRANDE, AV DA 3440 SAO PAULO SP",-23.5909556,-46.504736
"3631","D031301396",15304,"PAES DE BARROS, AV",NA,"",3452,"","02/03/2013 18:40",4,"AT",18,1332," "," ",1,0,0,0,0,0,0,0,0,0,0,0,0,0,0,0,0,15304,"PAES DE BARROS, AV",NA,"",16,"CAMPO GRANDE",1,0,"PAES DE BARROS, AV 3452 SAO PAULO SP",-23.5811096,-46.5868627
"3632","D031300543",16919,"REBOUCAS, AV",8714,"HENRIQUE SCHAUMANN, RUA",0,"","02/03/2013 18:40",2,"CO",14,1960," "," ",1,1,0,0,0,0,0,0,0,0,0,0,0,0,0,0,0,3581,"BRASIL, AV",16919,"REBOUCAS, AV",63,"PINHEIROS",1,0,"REBOUCAS, AV SAO PAULO SP &  HENRIQUE SCHAUMANN, RUA SAO PAULO SP",-23.5666153,-46.6829404
"3633","D031302108",75421,"JOSE HIGINO NEVES, AV",NA,"",1235,"","02/03/2013 19:20",4,"AT",44,1391," "," ",1,0,0,0,0,0,0,0,0,0,0,0,0,0,0,0,0,75421,"JOSE HIGINO NEVES, AV",NA,"",50,"LIMAO",2,0,"JOSE HIGINO NEVES, AV 1235 SAO PAULO SP",-23.5667754,-46.4017929
"3634","D031301151",27358,"FUAD LUTFALLA, AV",NA,"",650,"","02/03/2013 19:30",2,"CO",28,1121," "," ",1,1,0,0,0,0,0,0,0,0,0,0,0,0,0,0,0,27358,"FUAD LUTFALLA, AV",NA,"",4,"ARICANDUVA",2,0,"FUAD LUTFALLA, AV 650 SAO PAULO SP",-23.4846489,-46.7093417
"3635","D031300343",24507,"LINO DE MORAES LEME, AV DR",NA,"",972,"","02/03/2013 19:49",4,"AT",27,2194," "," ",1,0,0,0,0,0,0,0,0,0,0,0,0,0,0,0,0,24507,"LINO DE MORAES LEME, AV DR",NA,"",30,"GRAJAU",1,0,"LINO DE MORAES LEME, AV DR 972 SAO PAULO SP",-23.6405088,-46.6648179
"3636","D031300042",16581,"PRATES, RUA",NA,"",962,"","02/03/2013 20:00",2,"QM",2,238," "," ",0,1,0,0,0,0,0,0,0,0,0,0,0,0,0,0,0,16581,"PRATES, RUA",NA,"",15,"CAMPO BELO",1,0,"PRATES, RUA 962 SAO PAULO SP",-23.5256212,-46.6345807
"3637","D031301152",3771,"INAJAR DE SOUZA, AV",NA,"",2500,"","02/03/2013 20:45",4,"AT",28,1161," "," ",1,0,0,0,0,0,0,0,0,0,0,0,0,0,0,0,0,3771,"INAJAR DE SOUZA, AV",NA,"",50,"LIMAO",1,0,"INAJAR DE SOUZA, AV 2500 SAO PAULO SP",-23.484283,-46.6795071
"3638","D031302136",24428,"FORTE DO LEME, AV",24427,"FORTE DO RIO NEGRO, RUA",0,"","02/03/2013 20:58",2,"CL",49,1048," "," ",1,1,0,0,0,0,0,0,0,0,0,0,0,0,0,0,0,24427,"FORTE DO RIO NEGRO, RUA",24428,"FORTE DO LEME, AV",75,"SAO MATEUS",1,0,"FORTE DO LEME, AV SAO PAULO SP &  FORTE DO RIO NEGRO, RUA SAO PAULO SP",-23.608772,-46.4663942
"3639","D031301503",4736,"CELSO GARCIA, AV",NA,"",3700,"","02/03/2013 21:10",2,"CT",52,2408," "," ",1,0,0,0,0,0,0,1,0,0,0,0,0,0,0,0,0,4736,"CELSO GARCIA, AV",NA,"",82,"TATUAPE",1,0,"CELSO GARCIA, AV 3700 SAO PAULO SP",-23.5351759,-46.5765641
"3640","D031301219",7945,"GERTRUDES, RUA",NA,"",240,"","02/03/2013 21:27",2,"CO",39,2232," "," ",1,1,0,0,0,0,0,0,0,0,0,0,0,0,0,0,0,7945,"GERTRUDES, RUA",NA,"",94,"VILA MEDEIROS",1,0,"GERTRUDES, RUA 240 SAO PAULO SP",-23.4817254,-46.5858783
"3641","D031302403",15165,"OSVALDO DE OLIVEIRA, AV PROF",NA,"",114,"","02/03/2013 21:44",4,"AT",63,1739," "," ",1,1,0,0,0,0,0,0,0,0,0,0,0,0,0,0,0,15165,"OSVALDO DE OLIVEIRA, AV PROF",NA,"",51,"MANDAQUI",1,1,"OSVALDO DE OLIVEIRA, AV PROF 114 SAO PAULO SP",-23.5413993,-46.4267918
"3642","D031301115",18151,"SEZEFREDO FAGUNDES, AV CEL",12716,"MANUEL GAYA, RUA",0,"","02/03/2013 22:15",2,"CF",20,1906," "," ",2,0,0,0,0,0,0,0,0,0,0,0,0,0,0,0,0,12716,"MANUEL GAYA, RUA",18151,"SEZEFREDO FAGUNDES, AV CEL",83,"TREMEMBE",2,0,"SEZEFREDO FAGUNDES, AV CEL SAO PAULO SP &  MANUEL GAYA, RUA SAO PAULO SP",-23.4550902,-46.6022715
"3644","D031300699",310,"AGENOR COUTO DE MAGALHAES, AV",NA,"",25,"","02/03/2013 22:50",2,"SI",33,2950," "," ",1,1,0,0,0,0,0,0,0,0,0,0,0,0,0,0,0,310,"AGENOR COUTO DE MAGALHAES, AV",NA,"",64,"PIRITUBA",1,0,"AGENOR COUTO DE MAGALHAES, AV 25 SAO PAULO SP",-23.4848365,-46.7409007
"3645","D031301931",16652,"ANTONIO JOAO DE MEDEIROS, RUA",NA,"",820,"","02/03/2013 22:58",2,"CO",50,2623," "," ",1,1,0,0,0,0,0,0,0,0,0,0,0,0,0,0,0,16652,"ANTONIO JOAO DE MEDEIROS, RUA",NA,"",54,"MOOCA",2,0,"ANTONIO JOAO DE MEDEIROS, RUA 820 SAO PAULO SP",-23.5109384,-46.3973441
"3647","D031301468",5817,"DEZENOVE DE JANEIRO, AV",13759,"MAXIMILIANO DA CUNHA, RUA",0,"","02/03/2013 23:00",2,"CO",31,1154," "," ",1,1,0,0,0,0,0,0,0,0,0,0,0,0,0,0,0,5817,"DEZENOVE DE JANEIRO, AV",13759,"MAXIMILIANO DA CUNHA, RUA",20,"CARRAO",1,0,"DEZENOVE DE JANEIRO, AV SAO PAULO SP &  MAXIMILIANO DA CUNHA, RUA SAO PAULO SP",-23.5562899,-46.525423
"3648","D031301257",16051,"PENHA BRASIL, AV GAL",NA,"",309,"","02/03/2013 23:13",2,"CO",72,1882," "," ",1,0,0,0,0,0,0,0,0,0,0,1,0,0,0,0,0,16051,"PENHA BRASIL, AV GAL",NA,"",48,"LAPA",1,0,"PENHA BRASIL, AV GAL 309 SAO PAULO SP",-23.4597697,-46.67326
"3649","D031301645",5606,"CUPECE, AV",NA,"",2711,"","02/03/2013 23:30",2,"CO",43,2344,"C"," ",0,2,0,0,0,0,0,0,0,0,0,0,0,0,0,0,0,5606,"CUPECE, AV",NA,"",22,"CIDADE ADEMAR",2,0,"CUPECE, AV 2711 SAO PAULO SP",-23.6647971,-46.658836
"3650","D031300460",5618,"CURSINO, AV DO",NA,"",3396,"","02/03/2013 23:38",2,"CO",83,1847," "," ",1,1,0,0,0,0,0,0,0,0,0,0,0,0,0,0,0,5618,"CURSINO, AV DO",NA,"",27,"CURSINO",2,0,"CURSINO, AV DO 3396 SAO PAULO SP",-23.6312081,-46.6176214
"3651","D031302312",17824,"SAPOPEMBA, AV",NA,"",9215,"","02/03/2013 23:52",2,"CO",70,2152," "," ",1,1,0,0,0,0,0,0,0,0,0,0,0,0,0,0,0,17824,"SAPOPEMBA, AV",NA,"",33,"IPIRANGA",1,0,"SAPOPEMBA, AV 9215 SAO PAULO SP",-23.6012279,-46.5115763
"3652","D031302331",33642,"MASAO WATANABE, AV",NA,"",718,"","03/03/2013 00:07",4,"AT",77,1063," "," ",0,0,0,0,0,0,0,0,0,0,0,0,0,0,0,1,0,33642,"MASAO WATANABE, AV",NA,"",NA,"",0,1,"MASAO WATANABE, AV 718 SAO PAULO SP",-23.4608061,-46.6656452
"3654","D031302074",5679,"DAMASIO PINTO, RUA",NA,"",1491,"","03/03/2013 01:25",4,"AT",103,1598," "," ",0,0,1,0,0,0,0,0,0,0,0,0,0,0,0,0,0,5679,"DAMASIO PINTO, RUA",NA,"",36,"ITAQUERA",1,0,"DAMASIO PINTO, RUA 1491 SAO PAULO SP",-23.5268669,-46.4326583
"3655","D031301434",6741,"EUCLIDES PACHECO, RUA",NA,"",803,"","03/03/2013 01:45",2,"CO",30,1157," "," ",1,1,0,0,0,0,0,0,0,0,0,0,0,0,0,0,0,6741,"EUCLIDES PACHECO, RUA",NA,"",82,"TATUAPE",2,0,"EUCLIDES PACHECO, RUA 803 SAO PAULO SP",-23.5478334,-46.5670123
"3656","D031302313",17824,"SAPOPEMBA, AV",NA,"",6576,"","03/03/2013 02:15",4,"AT",70,2160," "," ",1,0,0,0,0,0,0,0,0,0,0,0,0,0,0,0,0,17824,"SAPOPEMBA, AV",NA,"",33,"IPIRANGA",1,0,"SAPOPEMBA, AV 6576 SAO PAULO SP",-23.5890331,-46.5322858
"3657","D031300705",14171,"MONTE MOR, AV BR DE",4049,"CAMPOS GERAIS, AV BR DE",0,"","03/03/2013 02:20",2,"CO",34,1705," "," ",1,1,0,0,0,0,0,0,0,0,0,0,0,0,0,0,0,4049,"CAMPOS GERAIS, AV BR DE",14171,"MONTE MOR, AV BR DE",55,"MORUMBI",1,0,"MONTE MOR, AV BR DE SAO PAULO SP &  CAMPOS GERAIS, AV BR DE SAO PAULO SP",-23.6117727,-46.7043239
"3658","D031302326",18470,"PIRAJUSSARA, AV",6855,"EZEQUIEL CAMPOS DIAS, AV DR",0,"","03/03/2013 02:22",2,"CV",89,1833," "," ",1,1,0,0,0,0,0,0,0,0,0,0,0,0,0,0,0,2582,"AURELIANO PIMENTEL, PCA PROF",18470,"PIRAJUSSARA, AV",NA,"",0,1,"PIRAJUSSARA, AV SAO PAULO SP &  EZEQUIEL CAMPOS DIAS, AV DR SAO PAULO SP",-23.5910553,-46.7413119
"3660","D031302311",17824,"SAPOPEMBA, AV",NA,"",9337,"","03/03/2013 02:36",4,"AT",70,2158," "," ",0,0,1,0,0,0,0,0,0,0,0,0,0,0,0,0,0,17824,"SAPOPEMBA, AV",NA,"",33,"IPIRANGA",1,0,"SAPOPEMBA, AV 9337 SAO PAULO SP",-23.6022506,-46.5107784
"3661","D031302281",43404,"VILANOVA ARTIGAS, AV ARQ",NA,"",1900,"","03/03/2013 03:17",2,"CO",69,2164,"B"," ",0,1,0,0,0,0,0,0,0,0,0,0,0,0,0,1,0,43404,"VILANOVA ARTIGAS, AV ARQ",NA,"",56,"PARELHEIROS",2,0,"VILANOVA ARTIGAS, AV ARQ 1900 SAO PAULO SP",-23.6069907,-46.5018636
"3662","D031300921",12502,"MAGALHAES DE CASTRO, AV",NA,"",6200,"","03/03/2013 04:44",2,"CH",89,1709," "," ",1,0,0,0,0,0,0,0,0,0,0,0,0,0,0,0,0,13014,"MARGINAL DO RIO PINHEIROS, AV",NA,"",12,"BUTANTA",1,0,"MAGALHAES DE CASTRO, AV 6200 SAO PAULO SP",-23.6128012,-46.7008832
"3663","D031301824",3509,"BELMIRA MARIN, AV DONA",NA,"",1300,"","03/03/2013 05:20",2,"CO",101,1521," "," ",1,1,0,0,0,0,0,0,0,0,0,0,0,0,0,0,0,3509,"BELMIRA MARIN, AV DONA",NA,"",30,"GRAJAU",1,0,"BELMIRA MARIN, AV DONA 1300 SAO PAULO SP",-23.742166,-46.691897
"3667","D031300216",5567,"CRUZEIRO DO SUL, AV",NA,"",400,"","03/03/2013 07:02",4,"AT",12,1513," "," ",1,0,0,0,0,0,0,0,0,0,0,1,0,0,0,0,0,5567,"CRUZEIRO DO SUL, AV",NA,"",5,"ARTUR ALVIM",1,0,"CRUZEIRO DO SUL, AV 400 SAO PAULO SP",-23.5283624,-46.6252591
"3669","D031301435",3291,"BERNARDO, RUA S",NA,"",100,"","03/03/2013 07:48",2,"CO",30,1160,"B"," ",0,1,1,0,0,0,0,0,0,0,0,0,0,0,0,0,0,3291,"BERNARDO, RUA S",NA,"",82,"TATUAPE",1,0,"BERNARDO, RUA S 100 SAO PAULO SP",-23.545393,-46.5781266
"3670","D031301220",62455,"ARLINDO LUZ, PCA",4118,"BASILIO ALVES MORANGO, RUA",0,"","03/03/2013 07:55",4,"AT",39,2240," "," ",1,0,0,0,0,0,0,0,0,0,0,0,0,0,0,0,0,4118,"BASILIO ALVES MORANGO, RUA",16855,"RAMIZ GALVAO, AV",94,"VILA MEDEIROS",1,0,"ARLINDO LUZ, PCA SAO PAULO SP &  BASILIO ALVES MORANGO, RUA SAO PAULO SP",-23.4839257,-46.5768233
"3671","D031300544",16919,"REBOUCAS, AV",NA,"",2133,"","03/03/2013 08:25",4,"AT",14,1976," "," ",0,1,0,0,0,0,0,0,0,0,0,0,0,0,0,0,0,16919,"REBOUCAS, AV",NA,"",44,"JARDIM PAULISTA",2,0,"REBOUCAS, AV 2133 SAO PAULO SP",-23.5660204,-46.6808128
"3672","D031301802",21992,"GUILHERME ESPINDOLA PEQUITO, RUA",NA,"",32,"","03/03/2013 09:00",4,"AT",100,1149," "," ",0,1,0,0,0,0,0,0,0,0,0,0,0,0,0,0,0,21992,"GUILHERME ESPINDOLA PEQUITO, RUA",NA,"",32,"IGUATEMI",1,0,"GUILHERME ESPINDOLA PEQUITO, RUA 32 SAO PAULO SP",-23.6887122,-46.7639626
"3674","D031300204",12964,"MARCOS ARRUDA, RUA",21637,"HUMBERTO DE SOUZA MELLO, PCA GAL",0,"","03/03/2013 10:41",4,"AT",12,1311," "," ",0,0,0,0,0,0,0,1,0,0,0,0,0,0,0,0,0,12964,"MARCOS ARRUDA, RUA",21637,"HUMBERTO DE SOUZA MELLO, PCA GAL",NA,"",1,0,"MARCOS ARRUDA, RUA SAO PAULO SP &  HUMBERTO DE SOUZA MELLO, PCA GAL SAO PAULO SP",-23.5272852,-46.6033428
"3675","D031301258",78227,"ARAUJO CASTRO, RUA DR",NA,"",473,"","03/03/2013 12:00",2,"CH",72,1919," "," ",0,1,0,0,0,0,0,0,0,0,0,0,0,0,0,0,0,78227,"ARAUJO CASTRO, RUA DR",NA,"",8,"BELEM",1,0,"ARAUJO CASTRO, RUA DR 473 SAO PAULO SP",-23.4618022,-46.6648943
"3676","D031301439",27094,"SALIM FARAH MALUF, AV",NA,"",10,"","03/03/2013 12:00",2,"QM",30,1167," "," ",0,1,0,0,0,0,0,0,0,0,0,0,0,0,0,0,0,27094,"SALIM FARAH MALUF, AV",NA,"",82,"TATUAPE",1,0,"SALIM FARAH MALUF, AV 10 SAO PAULO SP",-23.5317093,-46.583942
"3677","D031302137",13671,"MATEO BEI, AV",NA,"",1890,"","03/03/2013 12:12",2,"CL",49,1060," "," ",1,1,0,0,0,0,0,0,0,0,0,0,0,0,0,0,0,13671,"MATEO BEI, AV",NA,"",75,"SAO MATEUS",1,0,"MATEO BEI, AV 1890 SAO PAULO SP",-23.5992425,-46.4855179
"3678","D031300604",10556,"JOAQUIM FLORIANO, RUA",NA,"",466,"","03/03/2013 12:35",2,"QD",15,1246," "," ",0,0,0,0,0,0,0,1,0,0,0,0,0,0,0,0,0,10556,"JOAQUIM FLORIANO, RUA",NA,"",34,"ITAIM BIBI",1,0,"JOAQUIM FLORIANO, RUA 466 SAO PAULO SP",-23.5845794,-46.6748433
"3679","D031300867",5309,"CORIFEU DE AZEVEDO MARQUES, AV",NA,"",1703,"","03/03/2013 12:40",2,"CH",51,1985," "," ",1,0,0,0,0,0,0,0,0,0,0,0,0,0,0,0,0,5309,"CORIFEU DE AZEVEDO MARQUES, AV",NA,"",12,"BUTANTA",1,0,"CORIFEU DE AZEVEDO MARQUES, AV 1703 SAO PAULO SP",-23.5746098,-46.7302454
"3680","D031300676",1232,"ANASTACIO, AV DO",NA,"",511,"","03/03/2013 12:45",2,"SI",33,1942," "," ",2,0,0,0,0,0,0,0,0,0,0,0,0,0,0,0,0,1232,"ANASTACIO, AV DO",NA,"",73,"SAO DOMINGOS",2,0,"ANASTACIO, AV DO 511 SAO PAULO SP",-23.5036865,-46.7334131
"3681","D031300344",10076,"JESUINO MACIEL, RUA DR",33018,"JOAO ALVARES SOARES, RUA",0,"","03/03/2013 12:59",2,"CO",27,2220," "," ",2,0,0,0,0,0,0,0,0,0,0,1,0,0,0,0,0,10076,"JESUINO MACIEL, RUA DR",33018,"JOAO ALVARES SOARES, RUA",15,"CAMPO BELO",1,0,"JESUINO MACIEL, RUA DR SAO PAULO SP &  JOAO ALVARES SOARES, RUA SAO PAULO SP",-23.6241495,-46.6660284
"3682","D031300545",7257,"FONSECA RODRIGUES, AV PROF",NA,"",1655,"","03/03/2013 13:00",2,"CO",14,1983," "," ",1,1,0,0,0,0,0,0,0,0,0,0,0,0,0,0,0,7257,"FONSECA RODRIGUES, AV PROF",NA,"",2,"ALTO DE PINHEIR",1,0,"FONSECA RODRIGUES, AV PROF 1655 SAO PAULO SP",-23.5442508,-46.7233238
"3683","D031300948",8000,"GIOVANNI GRONCHI, AV",NA,"",4297,"","03/03/2013 13:36",2,"CO",89,2298," "," ",1,1,0,0,0,0,0,0,0,0,0,0,0,0,0,0,0,8000,"GIOVANNI GRONCHI, AV",NA,"",55,"MORUMBI",1,0,"GIOVANNI GRONCHI, AV 4297 SAO PAULO SP",-23.6174482,-46.7316988
"3684","D031301911",18537,"SUZANA DE MELO, RUA",NA,"",299,"","03/03/2013 13:40",2,"CO",32,1606," "," ",1,1,0,0,0,0,0,0,0,0,0,0,0,0,0,0,0,18537,"SUZANA DE MELO, RUA",NA,"",51,"MANDAQUI",1,0,"SUZANA DE MELO, RUA 299 SAO PAULO SP",-23.5203916,-46.4383037
"3685","D031302233",17824,"SAPOPEMBA, AV",NA,"",16209,"","03/03/2013 13:50",2,"CF",55,2171," "," ",1,0,0,0,1,0,0,0,0,0,0,0,0,0,0,0,0,17824,"SAPOPEMBA, AV",NA,"",33,"IPIRANGA",1,0,"SAPOPEMBA, AV 16209 SAO PAULO SP",-23.6225631,-46.4479223
"3686","D031301954",21279,"IVO ROBACH DE OLIVEIRA, RUA",NA,"",85,"","03/03/2013 14:20",2,"CT",59,2648," "," ",2,0,0,0,0,0,0,0,0,0,0,0,0,0,0,0,0,21279,"IVO ROBACH DE OLIVEIRA, RUA",NA,"",53,"MOEMA",1,0,"IVO ROBACH DE OLIVEIRA, RUA 85 SAO PAULO SP",-23.4985647,-46.4086626
"3687","D031300043",9489,"ITALIANOS, RUA DOS",2864,"BARRA DO TIBAJI, RUA",0,"","03/03/2013 14:20",4,"AT",2,1253," "," ",0,0,0,0,0,0,0,1,0,0,0,0,0,0,0,0,0,2864,"BARRA DO TIBAJI, RUA",9489,"ITALIANOS, RUA DOS",9,"BOM RETIRO",1,0,"ITALIANOS, RUA DOS SAO PAULO SP &  BARRA DO TIBAJI, RUA SAO PAULO SP",-23.5238023,-46.644144
"3688","D031301187",35287,"LAUZANE PAULISTA, AV",NA,"",28,"","03/03/2013 14:23",2,"CO",38,1913," "," ",1,1,0,0,0,0,0,0,0,0,0,0,0,0,0,0,0,35287,"LAUZANE PAULISTA, AV",NA,"",48,"LAPA",2,0,"LAUZANE PAULISTA, AV 28 SAO PAULO SP",-23.4757249,-46.6465028
"3689","D031300761",16339,"CARLOS LACERDA, AV",NA,"",1911,"","03/03/2013 14:30",4,"AT",37,1740," "," ",0,0,0,1,0,0,0,0,0,0,0,0,0,0,0,0,0,16339,"CARLOS LACERDA, AV",NA,"",29,"FREGUESIA DO O",1,0,"CARLOS LACERDA, AV 1911 SAO PAULO SP",-23.6482595,-46.7789728
"3690","D031300922",8000,"GIOVANNI GRONCHI, AV",NA,"",2789,"","03/03/2013 14:30",2,"CO",89,1728," "," ",0,1,0,0,0,0,0,0,0,0,0,1,0,0,0,0,0,8000,"GIOVANNI GRONCHI, AV",NA,"",55,"MORUMBI",1,0,"GIOVANNI GRONCHI, AV 2789 SAO PAULO SP",-23.6059869,-46.7252795
"3691","D031302382",99949,"CARLOS CALDEIRA FILHO, AV",NA,"",3900,"","03/03/2013 14:30",2,"CH",47,2768," "," ",0,1,0,0,0,0,0,0,0,0,0,0,0,0,0,0,0,99949,"CARLOS CALDEIRA FILHO, AV",NA,"",19,"CAPAO REDONDO",0,1,"CARLOS CALDEIRA FILHO, AV 3900 SAO PAULO SP",-23.6543133,-46.7642965
"3692","D031300171",543,"ALCANTARA MACHADO, AV",NA,"",2223,"","03/03/2013 14:45",2,"CO",8,1584,"C"," ",0,1,0,0,0,0,0,1,0,0,0,0,0,0,0,0,0,543,"ALCANTARA MACHADO, AV",NA,"",10,"BRAS",1,0,"ALCANTARA MACHADO, AV 2223 SAO PAULO SP",-23.5485057,-46.6038546
"3693","D031301689",16026,"PEIXOTO DE MELO FILHO, RUA",NA,"",81,"","03/03/2013 15:10",2,"CF",80,2368," "," ",0,1,0,0,0,0,0,0,0,0,0,1,0,0,0,0,0,16026,"PEIXOTO DE MELO FILHO, RUA",NA,"",29,"FREGUESIA DO O",2,0,"PEIXOTO DE MELO FILHO, RUA 81 SAO PAULO SP",-23.6806947,-46.6632316
"3694","D031301116",8238,"GUACA, AV DO",NA,"",575,"","03/03/2013 15:30",2,"QM",20,1921," "," ",0,1,0,0,0,0,0,0,0,0,0,0,0,0,0,0,0,8238,"GUACA, AV DO",NA,"",51,"MANDAQUI",1,0,"GUACA, AV DO 575 SAO PAULO SP",-23.4808285,-46.6387449
"3696","D031301502",4736,"CELSO GARCIA, AV",NA,"",4538,"","03/03/2013 16:32",4,"AT",52,1179,"B"," ",0,0,0,0,0,0,0,1,0,0,0,0,0,0,0,0,0,4736,"CELSO GARCIA, AV",NA,"",82,"TATUAPE",1,0,"CELSO GARCIA, AV 4538 SAO PAULO SP",-23.5347987,-46.5686804
"3697","D031301170",3771,"INAJAR DE SOUZA, AV",NA,"",2000,"","03/03/2013 16:35",2,"CO",28,900034," "," ",1,1,0,0,0,0,0,0,0,0,0,0,0,0,0,0,0,3771,"INAJAR DE SOUZA, AV",NA,"",50,"LIMAO",2,0,"INAJAR DE SOUZA, AV 2000 SAO PAULO SP",-23.4883925,-46.6833461
"3698","D031300975",13019,"ESCOLA POLITECNICA, AV",NA,"",1600,"","03/03/2013 16:50",2,"QM",93,1478," "," ",0,1,0,0,0,0,0,0,0,0,0,0,0,0,0,0,0,13019,"ESCOLA POLITECNICA, AV",NA,"",40,"JAGUARE",1,0,"ESCOLA POLITECNICA, AV 1600 SAO PAULO SP",-23.5576723,-46.742954
"3699","D031300762",65618,"ADAO COSTA MENDES, RUA",NA,"",100,"","03/03/2013 17:20",2,"CO",37,1747," "," ",1,1,0,0,0,0,0,0,0,0,0,0,0,0,0,0,0,65618,"ADAO COSTA MENDES, RUA",NA,"",29,"FREGUESIA DO O",2,0,"ADAO COSTA MENDES, RUA 100 SAO PAULO SP",-23.639591,-46.7672986
"3700","D031300153",16222,"PIEDADE, RUA",15584,"PASSOS, AV PREF",0,"","03/03/2013 17:30",2,"CO",6,1587," "," ",1,0,0,0,0,0,0,0,0,0,0,1,0,0,0,0,0,15584,"PASSOS, AV PREF",16222,"PIEDADE, RUA",NA,"",1,0,"PIEDADE, RUA SAO PAULO SP &  PASSOS, AV PREF SAO PAULO SP",-23.5560744,-46.6256087
"3701","D031301879",43777,"CARVALHO PINTO, AV GOV",13881,"MIGUEL, AV S",0,"","03/03/2013 17:30",4,"AT",24,2418," "," ",0,1,0,0,0,0,0,0,0,0,0,0,0,0,0,0,0,13881,"MIGUEL, AV S",43777,"CARVALHO PINTO, AV GOV",60,"PENHA",1,0,"CARVALHO PINTO, AV GOV SAO PAULO SP &  MIGUEL, AV S SAO PAULO SP",-23.5149544,-46.5203738
"3702","D031300407",31674,"HUGO BEOLCHI, AV DR",NA,"",754,"","03/03/2013 18:00",2,"CO",35,2854," "," ",1,1,0,0,0,0,0,0,0,0,0,0,0,0,0,0,0,31674,"HUGO BEOLCHI, AV DR",NA,"",42,"JARDIM ANGELA",1,0,"HUGO BEOLCHI, AV DR 754 SAO PAULO SP",-23.6325767,-46.6417057
"3703","D031300044",12383,"LUZ, PCA DA",NA,"",131,"","03/03/2013 18:20",2,"CO",2,1261," "," ",1,0,0,0,1,0,0,0,0,0,0,0,0,0,0,0,0,12383,"LUZ, PCA DA",NA,"",5,"ARTUR ALVIM",1,0,"LUZ, PCA DA 131 SAO PAULO SP",-23.5492204,-46.6336852
"3704","D031301149",18151,"SEZEFREDO FAGUNDES, AV CEL",NA,"",15639,"","03/03/2013 18:30",2,"CO",20,900019," "," ",2,0,0,0,0,0,0,0,0,0,0,0,0,0,0,0,0,18151,"SEZEFREDO FAGUNDES, AV CEL",NA,"",22,"CIDADE ADEMAR",4,0,"SEZEFREDO FAGUNDES, AV CEL 15639 SAO PAULO SP",-23.4131663,-46.5820833
"3705","D031301969",14917,"OLAVO EGIDIO DE SOUZA ARANHA, AV",NA,"",235,"","03/03/2013 18:40",2,"CO",62,2293," "," ",2,0,0,0,0,0,0,0,0,0,0,0,0,0,0,0,0,14917,"OLAVO EGIDIO DE SOUZA ARANHA, AV",NA,"",49,"LIBERDADE",1,0,"OLAVO EGIDIO DE SOUZA ARANHA, AV 235 SAO PAULO SP",-23.5062675,-46.4944979
"3706","D031301932",45816,"EUGENIO GRIECO, RUA",NA,"",89,"","03/03/2013 18:45",2,"CL",50,2657," "," ",1,1,0,0,0,0,0,0,0,0,0,0,0,0,0,0,0,45816,"EUGENIO GRIECO, RUA",NA,"",35,"ITAIM PAULISTA",2,0,"EUGENIO GRIECO, RUA 89 SAO PAULO SP",-23.5068459,-46.3775507
"3707","D031301296",8320,"GUAPIRA, AV",NA,"",1150,"","03/03/2013 19:05",4,"AT",73,2256," "," ",0,0,0,0,0,0,0,0,0,0,0,0,0,0,0,1,0,8320,"GUAPIRA, AV",NA,"",38,"JACANA",1,0,"GUAPIRA, AV 1150 SAO PAULO SP",-23.4754731,-46.593968
"3708","D031301440",34122,"MELO FREIRE, RUA",NA,"",5000,"","03/03/2013 19:08",2,"CT",30,1178," "," ",1,1,0,0,0,0,0,0,0,0,0,0,0,0,0,0,0,34122,"MELO FREIRE, RUA",NA,"",27,"CURSINO",1,0,"MELO FREIRE, RUA 5000 SAO PAULO SP",-23.5370342,-46.5582414
"3709","D031302225",68285,"FORTALEZA DE PARANAGUA, RUA",NA,"",10,"","03/03/2013 19:30",2,"CO",55,984," "," ",2,0,0,0,0,0,0,0,0,0,0,0,0,0,0,0,0,68285,"FORTALEZA DE PARANAGUA, RUA",NA,"",55,"MORUMBI",3,0,"FORTALEZA DE PARANAGUA, RUA 10 SAO PAULO SP",-23.620789,-46.4770002
"3710","D031301851",8368,"GUARAPIRANGA, AV",NA,"",752,"","03/03/2013 19:30",2,"CT",102,2429," "," ",1,2,0,0,0,0,0,0,0,0,0,0,0,0,0,0,0,8368,"GUARAPIRANGA, AV",NA,"",45,"JARDIM SAO LUIS",2,0,"GUARAPIRANGA, AV 752 SAO PAULO SP",-23.6663547,-46.7199235