"","id_acidente","codloga","logradouroA","codlogb","logradouroB","alt_num","referencia","data","cod_acid","tipo_acidente","dp","numero_BO","sentido","pista","automovel","moto","onibus","caminhao","bicicleta","moto_taxi","onibus_fretado","onibus_urbano","microonibus","van","vuc","caminhonete","carreta","jipe","outros","sem_informacao","carroca","princ_a","paiA","princ_b","paiB","cod_distrito","distrito","vit_ferida","vit_morta","local","lat","lon"
"3712","D031300461",15239,"OURIVES, AV DOS",NA,"",600,"","03/03/2013 19:41",4,"AT",83,1888," "," ",1,0,0,0,0,0,0,0,0,0,0,0,0,0,0,0,0,15239,"OURIVES, AV DOS",NA,"",21,"CASA VERDE",1,0,"OURIVES, AV DOS 600 SAO PAULO SP",-23.6551826,-46.6090351
"3714","D031300408",66,"ABRAAO DE MORAIS, AV PROF",13915,"MIGUEL ESTEFANO, AV",0,"","03/03/2013 20:16",2,"CO",35,2831," "," ",1,1,0,0,0,0,0,0,0,0,0,0,0,0,0,0,0,66,"ABRAAO DE MORAIS, AV PROF",7019,"FRANCISCO TAPAJOS, RUA",79,"SAUDE",2,0,"ABRAAO DE MORAIS, AV PROF SAO PAULO SP &  MIGUEL ESTEFANO, AV SAO PAULO SP",-23.6072122,-46.6270066
"3716","D031302209",99007,"MANUEL DE OLIVEIRA RAMOS, RUA",NA,"",1326,"","03/03/2013 20:33",4,"AT",54,3033," "," ",1,0,0,0,0,0,0,0,0,0,0,0,0,0,0,0,0,99007,"MANUEL DE OLIVEIRA RAMOS, RUA",NA,"",25,"CIDADE TIRADENT",1,0,"MANUEL DE OLIVEIRA RAMOS, RUA 1326 SAO PAULO SP",-23.5853241,-46.3797601
"3717","D031300409",18464,"JORGE DUPRAT FIGUEIREDO, RUA",NA,"",148,"","03/03/2013 20:40",2,"CH",35,2863," "," ",1,1,0,0,0,0,0,0,0,0,0,0,0,0,0,0,0,18464,"JORGE DUPRAT FIGUEIREDO, RUA",NA,"",NA,"",1,0,"JORGE DUPRAT FIGUEIREDO, RUA 148 SAO PAULO SP",-23.6421252,-46.6603111
"3718","D031300389",18464,"JORGE DUPRAT FIGUEIREDO, RUA",NA,"",304,"","03/03/2013 20:50",2,"SI",35,1939," "," ",0,0,0,0,0,0,0,0,0,0,0,0,0,0,0,2,0,18464,"JORGE DUPRAT FIGUEIREDO, RUA",NA,"",NA,"",1,0,"JORGE DUPRAT FIGUEIREDO, RUA 304 SAO PAULO SP",-23.6426926,-46.6600437
"3719","D031300316",18172,"SILVA BUENO, RUA",15609,"PATRIOTAS, RUA DOS",0,"","03/03/2013 21:13",2,"CO",17,2862," "," ",2,0,0,0,0,0,0,0,0,0,0,0,0,0,0,0,0,15609,"PATRIOTAS, RUA DOS",18172,"SILVA BUENO, RUA",33,"IPIRANGA",2,0,"SILVA BUENO, RUA SAO PAULO SP &  PATRIOTAS, RUA DOS SAO PAULO SP",-23.5920384,-46.601253
"3720","D031302096",17135,"RIO DAS PEDRAS, AV",NA,"",1458,"","03/03/2013 21:25",2,"CH",41,2188," "," ",3,0,0,0,0,0,0,0,0,0,0,0,0,0,0,0,0,17135,"RIO DAS PEDRAS, AV",NA,"",27,"CURSINO",3,0,"RIO DAS PEDRAS, AV 1458 SAO PAULO SP",-23.5671783,-46.5109631
"3721","D031301652",72581,"EUNICE BECHARA DE OLIVEIRA, RUA PROFA",NA,"",490,"","03/03/2013 21:30",4,"AT",47,511," "," ",1,0,0,0,0,0,0,0,0,0,0,0,0,0,0,0,0,72581,"EUNICE BECHARA DE OLIVEIRA, RUA PROFA",NA,"",29,"FREGUESIA DO O",3,0,"EUNICE BECHARA DE OLIVEIRA, RUA PROFA 490 SAO PAULO SP",-23.6714075,-46.7765419
"3722","D031302282",17824,"SAPOPEMBA, AV",18026,"SERGIO, RUA S",0,"","03/03/2013 21:30",4,"AT",69,2191," "," ",0,1,0,0,0,0,0,0,0,0,0,0,0,0,0,0,0,17824,"SAPOPEMBA, AV",18026,"SERGIO, RUA S",NA,"",2,0,"SAPOPEMBA, AV SAO PAULO SP &  SERGIO, RUA S SAO PAULO SP",-23.6148326,-46.5024993
"3723","D031302263",65562,"ANTONIO LOMBARDO, RUA",NA,"",231,"","03/03/2013 21:41",2,"CH",66,1424," "," ",1,0,0,0,0,0,0,0,0,0,0,0,0,0,0,0,0,65562,"ANTONIO LOMBARDO, RUA",NA,"",38,"JACANA",1,0,"ANTONIO LOMBARDO, RUA 231 SAO PAULO SP",-23.5734096,-46.4985796
"3724","D031301425",17824,"SAPOPEMBA, AV",11709,"ATALAIA VELHA, RUA",0,"","03/03/2013 21:45",2,"CT",29,1358," "," ",1,1,0,0,0,0,0,0,0,0,0,0,0,0,0,0,0,11709,"ATALAIA VELHA, RUA",17824,"SAPOPEMBA, AV",1,"AGUA RASA",1,0,"SAPOPEMBA, AV SAO PAULO SP &  ATALAIA VELHA, RUA SAO PAULO SP",-23.6148326,-46.5024993
"3725","D031300410",449,"ALBA, RUA",1103,"AMERICO MORETTI, RUA TTE",0,"","03/03/2013 22:00",4,"AT",35,2868," "," ",0,1,0,0,0,0,0,0,0,0,0,0,0,0,0,0,0,449,"ALBA, RUA",1103,"AMERICO MORETTI, RUA TTE",37,"JABAQUARA",2,0,"ALBA, RUA SAO PAULO SP &  AMERICO MORETTI, RUA TTE SAO PAULO SP",-23.6400473,-46.6505331
"3726","D031302219",99861,"CACHOEIRA DO CAMPO GRANDE, RUA",NA,"",370,"","03/03/2013 22:00",2,"QM",54,900034," "," ",0,1,0,0,0,0,0,0,0,0,0,0,0,0,0,0,0,99861,"CACHOEIRA DO CAMPO GRANDE, RUA",NA,"",25,"CIDADE TIRADENT",1,0,"CACHOEIRA DO CAMPO GRANDE, RUA 370 SAO PAULO SP",-23.5833586,-46.3943636
"3728","D031302322",6238,"NACOES UNIDAS, AV DAS",NA,"",16421,"","03/03/2013 22:15",2,"CL",11,2428,"R"," ",1,1,0,0,0,0,0,0,0,0,0,0,0,0,0,0,0,13014,"MARGINAL DO RIO PINHEIROS, AV",NA,"",90,"VILA LEOPOLDINA",0,1,"NACOES UNIDAS, AV DAS 16421 SAO PAULO SP",-23.6791512,-46.6960787
"3730","D031300646",18519,"SUMARE, AV",NA,"",196,"","03/03/2013 23:30",2,"CH",23,1487," "," ",1,0,0,0,0,0,0,0,0,0,0,1,0,0,0,0,0,18519,"SUMARE, AV",NA,"",61,"PERDIZES",1,0,"SUMARE, AV 196 SAO PAULO SP",-23.5318178,-46.676897
"3732","D031301984",13881,"MIGUEL, AV S",NA,"",8530,"","04/03/2013 01:00",2,"CO",63,1816," "," ",1,1,0,0,0,0,0,0,0,0,0,0,0,0,0,0,0,13881,"MIGUEL, AV S",NA,"",65,"PONTE RASA",1,0,"MIGUEL, AV S 8530 SAO PAULO SP",-23.4978558,-46.454662
"3735","D031301362",4723,"CELINA, RUA",NA,"",847,"","04/03/2013 05:50",2,"CO",10,2453," "," ",1,0,0,0,0,0,0,0,0,0,0,1,0,0,0,0,0,4723,"CELINA, RUA",NA,"",60,"PENHA",1,0,"CELINA, RUA 847 SAO PAULO SP",-23.5300907,-46.5291382
"3737","D031300842",19455,"VALENTIM GENTIL, AV",12502,"MAGALHAES DE CASTRO, AV",0,"","04/03/2013 07:00",2,"QM",51,1031," "," ",0,1,0,0,0,0,0,0,0,0,0,0,0,0,0,0,0,12502,"MAGALHAES DE CASTRO, AV",19455,"VALENTIM GENTIL, AV",12,"BUTANTA",1,0,"VALENTIM GENTIL, AV SAO PAULO SP &  MAGALHAES DE CASTRO, AV SAO PAULO SP",-23.5648365,-46.7069602
"3738","D031300114",12165,"LUIS ANTONIO, AV BRIG",NA,"",2154,"","04/03/2013 07:25",4,"AT",5,1313," "," ",0,0,0,0,0,0,0,1,0,0,0,0,0,0,0,0,0,12165,"LUIS ANTONIO, AV BRIG",NA,"",NA,"",1,0,"LUIS ANTONIO, AV BRIG 2154 SAO PAULO SP",-23.5667183,-46.6485777
"3739","D031301005",10622,"JOAQUINA RAMALHO, AV",13172,"MARIA CANDIDA, RUA",0,"","04/03/2013 07:27",2,"QM",9,1342," "," ",0,1,0,0,0,0,0,0,0,0,0,0,0,0,0,0,0,10622,"JOAQUINA RAMALHO, AV",13172,"MARIA CANDIDA, RUA",88,"VILA GUILHERME",2,0,"JOAQUINA RAMALHO, AV SAO PAULO SP &  MARIA CANDIDA, RUA SAO PAULO SP",-23.5087191,-46.6054935
"3740","D031300108",12165,"LUIS ANTONIO, AV BRIG",NA,"",2130,"","04/03/2013 07:29",4,"AT",5,1183," "," ",0,0,0,0,0,0,0,1,0,0,0,0,0,0,0,0,0,12165,"LUIS ANTONIO, AV BRIG",NA,"",NA,"",1,0,"LUIS ANTONIO, AV BRIG 2130 SAO PAULO SP",-23.566633,-46.6484643
"3741","D031300709",8611,"HEITOR DOS PRAZERES, RUA",NA,"",200,"","04/03/2013 07:55",2,"CO",34,1358," "," ",1,1,0,0,0,0,0,0,0,0,0,0,0,0,0,0,0,8611,"HEITOR DOS PRAZERES, RUA",NA,"",96,"VILA SONIA",1,0,"HEITOR DOS PRAZERES, RUA 200 SAO PAULO SP",-23.5704877,-46.7944951
"3743","D031301288",11982,"LOPES DA COSTA, RUA",7061,"FERNAO DIAS, VIA",0,"","04/03/2013 08:00",2,"CT",73,744," "," ",2,0,0,0,0,0,0,0,0,0,0,0,0,0,0,0,0,7061,"FERNAO DIAS, VIA",11982,"LOPES DA COSTA, RUA",38,"JACANA",1,0,"LOPES DA COSTA, RUA SAO PAULO SP &  FERNAO DIAS, VIA SAO PAULO SP",-23.4625051,-46.5730891
"3744","D031302139",46191,"SINHA MOCA, TR",46181,"AXE BABA, TR",0,"","04/03/2013 08:20",2,"CO",49,3049," "," ",2,0,0,0,0,0,0,0,0,0,0,0,0,0,0,0,0,46181,"AXE BABA, TR",46191,"SINHA MOCA, TR",32,"IGUATEMI",1,0,"SINHA MOCA, TR SAO PAULO SP &  AXE BABA, TR SAO PAULO SP",-23.608937,-46.450006
"3746","D031300139",5788,"DEMOSTENES BATISTA F. MARQUES, RUA PROF",NA,"",234,"","04/03/2013 08:33",2,"CT",6,1102,"C"," ",2,0,0,0,0,0,0,0,0,0,0,0,0,0,0,0,0,5788,"DEMOSTENES BATISTA F. MARQUES, RUA PROF",NA,"",14,"CAMBUCI",1,0,"DEMOSTENES BATISTA F. MARQUES, RUA PROF 234 SAO PAULO SP",-23.5585088,-46.6236443
"3747","D031300530",6544,"ERMANO MARCHETTI, AV",13605,"MARTINELLI, AV COMEN",0,"","04/03/2013 08:33",4,"AT",7,1676," "," ",0,1,0,0,0,0,0,0,0,0,0,0,0,0,0,0,0,6471,"SAO VICENTE, AV MARQ DE",41846,"PEDRO CORAZZA, PCA DR",6,"BARRA FUNDA",1,0,"ERMANO MARCHETTI, AV SAO PAULO SP &  MARTINELLI, AV COMEN SAO PAULO SP",-23.5138014,-46.7023128
"3748","D031300421",19583,"VERGUEIRO, RUA",11293,"JULIA, RUA DONA",0,"","04/03/2013 08:37",2,"CO",36,981," "," ",0,1,0,0,0,0,0,0,0,0,0,0,0,0,0,0,0,11293,"JULIA, RUA DONA",19583,"VERGUEIRO, RUA",92,"VILA MARIANA",1,0,"VERGUEIRO, RUA SAO PAULO SP &  JULIA, RUA DONA SAO PAULO SP",-23.6104332,-46.6085751
"3749","D031300707",18470,"PIRAJUSSARA, AV",12602,"MANFREDO LEITE, AV MONS",0,"","04/03/2013 08:45",2,"CO",34,1353," "," ",0,0,0,0,1,0,0,0,2,0,0,0,0,0,0,0,0,12602,"MANFREDO LEITE, AV MONS",18470,"PIRAJUSSARA, AV",96,"VILA SONIA",1,0,"PIRAJUSSARA, AV SAO PAULO SP &  MANFREDO LEITE, AV MONS SAO PAULO SP",-23.5910553,-46.7413119
"3750","D031301043",19903,"VALDEMAR MARTINS, RUA",10904,"JOSE DE OLIVEIRA, RUA",0,"","04/03/2013 08:50",2,"CO",13,2294," "," ",1,1,0,0,0,0,0,0,0,0,0,0,0,0,0,0,0,10904,"JOSE DE OLIVEIRA, RUA",19903,"VALDEMAR MARTINS, RUA",21,"CASA VERDE",2,0,"VALDEMAR MARTINS, RUA SAO PAULO SP &  JOSE DE OLIVEIRA, RUA SAO PAULO SP",-23.4920311,-46.6562013
"3751","D031300600",999,"SANTO AMARO, AV",NA,"",204,"","04/03/2013 09:00",2,"CO",15,1051,"B"," ",0,2,0,0,0,0,0,1,0,0,0,0,0,0,0,0,0,999,"SANTO AMARO, AV",NA,"",34,"ITAIM BIBI",1,0,"SANTO AMARO, AV 204 SAO PAULO SP",-23.585854,-46.6711051
"3752","D031300345",20036,"ZACARIAS DE GOIS, RUA",4567,"CASTRO, RUA VISC DE",0,"","04/03/2013 09:10",4,"AT",27,2246," "," ",1,0,0,0,0,0,0,0,0,0,0,0,0,0,0,0,0,4567,"CASTRO, RUA VISC DE",20036,"ZACARIAS DE GOIS, RUA",15,"CAMPO BELO",1,0,"ZACARIAS DE GOIS, RUA SAO PAULO SP &  CASTRO, RUA VISC DE SAO PAULO SP",-23.6303116,-46.6782013
"3753","D031301711",4334,"LUCIANO SILVA, RUA",NA,"",338,"","04/03/2013 09:39",2,"CO",92,508," "," ",1,1,0,0,0,0,0,0,0,0,0,0,0,0,0,0,0,4334,"LUCIANO SILVA, RUA",NA,"",45,"JARDIM SAO LUIS",1,0,"LUCIANO SILVA, RUA 338 SAO PAULO SP",-23.6465233,-46.7420683
"3754","D031300046",1421,"ANHAIA, RUA",NA,"",284,"","04/03/2013 09:57",4,"AT",2,1276," "," ",0,1,0,0,0,0,0,0,0,0,0,0,0,0,0,0,0,1421,"ANHAIA, RUA",NA,"",9,"BOM RETIRO",1,0,"ANHAIA, RUA 284 SAO PAULO SP",-23.5275554,-46.6432032
"3755","D031300708",7500,"FRANCISCO MORATO, AV PROF",NA,"",2068,"","04/03/2013 10:00",2,"CO",34,1356," "," ",1,1,0,0,0,0,0,0,0,0,0,0,0,0,0,0,0,7500,"FRANCISCO MORATO, AV PROF",NA,"",12,"BUTANTA",1,0,"FRANCISCO MORATO, AV PROF 2068 SAO PAULO SP",-23.5847098,-46.7188507
"3756","D031300140",15993,"PEDRO SEVERIANO, RUA DR",11794,"LEOPOLDO MIGUEZ, RUA",0,"","04/03/2013 10:00",2,"CO",6,1109," "," ",1,1,0,0,0,0,0,0,0,0,0,0,0,0,0,0,0,11794,"LEOPOLDO MIGUEZ, RUA",15993,"PEDRO SEVERIANO, RUA DR",14,"CAMBUCI",1,0,"PEDRO SEVERIANO, RUA DR SAO PAULO SP &  LEOPOLDO MIGUEZ, RUA SAO PAULO SP",-23.5553408,-46.6248627
"3757","D031301262",16051,"PENHA BRASIL, AV GAL",NA,"",1126,"","04/03/2013 10:20",2,"CL",72,2058," "," ",1,1,0,0,0,0,0,0,0,0,0,0,0,0,0,0,0,16051,"PENHA BRASIL, AV GAL",NA,"",48,"LAPA",1,0,"PENHA BRASIL, AV GAL 1126 SAO PAULO SP",-23.4597691,-46.6732638
"3758","D031301006",1711,"ANTONIO FERRAZ, RUA CEL",6099,"DOZE DE SETEMBRO, RUA",0,"","04/03/2013 10:35",2,"CO",9,1350," "," ",0,1,0,1,0,0,0,0,0,0,0,0,0,0,0,0,0,1711,"ANTONIO FERRAZ, RUA CEL",6099,"DOZE DE SETEMBRO, RUA",88,"VILA GUILHERME",1,0,"ANTONIO FERRAZ, RUA CEL SAO PAULO SP &  DOZE DE SETEMBRO, RUA SAO PAULO SP",-23.5134269,-46.6070159
"3759","D031301004",12457,"MACHADOS, RUA DOS",43150,"LEONOR F. COSTA ZACHARIAS, RUA",0,"","04/03/2013 11:00",2,"CO",9,1235,"B"," ",1,1,0,0,0,0,0,0,0,0,0,0,0,0,0,0,0,12457,"MACHADOS, RUA DOS",27166,"ANTONIO PATRICIO, RUA",88,"VILA GUILHERME",1,0,"MACHADOS, RUA DOS SAO PAULO SP &  LEONOR F. COSTA ZACHARIAS, RUA SAO PAULO SP",-23.5193369,-46.6098521
"3760","D031301651",72581,"EUNICE BECHARA DE OLIVEIRA, RUA PROFA",NA,"",121,"","04/03/2013 11:00",2,"CO",47,504," "," ",0,2,0,0,0,0,0,0,0,0,0,0,0,0,0,0,0,72581,"EUNICE BECHARA DE OLIVEIRA, RUA PROFA",NA,"",29,"FREGUESIA DO O",1,0,"EUNICE BECHARA DE OLIVEIRA, RUA PROFA 121 SAO PAULO SP",-23.6740472,-46.7748623
"3762","D031301044",3637,"BRAZ LEME, AV",NA,"",1315,"","04/03/2013 11:00",2,"CT",13,2319," "," ",2,0,0,0,0,0,0,0,0,0,0,0,0,0,0,0,0,3637,"BRAZ LEME, AV",NA,"",21,"CASA VERDE",1,0,"BRAZ LEME, AV 1315 SAO PAULO SP",-23.5068193,-46.6468175
"3765","D031301007",12084,"LUCIANO BROINIZZI, RUA",NA,"",50,"","04/03/2013 12:00",2,"CL",9,1356," "," ",1,0,0,0,0,0,0,0,0,0,0,1,0,0,0,0,0,12084,"LUCIANO BROINIZZI, RUA",NA,"",84,"TUCURUVI",1,0,"LUCIANO BROINIZZI, RUA 50 SAO PAULO SP",-23.4963289,-46.5978721
"3766","D031301570",19035,"TOLEDO BARBOSA, RUA",NA,"",59,"","04/03/2013 12:00",2,"QD",81,2532," "," ",0,0,1,0,0,0,0,0,0,0,0,0,0,0,0,0,0,19035,"TOLEDO BARBOSA, RUA",NA,"",10,"BRAS",1,0,"TOLEDO BARBOSA, RUA 59 SAO PAULO SP",-23.542311,-46.5903294
"3767","D031300346",19931,"WASHINGTON LUIS, AV",NA,"",5320,"","04/03/2013 12:32",2,"CT",27,2253," "," ",0,1,0,1,0,0,0,0,0,0,0,0,0,0,0,0,0,19931,"WASHINGTON LUIS, AV",NA,"",30,"GRAJAU",1,0,"WASHINGTON LUIS, AV 5320 SAO PAULO SP",-23.6321808,-46.6689073
"3768","D031302067",37271,"ADRIANO ALVAREZ, RUA",NA,"",44,"","04/03/2013 13:10",2,"CO",103,874," "," ",1,1,0,0,0,0,0,0,0,0,0,0,0,0,0,0,0,37271,"ADRIANO ALVAREZ, RUA",NA,"",50,"LIMAO",1,0,"ADRIANO ALVAREZ, RUA 44 SAO PAULO SP",-23.5552935,-46.4426417
"3769","D031300049",6642,"ESTADO, AV DO",NA,"",2189,"","04/03/2013 13:15",2,"CO",2,1369," "," ",2,0,0,0,0,0,0,0,0,0,0,0,0,0,0,0,0,6642,"ESTADO, AV DO",NA,"",9,"BOM RETIRO",1,0,"ESTADO, AV DO 2189 SAO PAULO SP",-23.571231,-46.6045186
"3770","D031300164",14805,"ALBERTO LION, PCA",15967,"PEDRO I, AV DOM",0,"","04/03/2013 13:20",2,"SI",8,1116," "," ",0,1,0,1,0,0,0,0,0,0,0,0,0,0,0,0,0,6642,"ESTADO, AV DO",14805,"ALBERTO LION, PCA",14,"CAMBUCI",1,0,"ALBERTO LION, PCA SAO PAULO SP &  PEDRO I, AV DOM SAO PAULO SP",-23.5647699,-46.6117339
"3771","D031300452",13915,"MIGUEL ESTEFANO, AV",NA,"",2497,"","04/03/2013 13:21",4,"AT",83,631,"C"," ",1,0,0,0,0,0,0,0,0,0,0,0,0,0,0,0,0,13915,"MIGUEL ESTEFANO, AV",NA,"",27,"CURSINO",1,0,"MIGUEL ESTEFANO, AV 2497 SAO PAULO SP",-23.6349802,-46.6272962
"3775","D031301480",7545,"FRANCISCO REBELO, RUA",19607,"VIANA DO CASTELO, RUA",0,"","04/03/2013 14:30",2,"CF",42,809," "," ",1,1,0,0,0,0,0,0,0,0,0,0,0,0,0,0,0,7545,"FRANCISCO REBELO, RUA",19607,"VIANA DO CASTELO, RUA",95,"VILA PRUDENTE",1,0,"FRANCISCO REBELO, RUA SAO PAULO SP &  VIANA DO CASTELO, RUA SAO PAULO SP",-23.6044242,-46.5616234
"3777","D031302283",65872,"ANTONIO DE FRANCA E SILVA, RUA",NA,"",633,"","04/03/2013 15:06",4,"AT",69,2216," "," ",0,0,0,1,0,0,0,0,0,0,0,0,0,0,0,0,0,65872,"ANTONIO DE FRANCA E SILVA, RUA",NA,"",56,"PARELHEIROS",1,0,"ANTONIO DE FRANCA E SILVA, RUA 633 SAO PAULO SP",-23.6202405,-46.502585
"3778","D031301513",15047,"ORFANATO, RUA",NA,"",120,"","04/03/2013 15:18",4,"AT",56,368," "," ",1,0,0,0,0,0,0,0,0,0,0,0,0,0,0,0,0,15047,"ORFANATO, RUA",NA,"",33,"IPIRANGA",1,0,"ORFANATO, RUA 120 SAO PAULO SP",-23.5810129,-46.5839976
"3779","D031301222",13767,"MAZZEI, AV",2919,"BARTOLOMEU DE TORALES, RUA",0,"","04/03/2013 15:20",2,"CL",39,2304," "," ",1,1,0,0,0,0,0,0,0,0,0,0,0,0,0,0,0,2919,"BARTOLOMEU DE TORALES, RUA",13767,"MAZZEI, AV",84,"TUCURUVI",1,0,"MAZZEI, AV SAO PAULO SP &  BARTOLOMEU DE TORALES, RUA SAO PAULO SP",-23.4760209,-46.6035613
"3780","D031300553",10387,"JOAO MOURA, RUA",16919,"REBOUCAS, AV",0,"","04/03/2013 15:30",4,"AT",14,2056," "," ",1,0,0,0,0,0,0,0,0,0,0,0,0,0,0,0,0,10387,"JOAO MOURA, RUA",16919,"REBOUCAS, AV",44,"JARDIM PAULISTA",1,0,"JOAO MOURA, RUA SAO PAULO SP &  REBOUCAS, AV SAO PAULO SP",-23.5621478,-46.6764453
"3781","D031300178",543,"ALCANTARA MACHADO, AV",NA,"",3000,"","04/03/2013 15:30",2,"CT",8,1719," "," ",1,1,0,0,0,0,0,0,0,0,0,0,0,0,0,0,0,543,"ALCANTARA MACHADO, AV",NA,"",10,"BRAS",1,0,"ALCANTARA MACHADO, AV 3000 SAO PAULO SP",-23.5454777,-46.5970615
"3782","D031302235",23033,"PAULO NUNES FELIX, RUA",NA,"",65,"","04/03/2013 15:30",2,"CO",55,3055," "," ",1,1,0,0,0,0,0,0,0,0,0,0,0,0,0,0,0,23033,"PAULO NUNES FELIX, RUA",NA,"",NA,"",1,0,"PAULO NUNES FELIX, RUA 65 SAO PAULO SP",-23.6227468,-46.4769616
"3783","D031302227",23033,"PAULO NUNES FELIX, RUA",NA,"",80,"","04/03/2013 15:30",2,"CO",55,997," "," ",1,1,0,0,0,0,0,0,0,0,0,0,0,0,0,0,0,23033,"PAULO NUNES FELIX, RUA",NA,"",NA,"",1,0,"PAULO NUNES FELIX, RUA 80 SAO PAULO SP",-23.6228273,-46.4767961
"3784","D031300547",16919,"REBOUCAS, AV",NA,"",2835,"","04/03/2013 15:48",2,"CO",14,2024," "," ",1,1,0,0,0,0,0,0,0,0,0,0,0,0,0,0,0,16919,"REBOUCAS, AV",NA,"",44,"JARDIM PAULISTA",1,0,"REBOUCAS, AV 2835 SAO PAULO SP",-23.5691747,-46.6867764
"3785","D031302302",24338,"LUIZ IGNACIO ANHAIA MELLO, AV PROF",NA,"",9091,"","04/03/2013 16:00",2,"CO",70,1306," "," ",1,1,0,0,0,0,0,0,0,0,0,0,0,0,0,0,0,24338,"LUIZ IGNACIO ANHAIA MELLO, AV PROF",NA,"",26,"CONSOLACAO",2,0,"LUIZ IGNACIO ANHAIA MELLO, AV PROF 9091 SAO PAULO SP",-23.6028169,-46.5154084
"3786","D031300898",2294,"TOME DE ALMEIDA E OLIVEIRA, RUA",NA,"",668,"","04/03/2013 16:00",4,"AT",87,1298," "," ",1,0,0,0,0,0,0,0,0,0,0,0,0,0,0,0,0,2294,"TOME DE ALMEIDA E OLIVEIRA, RUA",NA,"",64,"PIRITUBA",1,0,"TOME DE ALMEIDA E OLIVEIRA, RUA 668 SAO PAULO SP",-23.473158,-46.7135916
"3787","D031301009",13172,"MARIA CANDIDA, RUA",12290,"LUIS RAMOS, RUA CAP",0,"","04/03/2013 16:00",2,"CO",9,1376," "," ",1,1,0,0,0,0,0,0,0,0,0,0,0,0,0,0,0,12290,"LUIS RAMOS, RUA CAP",13172,"MARIA CANDIDA, RUA",88,"VILA GUILHERME",1,0,"MARIA CANDIDA, RUA SAO PAULO SP &  LUIS RAMOS, RUA CAP SAO PAULO SP",-23.503332,-46.6092835
"3788","D031301699",15507,"TEOTONIO VILELA, AV SEN",NA,"",8000,"","04/03/2013 16:20",2,"QM",85,1231," "," ",0,1,0,0,0,0,0,0,0,0,0,0,0,0,0,0,0,15507,"TEOTONIO VILELA, AV SEN",NA,"",23,"CIDADE DUTRA",2,0,"TEOTONIO VILELA, AV SEN 8000 SAO PAULO SP",-23.7663231,-46.7172637
"3789","D031301008",4896,"CHICO PONTES, RUA",NA,"",1072,"","04/03/2013 16:30",2,"CO",9,1373," "," ",1,1,0,0,0,0,0,0,0,0,0,0,0,0,0,0,0,4896,"CHICO PONTES, RUA",NA,"",88,"VILA GUILHERME",1,0,"CHICO PONTES, RUA 1072 SAO PAULO SP",-23.5078861,-46.6023113
"3790","D031300069",4541,"CASPER LIBERO, AV",NA,"",465,"","04/03/2013 17:30",4,"AT",3,1879," "," ",1,0,0,0,0,0,0,0,0,0,0,0,0,0,0,0,0,4541,"CASPER LIBERO, AV",NA,"",67,"REPUBLICA",1,0,"CASPER LIBERO, AV 465 SAO PAULO SP",-23.537383,-46.6359356
"3791","D031300181",543,"ALCANTARA MACHADO, AV",NA,"",1873,"","04/03/2013 17:35",4,"AT",8,1859,"C"," ",0,0,1,0,0,0,0,0,0,0,0,0,0,0,0,0,0,543,"ALCANTARA MACHADO, AV",NA,"",10,"BRAS",1,0,"ALCANTARA MACHADO, AV 1873 SAO PAULO SP",-23.5466368,-46.5996305
"3792","D031301260",3771,"INAJAR DE SOUZA, AV",NA,"",2500,"","04/03/2013 18:30",2,"CT",72,1955," "," ",1,1,0,0,0,0,0,0,0,0,0,0,0,0,0,0,0,3771,"INAJAR DE SOUZA, AV",NA,"",50,"LIMAO",2,0,"INAJAR DE SOUZA, AV 2500 SAO PAULO SP",-23.484283,-46.6795071
"3794","D031302081",17135,"RIO DAS PEDRAS, AV",NA,"",85,"","04/03/2013 19:00",4,"AT",41,1215," "," ",0,0,1,0,0,0,0,0,0,0,0,0,0,0,0,0,0,17135,"RIO DAS PEDRAS, AV",NA,"",27,"CURSINO",1,0,"RIO DAS PEDRAS, AV 85 SAO PAULO SP",-23.5590044,-46.5207593
"3795","D031300843",17162,"RIO PEQUENO, AV DO",NA,"",1710,"","04/03/2013 19:00",2,"CF",51,1057," "," ",1,1,0,0,0,0,0,0,0,0,0,0,0,0,0,0,0,17162,"RIO PEQUENO, AV DO",NA,"",13,"CACHOEIRINHA",1,0,"RIO PEQUENO, AV DO 1710 SAO PAULO SP",-23.5713382,-46.7599718
"3796","D031301852",8368,"GUARAPIRANGA, AV",7099,"FERREIRA VIANA, RUA",0,"","04/03/2013 19:15",2,"CO",102,2486," "," ",0,1,0,0,0,0,0,0,0,0,0,1,0,0,0,0,0,7099,"FERREIRA VIANA, RUA",8368,"GUARAPIRANGA, AV",81,"SOCORRO",1,0,"GUARAPIRANGA, AV SAO PAULO SP &  FERREIRA VIANA, RUA SAO PAULO SP",-23.6663547,-46.7199235
"3797","D031301338",18594,"TAIPAS, ES",NA,"",2100,"","04/03/2013 20:00",2,"SI",74,1957," "," ",0,1,0,0,1,0,0,0,0,0,0,0,0,0,0,0,0,18594,"TAIPAS, ES",NA,"",52,"MARSILAC",1,0,"TAIPAS, ES 2100 SAO PAULO SP",-23.4261258,-46.7260757
"3798","D031302284",64774,"CANDIDO DA LUZ PAIVA, RUA SOLD",NA,"",120,"","04/03/2013 20:40",4,"AT",69,2234," "," ",1,0,0,0,0,0,0,0,0,0,0,0,0,0,0,0,0,64774,"CANDIDO DA LUZ PAIVA, RUA SOLD",NA,"",56,"PARELHEIROS",1,0,"CANDIDO DA LUZ PAIVA, RUA SOLD 120 SAO PAULO SP",-23.615336,-46.4963658