"","id_acidente","codloga","logradouroA","codlogb","logradouroB","alt_num","referencia","data","cod_acid","tipo_acidente","dp","numero_BO","sentido","pista","automovel","moto","onibus","caminhao","bicicleta","moto_taxi","onibus_fretado","onibus_urbano","microonibus","van","vuc","caminhonete","carreta","jipe","outros","sem_informacao","carroca","princ_a","paiA","princ_b","paiB","cod_distrito","distrito","vit_ferida","vit_morta","local","lat","lon"
"3800","D031301489",15032,"ORATORIO, AV DO",NA,"",106,"","04/03/2013 22:30",2,"CO",42,1380," "," ",1,1,0,0,0,0,0,0,0,0,0,0,0,0,0,0,0,15032,"ORATORIO, AV DO",NA,"",26,"CONSOLACAO",1,0,"ORATORIO, AV DO 106 SAO PAULO SP",-23.5826956,-46.561395
"3801","D031301676",9220,"INTERLAGOS, AV",NA,"",1399,"","04/03/2013 22:50",4,"AT",48,2412," "," ",0,1,0,0,0,0,0,0,0,0,0,0,0,0,0,0,0,9220,"INTERLAGOS, AV",NA,"",16,"CAMPO GRANDE",1,0,"INTERLAGOS, AV 1399 SAO PAULO SP",-23.6536481,-46.6799753
"3802","D031300976",9836,"JAGUARE, AV",5309,"CORIFEU DE AZEVEDO MARQUES, AV",0,"","04/03/2013 23:55",2,"CO",93,1507," "," ",2,1,0,0,0,0,0,0,0,0,0,0,0,0,0,0,0,5309,"CORIFEU DE AZEVEDO MARQUES, AV",9836,"JAGUARE, AV",55,"MORUMBI",1,0,"JAGUARE, AV SAO PAULO SP &  CORIFEU DE AZEVEDO MARQUES, AV SAO PAULO SP",-23.550963,-46.74035
"3803","D031302384",19705,"CARDOZO DE MELLO NETO, RUA PROF",NA,"",367,"","05/03/2013 00:30",2,"CL",98,2413," "," ",0,1,1,0,0,0,0,0,0,0,0,0,0,0,0,0,0,19705,"CARDOZO DE MELLO NETO, RUA PROF",NA,"",0,"NULL",0,1,"CARDOZO DE MELLO NETO, RUA PROF 367 SAO PAULO SP",-23.6998289,-46.6429719
"3804","D031302366",17820,"TITO, AV MAL",NA,"",3650,"","05/03/2013 02:00",2,"QM",50,2907," "," ",0,1,0,0,0,0,0,0,0,0,0,0,0,0,0,0,0,17820,"TITO, AV MAL",NA,"",53,"MOEMA",0,1,"TITO, AV MAL 3650 SAO PAULO SP",-23.4953782,-46.3908788
"3805","D031300256",3581,"BRASIL, AV",14804,"NOVE DE JULHO, AV",0,"","05/03/2013 03:08",2,"CO",78,1746," "," ",1,1,0,0,0,0,0,0,0,0,0,0,0,0,0,0,0,3581,"BRASIL, AV",14804,"NOVE DE JULHO, AV",44,"JARDIM PAULISTA",1,0,"BRASIL, AV SAO PAULO SP &  NOVE DE JULHO, AV SAO PAULO SP",-21.4863218,-47.3631133
"3806","D031300173",6642,"ESTADO, AV DO",NA,"",3000,"","05/03/2013 04:00",4,"AT",8,1627," "," ",0,0,0,1,0,0,0,0,0,0,0,0,0,0,0,0,0,6642,"ESTADO, AV DO",NA,"",9,"BOM RETIRO",1,0,"ESTADO, AV DO 3000 SAO PAULO SP",-23.5712514,-46.6045083
"3807","D031300014",6642,"ESTADO, AV DO",NA,"",3000,"","05/03/2013 05:00",4,"AT",1,1951," "," ",1,0,0,0,0,0,0,0,0,0,0,0,0,0,0,0,0,6642,"ESTADO, AV DO",NA,"",9,"BOM RETIRO",1,0,"ESTADO, AV DO 3000 SAO PAULO SP",-23.5712514,-46.6045083
"3809","D031300812",16838,"RAIMUNDO PEREIRA DE MAGAL., AV",36843,"CRUZ (PERUS), RUA STA",0,"","05/03/2013 06:00",2,"CT",46,1085," "," ",2,0,0,0,0,0,0,0,0,0,0,0,0,0,0,0,0,16838,"RAIMUNDO PEREIRA DE MAGAL., AV",36843,"CRUZ (PERUS), RUA STA",62,"PERUS",1,0,"RAIMUNDO PEREIRA DE MAGAL., AV SAO PAULO SP &  CRUZ (PERUS), RUA STA SAO PAULO SP",-23.4806625,-46.7253209
"3810","D031301234",6450,"EMILIO CARLOS, AV DEP",NA,"",1861,"","05/03/2013 06:24",2,"CO",40,749," "," ",1,1,0,0,0,0,0,0,0,0,0,0,0,0,0,0,0,6450,"EMILIO CARLOS, AV DEP",NA,"",50,"LIMAO",1,0,"EMILIO CARLOS, AV DEP 1861 SAO PAULO SP",-23.4909133,-46.6759172
"3811","D031301515",24338,"LUIZ IGNACIO ANHAIA MELLO, AV PROF",22127,"GRANDE SAO PAULO, VD",0,"","05/03/2013 06:30",2,"CO",56,1385," "," ",1,1,0,0,0,0,0,0,0,0,0,0,0,0,0,0,0,22127,"GRANDE SAO PAULO, VD",24338,"LUIZ IGNACIO ANHAIA MELLO, AV PROF",95,"VILA PRUDENTE",1,0,"LUIZ IGNACIO ANHAIA MELLO, AV PROF SAO PAULO SP &  GRANDE SAO PAULO, VD SAO PAULO SP",-23.5827842,-46.565808
"3812","D031302247",2181,"ARICANDUVA, AV",NA,"",5400,"","05/03/2013 06:40",4,"AT",66,1090," "," ",1,0,0,0,0,0,0,0,0,0,0,0,0,0,0,0,0,2181,"ARICANDUVA, AV",NA,"",60,"PENHA",1,0,"ARICANDUVA, AV 5400 SAO PAULO SP",-23.5610933,-46.5113224
"3813","D031301481",15032,"ORATORIO, AV DO",4055,"TIBAU DO SUL, RUA",0,"","05/03/2013 07:00",2,"CO",42,816,"C"," ",1,0,0,0,2,0,0,0,0,0,0,0,0,0,0,0,0,7231,"BOM JARDIM DE MINAS, RUA",15032,"ORATORIO, AV DO",74,"SAO LUCAS",2,0,"ORATORIO, AV DO SAO PAULO SP &  TIBAU DO SUL, RUA SAO PAULO SP",-23.5978656,-46.5401521
"3816","D031301010",6039,"DOMINGOS LUIS, PQ",NA,"",553,"","05/03/2013 07:20",2,"CO",9,1377," "," ",1,1,0,0,0,0,0,0,0,0,0,0,0,0,0,0,0,6039,"DOMINGOS LUIS, PQ",NA,"",71,"SANTANA",1,0,"DOMINGOS LUIS, PQ 553 SAO PAULO SP",-23.4944861,-46.6152678
"3817","D031300864",13019,"ESCOLA POLITECNICA, AV",NA,"",4200,"","05/03/2013 07:30",2,"CL",51,1520," "," ",1,1,0,0,0,0,0,0,0,0,0,0,0,0,0,0,0,13019,"ESCOLA POLITECNICA, AV",NA,"",40,"JAGUARE",1,0,"ESCOLA POLITECNICA, AV 4200 SAO PAULO SP",-23.5697908,-46.7614632
"3818","D031300764",75464,"SILVIO RIBEIRO ARAGAO, AV",NA,"",2,"","05/03/2013 07:30",4,"AT",37,1872," "," ",0,1,0,0,0,0,0,0,0,0,0,0,0,0,0,0,0,75464,"SILVIO RIBEIRO ARAGAO, AV",NA,"",29,"FREGUESIA DO O",1,0,"SILVIO RIBEIRO ARAGAO, AV 2 SAO PAULO SP",-23.6401435,-46.7479986
"3819","D031300172",543,"ALCANTARA MACHADO, AV",10488,"JOAO TOBIAS, RUA",0,"","05/03/2013 07:39",2,"SI",8,1624," "," ",0,1,0,0,0,0,0,0,0,0,0,0,0,0,0,1,0,543,"ALCANTARA MACHADO, AV",10488,"JOAO TOBIAS, RUA",54,"MOOCA",1,0,"ALCANTARA MACHADO, AV SAO PAULO SP &  JOAO TOBIAS, RUA SAO PAULO SP",-23.5528151,-46.613419
"3820","D031300844",16878,"RAPOSO TAVARES, VIA",NA,"",13200,"","05/03/2013 07:40",4,"AT",51,1060," "," ",1,2,0,0,0,0,0,0,0,0,0,0,0,0,0,0,0,16878,"RAPOSO TAVARES, VIA",NA,"",13,"CACHOEIRINHA",2,0,"RAPOSO TAVARES, VIA 13200 SAO PAULO SP",-23.5662579,-47.8738422
"3821","D031300047",17507,"RUDGE, AV",NA,"",700,"","05/03/2013 07:40",4,"AT",2,1297," "," ",1,0,0,0,0,0,0,0,0,0,0,0,0,0,0,0,0,17507,"RUDGE, AV",NA,"",70,"SANTA CECILIA",2,0,"RUDGE, AV 700 SAO PAULO SP",-23.5218978,-46.651016
"3822","D031301364",43777,"CARVALHO PINTO, AV GOV",NA,"",26,"","05/03/2013 07:40",2,"CO",10,2504,"C"," ",0,1,0,0,0,0,0,0,0,0,0,1,0,0,0,0,0,43777,"CARVALHO PINTO, AV GOV",NA,"",41,"JARAGUA",1,0,"CARVALHO PINTO, AV GOV 26 SAO PAULO SP",-23.5137544,-46.5457119
"3823","D031300277",5339,"CORREIA DE LEMOS, RUA",NA,"",327,"","05/03/2013 08:00",2,"CO",16,2970," "," ",1,1,0,0,0,0,0,0,0,0,0,0,0,0,0,0,0,5339,"CORREIA DE LEMOS, RUA",NA,"",79,"SAUDE",1,0,"CORREIA DE LEMOS, RUA 327 SAO PAULO SP",-23.6070712,-46.6344177
"3824","D031301045",4533,"CASA VERDE, AV",15250,"OURO GROSSO, RUA",0,"","05/03/2013 08:05",2,"CO",13,2338," "," ",1,1,0,0,0,0,0,0,0,0,0,0,0,0,0,0,0,4533,"CASA VERDE, AV",15250,"OURO GROSSO, RUA",21,"CASA VERDE",1,0,"CASA VERDE, AV SAO PAULO SP &  OURO GROSSO, RUA SAO PAULO SP",-23.5065329,-46.6665841
"3825","D031300495",6238,"NACOES UNIDAS, AV DAS",4249,"CARDOSO DE MELO, AV DR",0,"","05/03/2013 08:07",2,"SI",96,1083," "," ",1,1,0,0,0,0,0,0,0,0,0,0,0,0,0,0,0,4249,"CARDOSO DE MELO, AV DR",6238,"NACOES UNIDAS, AV DAS",72,"SANTO AMARO",2,0,"NACOES UNIDAS, AV DAS SAO PAULO SP &  CARDOSO DE MELO, AV DR SAO PAULO SP",-23.5735935,-46.7008864
"3827","D031300548",18813,"TEODORO SAMPAIO, RUA",NA,"",305,"","05/03/2013 08:58",4,"AT",14,2039," "," ",1,0,0,0,0,0,0,0,0,0,0,0,0,0,0,0,0,18813,"TEODORO SAMPAIO, RUA",NA,"",20,"CARRAO",1,0,"TEODORO SAMPAIO, RUA 305 SAO PAULO SP",-23.5604191,-46.6820374
"3828","D031301113",9170,"INES, AV STA",NA,"",640,"","05/03/2013 09:00",2,"QM",20,1185," "," ",0,1,0,0,0,0,0,0,0,0,0,0,0,0,0,0,0,9170,"INES, AV STA",NA,"",51,"MANDAQUI",1,0,"INES, AV STA 640 SAO PAULO SP",-23.4740356,-46.6300712
"3829","D031300878",6670,"ESTER SAMARA, RUA",NA,"",222,"","05/03/2013 09:00",2,"QM",75,778," "," ",0,1,0,0,0,0,0,0,0,0,0,0,0,0,0,0,0,6670,"ESTER SAMARA, RUA",NA,"",66,"RAPOSO TAVARES",1,0,"ESTER SAMARA, RUA 222 SAO PAULO SP",-23.5849586,-46.7690595
"3830","D031300710",12812,"EUGENIO BETTARELLO, RUA",2011,"CLOVIS DE OLIVEIRA, RUA DR",0,"","05/03/2013 09:11",4,"AT",34,1383," "," ",1,0,0,0,0,0,0,0,0,0,0,0,0,0,0,0,0,2011,"CLOVIS DE OLIVEIRA, RUA DR",12812,"EUGENIO BETTARELLO, RUA",55,"MORUMBI",1,0,"EUGENIO BETTARELLO, RUA SAO PAULO SP &  CLOVIS DE OLIVEIRA, RUA DR SAO PAULO SP",-23.5873626,-46.7188286
"3831","D031301700",15507,"TEOTONIO VILELA, AV SEN",NA,"",7900,"","05/03/2013 09:47",2,"CL",85,1239," "," ",1,0,0,0,1,0,0,0,0,0,0,0,0,0,0,0,0,15507,"TEOTONIO VILELA, AV SEN",NA,"",23,"CIDADE DUTRA",1,0,"TEOTONIO VILELA, AV SEN 7900 SAO PAULO SP",-23.7656584,-46.717111
"3832","D031300679",1571,"ANTONIO AYROSA, RUA",NA,"",545,"","05/03/2013 09:47",2,"CT",33,2009," "," ",1,1,0,0,0,0,0,0,0,0,0,0,0,0,0,0,0,1571,"ANTONIO AYROSA, RUA",NA,"",39,"JAGUARA",1,0,"ANTONIO AYROSA, RUA 545 SAO PAULO SP",-23.5121801,-46.7542248
"3833","D031300549",16919,"REBOUCAS, AV",NA,"",1545,"","05/03/2013 10:12",2,"CL",14,2044,"C"," ",1,1,0,0,0,0,0,0,0,0,0,0,0,0,0,0,0,16919,"REBOUCAS, AV",NA,"",44,"JARDIM PAULISTA",1,0,"REBOUCAS, AV 1545 SAO PAULO SP",-23.5631603,-46.675916
"3834","D031300422",19583,"VERGUEIRO, RUA",NA,"",2345,"","05/03/2013 10:49",4,"AT",36,1016," "," ",0,1,0,0,0,0,0,0,0,0,0,0,0,0,0,0,0,19583,"VERGUEIRO, RUA",NA,"",33,"IPIRANGA",1,0,"VERGUEIRO, RUA 2345 SAO PAULO SP",-23.582331,-46.6376816
"3835","D031300240",14750,"NOTHMANN, AL",NA,"",77,"","05/03/2013 10:49",4,"AT",77,992," "," ",1,0,0,0,0,0,0,0,0,0,0,0,0,0,0,0,0,14750,"NOTHMANN, AL",NA,"",70,"SANTA CECILIA",1,0,"NOTHMANN, AL 77 SAO PAULO SP",-23.5303482,-46.6426129
"3836","D031301647",5606,"CUPECE, AV",NA,"",4727,"","05/03/2013 11:00",2,"CO",43,2518," "," ",1,1,0,0,0,0,0,0,0,0,0,0,0,0,0,0,0,5606,"CUPECE, AV",NA,"",22,"CIDADE ADEMAR",1,0,"CUPECE, AV 4727 SAO PAULO SP",-23.6752555,-46.6423497
"3837","D031301298",13822,"MENDES DA ROCHA, AV",NA,"",2129,"","05/03/2013 11:00",2,"CT",73,2330," "," ",0,1,0,1,0,0,0,0,0,0,0,0,0,0,0,0,0,13822,"MENDES DA ROCHA, AV",NA,"",94,"VILA MEDEIROS",1,0,"MENDES DA ROCHA, AV 2129 SAO PAULO SP",-23.4699886,-46.5773838
"3838","D031301035",17799,"SANTOS DUMONT, AV",NA,"",2241,"","05/03/2013 11:04",2,"CL",13,855," "," ",0,1,0,0,0,0,0,0,0,0,0,1,0,0,0,1,0,17799,"SANTOS DUMONT, AV",NA,"",15,"CAMPO BELO",1,0,"SANTOS DUMONT, AV 2241 SAO PAULO SP",-23.4663585,-46.4667484
"3839","D031301387",8720,"HENRY FORD, AV",NA,"",1158,"","05/03/2013 11:15",2,"CO",18,421," "," ",1,1,0,0,0,0,0,0,0,0,0,0,0,0,0,0,0,8720,"HENRY FORD, AV",NA,"",95,"VILA PRUDENTE",1,0,"HENRY FORD, AV 1158 SAO PAULO SP",-23.5763866,-46.59778
"3840","D031300347",16356,"OTAVIO TARQUINIO DE SOUSA, RUA",9764,"JACEGUAI, RUA BR DE",0,"","05/03/2013 11:20",2,"SI",27,2293," "," ",1,1,0,0,0,0,0,0,0,0,0,0,0,0,0,0,0,9764,"JACEGUAI, RUA BR DE",16356,"OTAVIO TARQUINIO DE SOUSA, RUA",15,"CAMPO BELO",1,0,"OTAVIO TARQUINIO DE SOUSA, RUA SAO PAULO SP &  JACEGUAI, RUA BR DE SAO PAULO SP",-23.617348,-46.6690803
"3841","D031300711",16337,"ELISEU DE ALMEIDA, AV",6204,"EDMUNDO SCANNAPIECO, RUA",0,"","05/03/2013 11:55",2,"CO",34,1395," "," ",0,2,0,0,0,0,0,0,0,0,0,1,0,0,0,0,0,6204,"EDMUNDO SCANNAPIECO, RUA",16337,"ELISEU DE ALMEIDA, AV",NA,"",1,0,"ELISEU DE ALMEIDA, AV SAO PAULO SP &  EDMUNDO SCANNAPIECO, RUA SAO PAULO SP",-23.580821,-46.721895
"3842","D031300278",73491,"MAURICIO FRANCISCO DA SILVA, RUA",NA,"",307,"","05/03/2013 12:00",2,"CO",16,2973," "," ",1,1,0,0,0,0,0,0,0,0,0,0,0,0,0,0,0,73491,"MAURICIO FRANCISCO DA SILVA, RUA",NA,"",29,"FREGUESIA DO O",1,0,"MAURICIO FRANCISCO DA SILVA, RUA 307 SAO PAULO SP",-23.6645948,-46.6650331
"3843","D031300348",15887,"PEDRO BUENO, AV",NA,"",875,"","05/03/2013 12:24",2,"CT",27,2298," "," ",0,2,0,0,0,0,0,0,0,0,0,0,0,0,0,0,0,15887,"PEDRO BUENO, AV",NA,"",30,"GRAJAU",1,0,"PEDRO BUENO, AV 875 SAO PAULO SP",-23.6367453,-46.6512415
"3844","D031300373",17518,"DEMOSTENES, RUA",NA,"",244,"","05/03/2013 12:25",2,"CO",27,2917," "," ",1,1,0,0,0,0,0,0,0,0,0,0,0,0,0,0,0,17518,"DEMOSTENES, RUA",NA,"",30,"GRAJAU",1,0,"DEMOSTENES, RUA 244 SAO PAULO SP",-23.6143651,-46.676435
"3846","D031300241",14947,"OLIMPIO DA SILVEIRA, AV GAL",NA,"",132,"","05/03/2013 13:36",4,"AT",77,997,"B"," ",1,1,0,0,0,0,0,0,0,0,0,0,0,0,0,0,0,14947,"OLIMPIO DA SILVEIRA, AV GAL",NA,"",19,"CAPAO REDONDO",1,0,"OLIMPIO DA SILVEIRA, AV GAL 132 SAO PAULO SP",-23.532439,-46.6576815
"3847","D031301538",14213,"MOOCA, RUA DA",NA,"",3940,"","05/03/2013 13:40",2,"CO",57,907," "," ",1,1,0,0,0,0,0,0,0,0,0,0,0,0,0,0,0,14213,"MOOCA, RUA DA",NA,"",16,"CAMPO GRANDE",1,0,"MOOCA, RUA DA 3940 SAO PAULO SP",-23.5597327,-46.5877285
"3848","D031301082",475,"ALBERTO BYINGTON, AV",NA,"",2181,"","05/03/2013 13:43",2,"CO",19,871," "," ",1,1,0,0,0,0,0,0,0,0,0,0,0,0,0,0,0,475,"ALBERTO BYINGTON, AV",NA,"",91,"VILA MARIA",1,0,"ALBERTO BYINGTON, AV 2181 SAO PAULO SP",-23.5024585,-46.58607
"3849","D031300141",6642,"ESTADO, AV DO",NA,"",6737,"","05/03/2013 13:45",2,"CO",6,1143," "," ",1,1,0,0,0,0,0,0,0,0,0,0,0,0,0,0,0,6642,"ESTADO, AV DO",NA,"",9,"BOM RETIRO",1,0,"ESTADO, AV DO 6737 SAO PAULO SP",-23.5670644,-46.6098752
"3850","D031300201",12964,"MARCOS ARRUDA, RUA",NA,"",106,"","05/03/2013 13:54",2,"CO",12,1277," "," ",0,1,0,0,0,0,0,0,0,0,0,1,0,0,0,0,0,12964,"MARCOS ARRUDA, RUA",NA,"",8,"BELEM",1,0,"MARCOS ARRUDA, RUA 106 SAO PAULO SP",-23.5373437,-46.6022877
"3851","D031301330",15425,"CANTIDIO SAMPAIO, AV DEP",NA,"",5067,"","05/03/2013 13:58",4,"AT",74,1019," "," ",0,1,0,0,0,0,0,0,0,0,0,0,0,0,0,0,0,15425,"CANTIDIO SAMPAIO, AV DEP",NA,"",41,"JARAGUA",1,0,"CANTIDIO SAMPAIO, AV DEP 5067 SAO PAULO SP",-23.4425436,-46.7065283
"3852","D031300552",29,"ABEGOARIA, RUA",NA,"",63,"","05/03/2013 14:20",2,"CO",14,2054," "," ",1,1,0,0,0,0,0,0,0,0,0,0,0,0,0,0,0,29,"ABEGOARIA, RUA",NA,"",20,"CARRAO",1,0,"ABEGOARIA, RUA 63 SAO PAULO SP",-23.5484806,-46.6861022
"3853","D031301595",19931,"WASHINGTON LUIS, AV",NA,"",2480,"","05/03/2013 14:35",2,"SI",11,2530," "," ",1,1,0,0,0,0,0,0,0,0,0,0,0,0,0,0,0,19931,"WASHINGTON LUIS, AV",NA,"",NA,"",1,0,"WASHINGTON LUIS, AV 2480 SAO PAULO SP",-23.6520996,-46.682922
"3854","D031301155",10129,"JOAO ALVES PIMENTA, RUA",NA,"",224,"","05/03/2013 15:00",4,"AT",28,1275," "," ",1,0,0,0,0,0,0,0,0,0,0,0,0,0,0,0,0,10129,"JOAO ALVES PIMENTA, RUA",NA,"",64,"PIRITUBA",1,0,"JOAO ALVES PIMENTA, RUA 224 SAO PAULO SP",-23.4824397,-46.7094098
"3855","D031300925",99498,"ALBERTO AUGUSTO ALVES, AV",8000,"GIOVANNI GRONCHI, AV",0,"","05/03/2013 15:30",2,"CO",89,1828," "," ",1,1,0,0,0,0,0,0,0,0,0,0,0,0,0,0,0,8000,"GIOVANNI GRONCHI, AV",99498,"ALBERTO AUGUSTO ALVES, AV",85,"VILA ANDRADE",1,0,"ALBERTO AUGUSTO ALVES, AV SAO PAULO SP &  GIOVANNI GRONCHI, AV SAO PAULO SP",-23.6405862,-46.7369489
"3856","D031300331",12421,"MACARIO, RUA DOM",NA,"",396,"","05/03/2013 16:00",4,"AT",26,1946," "," ",0,0,0,0,0,0,0,0,0,0,0,0,0,0,0,2,0,12421,"MACARIO, RUA DOM",NA,"",27,"CURSINO",1,0,"MACARIO, RUA DOM 396 SAO PAULO SP",-23.6197966,-46.613512
"3857","D031300713",16646,"JOSE JANNARELLI, RUA",12812,"EUGENIO BETTARELLO, RUA",0,"","05/03/2013 16:00",2,"CO",34,1421," "," ",1,1,0,0,0,0,0,0,0,0,0,0,0,0,0,0,0,12812,"EUGENIO BETTARELLO, RUA",16646,"JOSE JANNARELLI, RUA",55,"MORUMBI",1,0,"JOSE JANNARELLI, RUA SAO PAULO SP &  EUGENIO BETTARELLO, RUA SAO PAULO SP",-23.5900785,-46.7165858
"3858","D031301235",29026,"ROSAS DE OURO, RUA",13605,"MARTINELLI, AV COMEN",0,"","05/03/2013 16:20",4,"AT",40,767," "," ",0,0,0,2,0,0,0,0,0,0,0,0,0,0,0,0,0,13605,"MARTINELLI, AV COMEN",75682,"FREIRE CISNEIRO, RUA DR",50,"LIMAO",1,0,"ROSAS DE OURO, RUA SAO PAULO SP &  MARTINELLI, AV COMEN SAO PAULO SP",-23.5072853,-46.6885292
"3859","D031301748",13357,"MARIA COELHO AGUIAR, AV",NA,"",1170,"","05/03/2013 16:28",4,"AT",92,900119," "," ",0,1,0,0,0,0,0,0,0,0,0,0,0,0,0,0,0,13357,"MARIA COELHO AGUIAR, AV",NA,"",NA,"",1,0,"MARIA COELHO AGUIAR, AV 1170 SAO PAULO SP",-23.6543486,-46.735517
"3860","D031302109",16494,"MIGUEL ACHIOLE DA FONCECA, AV",NA,"",1189,"","05/03/2013 16:50",2,"CO",44,1442," "," ",0,1,1,0,0,0,0,0,0,0,0,0,0,0,0,0,0,16494,"MIGUEL ACHIOLE DA FONCECA, AV",NA,"",50,"LIMAO",1,0,"MIGUEL ACHIOLE DA FONCECA, AV 1189 SAO PAULO SP",-23.558997,-46.4007685
"3861","D031300546",16919,"REBOUCAS, AV",NA,"",2200,"","05/03/2013 17:40",4,"AT",14,2007," "," ",0,1,0,0,0,0,0,0,0,0,0,0,0,0,0,0,0,16919,"REBOUCAS, AV",NA,"",44,"JARDIM PAULISTA",1,0,"REBOUCAS, AV 2200 SAO PAULO SP",-23.566038,-46.6815
"3862","D031300665",18519,"SUMARE, AV",NA,"",840,"","05/03/2013 17:40",4,"AT",23,2069," "," ",0,1,0,0,0,0,0,0,0,0,0,0,0,0,0,0,0,18519,"SUMARE, AV",NA,"",61,"PERDIZES",4,0,"SUMARE, AV 840 SAO PAULO SP",-23.5376023,-46.6745562
"3864","D031300712",8000,"GIOVANNI GRONCHI, AV",6536,"ERASMO TEIXEIRA DE ASSUNCAO, RUA DR",0,"","05/03/2013 18:00",2,"CO",34,1410," "," ",0,1,0,0,1,0,0,0,0,0,0,0,0,0,0,0,0,6536,"ERASMO TEIXEIRA DE ASSUNCAO, RUA DR",8000,"GIOVANNI GRONCHI, AV",NA,"",1,0,"GIOVANNI GRONCHI, AV SAO PAULO SP &  ERASMO TEIXEIRA DE ASSUNCAO, RUA DR SAO PAULO SP",-23.6004501,-46.710515
"3865","D031300628",7491,"FRANCISCO MATARAZZO, AV",NA,"",1400,"","05/03/2013 18:11",2,"CL",23,1257," "," ",0,1,0,0,0,0,0,0,1,0,0,0,0,0,0,0,0,7491,"FRANCISCO MATARAZZO, AV",NA,"",6,"BARRA FUNDA",1,0,"FRANCISCO MATARAZZO, AV 1400 SAO PAULO SP",-23.5258894,-46.6759966
"3866","D031301117",351,"AGUA FRIA, AV",NA,"",1291,"","05/03/2013 18:20",2,"CO",20,1997," "," ",2,0,0,0,0,0,0,0,0,0,0,0,0,0,0,0,0,351,"AGUA FRIA, AV",NA,"",71,"SANTANA",3,0,"AGUA FRIA, AV 1291 SAO PAULO SP",-23.4775128,-46.6207547
"3868","D031302265",3577,"EMBIU, RUA",NA,"",453,"","05/03/2013 18:30",2,"CO",66,1470," "," ",0,1,0,1,0,0,0,0,0,0,0,0,0,0,0,0,0,3577,"EMBIU, RUA",NA,"",24,"CIDADE LIDER",1,0,"EMBIU, RUA 453 SAO PAULO SP",-23.5533831,-46.5111575
"3869","D031301790",8129,"MOLIERE, RUA",6082,"JAIME DO ESPIRITO SANTO, RUA",0,"","05/03/2013 18:40",2,"SI",99,2533," "," ",1,1,0,0,0,0,0,0,0,0,0,0,0,0,0,0,0,6082,"JAIME DO ESPIRITO SANTO, RUA",8129,"MOLIERE, RUA",16,"CAMPO GRANDE",1,0,"MOLIERE, RUA SAO PAULO SP &  JAIME DO ESPIRITO SANTO, RUA SAO PAULO SP",-23.6577474,-46.6925901
"3870","D031300755",11777,"LEONOR QUADROS, RUA",74885,"ARTUR DE SOUZA MARQUES, RUA",0,"","05/03/2013 18:45",2,"CO",34,2375," "," ",0,1,0,0,0,0,0,0,0,0,0,1,0,0,0,0,0,11777,"LEONOR QUADROS, RUA",74885,"ARTUR DE SOUZA MARQUES, RUA",55,"MORUMBI",1,0,"LEONOR QUADROS, RUA SAO PAULO SP &  ARTUR DE SOUZA MARQUES, RUA SAO PAULO SP",-23.6148692,-46.7117664
"3872","D031300175",19163,"TRILHOS, RUA DOS",NA,"",909,"","05/03/2013 19:00",4,"AT",8,1650," "," ",0,1,0,0,0,0,0,0,0,0,0,0,0,0,0,0,0,19163,"TRILHOS, RUA DOS",NA,"",54,"MOOCA",1,0,"TRILHOS, RUA DOS 909 SAO PAULO SP",-23.5531248,-46.5999226
"3873","D031301331",16838,"RAIMUNDO PEREIRA DE MAGAL., AV",NA,"",11500,"","05/03/2013 19:00",2,"CO",74,1035," "," ",1,1,0,0,0,0,0,0,0,0,0,0,0,0,0,0,0,16838,"RAIMUNDO PEREIRA DE MAGAL., AV",NA,"",31,"GUAIANASES",1,0,"RAIMUNDO PEREIRA DE MAGAL., AV 11500 SAO PAULO SP",-23.4419008,-46.7209258
"3876","D031300174",16358,"PIRATININGA, RUA",NA,"",738,"","05/03/2013 19:40",4,"AT",8,1649," "," ",0,0,0,0,0,0,0,0,0,0,0,1,0,0,0,0,0,16358,"PIRATININGA, RUA",NA,"",6,"BARRA FUNDA",1,0,"PIRATININGA, RUA 738 SAO PAULO SP",-23.5511213,-46.6169681
"3877","D031301667",78147,"POVOA DE VARZIM, RUA",NA,"",1111,"","05/03/2013 20:00",2,"CO",47,3769," "," ",0,1,0,0,0,0,0,0,0,0,0,0,0,0,0,1,0,78147,"POVOA DE VARZIM, RUA",NA,"",29,"FREGUESIA DO O",1,0,"POVOA DE VARZIM, RUA 1111 SAO PAULO SP",-23.651526,-46.790073
"3879","D031301878",63991,"RIACHO DA CRUZ, RUA",NA,"",139,"","05/03/2013 20:15",2,"CO",24,2369," "," ",1,1,0,0,0,0,0,0,0,0,0,0,0,0,0,0,0,63991,"RIACHO DA CRUZ, RUA",NA,"",49,"LIBERDADE",1,0,"RIACHO DA CRUZ, RUA 139 SAO PAULO SP",-23.5006568,-46.4996131
"3880","D031301583",10270,"JOAO DIAS, AV",NA,"",1800,"","05/03/2013 20:40",4,"AT",11,2536," "," ",0,1,0,0,0,0,0,0,0,0,0,0,0,0,0,0,0,10270,"JOAO DIAS, AV",NA,"",72,"SANTO AMARO",1,0,"JOAO DIAS, AV 1800 SAO PAULO SP",-23.6448025,-46.7177135