"","id_acidente","codloga","logradouroA","codlogb","logradouroB","alt_num","referencia","data","cod_acid","tipo_acidente","dp","numero_BO","sentido","pista","automovel","moto","onibus","caminhao","bicicleta","moto_taxi","onibus_fretado","onibus_urbano","microonibus","van","vuc","caminhonete","carreta","jipe","outros","sem_informacao","carroca","princ_a","paiA","princ_b","paiB","cod_distrito","distrito","vit_ferida","vit_morta","local","lat","lon"
"3881","D031302009",14581,"NICOLAU JACINTO, AV",NA,"",108,"","05/03/2013 20:49",4,"AT",64,2367," "," ",1,0,0,0,0,0,0,0,0,0,0,0,0,0,0,0,0,14581,"NICOLAU JACINTO, AV",NA,"",65,"PONTE RASA",1,0,"NICOLAU JACINTO, AV 108 SAO PAULO SP",-23.5259533,-46.4877345
"3882","D031301490",15032,"ORATORIO, AV DO",NA,"",2750,"","05/03/2013 20:52",2,"CO",42,1402," "," ",1,1,0,0,0,0,0,0,0,0,0,0,0,0,0,0,0,15032,"ORATORIO, AV DO",NA,"",26,"CONSOLACAO",1,0,"ORATORIO, AV DO 2750 SAO PAULO SP",-23.5943138,-46.5439557
"3884","D031301300",11982,"LOPES DA COSTA, RUA",8283,"GUAJARAS, RUA",0,"","05/03/2013 21:38",2,"CO",73,2352," "," ",1,0,0,0,0,0,0,1,0,0,0,0,0,0,0,0,0,8283,"GUAJARAS, RUA",11982,"LOPES DA COSTA, RUA",38,"JACANA",2,0,"LOPES DA COSTA, RUA SAO PAULO SP &  GUAJARAS, RUA SAO PAULO SP",-23.4625051,-46.5730891
"3885","D031300012",19764,"VINTE E TRES DE MAIO, AV",2795,"BANDEIRA, PCA DA",0,"","05/03/2013 23:00",4,"AT",1,1893," "," ",1,0,0,0,0,0,0,0,0,0,0,0,0,0,0,0,0,15261,"OUVIDOR, RUA DO",17025,"RIACHUELO, RUA",80,"SE",1,0,"VINTE E TRES DE MAIO, AV SAO PAULO SP &  BANDEIRA, PCA DA SAO PAULO SP",-23.5834995,-46.6524613
"3886","D031301516",22127,"GRANDE SAO PAULO, VD",NA,"",999,"","05/03/2013 23:30",4,"AT",56,1406," "," ",0,1,0,0,0,0,0,0,0,0,0,0,0,0,0,0,0,22127,"GRANDE SAO PAULO, VD",NA,"",18,"CANGAIBA",1,0,"GRANDE SAO PAULO, VD 999 SAO PAULO SP",-23.5865874,-46.5904434
"3887","D031300868",16878,"RAPOSO TAVARES, VIA",NA,"",13500,"","06/03/2013 00:05",2,"TB",51,2073," "," ",1,1,0,0,0,0,0,0,0,0,0,0,0,0,0,0,0,16878,"RAPOSO TAVARES, VIA",NA,"",13,"CACHOEIRINHA",1,0,"RAPOSO TAVARES, VIA 13500 SAO PAULO SP",-23.526761,-48.4631175
"3888","D031302248",17135,"RIO DAS PEDRAS, AV",NA,"",4172,"","06/03/2013 01:30",4,"AT",66,1109," "," ",1,0,0,0,0,0,0,0,0,0,0,0,0,0,0,0,0,17135,"RIO DAS PEDRAS, AV",NA,"",27,"CURSINO",1,0,"RIO DAS PEDRAS, AV 4172 SAO PAULO SP",-23.5840366,-46.4933429
"3889","D031302111",22836,"FERNAO CARRILHO, RUA",NA,"",33,"","06/03/2013 02:11",4,"AT",44,1476," "," ",0,0,0,0,0,0,0,0,0,0,0,0,0,0,0,1,0,22836,"FERNAO CARRILHO, RUA",NA,"",50,"LIMAO",1,0,"FERNAO CARRILHO, RUA 33 SAO PAULO SP",-23.5605172,-46.4092853
"3890","D031301850",10232,"JOAO DE BARROS, AV",NA,"",155,"","06/03/2013 02:38",2,"CH",102,2394," "," ",1,0,0,1,0,0,0,0,0,0,0,0,0,0,0,0,0,10232,"JOAO DE BARROS, AV",NA,"",81,"SOCORRO",1,0,"JOAO DE BARROS, AV 155 SAO PAULO SP",-23.6740696,-46.7165547
"3892","D031301757",76154,"ALBINO BENTO, RUA",NA,"",197,"","06/03/2013 04:35",2,"QD",98,2811," "," ",0,0,1,0,0,0,0,0,0,0,0,0,0,0,0,0,0,76154,"ALBINO BENTO, RUA",NA,"",29,"FREGUESIA DO O",1,0,"ALBINO BENTO, RUA 197 SAO PAULO SP",-23.7028831,-46.6465733
"3894","D031301173",13374,"MARIANA CALIGIORI RONCHETTI, AV",NA,"",316,"","06/03/2013 06:15",4,"AT",38,1171," "," ",0,0,0,0,0,0,0,0,0,0,0,0,0,0,0,1,0,13374,"MARIANA CALIGIORI RONCHETTI, AV",NA,"",13,"CACHOEIRINHA",1,0,"MARIANA CALIGIORI RONCHETTI, AV 316 SAO PAULO SP",-23.4618921,-46.6536499
"3895","D031301118",18151,"SEZEFREDO FAGUNDES, AV CEL",NA,"",2941,"","06/03/2013 06:25",2,"CF",20,2012," "," ",1,1,0,0,0,0,0,0,0,0,0,0,0,0,0,0,0,18151,"SEZEFREDO FAGUNDES, AV CEL",NA,"",22,"CIDADE ADEMAR",2,0,"SEZEFREDO FAGUNDES, AV CEL 2941 SAO PAULO SP",-23.4533048,-46.601865
"3898","D031301011",27089,"LAGOA PANEMA, RUA",NA,"",416,"","06/03/2013 07:00",4,"AT",9,1402," "," ",2,0,0,0,0,0,0,0,0,0,0,0,0,0,0,0,0,27089,"LAGOA PANEMA, RUA",NA,"",47,"LAJEADO",2,0,"LAGOA PANEMA, RUA 416 SAO PAULO SP",-23.504691,-46.6051162
"3902","D031300926",13014,"MARGINAL DO RIO PINHEIROS, AV",NA,"",4701,"","06/03/2013 07:12",2,"CO",89,1834," "," ",1,1,0,0,0,0,0,0,0,0,0,0,0,0,0,0,0,13014,"MARGINAL DO RIO PINHEIROS, AV",NA,"",40,"JAGUARE",1,0,"MARGINAL DO RIO PINHEIROS, AV 4701 SAO PAULO SP",-23.5563633,-46.6619688
"3903","D031301934",17820,"TITO, AV MAL",NA,"",5071,"","06/03/2013 07:30",2,"CO",50,2762," "," ",1,1,0,0,0,0,0,0,0,0,0,0,0,0,0,0,0,17820,"TITO, AV MAL",NA,"",53,"MOEMA",1,0,"TITO, AV MAL 5071 SAO PAULO SP",-23.4977184,-46.3969592
"3904","D031301960",15467,"PARANAGUA, AV",NA,"",400,"","06/03/2013 07:33",2,"CO",62,937," "," ",0,1,0,0,0,0,0,0,0,0,0,1,0,0,0,0,0,15467,"PARANAGUA, AV",NA,"",49,"LIBERDADE",1,0,"PARANAGUA, AV 400 SAO PAULO SP",-23.5021944,-46.4763036
"3905","D031301804",21992,"GUILHERME ESPINDOLA PEQUITO, RUA",NA,"",137,"","06/03/2013 07:40",2,"QD",100,1276,"C"," ",0,0,0,0,0,0,0,1,0,0,0,0,0,0,0,0,0,21992,"GUILHERME ESPINDOLA PEQUITO, RUA",NA,"",32,"IGUATEMI",1,0,"GUILHERME ESPINDOLA PEQUITO, RUA 137 SAO PAULO SP",-23.6886984,-46.7635801
"3906","D031300924",5051,"CLAUDIO FRANCHI, AV",653,"JOSE MARIA DA SILVA PARANHOS, AV",0,"","06/03/2013 07:45",2,"CO",89,1824," "," ",0,1,0,0,0,0,0,0,0,0,0,1,0,0,0,0,0,653,"JOSE MARIA DA SILVA PARANHOS, AV",5051,"CLAUDIO FRANCHI, AV",96,"VILA SONIA",1,0,"CLAUDIO FRANCHI, AV SAO PAULO SP &  JOSE MARIA DA SILVA PARANHOS, AV SAO PAULO SP",-23.6014973,-46.7373285
"3907","D031301469",14782,"NOVA JERUSALEM, RUA",NA,"",660,"","06/03/2013 07:50",4,"AT",31,1291," "," ",0,0,0,0,0,0,0,0,0,0,0,1,0,0,0,0,0,14782,"NOVA JERUSALEM, RUA",NA,"",20,"CARRAO",1,0,"NOVA JERUSALEM, RUA 660 SAO PAULO SP",-23.5481409,-46.549669
"3908","D031301749",5711,"DANTAS JUNIOR, RUA PROF",NA,"",100,"","06/03/2013 07:50",4,"AT",98,325," "," ",1,0,0,0,0,0,0,0,0,0,0,0,0,0,0,0,0,5711,"DANTAS JUNIOR, RUA PROF",NA,"",29,"FREGUESIA DO O",1,0,"DANTAS JUNIOR, RUA PROF 100 SAO PAULO SP",-23.6914148,-46.6614044
"3909","D031301046",3637,"BRAZ LEME, AV",NA,"",715,"","06/03/2013 07:50",4,"AT",13,2385," "," ",1,0,0,0,0,0,0,0,0,0,0,0,0,0,0,0,0,3637,"BRAZ LEME, AV",NA,"",21,"CASA VERDE",1,0,"BRAZ LEME, AV 715 SAO PAULO SP",-23.508596,-46.6523641
"3910","D031300627",4142,"JOSE DE OLIVEIRA COUTINHO, RUA",NA,"",10,"","06/03/2013 07:55",4,"AT",23,1232," "," ",0,1,0,0,0,0,0,0,0,0,0,0,0,0,0,0,0,4142,"JOSE DE OLIVEIRA COUTINHO, RUA",NA,"",0,"NULL",2,0,"JOSE DE OLIVEIRA COUTINHO, RUA 10 SAO PAULO SP",-23.5248418,-46.6711948
"3912","D031301012",5567,"CRUZEIRO DO SUL, AV",7278,"FORCA PUBLICA, RUA",0,"","06/03/2013 08:20",4,"AT",9,1404," "," ",0,1,0,0,0,0,0,0,0,0,0,0,0,0,0,0,0,5567,"CRUZEIRO DO SUL, AV",7278,"FORCA PUBLICA, RUA",71,"SANTANA",1,0,"CRUZEIRO DO SUL, AV SAO PAULO SP &  FORCA PUBLICA, RUA SAO PAULO SP",-23.5073033,-46.6250321
"3914","D031302068",1704,"ANTONIO FAGGIANO, RUA FREI",NA,"",595,"","06/03/2013 09:00",2,"QD",103,918," "," ",0,0,1,0,0,0,0,0,0,0,0,0,0,0,0,0,0,1704,"ANTONIO FAGGIANO, RUA FREI",NA,"",46,"JOSE BONIFACIO",1,0,"ANTONIO FAGGIANO, RUA FREI 595 SAO PAULO SP",-23.5519324,-46.430588
"3915","D031301549",35211,"GUILHERME GIORGI, AV",1415,"ANGOERA, RUA",0,"","06/03/2013 09:10",4,"AT",58,538," "," ",1,0,0,0,0,0,0,0,0,0,0,0,0,0,0,0,0,1415,"ANGOERA, RUA",35211,"GUILHERME GIORGI, AV",87,"VILA FORMOSA",1,0,"GUILHERME GIORGI, AV SAO PAULO SP &  ANGOERA, RUA SAO PAULO SP",-23.5539082,-46.5450462
"3917","D031300518",2235,"ARMANDO DE ARRUDA PEREIRA, AV ENG",NA,"",4500,"","06/03/2013 09:30",4,"AA",97,2901," "," ",0,1,0,0,0,0,0,0,0,0,0,0,0,0,0,0,0,2235,"ARMANDO DE ARRUDA PEREIRA, AV ENG",NA,"",37,"JABAQUARA",1,0,"ARMANDO DE ARRUDA PEREIRA, AV ENG 4500 SAO PAULO SP",-23.6641142,-46.6380391
"3921","D031301584",17122,"RIO BRANCO, RUA BR DO",NA,"",200,"","06/03/2013 10:03",4,"AT",11,2562," "," ",0,1,0,0,0,0,0,0,0,0,0,0,0,0,0,0,0,17122,"RIO BRANCO, RUA BR DO",NA,"",29,"FREGUESIA DO O",1,0,"RIO BRANCO, RUA BR DO 200 SAO PAULO SP",-23.6535454,-46.7083039
"3922","D031300202",6642,"ESTADO, AV DO",16006,"PEDRO VICENTE, RUA",0,"","06/03/2013 10:19",2,"CH",12,1298," "," ",0,0,1,0,0,0,0,0,0,0,0,0,0,0,0,0,0,6642,"ESTADO, AV DO",16006,"PEDRO VICENTE, RUA",9,"BOM RETIRO",3,0,"ESTADO, AV DO SAO PAULO SP &  PEDRO VICENTE, RUA SAO PAULO SP",-23.5635869,-46.6112253
"3923","D031302357",18703,"TAQUARI, RUA",NA,"",97,"","06/03/2013 10:27",4,"AT",8,378," "," ",0,1,0,0,0,0,0,0,0,0,0,0,0,0,0,0,0,18703,"TAQUARI, RUA",NA,"",10,"BRAS",1,1,"TAQUARI, RUA 97 SAO PAULO SP",-23.554498,-46.5998885
"3924","D031301084",8478,"GUILHERME COTCHING, AV",541,"ALCANTARA, RUA",0,"","06/03/2013 10:30",2,"CT",19,889," "," ",1,1,0,0,0,0,0,0,0,0,0,0,0,0,0,0,0,541,"ALCANTARA, RUA",8478,"GUILHERME COTCHING, AV",91,"VILA MARIA",2,0,"GUILHERME COTCHING, AV SAO PAULO SP &  ALCANTARA, RUA SAO PAULO SP",-23.5186365,-46.5897343
"3925","D031300203",10640,"JOLI, RUA",4313,"CARLOS BOTELHO, RUA DR",0,"","06/03/2013 10:41",2,"CO",12,1307," "," ",1,1,0,0,0,0,0,0,0,0,0,0,0,0,0,0,0,4313,"CARLOS BOTELHO, RUA DR",10640,"JOLI, RUA",10,"BRAS",1,0,"JOLI, RUA SAO PAULO SP &  CARLOS BOTELHO, RUA DR SAO PAULO SP",-23.5379238,-46.6098725
"3926","D031301906",9806,"PIRES DO RIO, AV",NA,"",2635,"","06/03/2013 11:00",2,"CO",32,765," "," ",1,1,0,0,0,0,0,0,0,0,0,0,0,0,0,0,0,9806,"PIRES DO RIO, AV",NA,"",76,"SAO MIGUEL",1,0,"PIRES DO RIO, AV 2635 SAO PAULO SP",-23.5200461,-46.4440951
"3928","D031301085",14270,"MORVAN DIAS DE FIGUEIREDO, AV",NA,"",4987,"","06/03/2013 11:30",2,"CO",19,892," "," ",1,1,0,0,0,0,0,0,0,0,0,0,0,0,0,0,0,29772,"MARGINAL DO RIO TIETE, AV",NA,"",0,"NULL",1,0,"MORVAN DIAS DE FIGUEIREDO, AV 4987 SAO PAULO SP",-23.5277916,-46.5916914
"3930","D031300009",6708,"ESTUDANTES, RUA DOS",NA,"",100,"","06/03/2013 12:00",4,"AT",1,1844," "," ",1,0,0,0,0,0,0,0,0,0,0,0,0,0,0,0,0,6708,"ESTUDANTES, RUA DOS",NA,"",NA,"",1,0,"ESTUDANTES, RUA DOS 100 SAO PAULO SP",-23.5555272,-46.6342779
"3931","D031301366",5785,"DEMINI, RUA",17950,"SEBASTIAO MARIANO, RUA",0,"","06/03/2013 12:30",2,"CO",10,2583," "," ",1,1,0,0,0,0,0,0,0,0,0,0,0,0,0,0,0,5785,"DEMINI, RUA",15043,"ORENCIO VIDIGAL, AV DR",60,"PENHA",1,0,"DEMINI, RUA SAO PAULO SP &  SEBASTIAO MARIANO, RUA SAO PAULO SP",-23.5303588,-46.5338776
"3932","D031301585",998,"SANTO AMARO, AL",17905,"BONNEVILLE, LGO",0,"","06/03/2013 12:30",2,"CO",11,2564," "," ",0,1,0,1,0,0,0,0,0,0,0,0,0,0,0,0,0,998,"SANTO AMARO, AL",17905,"BONNEVILLE, LGO",72,"SANTO AMARO",1,0,"SANTO AMARO, AL SAO PAULO SP &  BONNEVILLE, LGO SAO PAULO SP",-23.6538058,-46.7067734
"3933","D031300616",7691,"GABRIEL MONTEIRO DA SILVA, AL",19655,"VICENTE PENTEADO, RUA DESEM",0,"","06/03/2013 12:40",4,"AT",15,2094," "," ",0,0,0,0,0,0,0,0,0,0,0,1,0,0,0,0,0,7691,"GABRIEL MONTEIRO DA SILVA, AL",19655,"VICENTE PENTEADO, RUA DESEM",63,"PINHEIROS",1,0,"GABRIEL MONTEIRO DA SILVA, AL SAO PAULO SP &  VICENTE PENTEADO, RUA DESEM SAO PAULO SP",-23.574341,-46.6853256
"3935","D031300423",12852,"MARAGLIANO, RUA MAJ",NA,"",194,"","06/03/2013 13:15",2,"CO",36,1039," "," ",1,1,0,0,0,0,0,0,0,0,0,0,0,0,0,0,0,12852,"MARAGLIANO, RUA MAJ",NA,"",92,"VILA MARIANA",1,0,"MARAGLIANO, RUA MAJ 194 SAO PAULO SP",-23.5874263,-46.6387223
"3936","D031300297",7103,"FIACAO DA SAUDE, RUA",NA,"",14,"","06/03/2013 13:30",4,"AT",16,3978," "," ",1,0,0,0,0,0,0,0,0,0,0,0,0,0,0,0,0,7103,"FIACAO DA SAUDE, RUA",NA,"",79,"SAUDE",2,0,"FIACAO DA SAUDE, RUA 14 SAO PAULO SP",-23.6154275,-46.6373347
"3937","D031301165",3771,"INAJAR DE SOUZA, AV",NA,"",1730,"","06/03/2013 13:50",2,"QM",28,2232," "," ",0,1,0,0,0,0,0,0,0,0,0,0,0,0,0,0,0,3771,"INAJAR DE SOUZA, AV",NA,"",50,"LIMAO",1,0,"INAJAR DE SOUZA, AV 1730 SAO PAULO SP",-23.4900507,-46.6846656
"3938","D031300952",3105,"BELMONTE, RUA",NA,"",1066,"","06/03/2013 14:47",2,"CL",91,471," "," ",1,1,0,0,0,0,0,0,0,0,0,0,0,0,0,0,0,3105,"BELMONTE, RUA",NA,"",90,"VILA LEOPOLDINA",1,0,"BELMONTE, RUA 1066 SAO PAULO SP",-23.5283861,-46.719971
"3939","D031301635",34128,"JOAO DE LUCA, AV VER",NA,"",777,"","06/03/2013 14:57",2,"CO",43,906,"C"," ",1,0,1,0,0,0,0,0,0,0,0,0,0,0,0,0,0,34128,"JOAO DE LUCA, AV VER",NA,"",42,"JARDIM ANGELA",2,0,"JOAO DE LUCA, AV VER 777 SAO PAULO SP",-23.6504852,-46.6696905
"3940","D031300523",7887,"GEORGE SCHMIDT, RUA",NA,"",177,"","06/03/2013 15:00",4,"AT",7,1482," "," ",1,0,0,0,0,0,0,0,0,0,0,0,0,0,0,0,0,7887,"GEORGE SCHMIDT, RUA",NA,"",48,"LAPA",1,0,"GEORGE SCHMIDT, RUA 177 SAO PAULO SP",-23.7073062,-46.6893923
"3941","D031301935",713,"ALFREDO MOREIRA PINTO, RUA",NA,"",203,"","06/03/2013 15:00",4,"AT",50,2774," "," ",1,0,0,0,0,0,0,0,0,0,0,0,0,0,0,0,0,713,"ALFREDO MOREIRA PINTO, RUA",NA,"",35,"ITAIM PAULISTA",1,0,"ALFREDO MOREIRA PINTO, RUA 203 SAO PAULO SP",-23.5006233,-46.4003854
"3942","D031301367",954,"AMADOR BUENO DA VEIGA, AV",NA,"",87,"","06/03/2013 15:30",4,"AT",10,2589," "," ",0,0,0,0,0,0,0,1,0,0,0,0,0,0,0,0,0,954,"AMADOR BUENO DA VEIGA, AV",NA,"",60,"PENHA",1,0,"AMADOR BUENO DA VEIGA, AV 87 SAO PAULO SP",-23.5231039,-46.5438754
"3944","D031300257",5245,"CONSOLACAO, RUA DA",NA,"",3555,"","06/03/2013 15:39",4,"AT",78,1800," "," ",0,0,0,0,0,0,0,0,0,0,0,1,0,0,0,0,0,5245,"CONSOLACAO, RUA DA",NA,"",26,"CONSOLACAO",1,0,"CONSOLACAO, RUA DA 3555 SAO PAULO SP",-23.5628514,-46.6702521
"3945","D031301201",21310,"ANTONIO MARIA LAET, AV DR",NA,"",973,"","06/03/2013 15:40",2,"CO",39,1090,"C"," ",1,1,0,0,0,0,0,1,0,0,0,0,0,0,0,0,0,21310,"ANTONIO MARIA LAET, AV DR",NA,"",0,"NULL",1,0,"ANTONIO MARIA LAET, AV DR 973 SAO PAULO SP",-23.4735095,-46.5985035
"3946","D031301047",20066,"ZILDA, RUA",NA,"",829,"","06/03/2013 15:40",2,"CO",13,2392," "," ",0,1,0,0,0,0,0,0,0,0,0,1,0,0,0,0,0,20066,"ZILDA, RUA",NA,"",44,"JARDIM PAULISTA",2,0,"ZILDA, RUA 829 SAO PAULO SP",-23.4925697,-46.662231
"3947","D031302320",34275,"SOLAR DOS PINHEIROS, RUA",NA,"",10,"","06/03/2013 16:00",2,"QM",70,900001," "," ",0,1,0,0,0,0,0,0,0,0,0,0,0,0,0,0,0,34275,"SOLAR DOS PINHEIROS, RUA",NA,"",56,"PARELHEIROS",2,0,"SOLAR DOS PINHEIROS, RUA 10 SAO PAULO SP",-23.6030444,-46.5282192
"3948","D031301936",23179,"BERNARDINO BORLASCA, RUA",NA,"",90,"","06/03/2013 16:00",4,"AT",50,2789," "," ",1,0,0,0,0,0,0,0,0,0,0,0,0,0,0,0,0,23179,"BERNARDINO BORLASCA, RUA",NA,"",54,"MOOCA",1,0,"BERNARDINO BORLASCA, RUA 90 SAO PAULO SP",-23.4961008,-46.3725577
"3949","D031300176",543,"ALCANTARA MACHADO, AV",NA,"",1495,"","06/03/2013 16:00",2,"CO",8,1677," "," ",0,1,0,0,0,0,0,0,0,0,0,0,0,0,0,1,0,543,"ALCANTARA MACHADO, AV",NA,"",10,"BRAS",1,0,"ALCANTARA MACHADO, AV 1495 SAO PAULO SP",-23.5466249,-46.5996099
"3950","D031301561",6371,"ELISABETH DE ROBIANO, AV CDSSA",NA,"",300,"","06/03/2013 16:20",2,"CT",81,662," "," ",0,1,0,1,0,0,0,0,0,0,0,0,0,0,0,0,0,29772,"MARGINAL DO RIO TIETE, AV",NA,"",82,"TATUAPE",1,0,"ELISABETH DE ROBIANO, AV CDSSA 300 SAO PAULO SP",-23.5076424,-46.5495997
"3951","D031301762",153,"EDUARDO CINELLI, RUA",NA,"",58,"","06/03/2013 16:25",2,"QD",98,3011," "," ",0,0,0,0,0,0,0,0,1,0,0,0,0,0,0,0,0,153,"EDUARDO CINELLI, RUA",NA,"",59,"PEDREIRA",1,0,"EDUARDO CINELLI, RUA 58 SAO PAULO SP",-23.5168833,-46.495431
"3952","D031301163",12648,"MANUEL D'ELBOUX, RUA DOM",NA,"",76,"","06/03/2013 16:50",2,"CL",28,2081," "," ",1,1,0,0,0,0,0,0,0,0,0,0,0,0,0,0,0,12648,"MANUEL D'ELBOUX, RUA DOM",NA,"",64,"PIRITUBA",1,0,"MANUEL D'ELBOUX, RUA DOM 76 SAO PAULO SP",-23.4875853,-46.7131337
"3953","D031301441",34122,"MELO FREIRE, RUA",19206,"TUIUTI, RUA",0,"","06/03/2013 17:20",2,"CO",30,1310," "," ",1,1,0,0,0,0,0,0,0,0,0,0,0,0,0,0,0,19206,"TUIUTI, RUA",34122,"MELO FREIRE, RUA",82,"TATUAPE",1,0,"MELO FREIRE, RUA SAO PAULO SP &  TUIUTI, RUA SAO PAULO SP",-23.5391715,-46.5695321
"3954","D031301174",16170,"PERI RONCHETTI, AV",NA,"",648,"","06/03/2013 17:30",2,"CO",38,1190," "," ",0,0,0,0,1,0,0,0,0,0,0,1,0,0,0,0,0,16170,"PERI RONCHETTI, AV",NA,"",8,"BELEM",1,0,"PERI RONCHETTI, AV 648 SAO PAULO SP",-23.462784,-46.6521832
"3955","D031301119",19884,"VOLUNTARIOS DA PATRIA, RUA",22266,"LUIS LUSTOSA DA SILVA, RUA DR",0,"","06/03/2013 17:40",2,"CO",20,2032," "," ",1,1,0,0,0,0,0,0,0,0,0,0,0,0,0,0,0,19884,"VOLUNTARIOS DA PATRIA, RUA",22266,"LUIS LUSTOSA DA SILVA, RUA DR",71,"SANTANA",1,0,"VOLUNTARIOS DA PATRIA, RUA SAO PAULO SP &  LUIS LUSTOSA DA SILVA, RUA DR SAO PAULO SP",-23.5033096,-46.6263934
"3956","D031301223",17339,"ROLAND GARROS, AV",NA,"",1065,"","06/03/2013 17:50",2,"CO",39,2384," "," ",0,0,0,0,1,0,0,1,0,0,0,0,0,0,0,0,0,17339,"ROLAND GARROS, AV",NA,"",22,"CIDADE ADEMAR",1,0,"ROLAND GARROS, AV 1065 SAO PAULO SP",-23.4788346,-46.5777333
"3957","D031302285",23546,"JOSE AMERICO DE ALMEIDA, AV MIN",NA,"",35,"","06/03/2013 17:50",2,"CO",69,2297," "," ",1,1,0,0,0,0,0,0,0,0,0,0,0,0,0,0,0,23546,"JOSE AMERICO DE ALMEIDA, AV MIN",NA,"",26,"CONSOLACAO",1,0,"JOSE AMERICO DE ALMEIDA, AV MIN 35 SAO PAULO SP",-23.6064175,-46.4882127
"3959","D031300011",17545,"SE, PCA DA",NA,"",100,"","06/03/2013 18:00",2,"CO",1,1865," "," ",1,1,0,0,0,0,0,0,0,0,0,0,0,0,0,0,0,17545,"SE, PCA DA",NA,"",1,"AGUA RASA",1,0,"SE, PCA DA 100 SAO PAULO SP",-23.5492204,-46.6336852
"3961","D031302029",36172,"FRANCISCO DE TOLEDO, AV PDE",NA,"",390,"","06/03/2013 18:00",2,"CT",65,771," "," ",1,1,0,0,0,0,0,0,0,0,0,0,0,0,0,0,0,36172,"FRANCISCO DE TOLEDO, AV PDE",NA,"",38,"JACANA",1,0,"FRANCISCO DE TOLEDO, AV PDE 390 SAO PAULO SP",-23.6700441,-46.5847066
"3963","D031300332",19723,"VILARES, RUA DOM",14710,"MERCES, RUA NSRA DAS",0,"","06/03/2013 18:20",2,"CO",26,1978," "," ",0,1,1,0,0,0,0,0,0,0,0,0,0,0,0,0,0,14710,"MERCES, RUA NSRA DAS",19723,"VILARES, RUA DOM",69,"SACOMA",1,0,"VILARES, RUA DOM SAO PAULO SP &  MERCES, RUA NSRA DAS SAO PAULO SP",-23.6245732,-46.6060421
"3964","D031300142",6642,"ESTADO, AV DO",18847,"TERESA CRISTINA, AV",0,"","06/03/2013 18:20",4,"AT",6,1176," "," ",0,1,0,0,0,0,0,0,0,0,0,0,0,0,0,0,0,6642,"ESTADO, AV DO",18847,"TERESA CRISTINA, AV",33,"IPIRANGA",2,0,"ESTADO, AV DO SAO PAULO SP &  TERESA CRISTINA, AV SAO PAULO SP",-23.5635869,-46.6112253
"3966","D031302364",20059,"ZELINA, AV",NA,"",395,"","06/03/2013 18:30",2,"CF",56,1427,"C"," ",0,1,0,1,0,0,0,0,0,0,0,0,0,0,0,0,0,20059,"ZELINA, AV",NA,"",26,"CONSOLACAO",0,1,"ZELINA, AV 395 SAO PAULO SP",-23.5893059,-46.5799965
"3970","D031300685",17530,"RUMI DE RANIERI, RUA",NA,"",150,"","06/03/2013 19:10",2,"CO",33,2147," "," ",1,1,0,0,0,0,0,0,0,0,0,0,0,0,0,0,0,17530,"RUMI DE RANIERI, RUA",NA,"",43,"JARDIM HELENA",1,0,"RUMI DE RANIERI, RUA 150 SAO PAULO SP",-23.4995502,-46.7356338
"3971","D031300471",6517,"EPIACABA, RUA",NA,"",892,"","06/03/2013 19:19",4,"AT",95,1078," "," ",0,0,0,1,0,0,0,0,0,0,0,0,0,0,0,0,0,6517,"EPIACABA, RUA",NA,"",69,"SACOMA",1,0,"EPIACABA, RUA 892 SAO PAULO SP",-23.6330754,-46.5867384
"3974","D031300715",7500,"FRANCISCO MORATO, AV PROF",NA,"",2300,"","06/03/2013 19:30",2,"CO",34,1445," "," ",1,1,0,0,0,0,0,0,0,0,0,0,0,0,0,0,0,7500,"FRANCISCO MORATO, AV PROF",NA,"",12,"BUTANTA",1,0,"FRANCISCO MORATO, AV PROF 2300 SAO PAULO SP",-23.5851349,-46.7205665
"3975","D031300680",21629,"ELISIO CORDEIRO DE SIQUEIRA, AV",NA,"",738,"","06/03/2013 19:50",4,"AT",33,2066," "," ",1,0,0,0,0,0,0,0,0,0,0,0,0,0,0,0,0,21629,"ELISIO CORDEIRO DE SIQUEIRA, AV",NA,"",31,"GUAIANASES",1,0,"ELISIO CORDEIRO DE SIQUEIRA, AV 738 SAO PAULO SP",-23.500333,-46.7471659
"3977","D031300113",19583,"VERGUEIRO, RUA",NA,"",266,"","06/03/2013 20:03",4,"AT",5,1284," "," ",0,1,0,0,0,0,0,0,0,0,0,0,0,0,0,0,0,19583,"VERGUEIRO, RUA",NA,"",33,"IPIRANGA",1,0,"VERGUEIRO, RUA 266 SAO PAULO SP",-23.564527,-46.639603
"3978","D031302010",4490,"CAROLINA FONSECA, RUA",NA,"",10,"","06/03/2013 20:05",4,"AT",64,2411," "," ",0,0,1,0,0,0,0,0,0,0,0,0,0,0,0,0,0,4490,"CAROLINA FONSECA, RUA",NA,"",36,"ITAQUERA",1,0,"CAROLINA FONSECA, RUA 10 SAO PAULO SP",-23.5332339,-46.4539477
"3980","D031302140",46191,"SINHA MOCA, TR",NA,"",655,"","06/03/2013 20:34",4,"AT",49,3177," "," ",0,1,0,0,0,0,0,0,0,0,0,0,0,0,0,0,0,46191,"SINHA MOCA, TR",NA,"",32,"IGUATEMI",2,0,"SINHA MOCA, TR 655 SAO PAULO SP",-23.6087813,-46.4493132