"","id_acidente","codloga","logradouroA","codlogb","logradouroB","alt_num","referencia","data","cod_acid","tipo_acidente","dp","numero_BO","sentido","pista","automovel","moto","onibus","caminhao","bicicleta","moto_taxi","onibus_fretado","onibus_urbano","microonibus","van","vuc","caminhonete","carreta","jipe","outros","sem_informacao","carroca","princ_a","paiA","princ_b","paiB","cod_distrito","distrito","vit_ferida","vit_morta","local","lat","lon"
"3981","D031300048",9489,"ITALIANOS, RUA DOS",2864,"BARRA DO TIBAJI, RUA",0,"","06/03/2013 20:39",2,"CO",2,1322," "," ",0,1,0,0,0,0,0,0,0,0,0,1,0,0,0,0,0,2864,"BARRA DO TIBAJI, RUA",9489,"ITALIANOS, RUA DOS",9,"BOM RETIRO",1,0,"ITALIANOS, RUA DOS SAO PAULO SP &  BARRA DO TIBAJI, RUA SAO PAULO SP",-23.5238023,-46.644144
"3982","D031301913",4974,"COROA DE FRADE, AV",NA,"",100,"","06/03/2013 21:00",4,"AT",32,1686,"C"," ",1,0,0,0,0,0,0,0,0,0,0,0,0,0,0,0,0,4974,"COROA DE FRADE, AV",NA,"",47,"LAJEADO",1,0,"COROA DE FRADE, AV 100 SAO PAULO SP",-23.5244267,-46.4314481
"3983","D031302201",99997,"TEXTEIS, RUA DOS",NA,"",1650,"","06/03/2013 21:20",2,"CF",54,1339," "," ",1,1,0,0,0,0,0,0,0,0,0,0,0,0,0,0,0,99997,"TEXTEIS, RUA DOS",NA,"",25,"CIDADE TIRADENT",1,0,"TEXTEIS, RUA DOS 1650 SAO PAULO SP",-23.5951537,-46.4009849
"3984","D031301907",18803,"TEODORO, RUA S",9587,"SERRA DE SAO DOMINGOS, RUA",0,"","06/03/2013 21:30",2,"CO",32,935," "," ",1,1,0,0,0,0,0,0,0,0,0,0,0,0,0,0,0,9587,"SERRA DE SAO DOMINGOS, RUA",18803,"TEODORO, RUA S",NA,"",1,0,"TEODORO, RUA S SAO PAULO SP &  SERRA DE SAO DOMINGOS, RUA SAO PAULO SP",-23.5554372,-46.4526667
"3985","D031300473",18173,"SILVA CASTRO, RUA CEL",NA,"",96,"","06/03/2013 22:00",4,"AT",95,1132," "," ",0,0,0,0,0,0,0,0,0,0,0,0,0,0,0,1,0,18173,"SILVA CASTRO, RUA CEL",NA,"",18,"CANGAIBA",1,0,"SILVA CASTRO, RUA CEL 96 SAO PAULO SP",-23.6041767,-46.5970409
"3986","D031300555",6819,"EUSEBIO MATOSO, AV",NA,"",252,"","06/03/2013 22:30",2,"QM",14,2110," "," ",0,1,0,0,0,0,0,0,0,0,0,0,0,0,0,0,0,6819,"EUSEBIO MATOSO, AV",NA,"",63,"PINHEIROS",1,0,"EUSEBIO MATOSO, AV 252 SAO PAULO SP",-23.5710326,-46.6932167
"3987","D031301120",20089,"ZUQUIM, RUA DR",NA,"",1925,"","06/03/2013 22:40",4,"AT",20,2037," "," ",0,0,0,1,0,0,0,0,0,0,0,0,0,0,0,0,0,20089,"ZUQUIM, RUA DR",NA,"",8,"BELEM",1,0,"ZUQUIM, RUA DR 1925 SAO PAULO SP",-23.4891042,-46.6241652
"3989","D031301301",9066,"IMBIRAS, RUA",NA,"",305,"","06/03/2013 23:00",2,"CL",73,2391," "," ",1,1,0,0,0,0,0,0,0,0,0,0,0,0,0,0,0,9066,"IMBIRAS, RUA",NA,"",83,"TREMEMBE",1,0,"IMBIRAS, RUA 305 SAO PAULO SP",-23.4635031,-46.5955719
"3990","D031302112",15569,"PASSAGEM FUNDA, RUA DA",NA,"",100,"","06/03/2013 23:20",2,"CF",44,1489," "," ",1,0,1,0,0,0,0,0,0,0,0,0,0,0,0,0,0,15569,"PASSAGEM FUNDA, RUA DA",NA,"",50,"LIMAO",1,0,"PASSAGEM FUNDA, RUA DA 100 SAO PAULO SP",-23.5539093,-46.4134543
"3991","D031300675",1427,"ANHANGUERA, RUA",NA,"",22,"","06/03/2013 23:30",2,"CT",33,1568," "," ",1,0,0,0,0,0,0,0,0,0,0,0,0,0,0,1,0,1427,"ANHANGUERA, RUA",NA,"",70,"SANTA CECILIA",1,0,"ANHANGUERA, RUA 22 SAO PAULO SP",-23.527651,-46.6527087
"3992","D031301166",3771,"INAJAR DE SOUZA, AV",NA,"",550,"","07/03/2013 00:15",4,"AT",28,2408," "," ",1,0,0,0,0,0,0,0,0,0,0,0,0,0,0,0,0,3771,"INAJAR DE SOUZA, AV",NA,"",50,"LIMAO",1,0,"INAJAR DE SOUZA, AV 550 SAO PAULO SP",-23.5005899,-46.6863308
"3993","D031302211",99999,"METALURGICOS, AV DOS",99997,"TEXTEIS, RUA DOS",0,"","07/03/2013 02:22",2,"CO",54,3183," "," ",1,1,0,0,0,0,0,0,0,0,0,0,0,0,0,0,0,99997,"TEXTEIS, RUA DOS",99999,"METALURGICOS, AV DOS",25,"CIDADE TIRADENT",1,0,"METALURGICOS, AV DOS SAO PAULO SP &  TEXTEIS, RUA DOS SAO PAULO SP",-23.5999975,-46.4005799
"3994","D031300601",10074,"JESUINO ARRUDA, RUA",10189,"JOAO CACHOEIRA, RUA",0,"","07/03/2013 05:50",2,"CO",15,1134," "," ",1,1,0,0,0,0,0,0,0,0,0,0,0,0,0,0,0,10074,"JESUINO ARRUDA, RUA",10189,"JOAO CACHOEIRA, RUA",34,"ITAIM BIBI",1,0,"JESUINO ARRUDA, RUA SAO PAULO SP &  JOAO CACHOEIRA, RUA SAO PAULO SP",-23.5817914,-46.6733924
"3995","D031300333",5806,"DESCAMPADO, RUA",18704,"TAQUARICHIM, RUA",0,"","07/03/2013 06:15",2,"CO",26,1996," "," ",0,0,0,0,1,0,0,1,0,0,0,0,0,0,0,0,0,5806,"DESCAMPADO, RUA",18704,"TAQUARICHIM, RUA",69,"SACOMA",1,0,"DESCAMPADO, RUA SAO PAULO SP &  TAQUARICHIM, RUA SAO PAULO SP",-23.6221852,-46.6042972
"3996","D031301038",9078,"IMIRIM, AV",6515,"EPAMINONDAS MELO DO AMARAL, RUA",0,"","07/03/2013 06:20",2,"CO",13,1335," "," ",0,1,0,0,0,0,0,0,0,0,0,0,0,0,0,1,0,6515,"EPAMINONDAS MELO DO AMARAL, RUA",9078,"IMIRIM, AV",21,"CASA VERDE",1,0,"IMIRIM, AV SAO PAULO SP &  EPAMINONDAS MELO DO AMARAL, RUA SAO PAULO SP",-23.4763933,-46.6630839
"3997","D031301261",16051,"PENHA BRASIL, AV GAL",NA,"",1406,"","07/03/2013 06:20",2,"CO",72,2023," "," ",0,1,0,0,1,0,0,0,0,0,0,0,0,0,0,0,0,16051,"PENHA BRASIL, AV GAL",NA,"",48,"LAPA",1,0,"PENHA BRASIL, AV GAL 1406 SAO PAULO SP",-23.4609744,-46.6709281
"3998","D031300350",19931,"WASHINGTON LUIS, AV",NA,"",100,"","07/03/2013 06:20",2,"CO",27,2360," "," ",1,1,0,0,0,0,0,0,0,0,0,0,0,0,0,0,0,19931,"WASHINGTON LUIS, AV",NA,"",30,"GRAJAU",1,0,"WASHINGTON LUIS, AV 100 SAO PAULO SP",-23.6604858,-46.7034929
"3999","D031301202",8538,"GUSTAVO ADOLFO, AV",56,"ABILIO SAMPAIO, AV DR",0,"","07/03/2013 07:00",2,"CO",39,1097," "," ",1,1,0,0,0,0,0,0,0,0,0,0,0,0,0,0,0,56,"ABILIO SAMPAIO, AV DR",8538,"GUSTAVO ADOLFO, AV",94,"VILA MEDEIROS",1,0,"GUSTAVO ADOLFO, AV SAO PAULO SP &  ABILIO SAMPAIO, AV DR SAO PAULO SP",-23.4894901,-46.5783227
"4000","D031301890",13881,"MIGUEL, AV S",43777,"CARVALHO PINTO, AV GOV",0,"","07/03/2013 07:00",2,"CO",24,2685," "," ",1,0,0,0,1,0,0,0,0,0,0,0,0,0,0,0,0,13881,"MIGUEL, AV S",43777,"CARVALHO PINTO, AV GOV",60,"PENHA",1,0,"MIGUEL, AV S SAO PAULO SP &  CARVALHO PINTO, AV GOV SAO PAULO SP",-23.513252,-46.517118
"4001","D031301153",3771,"INAJAR DE SOUZA, AV",NA,"",1857,"","07/03/2013 07:20",2,"CO",28,1232," "," ",1,0,0,0,0,0,0,1,0,0,0,0,0,0,0,0,0,3771,"INAJAR DE SOUZA, AV",NA,"",50,"LIMAO",1,0,"INAJAR DE SOUZA, AV 1857 SAO PAULO SP",-23.4896554,-46.6846811
"4002","D031302303",24338,"LUIZ IGNACIO ANHAIA MELLO, AV PROF",NA,"",7000,"","07/03/2013 07:27",2,"CO",70,1366," "," ",0,2,0,0,0,0,0,0,0,0,0,0,0,0,0,0,0,24338,"LUIZ IGNACIO ANHAIA MELLO, AV PROF",NA,"",26,"CONSOLACAO",2,0,"LUIZ IGNACIO ANHAIA MELLO, AV PROF 7000 SAO PAULO SP",-23.5982998,-46.5339079
"4003","D031300914",15626,"PAULA FERREIRA, AV",NA,"",2064,"","07/03/2013 07:30",2,"SI",87,900106," "," ",1,1,0,0,0,0,0,0,0,0,0,0,0,0,0,0,0,15626,"PAULA FERREIRA, AV",NA,"",64,"PIRITUBA",1,0,"PAULA FERREIRA, AV 2064 SAO PAULO SP",-23.4937896,-46.7147392
"4004","D031301122",13133,"MARIA AMALIA LOPES AZEVEDO, RUA",NA,"",1700,"","07/03/2013 07:40",2,"CL",20,2056," "," ",1,1,0,0,0,0,0,0,0,0,0,0,0,0,0,0,0,13133,"MARIA AMALIA LOPES AZEVEDO, RUA",NA,"",83,"TREMEMBE",1,0,"MARIA AMALIA LOPES AZEVEDO, RUA 1700 SAO PAULO SP",-23.4563396,-46.5933065
"4005","D031301716",12134,"ANTONIO RAMOS ROSA, RUA",33663,"LUIS ANTONIO VERNEY, RUA",0,"","07/03/2013 07:45",2,"CL",92,1488," "," ",1,1,0,0,0,0,0,0,0,0,0,0,0,0,0,0,0,12134,"ANTONIO RAMOS ROSA, RUA",33663,"LUIS ANTONIO VERNEY, RUA",45,"JARDIM SAO LUIS",1,0,"ANTONIO RAMOS ROSA, RUA SAO PAULO SP &  LUIS ANTONIO VERNEY, RUA SAO PAULO SP",-23.6603945,-46.7468564
"4006","D031301653",4975,"HENRIQUE SAM MINDLIN, RUA",NA,"",169,"","07/03/2013 07:50",4,"AT",47,2963," "," ",0,1,0,0,0,0,0,0,0,0,0,0,0,0,0,0,0,4975,"HENRIQUE SAM MINDLIN, RUA",NA,"",19,"CAPAO REDONDO",1,0,"HENRIQUE SAM MINDLIN, RUA 169 SAO PAULO SP",-23.6785174,-46.7807689
"4008","D031301887",43777,"CARVALHO PINTO, AV GOV",13881,"MIGUEL, AV S",0,"","07/03/2013 08:00",2,"CO",24,2618," "," ",1,0,0,0,1,0,0,0,0,0,0,0,0,0,0,0,0,13881,"MIGUEL, AV S",43777,"CARVALHO PINTO, AV GOV",60,"PENHA",1,0,"CARVALHO PINTO, AV GOV SAO PAULO SP &  MIGUEL, AV S SAO PAULO SP",-23.5149544,-46.5203738
"4009","D031300716",5996,"DOMINGOS BARBIERI, RUA",7531,"FRANCISCO PERROTI, RUA",0,"","07/03/2013 08:12",2,"QM",34,1456," "," ",0,1,0,0,0,0,0,0,0,0,0,0,0,0,0,0,0,5996,"DOMINGOS BARBIERI, RUA",7531,"FRANCISCO PERROTI, RUA",12,"BUTANTA",1,0,"DOMINGOS BARBIERI, RUA SAO PAULO SP &  FRANCISCO PERROTI, RUA SAO PAULO SP",-23.5779864,-46.7205189
"4010","D031300352",11510,"LACEDEMONIA, RUA",6089,"DORIA, AV",0,"","07/03/2013 08:15",2,"CO",27,2406," "," ",1,0,0,0,0,0,0,0,0,0,0,1,0,0,0,0,0,6089,"DORIA, AV",11510,"LACEDEMONIA, RUA",15,"CAMPO BELO",1,0,"LACEDEMONIA, RUA SAO PAULO SP &  DORIA, AV SAO PAULO SP",-23.63803,-46.6691637
"4011","D031301121",13133,"MARIA AMALIA LOPES AZEVEDO, RUA",NA,"",1182,"","07/03/2013 08:30",2,"CL",20,2053," "," ",1,1,0,0,0,0,0,0,0,0,0,0,0,0,0,0,0,13133,"MARIA AMALIA LOPES AZEVEDO, RUA",NA,"",83,"TREMEMBE",1,0,"MARIA AMALIA LOPES AZEVEDO, RUA 1182 SAO PAULO SP",-23.4583454,-46.6142881
"4012","D031301672",22027,"DONATO CARUSO FILHO, RUA",NA,"",10,"","07/03/2013 09:00",4,"AT",48,886," "," ",0,0,0,0,0,0,0,0,0,0,0,0,0,0,0,1,0,22027,"DONATO CARUSO FILHO, RUA",NA,"",32,"IGUATEMI",1,0,"DONATO CARUSO FILHO, RUA 10 SAO PAULO SP",-23.7085267,-46.6915761
"4013","D031301586",6238,"NACOES UNIDAS, AV DAS",NA,"",20003,"","07/03/2013 09:30",2,"CT",11,2614," "," ",0,1,0,0,0,0,0,0,0,0,0,1,0,0,0,0,0,13014,"MARGINAL DO RIO PINHEIROS, AV",NA,"",90,"VILA LEOPOLDINA",1,0,"NACOES UNIDAS, AV DAS 20003 SAO PAULO SP",-23.6791493,-46.696063
"4014","D031301442",9572,"ITAPURA, RUA",NA,"",663,"","07/03/2013 09:40",2,"CO",30,1312," "," ",1,1,0,0,0,0,0,0,0,0,0,0,0,0,0,0,0,9572,"ITAPURA, RUA",NA,"",82,"TATUAPE",1,0,"ITAPURA, RUA 663 SAO PAULO SP",-23.5440341,-46.5666431
"4015","D031301539",7033,"FERNANDO FALCAO, RUA",NA,"",764,"","07/03/2013 10:00",2,"CO",57,946," "," ",2,0,0,0,0,0,0,0,0,0,0,0,0,0,0,0,0,7033,"FERNANDO FALCAO, RUA",NA,"",54,"MOOCA",1,0,"FERNANDO FALCAO, RUA 764 SAO PAULO SP",-23.5602147,-46.5871205
"4016","D031302030",12156,"LUIZ AYRES, RUA DR",NA,"",1936,"","07/03/2013 10:30",2,"CO",65,783,"B"," ",1,1,0,0,0,0,0,0,0,0,0,0,0,0,0,0,0,12156,"LUIZ AYRES, RUA DR",NA,"",5,"ARTUR ALVIM",1,0,"LUIZ AYRES, RUA DR 1936 SAO PAULO SP",-23.5394522,-46.4859245
"4017","D031302141",9044,"RAGUEB CHOHFI, AV",NA,"",500,"","07/03/2013 10:31",2,"CO",49,3205," "," ",1,1,0,1,0,0,0,0,0,0,0,0,0,0,0,0,0,9044,"RAGUEB CHOHFI, AV",NA,"",32,"IGUATEMI",1,0,"RAGUEB CHOHFI, AV 500 SAO PAULO SP",-23.6083056,-46.4724554
"4018","D031301999",3994,"CAMPANELLA, AV",4126,"CANGAMBA, RUA",0,"","07/03/2013 10:33",2,"CO",64,1948," "," ",1,1,0,0,0,0,0,0,0,0,0,0,0,0,0,0,0,3994,"CAMPANELLA, AV",4126,"CANGAMBA, RUA",36,"ITAQUERA",2,0,"CAMPANELLA, AV SAO PAULO SP &  CANGAMBA, RUA SAO PAULO SP",-23.5352605,-46.4642064
"4019","D031300490",4249,"CARDOSO DE MELO, AV DR",NA,"",1747,"","07/03/2013 11:15",4,"AT",96,826," "," ",0,0,0,0,0,0,0,0,0,0,0,0,0,0,0,1,0,4249,"CARDOSO DE MELO, AV DR",NA,"",34,"ITAIM BIBI",1,0,"CARDOSO DE MELO, AV DR 1747 SAO PAULO SP",-23.5961418,-46.689904
"4020","D031300512",7960,"GETULIO VARGAS FILHO, RUA",NA,"",359,"","07/03/2013 11:25",2,"CO",97,889," "," ",1,1,0,0,0,0,0,0,0,0,0,0,0,0,0,0,0,7960,"GETULIO VARGAS FILHO, RUA",NA,"",37,"JABAQUARA",1,0,"GETULIO VARGAS FILHO, RUA 359 SAO PAULO SP",-23.6453915,-46.6357067
"4021","D031300681",33234,"MARGINAL DIREITA DO TIETE, AV",NA,"",1200,"","07/03/2013 11:30",2,"CO",33,2087,"B"," ",1,0,0,1,0,0,0,0,0,0,0,0,0,0,0,0,0,29772,"MARGINAL DO RIO TIETE, AV",NA,"",39,"JAGUARA",1,0,"MARGINAL DIREITA DO TIETE, AV 1200 SAO PAULO SP",-23.5168723,-46.7412642
"4022","D031300177",543,"ALCANTARA MACHADO, AV",NA,"",3512,"","07/03/2013 11:38",4,"AT",8,1690," "," ",0,0,1,0,0,0,0,0,0,0,0,0,0,0,0,0,0,543,"ALCANTARA MACHADO, AV",NA,"",10,"BRAS",1,0,"ALCANTARA MACHADO, AV 3512 SAO PAULO SP",-23.5444155,-46.5920143
"4024","D031300279",3523,"BOSQUE DA SAUDE, AV",NA,"",1250,"","07/03/2013 12:20",2,"CO",16,3078," "," ",2,0,0,0,0,0,0,0,0,0,0,0,0,0,0,0,0,3523,"BOSQUE DA SAUDE, AV",NA,"",27,"CURSINO",2,0,"BOSQUE DA SAUDE, AV 1250 SAO PAULO SP",-23.6132997,-46.626462
"4025","D031301203",9978,"JARDIM JAPAO, AV",4855,"CHAN-NAN, RUA",0,"","07/03/2013 12:22",2,"CO",39,1104,"B"," ",0,1,0,0,0,0,0,0,0,0,0,1,0,0,0,0,0,4855,"CHAN-NAN, RUA",9978,"JARDIM JAPAO, AV",94,"VILA MEDEIROS",1,0,"JARDIM JAPAO, AV SAO PAULO SP &  CHAN-NAN, RUA SAO PAULO SP",-23.4831307,-46.5800117
"4027","D031300815",46890,"ALEXIOS JAFET (ESTR.CAMPINAS), AV",NA,"",1482,"","07/03/2013 12:55",4,"AT",46,1176," "," ",1,0,0,0,0,0,0,0,0,0,0,0,0,0,0,0,0,46890,"ALEXIOS JAFET (ESTR.CAMPINAS), AV",NA,"",41,"JARAGUA",1,0,"ALEXIOS JAFET (ESTR.CAMPINAS), AV 1482 SAO PAULO SP",-23.5725526,-46.6597339
"4029","D031301444",15918,"PEDRO DOMINGUES, RUA",NA,"",320,"","07/03/2013 13:20",2,"CO",30,1330," "," ",1,1,0,0,0,0,0,0,0,0,0,0,0,0,0,0,0,15918,"PEDRO DOMINGUES, RUA",NA,"",27,"CURSINO",1,0,"PEDRO DOMINGUES, RUA 320 SAO PAULO SP",-23.5759121,-46.5895866
"4031","D031301541",72835,"JOAO INACIO TEIXEIRA, RUA DR",7033,"FERNANDO FALCAO, RUA",0,"","07/03/2013 13:35",2,"CT",57,953," "," ",2,0,0,0,0,0,0,0,0,0,0,0,0,0,0,0,0,4543,"CASSANDOCA, AV",7033,"FERNANDO FALCAO, RUA",54,"MOOCA",1,0,"JOAO INACIO TEIXEIRA, RUA DR SAO PAULO SP &  FERNANDO FALCAO, RUA SAO PAULO SP",-23.5579323,-46.5851156
"4032","D031302249",33960,"ALBERT DE ROCHAS D'AIGLUM, RUA CEL",NA,"",239,"","07/03/2013 13:40",4,"AT",66,1130," "," ",1,0,0,0,0,0,0,0,0,0,0,0,0,0,0,0,0,33960,"ALBERT DE ROCHAS D'AIGLUM, RUA CEL",NA,"",38,"JACANA",1,0,"ALBERT DE ROCHAS D'AIGLUM, RUA CEL 239 SAO PAULO SP",-23.5693337,-46.4800674
"4033","D031302013",98912,"JOSE PINHEIRO BORGES, AV",18109,"ITAGIMIRIM, RUA",0,"","07/03/2013 13:50",2,"CO",64,2452," "," ",1,1,0,0,0,0,0,0,0,0,0,0,0,0,0,0,0,18109,"ITAGIMIRIM, RUA",98912,"JOSE PINHEIRO BORGES, AV",36,"ITAQUERA",1,0,"JOSE PINHEIRO BORGES, AV SAO PAULO SP &  ITAGIMIRIM, RUA SAO PAULO SP",-23.5379455,-46.4560852
"4034","D031301587",11350,"ALEXANDRE DUMAS, RUA",NA,"",1410,"","07/03/2013 14:00",4,"AT",11,2618," "," ",0,1,0,0,0,0,0,0,0,0,0,0,0,0,0,0,0,11350,"ALEXANDRE DUMAS, RUA",NA,"",72,"SANTO AMARO",1,0,"ALEXANDRE DUMAS, RUA 1410 SAO PAULO SP",-23.6338843,-46.7010322
"4036","D031301540",18127,"SETE PONTES, RUA",1111,"AMERICO VESPUCCI, RUA",0,"","07/03/2013 14:16",2,"CO",57,952," "," ",1,1,0,0,0,0,0,0,0,0,0,0,0,0,0,0,0,1111,"AMERICO VESPUCCI, RUA",18127,"SETE PONTES, RUA",NA,"",1,0,"SETE PONTES, RUA SAO PAULO SP &  AMERICO VESPUCCI, RUA SAO PAULO SP",-23.5758523,-46.583431
"4037","D031300223",11525,"LADARIO, RUA BR DE",NA,"",657,"","07/03/2013 14:55",4,"AT",12,1693," "," ",1,0,0,0,0,0,0,0,0,0,0,0,0,0,0,0,0,11525,"LADARIO, RUA BR DE",NA,"",10,"BRAS",1,0,"LADARIO, RUA BR DE 657 SAO PAULO SP",-23.5362993,-46.6190871
"4038","D031301013",14270,"MORVAN DIAS DE FIGUEIREDO, AV",NA,"",2801,"","07/03/2013 15:00",2,"CO",9,1450," "," ",1,1,0,0,0,0,0,0,0,0,0,0,0,0,0,0,0,29772,"MARGINAL DO RIO TIETE, AV",NA,"",0,"NULL",1,0,"MORVAN DIAS DE FIGUEIREDO, AV 2801 SAO PAULO SP",-23.5220739,-46.6031496
"4040","D031300629",16514,"PORTO CARREIRO, RUA BRA DE",5565,"CRUZEIRO, RUA",0,"","07/03/2013 15:13",2,"CO",23,1275," "," ",2,0,0,0,0,0,0,0,0,0,0,0,0,0,0,0,0,5565,"CRUZEIRO, RUA",16514,"PORTO CARREIRO, RUA BRA DE",70,"SANTA CECILIA",2,0,"PORTO CARREIRO, RUA BRA DE SAO PAULO SP &  CRUZEIRO, RUA SAO PAULO SP",-23.5196703,-46.6547219
"4041","D031301123",18151,"SEZEFREDO FAGUNDES, AV CEL",NA,"",1927,"","07/03/2013 15:16",2,"CO",20,2067," "," ",1,1,0,0,0,0,0,0,0,0,0,0,0,0,0,0,0,18151,"SEZEFREDO FAGUNDES, AV CEL",NA,"",22,"CIDADE ADEMAR",1,0,"SEZEFREDO FAGUNDES, AV CEL 1927 SAO PAULO SP",-23.4622933,-46.6031089
"4042","D031300472",6517,"EPIACABA, RUA",NA,"",547,"","07/03/2013 15:40",2,"CO",95,1103," "," ",1,2,0,0,0,0,0,0,0,0,0,0,0,0,0,0,0,6517,"EPIACABA, RUA",NA,"",69,"SACOMA",2,0,"EPIACABA, RUA 547 SAO PAULO SP",-23.6343224,-46.5889154
"4044","D031301445",14178,"MONTE SERRAT, RUA",2673,"AZEVEDO SOARES, RUA",0,"","07/03/2013 15:58",4,"AT",30,1331,"B"," ",1,0,0,0,0,0,0,0,0,0,0,0,0,0,0,0,0,2673,"AZEVEDO SOARES, RUA",14178,"MONTE SERRAT, RUA",82,"TATUAPE",1,0,"MONTE SERRAT, RUA SAO PAULO SP &  AZEVEDO SOARES, RUA SAO PAULO SP",-23.5478352,-46.5605446
"4045","D031300558",18813,"TEODORO SAMPAIO, RUA",16017,"PEDROSO DE MORAIS, AV",0,"","07/03/2013 17:30",4,"AT",14,2145," "," ",1,0,0,0,0,0,0,0,0,0,0,0,0,0,0,0,0,16017,"PEDROSO DE MORAIS, AV",18813,"TEODORO SAMPAIO, RUA",63,"PINHEIROS",1,0,"TEODORO SAMPAIO, RUA SAO PAULO SP &  PEDROSO DE MORAIS, AV SAO PAULO SP",-23.5652586,-46.6903013
"4046","D031302253",2181,"ARICANDUVA, AV",NA,"",4500,"","07/03/2013 17:40",2,"CO",66,1191," "," ",0,1,0,0,0,0,0,0,0,0,0,0,0,0,0,1,0,2181,"ARICANDUVA, AV",NA,"",60,"PENHA",1,0,"ARICANDUVA, AV 4500 SAO PAULO SP",-23.5594272,-46.5137981
"4047","D031301720",13357,"MARIA COELHO AGUIAR, AV",NA,"",215,"","07/03/2013 17:40",2,"CO",92,1584," "," ",1,1,0,0,0,0,0,0,0,0,0,0,0,0,0,0,0,13357,"MARIA COELHO AGUIAR, AV",NA,"",45,"JARDIM SAO LUIS",1,0,"MARIA COELHO AGUIAR, AV 215 SAO PAULO SP",-23.6483613,-46.7316463
"4048","D031302114",16494,"MIGUEL ACHIOLE DA FONCECA, AV",17316,"RODRIGUES DE MIRANDA JUNIOR, RUA DR",0,"","07/03/2013 18:00",4,"AT",44,1512," "," ",0,0,0,0,0,0,0,1,0,0,0,0,0,0,0,0,0,16494,"MIGUEL ACHIOLE DA FONCECA, AV",17316,"RODRIGUES DE MIRANDA JUNIOR, RUA DR",31,"GUAIANASES",1,0,"MIGUEL ACHIOLE DA FONCECA, AV SAO PAULO SP &  RODRIGUES DE MIRANDA JUNIOR, RUA DR SAO PAULO SP",-23.5602557,-46.4081626
"4049","D031301955",12993,"DIOGO DA COSTA TAVARES, AV",4751,"TOMAS LOPES DE CAMARGO, AV",0,"","07/03/2013 18:00",4,"AT",59,2836," "," ",1,0,0,0,0,0,0,0,0,0,0,0,0,0,0,0,0,4751,"TOMAS LOPES DE CAMARGO, AV",12993,"DIOGO DA COSTA TAVARES, AV",43,"JARDIM HELENA",1,0,"DIOGO DA COSTA TAVARES, AV SAO PAULO SP &  TOMAS LOPES DE CAMARGO, AV SAO PAULO SP",-23.483016,-46.382146
"4050","D031300720",7500,"FRANCISCO MORATO, AV PROF",NA,"",4900,"","07/03/2013 18:10",2,"CO",34,1628," "," ",0,1,0,0,0,0,0,1,0,0,0,0,0,0,0,0,0,7500,"FRANCISCO MORATO, AV PROF",NA,"",12,"BUTANTA",1,0,"FRANCISCO MORATO, AV PROF 4900 SAO PAULO SP",-23.5984096,-46.7410325
"4051","D031300954",20600,"ERNESTO IGEL, AV",NA,"",10,"","07/03/2013 18:30",2,"CO",91,1586," "," ",1,1,0,0,0,0,0,0,0,0,0,0,0,0,0,0,0,20600,"ERNESTO IGEL, AV",NA,"",14,"CAMBUCI",1,0,"ERNESTO IGEL, AV 10 SAO PAULO SP",-23.5169552,-46.7268604
"4052","D031301646",4734,"CELSO DOS SANTOS, AV",17014,"RETIFICACAO, RUA DA",0,"","07/03/2013 18:30",2,"CO",43,2517,"C"," ",1,1,0,0,0,0,0,0,0,0,0,0,0,0,0,0,0,4734,"CELSO DOS SANTOS, AV",17014,"RETIFICACAO, RUA DA",22,"CIDADE ADEMAR",2,0,"CELSO DOS SANTOS, AV SAO PAULO SP &  RETIFICACAO, RUA DA SAO PAULO SP",-23.6691661,-46.6677312
"4053","D031301961",7068,"FERNAO MENDES PINTO, RUA",59748,"JOAQUIM AUGUSTO DE CAMARGO, RUA DR",0,"","07/03/2013 18:41",2,"CO",62,960," "," ",1,1,0,0,0,0,0,0,0,0,0,0,0,0,0,0,0,7068,"FERNAO MENDES PINTO, RUA",59748,"JOAQUIM AUGUSTO DE CAMARGO, RUA DR",28,"ERMELINO MATARA",1,0,"FERNAO MENDES PINTO, RUA SAO PAULO SP &  JOAQUIM AUGUSTO DE CAMARGO, RUA DR SAO PAULO SP",-23.4978657,-46.4870314
"4054","D031301655",35497,"ABILIO CESAR, RUA",NA,"",294,"","07/03/2013 18:52",2,"CO",47,2993," "," ",0,1,0,0,0,0,0,0,0,0,0,1,0,0,0,0,0,35497,"ABILIO CESAR, RUA",NA,"",19,"CAPAO REDONDO",2,0,"ABILIO CESAR, RUA 294 SAO PAULO SP",-23.6807605,-46.7770772
"4055","D031301048",19884,"VOLUNTARIOS DA PATRIA, RUA",NA,"",1456,"","07/03/2013 19:00",2,"CO",13,2438," "," ",1,1,0,0,0,0,0,0,0,0,0,0,0,0,0,0,0,19884,"VOLUNTARIOS DA PATRIA, RUA",NA,"",8,"BELEM",1,0,"VOLUNTARIOS DA PATRIA, RUA 1456 SAO PAULO SP",-23.5075602,-46.6261443
"4056","D031300085",17557,"SABARA, RUA",16204,"PIAUI, RUA",0,"","07/03/2013 19:20",2,"CL",4,1832," "," ",1,1,0,0,0,0,0,0,0,0,0,0,0,0,0,0,0,16204,"PIAUI, RUA",17557,"SABARA, RUA",26,"CONSOLACAO",1,0,"SABARA, RUA SAO PAULO SP &  PIAUI, RUA SAO PAULO SP",-23.5474253,-46.65488
"4057","D031300205",6642,"ESTADO, AV DO",4146,"CANTAREIRA, RUA DA",0,"","07/03/2013 19:24",2,"QM",12,1330," "," ",0,1,0,0,0,0,0,0,0,0,0,0,0,0,0,0,0,5567,"CRUZEIRO DO SUL, AV",6642,"ESTADO, AV DO",57,"PARI",1,0,"ESTADO, AV DO SAO PAULO SP &  CANTAREIRA, RUA DA SAO PAULO SP",-23.5635869,-46.6112253