"","id_acidente","codloga","logradouroA","codlogb","logradouroB","alt_num","referencia","data","cod_acid","tipo_acidente","dp","numero_BO","sentido","pista","automovel","moto","onibus","caminhao","bicicleta","moto_taxi","onibus_fretado","onibus_urbano","microonibus","van","vuc","caminhonete","carreta","jipe","outros","sem_informacao","carroca","princ_a","paiA","princ_b","paiB","cod_distrito","distrito","vit_ferida","vit_morta","local","lat","lon"
"4058","D031301368",43777,"CARVALHO PINTO, AV GOV",1870,"ANTONIO SEBASTIAO, RUA",0,"","07/03/2013 19:25",2,"CH",10,3651," "," ",1,0,0,0,0,0,0,0,0,0,0,0,0,0,0,0,0,1870,"ANTONIO SEBASTIAO, RUA",43777,"CARVALHO PINTO, AV GOV",60,"PENHA",1,0,"CARVALHO PINTO, AV GOV SAO PAULO SP &  ANTONIO SEBASTIAO, RUA SAO PAULO SP",-23.5149544,-46.5203738
"4059","D031300741",21674,"JORGE JOAO SAAD, AV",936,"LEON KANIEFSKY, RUA REG",0,"","07/03/2013 19:55",2,"CO",34,1891," "," ",1,1,0,0,0,0,0,0,0,0,0,0,0,0,0,0,0,936,"LEON KANIEFSKY, RUA REG",21674,"JORGE JOAO SAAD, AV",55,"MORUMBI",1,0,"JORGE JOAO SAAD, AV SAO PAULO SP &  LEON KANIEFSKY, RUA REG SAO PAULO SP",-23.5907419,-46.7220614
"4060","D031300561",5885,"DIOGENES RIBEIRO DE LIMA, AV",8290,"GUALTER, AV S",0,"","07/03/2013 20:00",2,"CO",14,2190," "," ",1,0,0,0,1,0,0,0,0,0,0,0,0,0,0,0,0,5885,"DIOGENES RIBEIRO DE LIMA, AV",8290,"GUALTER, AV S",2,"ALTO DE PINHEIR",1,0,"DIOGENES RIBEIRO DE LIMA, AV SAO PAULO SP &  GUALTER, AV S SAO PAULO SP",-23.5335586,-46.7188173
"4061","D031300572",16017,"PEDROSO DE MORAIS, AV",14435,"NATINGUI, RUA",0,"","07/03/2013 20:00",2,"CO",14,2466," "," ",1,0,0,0,1,0,0,0,0,0,0,0,0,0,0,0,0,14435,"NATINGUI, RUA",16017,"PEDROSO DE MORAIS, AV",2,"ALTO DE PINHEIR",1,0,"PEDROSO DE MORAIS, AV SAO PAULO SP &  NATINGUI, RUA SAO PAULO SP",-23.5604714,-46.6945891
"4062","D031300513",17911,"SEBASTIAO AFONSO, RUA",5606,"CUPECE, AV",0,"","07/03/2013 20:20",2,"CO",97,2006," "," ",1,1,0,0,0,0,0,0,0,0,0,0,0,0,0,0,0,5606,"CUPECE, AV",7764,"GARCIA DE AVILA, AV",22,"CIDADE ADEMAR",1,0,"SEBASTIAO AFONSO, RUA SAO PAULO SP &  CUPECE, AV SAO PAULO SP",-23.6780204,-46.6342783
"4063","D031302113",34375,"CASTELO DE LECA, RUA",73957,"INACIO MOREIRA, RUA",0,"","07/03/2013 20:50",2,"CO",44,1510," "," ",1,1,0,0,0,0,0,0,0,0,0,0,0,0,0,0,0,34375,"CASTELO DE LECA, RUA",73957,"INACIO MOREIRA, RUA",3,"ANHANGUERA",1,0,"CASTELO DE LECA, RUA SAO PAULO SP &  INACIO MOREIRA, RUA SAO PAULO SP",-23.5497701,-46.402844
"4064","D031302267",2181,"ARICANDUVA, AV",NA,"",5555,"","07/03/2013 20:59",4,"AT",66,1530," "," ",1,0,0,0,0,0,0,0,0,0,0,0,0,0,0,0,0,2181,"ARICANDUVA, AV",NA,"",60,"PENHA",2,0,"ARICANDUVA, AV 5555 SAO PAULO SP",-23.5610792,-46.5113397
"4066","D031301363",43777,"CARVALHO PINTO, AV GOV",18724,"TARUMA, AV",0,"","07/03/2013 21:20",2,"CO",10,2461," "," ",1,1,0,0,0,0,0,0,0,0,0,0,0,0,0,0,0,18724,"TARUMA, AV",43777,"CARVALHO PINTO, AV GOV",18,"CANGAIBA",1,0,"CARVALHO PINTO, AV GOV SAO PAULO SP &  TARUMA, AV SAO PAULO SP",-23.5149544,-46.5203738
"4067","D031300682",1429,"ANHANGUERA, VIA",NA,"",15800,"","07/03/2013 22:00",4,"AT",33,2104," "," ",1,0,0,0,0,0,0,0,0,0,0,0,0,0,0,0,0,1429,"ANHANGUERA, VIA",NA,"",73,"SAO DOMINGOS",2,0,"ANHANGUERA, VIA 15800 SAO PAULO SP",-23.4900941,-46.7665396
"4068","D031302142",24420,"FORTE DE ARAXA, RUA",NA,"",200,"","07/03/2013 22:05",2,"CH",49,3234," "," ",1,0,0,0,1,0,0,0,0,0,0,0,0,0,0,0,0,24420,"FORTE DE ARAXA, RUA",NA,"",51,"MANDAQUI",1,0,"FORTE DE ARAXA, RUA 200 SAO PAULO SP",-23.6013231,-46.4684763
"4069","D031301224",8320,"GUAPIRA, AV",16404,"PIXIBAS, RUA",0,"","07/03/2013 22:08",2,"CL",39,2433," "," ",1,1,0,0,0,0,0,0,0,0,0,0,0,0,0,0,0,8320,"GUAPIRA, AV",16404,"PIXIBAS, RUA",84,"TUCURUVI",1,0,"GUAPIRA, AV SAO PAULO SP &  PIXIBAS, RUA SAO PAULO SP",-23.4688173,-46.5845853
"4070","D031302000",3994,"CAMPANELLA, AV",21253,"AGUIA DE HAIA, AV",0,"","07/03/2013 22:50",4,"AT",64,1968," "," ",1,0,0,0,0,0,0,0,0,0,0,0,0,0,0,0,0,6613,"ESPERANTINA, AV",21253,"AGUIA DE HAIA, AV",5,"ARTUR ALVIM",1,0,"CAMPANELLA, AV SAO PAULO SP &  AGUIA DE HAIA, AV SAO PAULO SP",-23.5352605,-46.4642064
"4071","D031300154",3699,"BUENO DE ANDRADE, RUA",NA,"",673,"","07/03/2013 23:12",2,"CO",6,1711," "," ",1,1,0,0,0,0,0,0,0,0,0,0,0,0,0,0,0,3699,"BUENO DE ANDRADE, RUA",NA,"",49,"LIBERDADE",2,0,"BUENO DE ANDRADE, RUA 673 SAO PAULO SP",-23.565953,-46.6306993
"4073","D031301806",21991,"AZEVEDO SODRE, RUA DR",NA,"",17,"","08/03/2013 03:45",2,"CF",100,1320," "," ",1,0,1,0,0,0,0,0,0,0,0,0,0,0,0,0,0,21991,"AZEVEDO SODRE, RUA DR",NA,"",32,"IGUATEMI",2,0,"AZEVEDO SODRE, RUA DR 17 SAO PAULO SP",-23.6847598,-46.763061
"4074","D031301589",19931,"WASHINGTON LUIS, AV",NA,"",1260,"","08/03/2013 05:00",4,"AT",11,2645," "," ",0,1,0,0,0,0,0,0,0,0,0,0,0,0,0,0,0,19931,"WASHINGTON LUIS, AV",NA,"",30,"GRAJAU",2,0,"WASHINGTON LUIS, AV 1260 SAO PAULO SP",-23.6557506,-46.6929778
"4075","D031300769",34682,"CAMPO LIMPO, ES DO",NA,"",5000,"","08/03/2013 06:40",2,"CT",37,1993," "," ",2,0,0,0,0,0,0,0,0,0,0,0,0,0,0,0,0,34682,"CAMPO LIMPO, ES DO",NA,"",17,"CAMPO LIMPO",1,0,"CAMPO LIMPO, ES DO 5000 SAO PAULO SP",-23.2019463,-46.785846
"4076","D031300630",6471,"SAO VICENTE, AV MARQ DE",NA,"",1500,"","08/03/2013 06:55",2,"QM",23,1284," "," ",0,1,0,0,0,0,0,0,0,0,0,0,0,0,0,0,0,6471,"SAO VICENTE, AV MARQ DE",NA,"",6,"BARRA FUNDA",1,0,"SAO VICENTE, AV MARQ DE 1500 SAO PAULO SP",-23.5193961,-46.6741002
"4077","D031300955",8275,"GUAIPA, RUA",NA,"",1220,"","08/03/2013 06:55",2,"CH",91,1595," "," ",0,1,0,0,0,0,0,0,0,0,0,0,0,0,0,0,0,8275,"GUAIPA, RUA",NA,"",90,"VILA LEOPOLDINA",1,0,"GUAIPA, RUA 1220 SAO PAULO SP",-23.5215234,-46.7341348
"4079","D031302250",22268,"OSVALDO VALLE CORDEIRO, AV",NA,"",614,"","08/03/2013 07:20",2,"CO",66,1137," "," ",2,1,0,0,0,0,0,0,0,0,0,0,0,0,0,0,0,22268,"OSVALDO VALLE CORDEIRO, AV",NA,"",38,"JACANA",1,0,"OSVALDO VALLE CORDEIRO, AV 614 SAO PAULO SP",-23.5584912,-46.4904661
"4080","D031301590",10270,"JOAO DIAS, AV",NA,"",1819,"","08/03/2013 07:25",2,"CT",11,2650,"C"," ",1,1,0,0,0,0,0,0,0,0,0,0,0,0,0,0,0,10270,"JOAO DIAS, AV",NA,"",72,"SANTO AMARO",1,0,"JOAO DIAS, AV 1819 SAO PAULO SP",-23.6449319,-46.7179965
"4082","D031300309",14449,"NAZARE, AV",NA,"",1086,"","08/03/2013 07:30",4,"AT",17,1394," "," ",0,1,0,0,0,0,0,0,0,0,0,0,0,0,0,0,0,14449,"NAZARE, AV",NA,"",33,"IPIRANGA",1,0,"NAZARE, AV 1086 SAO PAULO SP",-23.594281,-46.6101175
"4083","D031300806",16339,"CARLOS LACERDA, AV",NA,"",2554,"","08/03/2013 07:40",2,"CO",37,3000," "," ",1,1,0,0,0,0,0,0,0,0,0,0,0,0,0,0,0,16339,"CARLOS LACERDA, AV",NA,"",29,"FREGUESIA DO O",2,0,"CARLOS LACERDA, AV 2554 SAO PAULO SP",-23.6543221,-46.7770366
"4086","D031301717",8368,"GUARAPIRANGA, AV",35858,"GUIDO CALOI, AV",0,"","08/03/2013 08:10",2,"CO",92,1527,"C"," ",1,1,0,0,0,0,0,0,0,0,0,0,0,0,0,0,0,8368,"GUARAPIRANGA, AV",35858,"GUIDO CALOI, AV",45,"JARDIM SAO LUIS",1,0,"GUARAPIRANGA, AV SAO PAULO SP &  GUIDO CALOI, AV SAO PAULO SP",-23.6663547,-46.7199235
"4087","D031300814",46890,"ALEXIOS JAFET (ESTR.CAMPINAS), AV",NA,"",484,"","08/03/2013 08:10",2,"SI",46,1553," "," ",1,0,0,0,0,0,0,0,0,0,0,1,0,0,0,0,0,46890,"ALEXIOS JAFET (ESTR.CAMPINAS), AV",NA,"",41,"JARAGUA",1,0,"ALEXIOS JAFET (ESTR.CAMPINAS), AV 484 SAO PAULO SP",-23.5658497,-46.6531787
"4088","D031301880",9632,"ITINGUCU, RUA",4745,"BALTAZAR BRUM, RUA",0,"","08/03/2013 08:10",4,"AT",24,2459," "," ",1,0,0,0,0,0,0,0,0,0,0,0,0,0,0,0,0,4745,"BALTAZAR BRUM, RUA",9632,"ITINGUCU, RUA",60,"PENHA",1,0,"ITINGUCU, RUA SAO PAULO SP &  BALTAZAR BRUM, RUA SAO PAULO SP",-23.5270874,-46.5021154
"4090","D031301588",6238,"NACOES UNIDAS, AV DAS",11063,"JOSE MARIA, AV PDE",0,"","08/03/2013 08:40",2,"SI",11,2639," "," ",1,1,0,0,0,0,0,0,0,0,0,0,0,0,0,0,0,6238,"NACOES UNIDAS, AV DAS",11063,"JOSE MARIA, AV PDE",72,"SANTO AMARO",1,0,"NACOES UNIDAS, AV DAS SAO PAULO SP &  JOSE MARIA, AV PDE SAO PAULO SP",-23.5735935,-46.7008864
"4091","D031300260",15656,"PAULISTA, AV",NA,"",1000,"","08/03/2013 08:50",2,"CO",78,1920," "," ",0,0,0,0,1,0,0,1,0,0,0,0,0,0,0,0,0,15656,"PAULISTA, AV",NA,"",7,"BELA VISTA",1,0,"PAULISTA, AV 1000 SAO PAULO SP",-23.5647577,-46.6518495
"4092","D031301049",19884,"VOLUNTARIOS DA PATRIA, RUA",NA,"",2018,"","08/03/2013 09:10",4,"AT",13,2461," "," ",0,1,0,0,0,0,0,0,0,0,0,0,0,0,0,0,0,19884,"VOLUNTARIOS DA PATRIA, RUA",NA,"",8,"BELEM",1,0,"VOLUNTARIOS DA PATRIA, RUA 2018 SAO PAULO SP",-23.5025179,-46.6262969
"4093","D031302401",3961,"CAMBUCI, LGO DO",NA,"",167,"","08/03/2013 09:28",4,"AT",16,4186," "," ",1,0,0,0,0,0,0,0,0,0,0,0,0,0,0,0,0,3961,"CAMBUCI, LGO DO",NA,"",NA,"",0,1,"CAMBUCI, LGO DO 167 SAO PAULO SP",-23.5631758,-46.6202965
"4094","D031302143",9044,"RAGUEB CHOHFI, AV",2181,"ARICANDUVA, AV",0,"","08/03/2013 09:30",2,"CT",49,3256," "," ",2,0,0,0,0,0,0,0,0,0,0,0,0,0,0,0,0,2181,"ARICANDUVA, AV",9044,"RAGUEB CHOHFI, AV",75,"SAO MATEUS",1,0,"RAGUEB CHOHFI, AV SAO PAULO SP &  ARICANDUVA, AV SAO PAULO SP",-23.5962789,-46.4358414
"4095","D031300185",543,"ALCANTARA MACHADO, AV",NA,"",400,"","08/03/2013 09:40",2,"QD",8,1940," "," ",0,0,0,0,0,0,0,1,0,0,0,0,0,0,0,0,0,543,"ALCANTARA MACHADO, AV",NA,"",10,"BRAS",1,0,"ALCANTARA MACHADO, AV 400 SAO PAULO SP",-23.5523354,-46.6213285
"4096","D031300742",7500,"FRANCISCO MORATO, AV PROF",NA,"",4000,"","08/03/2013 10:15",2,"CO",34,1898," "," ",0,1,0,1,0,0,0,0,0,0,0,0,0,0,0,0,0,7500,"FRANCISCO MORATO, AV PROF",NA,"",12,"BUTANTA",1,0,"FRANCISCO MORATO, AV PROF 4000 SAO PAULO SP",-23.5931944,-46.7344347
"4097","D031301124",15916,"PEDRO DOLL, RUA",NA,"",300,"","08/03/2013 10:15",2,"CH",20,2099," "," ",3,0,0,0,0,0,0,0,0,0,0,0,0,0,0,0,0,15916,"PEDRO DOLL, RUA",NA,"",8,"BELEM",1,0,"PEDRO DOLL, RUA 300 SAO PAULO SP",-23.491498,-46.6289946
"4098","D031300559",16919,"REBOUCAS, AV",NA,"",3000,"","08/03/2013 11:00",2,"CT",14,2165,"B"," ",1,1,0,0,0,0,0,0,0,0,0,0,0,0,0,0,0,16919,"REBOUCAS, AV",NA,"",44,"JARDIM PAULISTA",1,0,"REBOUCAS, AV 3000 SAO PAULO SP",-23.5696407,-46.6883688
"4101","D031302202",99999,"METALURGICOS, AV DOS",NA,"",1200,"","08/03/2013 12:00",4,"AT",54,1354,"C"," ",0,1,0,0,0,0,0,0,0,0,0,0,0,0,0,0,0,99999,"METALURGICOS, AV DOS",NA,"",25,"CIDADE TIRADENT",1,0,"METALURGICOS, AV DOS 1200 SAO PAULO SP",-23.5934676,-46.4064384
"4102","D031301718",8368,"GUARAPIRANGA, AV",NA,"",2079,"","08/03/2013 12:15",2,"CH",92,1531," "," ",2,0,0,0,0,0,0,0,0,0,0,1,0,0,0,0,0,8368,"GUARAPIRANGA, AV",NA,"",45,"JARDIM SAO LUIS",1,0,"GUARAPIRANGA, AV 2079 SAO PAULO SP",-23.6861612,-46.7384327
"4103","D031300927",13014,"MARGINAL DO RIO PINHEIROS, AV",NA,"",16741,"","08/03/2013 12:25",2,"CO",89,1909," "," ",1,1,0,0,0,0,0,0,0,0,0,0,0,0,0,0,0,13014,"MARGINAL DO RIO PINHEIROS, AV",NA,"",40,"JAGUARE",1,0,"MARGINAL DO RIO PINHEIROS, AV 16741 SAO PAULO SP",-23.5604208,-46.6574734
"4104","D031300524",19080,"TONELERO, RUA",NA,"",1046,"","08/03/2013 12:30",2,"CO",7,1528," "," ",1,1,0,0,0,0,0,0,0,0,0,0,0,0,0,0,0,19080,"TONELERO, RUA",NA,"",14,"CAMBUCI",1,0,"TONELERO, RUA 1046 SAO PAULO SP",-23.5367855,-46.7059932
"4105","D031301050",4534,"BERNARDINO FANGANIELLO, RUA",NA,"",282,"","08/03/2013 12:40",4,"AT",13,2470," "," ",1,0,0,0,0,0,0,0,0,0,0,0,0,0,0,0,0,4534,"BERNARDINO FANGANIELLO, RUA",NA,"",21,"CASA VERDE",1,0,"BERNARDINO FANGANIELLO, RUA 282 SAO PAULO SP",-23.5130466,-46.6585932
"4106","D031300747",16337,"ELISEU DE ALMEIDA, AV",NA,"",2062,"","08/03/2013 12:45",2,"CO",34,1945," "," ",1,1,0,0,0,0,0,0,0,0,0,0,0,0,0,0,0,16337,"ELISEU DE ALMEIDA, AV",NA,"",0,"NULL",1,0,"ELISEU DE ALMEIDA, AV 2062 SAO PAULO SP",-23.5859875,-46.7311309
"4107","D031302251",75435,"ARRAIAS DO ARAGUAIA, AV",NA,"",23,"","08/03/2013 13:00",4,"AT",66,1141," "," ",0,1,0,0,0,0,0,0,0,0,0,0,0,0,0,0,0,75435,"ARRAIAS DO ARAGUAIA, AV",NA,"",27,"CURSINO",1,0,"ARRAIAS DO ARAGUAIA, AV 23 SAO PAULO SP",-23.5793262,-46.5020076
"4108","D031301014",29050,"EUGENIO DE FREITAS, RUA",NA,"",79,"","08/03/2013 13:10",4,"AT",9,1465," "," ",0,1,0,0,0,0,0,0,0,0,0,0,0,0,0,0,0,29050,"EUGENIO DE FREITAS, RUA",NA,"",88,"VILA GUILHERME",1,0,"EUGENIO DE FREITAS, RUA 79 SAO PAULO SP",-23.5194527,-46.6058396
"4109","D031301542",11234,"JOSE ZAPPI, RUA",NA,"",10,"","08/03/2013 13:10",4,"AT",57,969," "," ",0,1,0,0,0,0,0,0,0,0,0,0,0,0,0,0,0,11234,"JOSE ZAPPI, RUA",NA,"",95,"VILA PRUDENTE",1,0,"JOSE ZAPPI, RUA 10 SAO PAULO SP",-23.5809751,-46.5854704
"4110","D031300602",3697,"BUENO BRANDAO, RUA",6061,"DOMINGOS LEME, RUA",0,"","08/03/2013 13:55",2,"CO",15,1168," "," ",1,1,0,0,0,0,0,0,0,0,0,0,0,0,0,0,0,3697,"BUENO BRANDAO, RUA",6061,"DOMINGOS LEME, RUA",53,"MOEMA",1,0,"BUENO BRANDAO, RUA SAO PAULO SP &  DOMINGOS LEME, RUA SAO PAULO SP",-23.590291,-46.671719
"4111","D031300683",21354,"BENEDITO DA FONSECA RONDON, RUA",75034,"JOAO BEIL, RUA PDE",0,"","08/03/2013 14:00",2,"CL",33,2128," "," ",1,1,0,0,0,0,0,0,0,0,0,0,0,0,0,0,0,21354,"BENEDITO DA FONSECA RONDON, RUA",75034,"JOAO BEIL, RUA PDE",NA,"",1,0,"BENEDITO DA FONSECA RONDON, RUA SAO PAULO SP &  JOAO BEIL, RUA PDE SAO PAULO SP",-23.5022131,-46.7486611
"4112","D031302180",46936,"JACU-PESSEGO/NOVA TRABALHADORE, AV",NA,"",300,"","08/03/2013 14:00",4,"AT",53,1522," "," ",0,1,0,0,0,0,0,0,0,0,0,0,0,0,0,0,0,46936,"JACU-PESSEGO/NOVA TRABALHADORE, AV",NA,"",46,"JOSE BONIFACIO",1,0,"JACU-PESSEGO/NOVA TRABALHADORE, AV 300 SAO PAULO SP",-23.5300819,-46.4570282
"4113","D031300162",543,"ALCANTARA MACHADO, AV",3653,"BRESSER, RUA",0,"","08/03/2013 14:00",2,"CO",8,747," "," ",1,1,0,0,0,0,0,0,0,0,0,0,0,0,0,0,0,543,"ALCANTARA MACHADO, AV",3653,"BRESSER, RUA",54,"MOOCA",1,0,"ALCANTARA MACHADO, AV SAO PAULO SP &  BRESSER, RUA SAO PAULO SP",-23.5528151,-46.613419
"4114","D031300956",12436,"MACEDO SOARES, AV EMB",NA,"",10735,"","08/03/2013 15:00",2,"QM",91,1611," "," ",0,1,0,0,0,0,0,0,0,0,0,0,0,0,0,0,0,29772,"MARGINAL DO RIO TIETE, AV",NA,"",48,"LAPA",1,0,"MACEDO SOARES, AV EMB 10735 SAO PAULO SP",-23.5096473,-46.7095173
"4115","D031301088",14270,"MORVAN DIAS DE FIGUEIREDO, AV",NA,"",1809,"","08/03/2013 15:00",2,"CH",19,936," "," ",0,0,0,0,0,0,0,0,0,0,0,1,0,0,0,0,0,29772,"MARGINAL DO RIO TIETE, AV",NA,"",0,"NULL",1,0,"MORVAN DIAS DE FIGUEIREDO, AV 1809 SAO PAULO SP",-23.5195154,-46.6149555
"4116","D031301859",17820,"TITO, AV MAL",NA,"",2500,"","08/03/2013 15:00",2,"CO",22,1284,"B"," ",0,1,0,0,0,0,0,0,0,0,0,1,0,0,0,0,0,17820,"TITO, AV MAL",NA,"",53,"MOEMA",1,0,"TITO, AV MAL 2500 SAO PAULO SP",-23.4942385,-46.4220509
"4120","D031300631",7491,"FRANCISCO MATARAZZO, AV",NA,"",361,"","08/03/2013 15:52",4,"AT",23,1296," "," ",1,0,0,0,0,0,0,0,0,0,0,0,0,0,0,0,0,7491,"FRANCISCO MATARAZZO, AV",NA,"",6,"BARRA FUNDA",1,0,"FRANCISCO MATARAZZO, AV 361 SAO PAULO SP",-23.5302356,-46.6669569
"4121","D031301881",13881,"MIGUEL, AV S",NA,"",470,"","08/03/2013 17:00",2,"CO",24,2477," "," ",1,0,1,0,0,0,0,0,0,0,0,0,0,0,0,0,0,13881,"MIGUEL, AV S",NA,"",65,"PONTE RASA",1,0,"MIGUEL, AV S 470 SAO PAULO SP",-23.5186912,-46.5235574
"4122","D031302144",13671,"MATEO BEI, AV",NA,"",344,"","08/03/2013 17:10",2,"CO",49,3280," "," ",2,0,0,0,0,0,0,0,0,0,0,0,0,0,0,0,0,13671,"MATEO BEI, AV",NA,"",75,"SAO MATEUS",1,0,"MATEO BEI, AV 344 SAO PAULO SP",-23.5865436,-46.4912337
"4123","D031300672",19259,"TURIASSU, RUA",NA,"",1126,"","08/03/2013 17:14",4,"AT",23,900014," "," ",0,1,0,0,0,0,0,0,0,0,0,0,0,0,0,0,0,19259,"TURIASSU, RUA",NA,"",19,"CAPAO REDONDO",1,0,"TURIASSU, RUA 1126 SAO PAULO SP",-23.531767,-46.673793
"4124","D031300354",19931,"WASHINGTON LUIS, AV",NA,"",4800,"","08/03/2013 17:15",2,"CT",27,2441," "," ",1,1,0,0,0,0,0,0,0,0,0,0,0,0,0,0,0,19931,"WASHINGTON LUIS, AV",NA,"",30,"GRAJAU",1,0,"WASHINGTON LUIS, AV 4800 SAO PAULO SP",-23.6188231,-46.6623245
"4128","D031300353",10076,"JESUINO MACIEL, RUA DR",10918,"JOSE DINIZ, AV VER",0,"","08/03/2013 17:45",2,"CO",27,2433," "," ",2,1,0,0,0,0,0,0,0,0,0,0,0,0,0,0,0,10076,"JESUINO MACIEL, RUA DR",10918,"JOSE DINIZ, AV VER",15,"CAMPO BELO",1,0,"JESUINO MACIEL, RUA DR SAO PAULO SP &  JOSE DINIZ, AV VER SAO PAULO SP",-23.6241495,-46.6660284
"4130","D031301413",12461,"MACIEL MONTEIRO, RUA",7013,"FERNANDES PEREIRA, RUA",0,"","08/03/2013 18:05",4,"AT",21,2698," "," ",0,1,0,0,0,0,0,0,0,0,0,0,0,0,0,0,0,7013,"FERNANDES PEREIRA, RUA",12461,"MACIEL MONTEIRO, RUA",5,"ARTUR ALVIM",2,0,"MACIEL MONTEIRO, RUA SAO PAULO SP &  FERNANDES PEREIRA, RUA SAO PAULO SP",-23.5433984,-46.4929178
"4131","D031301051",19884,"VOLUNTARIOS DA PATRIA, RUA",14916,"OLAVO EGIDIO, RUA DR",0,"","08/03/2013 18:05",4,"AT",13,2488," "," ",1,0,0,0,0,0,0,0,0,0,0,0,0,0,0,0,0,14916,"OLAVO EGIDIO, RUA DR",19884,"VOLUNTARIOS DA PATRIA, RUA",71,"SANTANA",1,0,"VOLUNTARIOS DA PATRIA, RUA SAO PAULO SP &  OLAVO EGIDIO, RUA DR SAO PAULO SP",-23.5033096,-46.6263934
"4133","D031301784",7917,"GERALDO SANT'ANA, AV SARG",NA,"",427,"","08/03/2013 18:30",2,"CT",99,1291," "," ",0,2,0,0,0,0,0,0,0,0,0,0,0,0,0,0,0,7917,"GERALDO SANT'ANA, AV SARG",NA,"",16,"CAMPO GRANDE",1,0,"GERALDO SANT'ANA, AV SARG 427 SAO PAULO SP",-23.6634678,-46.6872402
"4134","D031301826",15507,"TEOTONIO VILELA, AV SEN",NA,"",7000,"","08/03/2013 19:00",4,"AT",101,1659," "," ",0,0,0,0,0,0,0,0,0,0,0,1,0,0,0,0,0,15507,"TEOTONIO VILELA, AV SEN",NA,"",23,"CIDADE DUTRA",2,0,"TEOTONIO VILELA, AV SEN 7000 SAO PAULO SP",-23.7567074,-46.7140567
"4135","D031301860",9806,"PIRES DO RIO, AV",NA,"",1071,"","08/03/2013 19:16",4,"AT",22,1288," "," ",0,1,0,0,0,0,0,0,0,0,0,0,0,0,0,0,0,9806,"PIRES DO RIO, AV",NA,"",76,"SAO MIGUEL",2,0,"PIRES DO RIO, AV 1071 SAO PAULO SP",-23.5054777,-46.4429169
"4136","D031301225",7102,"FERROVIARIOS, RUA DOS",NA,"",55,"","08/03/2013 19:20",2,"QM",39,2540," "," ",0,1,0,0,0,0,0,0,0,0,0,0,0,0,0,0,0,7102,"FERROVIARIOS, RUA DOS",NA,"",84,"TUCURUVI",1,0,"FERROVIARIOS, RUA DOS 55 SAO PAULO SP",-23.4813656,-46.6023197
"4137","D031301388",15304,"PAES DE BARROS, AV",NA,"",2620,"","08/03/2013 19:29",2,"CO",18,454," "," ",1,1,0,0,0,0,0,0,0,0,0,0,0,0,0,0,0,15304,"PAES DE BARROS, AV",NA,"",16,"CAMPO GRANDE",1,0,"PAES DE BARROS, AV 2620 SAO PAULO SP",-23.5753836,-46.5874671
"4138","D031300484",19583,"VERGUEIRO, RUA",NA,"",7933,"","08/03/2013 19:29",4,"AT",95,2031," "," ",1,0,0,0,0,0,0,0,0,0,0,0,0,0,0,0,0,19583,"VERGUEIRO, RUA",NA,"",33,"IPIRANGA",1,0,"VERGUEIRO, RUA 7933 SAO PAULO SP",-23.611756,-46.6079412
"4139","D031301015",4219,"ZAKI NARCHI, AV",NA,"",152,"","08/03/2013 19:30",2,"CO",9,1470," "," ",1,1,0,0,0,0,0,0,0,0,0,0,0,0,0,0,0,4219,"ZAKI NARCHI, AV",NA,"",88,"VILA GUILHERME",1,0,"ZAKI NARCHI, AV 152 SAO PAULO SP",-23.5116366,-46.6224631
"4140","D031300103",43615,"SERRA AZUL DE MINAS, RUA",NA,"",151,"","08/03/2013 20:00",4,"AT",4,1348," "," ",0,1,0,0,0,0,0,0,0,0,0,0,0,0,0,0,0,43615,"SERRA AZUL DE MINAS, RUA",NA,"",54,"MOOCA",1,0,"SERRA AZUL DE MINAS, RUA 151 SAO PAULO SP",-23.5131263,-46.3936022
"4144","D031302314",61830,"PRIMAVERA DE CAIENA, AV",NA,"",128,"","08/03/2013 20:55",2,"CF",70,2389," "," ",0,2,0,0,0,0,0,0,0,0,0,0,0,0,0,0,0,61830,"PRIMAVERA DE CAIENA, AV",NA,"",56,"PARELHEIROS",2,0,"PRIMAVERA DE CAIENA, AV 128 SAO PAULO SP",-23.6127621,-46.5110714
"4145","D031300560",18813,"TEODORO SAMPAIO, RUA",14282,"MOURATO COELHO, RUA",0,"","08/03/2013 21:38",4,"AT",14,2173," "," ",1,0,0,0,0,0,0,0,0,0,0,0,0,0,0,0,0,14282,"MOURATO COELHO, RUA",18813,"TEODORO SAMPAIO, RUA",63,"PINHEIROS",1,0,"TEODORO SAMPAIO, RUA SAO PAULO SP &  MOURATO COELHO, RUA SAO PAULO SP",-23.5652586,-46.6903013
"4146","D031302236",9589,"ADELIA CHOHFI, AV",NA,"",100,"","08/03/2013 21:57",4,"AT",55,3278," "," ",0,0,0,0,0,0,0,0,0,0,0,0,0,0,0,1,0,9589,"ADELIA CHOHFI, AV",NA,"",75,"SAO MATEUS",1,0,"ADELIA CHOHFI, AV 100 SAO PAULO SP",-23.6127067,-46.4765918
"4147","D031302115",63230,"POXIM, RUA",NA,"",68,"","08/03/2013 22:15",4,"AT",44,1528," "," ",1,0,0,0,0,0,0,0,0,0,0,0,0,0,0,0,0,63230,"POXIM, RUA",NA,"",50,"LIMAO",1,0,"POXIM, RUA 68 SAO PAULO SP",-23.558819,-46.4143504