"","id_acidente","codloga","logradouroA","codlogb","logradouroB","alt_num","referencia","data","cod_acid","tipo_acidente","dp","numero_BO","sentido","pista","automovel","moto","onibus","caminhao","bicicleta","moto_taxi","onibus_fretado","onibus_urbano","microonibus","van","vuc","caminhonete","carreta","jipe","outros","sem_informacao","carroca","princ_a","paiA","princ_b","paiB","cod_distrito","distrito","vit_ferida","vit_morta","local","lat","lon"
"4149","D031300687",1232,"ANASTACIO, AV DO",NA,"",1000,"","08/03/2013 22:30",2,"CO",33,2154," "," ",1,1,0,0,0,0,0,0,0,0,0,0,0,0,0,0,0,1232,"ANASTACIO, AV DO",NA,"",73,"SAO DOMINGOS",1,0,"ANASTACIO, AV DO 1000 SAO PAULO SP",-23.499812,-46.7344362
"4150","D031301566",11109,"JOSE MONTEIRO, RUA",NA,"",100,"","08/03/2013 22:43",4,"AT",81,1281," "," ",1,0,0,0,0,0,0,0,0,0,0,0,0,0,0,0,0,11109,"JOSE MONTEIRO, RUA",NA,"",8,"BELEM",1,0,"JOSE MONTEIRO, RUA 100 SAO PAULO SP",-23.5399549,-46.606507
"4151","D031302328",16838,"RAIMUNDO PEREIRA DE MAGAL., AV",NA,"",5200,"","08/03/2013 22:57",4,"AT",33,2144," "," ",1,0,0,0,0,0,0,0,0,0,0,0,0,0,0,0,0,16838,"RAIMUNDO PEREIRA DE MAGAL., AV",NA,"",31,"GUAIANASES",0,1,"RAIMUNDO PEREIRA DE MAGAL., AV 5200 SAO PAULO SP",-23.4851657,-46.7236853
"4153","D031301263",16051,"PENHA BRASIL, AV GAL",NA,"",347,"","08/03/2013 23:45",2,"CH",72,2081," "," ",0,1,0,0,0,0,0,0,0,0,0,0,0,0,0,0,0,16051,"PENHA BRASIL, AV GAL",NA,"",48,"LAPA",2,0,"PENHA BRASIL, AV GAL 347 SAO PAULO SP",-23.4597696,-46.6732602
"4155","D031302016",7552,"FRANCISCO RODRIGUES SECKLER, RUA",NA,"",520,"","09/03/2013 00:30",2,"CO",64,2493," "," ",0,1,1,0,0,0,0,0,0,0,0,0,0,0,0,0,0,7552,"FRANCISCO RODRIGUES SECKLER, RUA",NA,"",36,"ITAQUERA",1,0,"FRANCISCO RODRIGUES SECKLER, RUA 520 SAO PAULO SP",-23.5274319,-46.4551136
"4156","D031302212",45354,"SARA KUBITSCHEK, RUA",99327,"NAYLOR DE OLIVEIRA, AV",0,"","09/03/2013 02:20",2,"CF",54,3331," "," ",0,2,0,0,0,0,0,0,0,0,0,0,0,0,0,0,0,45354,"SARA KUBITSCHEK, RUA",99327,"NAYLOR DE OLIVEIRA, AV",25,"CIDADE TIRADENT",1,0,"SARA KUBITSCHEK, RUA SAO PAULO SP &  NAYLOR DE OLIVEIRA, AV SAO PAULO SP",-23.580707,-46.4041414
"4157","D031300919",13014,"MARGINAL DO RIO PINHEIROS, AV",NA,"",12,"","09/03/2013 02:46",2,"CO",89,1500," "," ",1,0,0,0,0,0,0,0,0,0,0,0,0,0,0,0,0,13014,"MARGINAL DO RIO PINHEIROS, AV",NA,"",40,"JAGUARE",4,0,"MARGINAL DO RIO PINHEIROS, AV 12 SAO PAULO SP",-23.4453173,-46.5790431
"4158","D031300462",15017,"FRANCISCO DE TOURINHO, TR",NA,"",43,"","09/03/2013 03:51",2,"CF",83,2041," "," ",1,1,0,0,0,0,0,0,0,0,0,0,0,0,0,0,0,15017,"FRANCISCO DE TOURINHO, TR",NA,"",49,"LIBERDADE",1,0,"FRANCISCO DE TOURINHO, TR 43 SAO PAULO SP",-23.5112448,-46.5110102
"4159","D031300519",5077,"CLEMENTE ALVARES, RUA",NA,"",100,"","09/03/2013 04:30",2,"CO",7,489," "," ",1,0,0,0,0,0,0,0,0,1,0,0,0,0,0,0,0,5077,"CLEMENTE ALVARES, RUA",NA,"",48,"LAPA",1,0,"CLEMENTE ALVARES, RUA 100 SAO PAULO SP",-23.5208381,-46.7036619
"4160","D031300686",1429,"ANHANGUERA, VIA",NA,"",14300,"","09/03/2013 04:32",2,"CT",33,2148," "," ",1,0,0,1,0,0,0,0,0,0,0,0,0,0,0,0,0,1429,"ANHANGUERA, VIA",NA,"",73,"SAO DOMINGOS",1,0,"ANHANGUERA, VIA 14300 SAO PAULO SP",-23.4900941,-46.7665396
"4161","D031301910",46936,"JACU-PESSEGO/NOVA TRABALHADORE, AV",NA,"",4600,"","09/03/2013 05:50",2,"CL",32,1589," "," ",1,1,0,0,0,0,0,0,0,0,0,0,0,0,0,0,0,46936,"JACU-PESSEGO/NOVA TRABALHADORE, AV",NA,"",46,"JOSE BONIFACIO",1,0,"JACU-PESSEGO/NOVA TRABALHADORE, AV 4600 SAO PAULO SP",-23.5792929,-46.4427658
"4162","D031301482",19708,"VILA EMA, AV",NA,"",3881,"","09/03/2013 06:30",2,"CH",42,882," "," ",2,0,0,0,0,0,0,0,0,0,0,0,0,0,0,0,0,19708,"VILA EMA, AV",NA,"",26,"CONSOLACAO",1,0,"VILA EMA, AV 3881 SAO PAULO SP",-23.5894985,-46.5425131
"4163","D031301086",4775,"CEREJEIRAS, AV DAS",NA,"",340,"","09/03/2013 06:41",2,"CH",19,899," "," ",1,0,0,0,0,0,0,0,0,0,0,0,0,0,0,0,0,4775,"CEREJEIRAS, AV DAS",NA,"",94,"VILA MEDEIROS",2,0,"CEREJEIRAS, AV DAS 340 SAO PAULO SP",-23.5123494,-46.5804445
"4164","D031302386",15507,"TEOTONIO VILELA, AV SEN",NA,"",5000,"","09/03/2013 06:50",2,"CT",101,1668," "," ",1,1,0,1,0,0,0,0,0,0,0,0,0,0,0,0,0,15507,"TEOTONIO VILELA, AV SEN",NA,"",NA,"",0,1,"TEOTONIO VILELA, AV SEN 5000 SAO PAULO SP",-23.7592428,-46.7153524
"4166","D031301290",6224,"EDU CHAVES, AV",4749,"ANTENOR NAVARRO, AV",0,"","09/03/2013 07:00",2,"CO",73,910," "," ",1,1,0,0,0,0,0,0,0,0,0,0,0,0,0,0,0,4749,"ANTENOR NAVARRO, AV",6224,"EDU CHAVES, AV",94,"VILA MEDEIROS",1,0,"EDU CHAVES, AV SAO PAULO SP &  ANTENOR NAVARRO, AV SAO PAULO SP",-23.4721429,-46.5718386
"4167","D031300788",99949,"CARLOS CALDEIRA FILHO, AV",NA,"",15,"","09/03/2013 07:10",2,"CO",37,2381," "," ",1,1,0,0,0,0,0,0,0,0,0,0,0,0,0,0,0,99949,"CARLOS CALDEIRA FILHO, AV",NA,"",19,"CAPAO REDONDO",1,0,"CARLOS CALDEIRA FILHO, AV 15 SAO PAULO SP",-23.6518674,-46.7606243
"4168","D031301326",6361,"ELISIO TEIXEIRA LEITE, AV",NA,"",7200,"","09/03/2013 07:33",2,"CT",74,912," "," ",0,1,1,0,0,0,0,0,0,0,0,0,0,0,0,0,0,6361,"ELISIO TEIXEIRA LEITE, AV",NA,"",29,"FREGUESIA DO O",1,0,"ELISIO TEIXEIRA LEITE, AV 7200 SAO PAULO SP",-23.4392491,-46.7170236
"4169","D031300766",99949,"CARLOS CALDEIRA FILHO, AV",NA,"",1000,"","09/03/2013 07:40",2,"CO",37,1946," "," ",1,1,0,0,0,0,0,0,0,0,0,0,0,0,0,0,0,99949,"CARLOS CALDEIRA FILHO, AV",NA,"",19,"CAPAO REDONDO",1,0,"CARLOS CALDEIRA FILHO, AV 1000 SAO PAULO SP",-23.643331,-46.74754
"4170","D031301325",15425,"CANTIDIO SAMPAIO, AV DEP",NA,"",3500,"","09/03/2013 07:48",4,"AT",74,903,"B"," ",0,1,0,0,0,0,0,0,0,0,0,0,0,0,0,0,0,15425,"CANTIDIO SAMPAIO, AV DEP",NA,"",41,"JARAGUA",1,0,"CANTIDIO SAMPAIO, AV DEP 3500 SAO PAULO SP",-23.454143,-46.6964363
"4171","D031301959",21253,"AGUIA DE HAIA, AV",NA,"",3601,"","09/03/2013 08:07",2,"CT",62,800," "," ",1,0,1,0,0,0,0,0,0,0,0,0,0,0,0,0,0,21253,"AGUIA DE HAIA, AV",NA,"",0,"NULL",3,0,"AGUIA DE HAIA, AV 3601 SAO PAULO SP",-23.5148349,-46.4767775
"4172","D031300496",19100,"BANDEIRANTES, AV DOS",NA,"",2094,"","09/03/2013 08:10",2,"CL",96,1091," "," ",1,1,0,0,0,0,0,0,0,0,0,0,0,0,0,0,0,19100,"BANDEIRANTES, AV DOS",NA,"",24,"CIDADE LIDER",1,0,"BANDEIRANTES, AV DOS 2094 SAO PAULO SP",-23.6091336,-46.676464
"4173","D031301351",5933,"DIONISIO CHAGAS, RUA SOLD",NA,"",300,"","09/03/2013 08:10",2,"CO",90,907," "," ",1,1,0,0,0,0,0,0,0,0,0,0,0,0,0,0,0,5933,"DIONISIO CHAGAS, RUA SOLD",NA,"",91,"VILA MARIA",1,0,"DIONISIO CHAGAS, RUA SOLD 300 SAO PAULO SP",-23.5137751,-46.5734955
"4174","D031300846",16878,"RAPOSO TAVARES, VIA",NA,"",11,"","09/03/2013 08:15",2,"CO",51,1133," "," ",2,0,0,0,0,0,0,0,0,0,0,0,0,0,0,0,0,16878,"RAPOSO TAVARES, VIA",NA,"",13,"CACHOEIRINHA",1,0,"RAPOSO TAVARES, VIA 11 SAO PAULO SP",-23.6219294,-46.6885123
"4175","D031302052",4936,"CEMBIRA, RUA",NA,"",1304,"","09/03/2013 08:45",2,"CT",67,1746," "," ",1,1,0,0,0,0,0,0,0,0,0,0,0,0,0,0,0,4936,"CEMBIRA, RUA",NA,"",86,"VILA CURUCA",1,0,"CEMBIRA, RUA 1304 SAO PAULO SP",-23.5077096,-46.4294412
"4176","D031301571",999,"SANTO AMARO, AV",NA,"",2200,"","09/03/2013 09:00",2,"QD",11,135," "," ",0,0,1,0,0,0,0,0,0,0,0,0,0,0,0,0,0,999,"SANTO AMARO, AV",NA,"",34,"ITAIM BIBI",1,0,"SANTO AMARO, AV 2200 SAO PAULO SP",-23.6042897,-46.6751475
"4177","D031301615",33015,"SADAMU INOUE, AV",NA,"",5458,"","09/03/2013 09:30",2,"CT",25,546," "," ",1,1,0,0,0,0,0,0,0,0,0,0,0,0,0,0,0,33015,"SADAMU INOUE, AV",NA,"",76,"SAO MIGUEL",1,0,"SADAMU INOUE, AV 5458 SAO PAULO SP",-23.8170266,-46.7346375
"4178","D031300978",15185,"OTACILIO TOMANIK, AV",NA,"",1335,"","09/03/2013 10:10",2,"SI",93,1618," "," ",0,1,0,0,0,0,0,0,0,0,0,1,0,0,0,0,0,15185,"OTACILIO TOMANIK, AV",NA,"",13,"CACHOEIRINHA",2,0,"OTACILIO TOMANIK, AV 1335 SAO PAULO SP",-23.5683241,-46.7503766
"4180","D031302063",972,"AMANCIO DE MOURA, RUA",NA,"",36,"","09/03/2013 10:30",4,"AT",68,906," "," ",0,0,0,0,0,0,0,0,0,0,0,1,0,0,0,0,0,972,"AMANCIO DE MOURA, RUA",NA,"",50,"LIMAO",1,0,"AMANCIO DE MOURA, RUA 36 SAO PAULO SP",-23.5408937,-46.414825
"4181","D031301052",7695,"GABRIEL PIZA, RUA DR",NA,"",63,"","09/03/2013 10:35",2,"QD",13,2503," "," ",0,0,0,0,0,0,0,1,0,0,0,0,0,0,0,0,0,7695,"GABRIEL PIZA, RUA DR",NA,"",71,"SANTANA",1,0,"GABRIEL PIZA, RUA DR 63 SAO PAULO SP",-23.5019676,-46.6255885
"4182","D031301962",2429,"ASSIS RIBEIRO, RUA DR",NA,"",8474,"","09/03/2013 11:00",2,"QD",62,998," "," ",0,0,1,0,0,0,0,0,0,0,0,0,0,0,0,0,0,2429,"ASSIS RIBEIRO, RUA DR",NA,"",28,"ERMELINO MATARA",1,0,"ASSIS RIBEIRO, RUA DR 8474 SAO PAULO SP",-23.4850652,-46.478735
"4183","D031301171",19337,"ULTRAMARINO, AV",NA,"",822,"","09/03/2013 12:00",2,"CO",38,911," "," ",2,1,0,0,0,0,0,0,0,0,0,0,0,0,0,0,0,19337,"ULTRAMARINO, AV",NA,"",8,"BELEM",1,0,"ULTRAMARINO, AV 822 SAO PAULO SP",-23.4711114,-46.6418751
"4185","D031301950",12993,"DIOGO DA COSTA TAVARES, AV",NA,"",328,"","09/03/2013 13:34",2,"CO",59,986," "," ",0,1,0,0,0,0,0,0,0,0,0,0,0,0,0,1,0,12993,"DIOGO DA COSTA TAVARES, AV",NA,"",43,"JARDIM HELENA",1,0,"DIOGO DA COSTA TAVARES, AV 328 SAO PAULO SP",-23.4845652,-46.3852537
"4186","D031301937",17820,"TITO, AV MAL",NA,"",5600,"","09/03/2013 13:40",2,"CL",50,2901," "," ",1,1,0,0,0,0,0,0,0,0,0,0,0,0,0,0,0,17820,"TITO, AV MAL",NA,"",53,"MOEMA",1,0,"TITO, AV MAL 5600 SAO PAULO SP",-23.4955709,-46.3910394
"4187","D031302059",67863,"MARIA AMELIA DE ASSUNCAO, RUA",67255,"MIGUEL SOARES DE LEAO, RUA",0,"","09/03/2013 13:44",2,"CO",68,801," "," ",0,0,0,1,1,0,0,0,0,0,0,0,0,0,0,0,0,67255,"MIGUEL SOARES DE LEAO, RUA",67863,"MARIA AMELIA DE ASSUNCAO, RUA",47,"LAJEADO",1,0,"MARIA AMELIA DE ASSUNCAO, RUA SAO PAULO SP &  MIGUEL SOARES DE LEAO, RUA SAO PAULO SP",-23.5283969,-46.4225733
"4188","D031300206",99470,"JOSE JOAQUIM MOREDO, RUA",NA,"",1,"","09/03/2013 13:49",2,"QM",12,1355," "," ",0,1,0,0,0,0,0,0,0,0,0,0,0,0,0,0,0,99470,"JOSE JOAQUIM MOREDO, RUA",NA,"",57,"PARI",1,0,"JOSE JOAQUIM MOREDO, RUA 1 SAO PAULO SP",-23.5210919,-46.6246392
"4190","D031302280",17824,"SAPOPEMBA, AV",NA,"",13370,"","09/03/2013 14:02",2,"CO",69,742," "," ",1,0,0,0,0,0,0,1,0,0,0,0,0,0,0,0,0,17824,"SAPOPEMBA, AV",NA,"",33,"IPIRANGA",2,0,"SAPOPEMBA, AV 13370 SAO PAULO SP",-23.6128336,-46.4793024
"4191","D031300088",5431,"ARTHUR DA COSTA E SILVA, VEL PRES",NA,"",1,"","09/03/2013 14:40",4,"AT",4,1952," "," ",1,0,0,0,0,0,0,0,0,0,0,0,0,0,0,0,0,5431,"ARTHUR DA COSTA E SILVA, VEL PRES",NA,"",70,"SANTA CECILIA",1,0,"ARTHUR DA COSTA E SILVA, VEL PRES 1 SAO PAULO SP",-23.6635175,-46.4786303
"4192","D031301632",17680,"SALVADOR RODRIGUES NEGRAO, RUA",1951,"APOLONIO DE OLIVEIRA, RUA",0,"","09/03/2013 14:40",2,"CO",43,351," "," ",1,1,0,0,0,0,0,0,0,0,0,0,0,0,0,0,0,1951,"APOLONIO DE OLIVEIRA, RUA",17680,"SALVADOR RODRIGUES NEGRAO, RUA",NA,"",1,0,"SALVADOR RODRIGUES NEGRAO, RUA SAO PAULO SP &  APOLONIO DE OLIVEIRA, RUA SAO PAULO SP",-23.6703856,-46.6641085
"4194","D031300390",17214,"VICTORIA SIMOES, RUA",NA,"",100,"","09/03/2013 14:58",2,"CO",35,2148," "," ",1,1,0,0,0,0,0,0,0,0,0,0,0,0,0,0,0,17214,"VICTORIA SIMOES, RUA",NA,"",29,"FREGUESIA DO O",2,0,"VICTORIA SIMOES, RUA 100 SAO PAULO SP",-23.6642151,-46.6582155
"4195","D031301053",11270,"JUCA FLORIANO, RUA",10272,"JOAO DO AMARAL, RUA",0,"","09/03/2013 15:00",2,"CL",13,2510," "," ",1,1,0,0,0,0,0,0,0,0,0,0,0,0,0,0,0,10272,"JOAO DO AMARAL, RUA",11270,"JUCA FLORIANO, RUA",21,"CASA VERDE",1,0,"JUCA FLORIANO, RUA SAO PAULO SP &  JOAO DO AMARAL, RUA SAO PAULO SP",-23.5002715,-46.6605895
"4196","D031300079",989,"AMARAL GURGEL, RUA",NA,"",414,"","09/03/2013 16:21",2,"SI",4,1068," "," ",0,1,0,1,0,0,0,0,0,0,0,0,0,0,0,0,0,989,"AMARAL GURGEL, RUA",NA,"",67,"REPUBLICA",1,0,"AMARAL GURGEL, RUA 414 SAO PAULO SP",-23.5435719,-46.6476749
"4197","D031302123",13539,"MARITACA, RUA",NA,"",15,"","09/03/2013 16:30",4,"AT",44,1993," "," ",0,0,0,0,0,0,0,0,0,0,0,0,0,0,0,1,0,13539,"MARITACA, RUA",NA,"",50,"LIMAO",1,0,"MARITACA, RUA 15 SAO PAULO SP",-23.5547419,-46.4038393
"4199","D031300280",18957,"TIQUATIRA, RUA",11431,"JUCARA, RUA",0,"","09/03/2013 17:19",2,"CO",16,3183," "," ",2,0,0,0,0,0,0,0,0,0,0,0,0,0,0,0,0,11431,"JUCARA, RUA",18957,"TIQUATIRA, RUA",27,"CURSINO",1,0,"TIQUATIRA, RUA SAO PAULO SP &  JUCARA, RUA SAO PAULO SP",-23.6113221,-46.6220473
"4200","D031300463",1532,"OLYMPIA SEMERARO, RUA",NA,"",200,"","09/03/2013 17:22",2,"CO",83,2050," "," ",0,1,0,0,0,0,0,1,0,0,0,0,0,0,0,0,0,1532,"OLYMPIA SEMERARO, RUA",NA,"",21,"CASA VERDE",1,0,"OLYMPIA SEMERARO, RUA 200 SAO PAULO SP",-23.6416663,-46.5920646
"4201","D031300632",19259,"TURIASSU, RUA",NA,"",2100,"","09/03/2013 17:30",2,"CL",23,1322," "," ",0,0,0,0,1,0,0,0,0,0,0,1,0,0,0,0,0,19259,"TURIASSU, RUA",NA,"",19,"CAPAO REDONDO",1,0,"TURIASSU, RUA 2100 SAO PAULO SP",-23.5278579,-46.6802309
"4202","D031300336",79009,"FRANCISCO PESTANA, RUA",24261,"JACOB ARCADELT, RUA",0,"","09/03/2013 17:40",2,"CO",26,2051," "," ",2,0,0,0,0,0,0,0,0,0,0,0,0,0,0,0,0,24261,"JACOB ARCADELT, RUA",79009,"FRANCISCO PESTANA, RUA",69,"SACOMA",1,0,"FRANCISCO PESTANA, RUA SAO PAULO SP &  JACOB ARCADELT, RUA SAO PAULO SP",-23.6376932,-46.6055262
"4203","D031300156",15227,"OTTO DE ALENCAR, RUA",11454,"JUSTO AZAMBUJA, RUA",0,"","09/03/2013 18:00",2,"CO",8,1746," "," ",2,0,0,0,0,0,0,0,0,0,0,0,0,0,0,0,0,11454,"JUSTO AZAMBUJA, RUA",15227,"OTTO DE ALENCAR, RUA",14,"CAMBUCI",3,0,"OTTO DE ALENCAR, RUA SAO PAULO SP &  JUSTO AZAMBUJA, RUA SAO PAULO SP",-23.558956,-46.6247261
"4204","D031300979",831,"ALTINO, AV PRES",NA,"",2630,"","09/03/2013 18:10",2,"CO",93,1628," "," ",1,1,0,0,0,0,0,0,0,0,0,0,0,0,0,0,0,831,"ALTINO, AV PRES",NA,"",40,"JAGUARE",2,0,"ALTINO, AV PRES 2630 SAO PAULO SP",-23.5330541,-46.7550098
"4206","D031301941",37029,"ISNARD DOS REIS, RUA DESEM",NA,"",136,"","09/03/2013 19:00",2,"QD",50,3334," "," ",0,0,0,0,0,0,0,0,0,0,0,0,0,0,0,1,0,37029,"ISNARD DOS REIS, RUA DESEM",NA,"",54,"MOOCA",1,0,"ISNARD DOS REIS, RUA DESEM 136 SAO PAULO SP",-23.5013502,-46.3679676
"4207","D031300882",35310,"LUCIDIO MARCONDES SOUZA, RUA",NA,"",210,"","09/03/2013 19:00",2,"CL",75,949," "," ",1,1,0,0,0,0,0,0,0,0,0,0,0,0,0,0,0,35310,"LUCIDIO MARCONDES SOUZA, RUA",NA,"",13,"CACHOEIRINHA",1,0,"LUCIDIO MARCONDES SOUZA, RUA 210 SAO PAULO SP",-23.5988595,-46.7912695
"4208","D031300259",14804,"NOVE DE JULHO, AV",11989,"LORENA, AL",0,"","09/03/2013 19:00",2,"CO",78,1869,"B"," ",1,1,0,0,0,0,0,0,0,0,0,0,0,0,0,0,0,11989,"LORENA, AL",14804,"NOVE DE JULHO, AV",44,"JARDIM PAULISTA",1,0,"NOVE DE JULHO, AV SAO PAULO SP &  LORENA, AL SAO PAULO SP",-23.5517584,-46.6473069
"4209","D031301125",18151,"SEZEFREDO FAGUNDES, AV CEL",NA,"",13450,"","09/03/2013 19:12",2,"CO",20,2139," "," ",2,0,0,0,0,0,0,0,0,0,0,0,0,0,0,0,0,18151,"SEZEFREDO FAGUNDES, AV CEL",NA,"",22,"CIDADE ADEMAR",1,0,"SEZEFREDO FAGUNDES, AV CEL 13450 SAO PAULO SP",-23.4173142,-46.5857559
"4210","D031302145",13671,"MATEO BEI, AV",NA,"",2772,"","09/03/2013 19:30",4,"AT",49,3326," "," ",0,1,0,0,0,0,0,0,0,0,0,0,0,0,0,0,0,13671,"MATEO BEI, AV",NA,"",75,"SAO MATEUS",1,0,"MATEO BEI, AV 2772 SAO PAULO SP",-23.6055674,-46.4801686
"4211","D031300936",9153,"JANGADAS, RUA DAS",NA,"",25,"","09/03/2013 19:40",2,"QM",89,2212," "," ",0,1,0,0,0,0,0,0,0,0,0,0,0,0,0,0,0,9153,"JANGADAS, RUA DAS",NA,"",0,"NULL",1,0,"JANGADAS, RUA DAS 25 SAO PAULO SP",-23.6175954,-46.7269731
"4212","D031301369",954,"AMADOR BUENO DA VEIGA, AV",6414,"EMBIRUCU, RUA",0,"","09/03/2013 20:00",2,"CO",10,2746," "," ",2,0,0,0,0,0,0,0,0,0,0,0,0,0,0,0,0,954,"AMADOR BUENO DA VEIGA, AV",6414,"EMBIRUCU, RUA",60,"PENHA",1,0,"AMADOR BUENO DA VEIGA, AV SAO PAULO SP &  EMBIRUCU, RUA SAO PAULO SP",-23.522986,-46.5196435
"4213","D031301563",4736,"CELSO GARCIA, AV",NA,"",1907,"","09/03/2013 20:40",2,"QM",81,784," "," ",0,1,0,0,0,0,0,0,0,0,0,0,0,0,0,0,0,4736,"CELSO GARCIA, AV",NA,"",82,"TATUAPE",1,0,"CELSO GARCIA, AV 1907 SAO PAULO SP",-23.5367894,-46.5932953
"4214","D031300337",14705,"SAUDE, RUA NSRA DA",NA,"",1650,"","09/03/2013 21:00",4,"AT",26,2062," "," ",1,0,0,0,0,0,0,0,0,0,0,0,0,0,0,0,0,14705,"SAUDE, RUA NSRA DA",NA,"",69,"SACOMA",1,0,"SAUDE, RUA NSRA DA 1650 SAO PAULO SP",-23.622009,-46.6063153
"4215","D031300258",2164,"ARGENTINA, RUA",3440,"BOLIVIA, RUA",0,"","09/03/2013 21:07",2,"CO",78,1868," "," ",1,0,0,0,0,0,0,0,0,0,0,1,0,0,0,0,0,2164,"ARGENTINA, RUA",3440,"BOLIVIA, RUA",44,"JARDIM PAULISTA",1,0,"ARGENTINA, RUA SAO PAULO SP &  BOLIVIA, RUA SAO PAULO SP",-23.5716157,-46.6689462
"4216","D031301055",15188,"OTAVIANO ALVES DE LIMA, AV",6740,"EUCLIDES MACHADO, RUA CEL",0,"","09/03/2013 21:30",2,"CT",13,2577," "," ",2,0,0,0,0,0,0,0,0,0,0,0,0,0,0,0,0,6740,"EUCLIDES MACHADO, RUA CEL",15188,"OTAVIANO ALVES DE LIMA, AV",50,"LIMAO",1,0,"OTAVIANO ALVES DE LIMA, AV SAO PAULO SP &  EUCLIDES MACHADO, RUA CEL SAO PAULO SP",-23.5076655,-46.7073803
"4217","D031301742",21601,"DEOCLECIANO DE OLIVEIRA FILHO, RUA",NA,"",160,"","09/03/2013 21:50",4,"AT",92,3070," "," ",1,0,0,0,0,0,0,0,0,0,0,0,0,0,0,0,0,21601,"DEOCLECIANO DE OLIVEIRA FILHO, RUA",NA,"",29,"FREGUESIA DO O",1,0,"DEOCLECIANO DE OLIVEIRA FILHO, RUA 160 SAO PAULO SP",-23.665617,-46.7542436
"4218","D031302003",2426,"JOAO DO CARIRI, RUA S",NA,"",280,"","09/03/2013 21:50",2,"CO",64,2138," "," ",1,0,0,0,1,0,0,0,0,0,0,0,0,0,0,0,0,2426,"JOAO DO CARIRI, RUA S",NA,"",36,"ITAQUERA",1,0,"JOAO DO CARIRI, RUA S 280 SAO PAULO SP",-23.5232811,-46.4492985
"4219","D031301248",70132,"JOAO PINTO DE OLIVEIRA, RUA",NA,"",260,"","09/03/2013 22:07",4,"AT",45,2110," "," ",1,0,0,0,0,0,0,0,0,0,0,0,0,0,0,0,0,70132,"JOAO PINTO DE OLIVEIRA, RUA",NA,"",40,"JAGUARE",1,0,"JOAO PINTO DE OLIVEIRA, RUA 260 SAO PAULO SP",-23.4616692,-46.6899921
"4222","D031301414",19700,"VIEIRA PINTO, RUA",NA,"",323,"","09/03/2013 22:36",2,"CL",21,2741," "," ",2,0,0,0,0,0,0,0,0,0,0,0,0,0,0,0,0,19700,"VIEIRA PINTO, RUA",NA,"",38,"JACANA",2,0,"VIEIRA PINTO, RUA 323 SAO PAULO SP",-23.5390664,-46.5382004
"4223","D031300748",7500,"FRANCISCO MORATO, AV PROF",NA,"",4826,"","09/03/2013 22:55",2,"SI",34,1959," "," ",0,1,0,0,0,0,0,0,0,0,0,0,0,0,0,0,0,7500,"FRANCISCO MORATO, AV PROF",NA,"",12,"BUTANTA",1,0,"FRANCISCO MORATO, AV PROF 4826 SAO PAULO SP",-23.5980923,-46.740975
"4224","D031302045",34654,"WALDEMAR TIETZ, AV",NA,"",455,"","09/03/2013 23:06",4,"AT",65,2515," "," ",1,0,0,0,0,0,0,0,0,0,0,0,0,0,0,0,0,34654,"WALDEMAR TIETZ, AV",NA,"",NA,"",1,0,"WALDEMAR TIETZ, AV 455 SAO PAULO SP",-23.5510788,-46.489752
"4226","D031301690",20048,"YERVANT KISSAJIKIAN, AV",4734,"CELSO DOS SANTOS, AV",0,"","09/03/2013 23:20",2,"CO",80,2595," "," ",1,0,0,1,0,0,0,0,0,0,0,1,0,0,0,0,0,4734,"CELSO DOS SANTOS, AV",20048,"YERVANT KISSAJIKIAN, AV",22,"CIDADE ADEMAR",3,0,"YERVANT KISSAJIKIAN, AV SAO PAULO SP &  CELSO DOS SANTOS, AV SAO PAULO SP",-23.679855,-46.6553853
"4227","D031301024",5204,"CONCEICAO (ES.), AV",10622,"JOAQUINA RAMALHO, AV",0,"","09/03/2013 23:30",2,"CO",9,2147," "," ",1,1,0,0,0,0,0,0,0,0,0,0,0,0,0,0,0,5204,"CONCEICAO (ES.), AV",10622,"JOAQUINA RAMALHO, AV",88,"VILA GUILHERME",1,0,"CONCEICAO (ES.), AV SAO PAULO SP &  JOAQUINA RAMALHO, AV SAO PAULO SP",-20.6410574,-40.5128593
"4228","D031301264",15425,"CANTIDIO SAMPAIO, AV DEP",NA,"",754,"","09/03/2013 23:30",2,"CF",72,2117," "," ",0,2,0,0,0,0,0,0,0,0,0,0,0,0,0,0,0,15425,"CANTIDIO SAMPAIO, AV DEP",NA,"",41,"JARAGUA",2,0,"CANTIDIO SAMPAIO, AV DEP 754 SAO PAULO SP",-23.4706069,-46.6762081
"4229","D031301867",1890,"ANTONIO VIANA, RUA",NA,"",305,"","10/03/2013 00:05",4,"AT",22,1762," "," ",0,0,0,0,0,0,0,0,0,0,0,1,0,0,0,0,0,1890,"ANTONIO VIANA, RUA",NA,"",43,"JARDIM HELENA",2,0,"ANTONIO VIANA, RUA 305 SAO PAULO SP",-23.4862524,-46.4317924
"4230","D031300228",4736,"CELSO GARCIA, AV",NA,"",107,"","10/03/2013 00:17",4,"AT",12,1753," "," ",1,0,0,0,0,0,0,0,0,0,0,0,0,0,0,0,0,4736,"CELSO GARCIA, AV",NA,"",82,"TATUAPE",1,0,"CELSO GARCIA, AV 107 SAO PAULO SP",-23.5383892,-46.6020886