"","id_acidente","codloga","logradouroA","codlogb","logradouroB","alt_num","referencia","data","cod_acid","tipo_acidente","dp","numero_BO","sentido","pista","automovel","moto","onibus","caminhao","bicicleta","moto_taxi","onibus_fretado","onibus_urbano","microonibus","van","vuc","caminhonete","carreta","jipe","outros","sem_informacao","carroca","princ_a","paiA","princ_b","paiB","cod_distrito","distrito","vit_ferida","vit_morta","local","lat","lon"
"4411","D031300087",5245,"CONSOLACAO, RUA DA",NA,"",1759,"","12/03/2013 09:01",2,"CL",4,1853," "," ",3,1,0,0,0,0,0,0,0,0,0,0,0,0,0,0,0,5245,"CONSOLACAO, RUA DA",NA,"",26,"CONSOLACAO",1,0,"CONSOLACAO, RUA DA 1759 SAO PAULO SP",-23.5519626,-46.6574009
"4413","D031300498",17064,"RIBEIRO DO VALE, RUA",31498,"ROBERTO MARINHO - ANT AGUA ESP, AV JORN",0,"","12/03/2013 09:25",2,"CO",96,1127," "," ",1,1,0,0,0,0,0,0,0,0,0,0,0,0,0,0,0,17064,"RIBEIRO DO VALE, RUA",31498,"ROBERTO MARINHO - ANT AGUA ESP, AV JORN",34,"ITAIM BIBI",1,0,"RIBEIRO DO VALE, RUA SAO PAULO SP &  ROBERTO MARINHO - ANT AGUA ESP, AV JORN SAO PAULO SP",-23.6128933,-46.6880858
"4415","D031301372",6371,"ELISABETH DE ROBIANO, AV CDSSA",NA,"",4800,"","12/03/2013 10:00",2,"CH",10,2836," "," ",0,0,0,0,0,0,0,0,0,0,0,1,0,0,0,0,0,29772,"MARGINAL DO RIO TIETE, AV",NA,"",82,"TATUAPE",1,0,"ELISABETH DE ROBIANO, AV CDSSA 4800 SAO PAULO SP",-23.5076424,-46.5495997
"4416","D031300015",6642,"ESTADO, AV DO",NA,"",3000,"","12/03/2013 10:00",2,"CO",1,2053," "," ",1,1,0,0,0,0,0,0,0,0,0,0,0,0,0,0,0,6642,"ESTADO, AV DO",NA,"",9,"BOM RETIRO",1,0,"ESTADO, AV DO 3000 SAO PAULO SP",-23.5712514,-46.6045083
"4418","D031300287",10900,"JOSE DE MAGALHAES, RUA",NA,"",315,"","12/03/2013 10:30",2,"CH",16,3308," "," ",1,1,0,0,0,0,0,0,0,0,0,0,0,0,0,0,0,10900,"JOSE DE MAGALHAES, RUA",NA,"",92,"VILA MARIANA",1,0,"JOSE DE MAGALHAES, RUA 315 SAO PAULO SP",-23.5968447,-46.6491741
"4419","D031301522",24338,"LUIZ IGNACIO ANHAIA MELLO, AV PROF",NA,"",275,"","12/03/2013 10:45",2,"CO",56,1551," "," ",1,1,0,0,0,0,0,0,0,0,0,0,0,0,0,0,0,24338,"LUIZ IGNACIO ANHAIA MELLO, AV PROF",NA,"",26,"CONSOLACAO",1,0,"LUIZ IGNACIO ANHAIA MELLO, AV PROF 275 SAO PAULO SP",-23.6668839,-46.4973332
"4421","D031300250",14750,"NOTHMANN, AL",NA,"",605,"","12/03/2013 11:00",2,"CT",77,1320," "," ",0,1,0,0,0,0,0,0,0,0,0,1,0,0,0,0,0,14750,"NOTHMANN, AL",NA,"",70,"SANTA CECILIA",1,0,"NOTHMANN, AL 605 SAO PAULO SP",-23.5330707,-46.6468825
"4422","D031300953",16838,"RAIMUNDO PEREIRA DE MAGAL., AV",2928,"BARTOLOMEU PAES, RUA",0,"","12/03/2013 11:03",2,"CF",91,516," "," ",2,0,0,0,0,0,0,0,0,0,0,0,0,0,0,0,0,2928,"BARTOLOMEU PAES, RUA",16838,"RAIMUNDO PEREIRA DE MAGAL., AV",NA,"",1,0,"RAIMUNDO PEREIRA DE MAGAL., AV SAO PAULO SP &  BARTOLOMEU PAES, RUA SAO PAULO SP",-23.4806625,-46.7253209
"4423","D031300392",75759,"ANTONIO DA SILVA LOBO JUNIOR, RUA",17320,"RODRIGUES MONTEMOR, AV",0,"","12/03/2013 11:05",2,"CO",35,2224," "," ",1,1,0,0,0,0,0,0,0,0,0,0,0,0,0,0,0,17320,"RODRIGUES MONTEMOR, AV",75759,"ANTONIO DA SILVA LOBO JUNIOR, RUA",37,"JABAQUARA",1,0,"ANTONIO DA SILVA LOBO JUNIOR, RUA SAO PAULO SP &  RODRIGUES MONTEMOR, AV SAO PAULO SP",-23.6621369,-46.6499565
"4424","D031300245",14453,"NEBIAS, RUA CONS",6263,"EDUARDO PRADO, AL",0,"","12/03/2013 11:24",2,"CO",77,1105," "," ",1,1,0,0,0,0,0,0,0,0,0,0,0,0,0,0,0,6263,"EDUARDO PRADO, AL",14453,"NEBIAS, RUA CONS",70,"SANTA CECILIA",1,0,"NEBIAS, RUA CONS SAO PAULO SP &  EDUARDO PRADO, AL SAO PAULO SP",-23.5351976,-46.6461192
"4425","D031300001",15629,"PAULA SOUSA, RUA",4146,"CANTAREIRA, RUA DA",0,"","12/03/2013 11:35",4,"AT",1,1419," "," ",1,0,0,0,0,0,0,0,0,0,0,0,0,0,0,0,0,4146,"CANTAREIRA, RUA DA",15629,"PAULA SOUSA, RUA",80,"SE",1,0,"PAULA SOUSA, RUA SAO PAULO SP &  CANTAREIRA, RUA DA SAO PAULO SP",-23.5381452,-46.6306864
"4426","D031301389",9198,"INHOMERIM, RUA VISC DE",NA,"",300,"","12/03/2013 11:40",2,"CO",18,472," "," ",2,1,0,0,0,0,0,0,0,0,0,0,0,0,0,0,0,9198,"INHOMERIM, RUA VISC DE",NA,"",54,"MOOCA",1,0,"INHOMERIM, RUA VISC DE 300 SAO PAULO SP",-23.5630863,-46.601384
"4428","D031300208",15053,"ORIENTE, RUA",NA,"",382,"","12/03/2013 12:29",4,"AT",12,1416," "," ",0,0,0,1,0,0,0,0,0,0,0,0,0,0,0,0,0,15053,"ORIENTE, RUA",NA,"",6,"BARRA FUNDA",1,0,"ORIENTE, RUA 382 SAO PAULO SP",-23.5380555,-46.6184848
"4429","D031301663",29756,"MANUEL DO AMORIM, RUA",29896,"PIRAJUSSARA-VALO VELHO, ES",0,"","12/03/2013 12:30",4,"AT",47,3366," "," ",1,0,0,0,0,0,0,0,0,0,0,0,0,0,0,0,0,29756,"MANUEL DO AMORIM, RUA",29896,"PIRAJUSSARA-VALO VELHO, ES",17,"CAMPO LIMPO",1,0,"MANUEL DO AMORIM, RUA SAO PAULO SP &  PIRAJUSSARA-VALO VELHO, ES SAO PAULO SP",-23.6472422,-46.7913361
"4430","D031301402",13789,"MELCHERT, AV",NA,"",758,"","12/03/2013 12:36",4,"AT",21,811," "," ",1,0,0,0,0,0,0,0,0,0,0,0,0,0,0,0,0,13789,"MELCHERT, AV",NA,"",93,"VILA MATILDE",1,0,"MELCHERT, AV 758 SAO PAULO SP",-23.5363669,-46.5304704
"4431","D031301864",1100,"AMERICO GOMES DA COSTA, RUA",11542,"NORDESTINA, AV",0,"","12/03/2013 12:45",2,"QM",22,1592," "," ",0,1,0,0,0,0,0,0,0,0,0,0,0,0,0,0,0,1100,"AMERICO GOMES DA COSTA, RUA",11542,"NORDESTINA, AV",76,"SAO MIGUEL",1,0,"AMERICO GOMES DA COSTA, RUA SAO PAULO SP &  NORDESTINA, AV SAO PAULO SP",-23.4951524,-46.4409883
"4432","D031301484",5425,"COSTA BARROS, RUA",NA,"",22000,"","12/03/2013 13:06",2,"CO",42,926," "," ",1,1,0,0,0,0,0,0,0,0,0,0,0,0,0,0,0,5425,"COSTA BARROS, RUA",NA,"",95,"VILA PRUDENTE",1,0,"COSTA BARROS, RUA 22000 SAO PAULO SP",-23.6047674,-46.5502522
"4433","D031300288",5586,"CUNHA, RUA",NA,"",52,"","12/03/2013 13:10",2,"CO",16,3331," "," ",1,1,0,0,0,0,0,0,0,0,0,0,0,0,0,0,0,5586,"CUNHA, RUA",NA,"",92,"VILA MARIANA",2,0,"CUNHA, RUA 52 SAO PAULO SP",-23.5742251,-46.4155117
"4434","D031302146",46186,"SOMOS TODOS IGUAIS, TR",NA,"",100,"","12/03/2013 13:10",2,"CL",49,3488," "," ",0,1,0,1,0,0,0,0,0,0,0,0,0,0,0,0,0,46186,"SOMOS TODOS IGUAIS, TR",NA,"",32,"IGUATEMI",1,0,"SOMOS TODOS IGUAIS, TR 100 SAO PAULO SP",-23.6086766,-46.4523525
"4435","D031302060",78261,"BALTAZAR BARROSO, RUA",NA,"",14,"","12/03/2013 13:23",2,"CH",68,818," "," ",1,1,0,0,0,0,0,0,0,0,0,0,0,0,0,0,0,78261,"BALTAZAR BARROSO, RUA",NA,"",50,"LIMAO",1,0,"BALTAZAR BARROSO, RUA 14 SAO PAULO SP",-23.5297582,-46.4262124
"4436","D031300635",15270,"PACAEMBU, AV",NA,"",1782,"","12/03/2013 13:26",2,"CT",23,1360," "," ",1,1,0,0,0,0,0,0,0,0,0,0,0,0,0,0,0,15270,"PACAEMBU, AV",NA,"",19,"CAPAO REDONDO",1,0,"PACAEMBU, AV 1782 SAO PAULO SP",-23.5416029,-46.665042
"4437","D031301636",34128,"JOAO DE LUCA, AV VER",NA,"",766,"","12/03/2013 13:28",2,"CT",43,993," "," ",1,2,0,0,0,0,0,0,0,0,0,0,0,0,0,0,0,34128,"JOAO DE LUCA, AV VER",NA,"",42,"JARDIM ANGELA",3,0,"JOAO DE LUCA, AV VER 766 SAO PAULO SP",-23.6503599,-46.6699945
"4438","D031301779",6238,"NACOES UNIDAS, AV DAS",NA,"",22002,"","12/03/2013 14:00",2,"CT",99,1169," "," ",0,1,0,0,0,0,0,0,0,0,0,1,0,0,0,0,0,13014,"MARGINAL DO RIO PINHEIROS, AV",NA,"",90,"VILA LEOPOLDINA",1,0,"NACOES UNIDAS, AV DAS 22002 SAO PAULO SP",-23.6791495,-46.6960563
"4439","D031300848",16878,"RAPOSO TAVARES, VIA",4666,"CAXINGUI, AV",0,"","12/03/2013 14:02",2,"CO",51,1187," "," ",1,1,0,0,0,0,0,0,0,0,0,0,0,0,0,0,0,4666,"CAXINGUI, AV",16878,"RAPOSO TAVARES, VIA",12,"BUTANTA",1,0,"RAPOSO TAVARES, VIA SAO PAULO SP &  CAXINGUI, AV SAO PAULO SP",-23.5865665,-46.7549639
"4440","D031301089",293,"AFONSO VERGUEIRO, RUA DR",25709,"DIAMANTINA, RUA",0,"","12/03/2013 14:30",4,"AT",19,982," "," ",1,0,0,0,0,0,0,0,0,0,0,0,0,0,0,0,0,293,"AFONSO VERGUEIRO, RUA DR",25709,"DIAMANTINA, RUA",91,"VILA MARIA",1,0,"AFONSO VERGUEIRO, RUA DR SAO PAULO SP &  DIAMANTINA, RUA SAO PAULO SP",-23.5190224,-46.5846685
"4441","D031300526",17348,"ROMA, RUA",17894,"CIPIAO, RUA",0,"","12/03/2013 14:42",4,"AT",7,1627," "," ",1,0,0,0,0,0,0,0,0,0,0,0,0,0,0,0,0,17348,"ROMA, RUA",17894,"CIPIAO, RUA",NA,"",1,0,"ROMA, RUA SAO PAULO SP &  CIPIAO, RUA SAO PAULO SP",-23.5227618,-46.700463
"4442","D031302061",3102,"BELMIRO VALVERDE, RUA",NA,"",23,"","12/03/2013 14:54",4,"AT",68,820," "," ",0,0,0,0,0,0,0,0,0,0,0,1,0,0,0,0,0,3102,"BELMIRO VALVERDE, RUA",NA,"",47,"LAJEADO",1,0,"BELMIRO VALVERDE, RUA 23 SAO PAULO SP",-23.5431415,-46.4113118
"4443","D031302076",37209,"NAGIB FARAH MALUF, AV",NA,"",1999,"","12/03/2013 15:00",2,"CO",103,1829," "," ",1,0,0,0,0,0,0,0,0,0,0,1,0,0,0,0,0,37209,"NAGIB FARAH MALUF, AV",NA,"",50,"LIMAO",1,0,"NAGIB FARAH MALUF, AV 1999 SAO PAULO SP",-23.5380779,-46.4309616
"4444","D031301861",9806,"PIRES DO RIO, AV",NA,"",850,"","12/03/2013 15:00",2,"CO",22,1368,"B"," ",0,1,0,0,0,0,0,0,0,0,0,1,0,0,0,0,0,9806,"PIRES DO RIO, AV",NA,"",76,"SAO MIGUEL",1,0,"PIRES DO RIO, AV 850 SAO PAULO SP",-23.5038658,-46.442885
"4445","D031300070",19759,"VINTE E QUATRO DE MAIO, RUA",NA,"",77,"","12/03/2013 15:00",2,"CO",3,2108," "," ",1,0,0,0,0,0,0,0,0,0,0,0,0,0,0,0,0,19759,"VINTE E QUATRO DE MAIO, RUA",NA,"",NA,"",1,0,"VINTE E QUATRO DE MAIO, RUA 77 SAO PAULO SP",-23.5445494,-46.6394182
"4446","D031300507",14267,"MORUMBI, AV",NA,"",7739,"","12/03/2013 15:18",2,"CO",96,2571," "," ",0,1,0,0,0,0,0,0,0,0,0,2,0,0,0,0,0,14267,"MORUMBI, AV",NA,"",55,"MORUMBI",1,0,"MORUMBI, AV 7739 SAO PAULO SP",-23.619233,-46.6959264
"4447","D031301704",21183,"PEDRO MARCINEIRO, RUA",NA,"",15,"","12/03/2013 16:00",2,"QM",85,1370," "," ",1,1,0,0,0,0,0,0,0,0,0,0,0,0,0,0,0,21183,"PEDRO MARCINEIRO, RUA",NA,"",32,"IGUATEMI",1,0,"PEDRO MARCINEIRO, RUA 15 SAO PAULO SP",-23.7400724,-46.6952897
"4448","D031300774",34682,"CAMPO LIMPO, ES DO",16339,"CARLOS LACERDA, AV",0,"","12/03/2013 16:13",2,"CO",37,2117," "," ",0,0,0,1,1,0,0,0,0,0,0,0,0,0,0,0,0,16339,"CARLOS LACERDA, AV",34682,"CAMPO LIMPO, ES DO",17,"CAMPO LIMPO",1,0,"CAMPO LIMPO, ES DO SAO PAULO SP &  CARLOS LACERDA, AV SAO PAULO SP",-23.2019463,-46.785846
"4449","D031300849",296,"AFRANIO PEIXOTO, AV",NA,"",390,"","12/03/2013 16:25",4,"AT",51,1191," "," ",0,1,0,0,0,0,0,0,0,0,0,0,0,0,0,0,0,296,"AFRANIO PEIXOTO, AV",NA,"",12,"BUTANTA",1,0,"AFRANIO PEIXOTO, AV 390 SAO PAULO SP",-23.5670599,-46.7091103
"4450","D031301128",14767,"NOVA CANTAREIRA, AV",NA,"",5181,"","12/03/2013 16:30",2,"CO",20,2241," "," ",1,1,0,0,0,0,0,0,0,0,0,0,0,0,0,0,0,14767,"NOVA CANTAREIRA, AV",NA,"",83,"TREMEMBE",1,0,"NOVA CANTAREIRA, AV 5181 SAO PAULO SP",-23.4551748,-46.6145567
"4451","D031301272",3771,"INAJAR DE SOUZA, AV",16051,"PENHA BRASIL, AV GAL",0,"","12/03/2013 16:30",2,"CO",72,2221,"C"," ",1,1,0,0,0,0,0,0,0,0,0,0,0,0,0,0,0,3771,"INAJAR DE SOUZA, AV",16051,"PENHA BRASIL, AV GAL",13,"CACHOEIRINHA",1,0,"INAJAR DE SOUZA, AV SAO PAULO SP &  PENHA BRASIL, AV GAL SAO PAULO SP",-23.461436,-46.6729346
"4453","D031301985",5640,"CUSTODIO DE LIMA, AV DR",NA,"",200,"","12/03/2013 17:00",2,"CO",63,1827," "," ",1,0,0,0,1,0,0,0,0,0,0,0,0,0,0,0,0,5640,"CUSTODIO DE LIMA, AV DR",NA,"",53,"MOEMA",1,0,"CUSTODIO DE LIMA, AV DR 200 SAO PAULO SP",-23.4984089,-46.4568096
"4455","D031302147",9044,"RAGUEB CHOHFI, AV",NA,"",830,"","12/03/2013 17:30",2,"CO",49,3490," "," ",1,1,0,0,0,0,0,0,0,0,0,0,0,0,0,0,0,9044,"RAGUEB CHOHFI, AV",NA,"",32,"IGUATEMI",1,0,"RAGUEB CHOHFI, AV 830 SAO PAULO SP",-23.6055653,-46.4710654
"4456","D031301722",16053,"JOSE BARROS MAGALDI, RUA",NA,"",1093,"","12/03/2013 17:30",2,"CF",92,1632," "," ",0,1,0,0,0,0,0,0,1,0,0,0,0,0,0,0,0,16053,"JOSE BARROS MAGALDI, RUA",NA,"",32,"IGUATEMI",1,0,"JOSE BARROS MAGALDI, RUA 1093 SAO PAULO SP",-23.6671475,-46.7378355
"4459","D031300210",4332,"CARLOS DE CAMPOS, AV",NA,"",614,"","12/03/2013 18:12",4,"AT",12,1430," "," ",0,1,0,0,0,0,0,0,0,0,0,0,0,0,0,0,0,4332,"CARLOS DE CAMPOS, AV",NA,"",57,"PARI",2,0,"CARLOS DE CAMPOS, AV 614 SAO PAULO SP",-23.527094,-46.6120369
"4460","D031300117",5887,"DIOGO, RUA MAJ",NA,"",500,"","12/03/2013 18:30",2,"CO",5,1398," "," ",1,1,0,0,0,0,0,0,0,0,0,0,0,0,0,0,0,5887,"DIOGO, RUA MAJ",NA,"",67,"REPUBLICA",1,0,"DIOGO, RUA MAJ 500 SAO PAULO SP",-23.5556172,-46.6430459
"4462","D031302304",22002,"FREDERICO M. DA COSTA CARVALHO, AV DR",NA,"",513,"","12/03/2013 18:39",2,"CO",70,1472," "," ",1,1,0,0,0,0,0,0,0,0,0,0,0,0,0,0,0,22002,"FREDERICO M. DA COSTA CARVALHO, AV DR",NA,"",56,"PARELHEIROS",2,0,"FREDERICO M. DA COSTA CARVALHO, AV DR 513 SAO PAULO SP",-23.6063492,-46.5137661
"4463","D031302269",2181,"ARICANDUVA, AV",NA,"",11500,"","12/03/2013 18:50",2,"CT",66,1627," "," ",2,0,0,2,0,0,0,0,0,0,0,0,0,0,0,0,0,2181,"ARICANDUVA, AV",NA,"",60,"PENHA",4,0,"ARICANDUVA, AV 11500 SAO PAULO SP",-23.5928809,-46.4734231
"4464","D031300291",17991,"SENA MADUREIRA, RUA",NA,"",219,"","12/03/2013 19:00",2,"CO",16,3456," "," ",1,1,0,0,0,0,0,0,0,0,0,0,0,0,0,0,0,17991,"SENA MADUREIRA, RUA",NA,"",NA,"",1,0,"SENA MADUREIRA, RUA 219 SAO PAULO SP",-23.5934185,-46.6381015
"4465","D031301658",14305,"LUIS DE OLIVEIRA, RUA",NA,"",260,"","12/03/2013 19:40",2,"CO",47,3210," "," ",0,0,0,0,1,0,0,0,0,0,0,1,0,0,0,0,0,14305,"LUIS DE OLIVEIRA, RUA",NA,"",29,"FREGUESIA DO O",1,0,"LUIS DE OLIVEIRA, RUA 260 SAO PAULO SP",-23.6786486,-46.7893299
"4466","D031300897",3429,"GUERINO GIOVANI LEARDINI, RUA",15713,"PAULO BARRETO, RUA",0,"","12/03/2013 19:49",2,"CO",87,1288," "," ",1,1,0,0,0,0,0,0,0,0,0,0,0,0,0,0,0,3429,"GUERINO GIOVANI LEARDINI, RUA",15713,"PAULO BARRETO, RUA",64,"PIRITUBA",1,0,"GUERINO GIOVANI LEARDINI, RUA SAO PAULO SP &  PAULO BARRETO, RUA SAO PAULO SP",-23.4857957,-46.7219996
"4467","D031300441",19583,"VERGUEIRO, RUA",NA,"",1649,"","12/03/2013 20:05",2,"CO",36,2580," "," ",1,1,0,0,0,0,0,0,0,0,0,0,0,0,0,0,0,19583,"VERGUEIRO, RUA",NA,"",33,"IPIRANGA",1,0,"VERGUEIRO, RUA 1649 SAO PAULO SP",-23.5767774,-46.6407045
"4468","D031301179",9170,"INES, AV STA",NA,"",945,"","12/03/2013 20:13",2,"CF",38,1500," "," ",1,1,0,0,0,0,0,0,0,0,0,0,0,0,0,0,0,9170,"INES, AV STA",NA,"",51,"MANDAQUI",1,0,"INES, AV STA 945 SAO PAULO SP",-23.4712477,-46.6299487
"4470","D031300930",13014,"MARGINAL DO RIO PINHEIROS, AV",NA,"",14,"","12/03/2013 20:30",2,"CO",89,2051," "," ",3,0,0,0,0,0,0,0,0,0,0,0,0,0,0,0,0,13014,"MARGINAL DO RIO PINHEIROS, AV",NA,"",40,"JAGUARE",3,0,"MARGINAL DO RIO PINHEIROS, AV 14 SAO PAULO SP",-23.4452381,-46.5789312
"4471","D031300531",6544,"ERMANO MARCHETTI, AV",NA,"",1300,"","12/03/2013 20:41",4,"AT",7,1706," "," ",1,0,0,0,0,0,0,0,0,0,0,0,0,0,0,0,0,6544,"ERMANO MARCHETTI, AV",NA,"",48,"LAPA",1,0,"ERMANO MARCHETTI, AV 1300 SAO PAULO SP",-23.5130991,-46.7038469
"4472","D031300010",7610,"FREDERICO ALVARENGA, RUA",18556,"TABATINGUERA, RUA",0,"","12/03/2013 21:00",2,"CO",1,1848,"B"," ",1,1,0,0,0,0,0,0,0,0,0,0,0,0,0,0,0,7610,"FREDERICO ALVARENGA, RUA",18556,"TABATINGUERA, RUA",80,"SE",1,0,"FREDERICO ALVARENGA, RUA SAO PAULO SP &  TABATINGUERA, RUA SAO PAULO SP",-23.5508582,-46.6286402
"4473","D031300567",18813,"TEODORO SAMPAIO, RUA",16017,"PEDROSO DE MORAIS, AV",0,"","12/03/2013 21:00",2,"CO",14,2330," "," ",1,1,0,0,0,0,0,0,0,0,0,0,0,0,0,0,0,16017,"PEDROSO DE MORAIS, AV",18813,"TEODORO SAMPAIO, RUA",63,"PINHEIROS",1,0,"TEODORO SAMPAIO, RUA SAO PAULO SP &  PEDROSO DE MORAIS, AV SAO PAULO SP",-23.5652586,-46.6903013
"4474","D031301917",11294,"FONTOURA XAVIER, RUA",NA,"",316,"","12/03/2013 21:30",2,"CO",32,1831," "," ",2,0,0,0,0,0,0,0,0,0,0,0,0,0,0,0,0,11294,"FONTOURA XAVIER, RUA",NA,"",36,"ITAQUERA",1,0,"FONTOURA XAVIER, RUA 316 SAO PAULO SP",-23.5514078,-46.4572483
"4475","D031302203",26565,"SOUZA RAMOS, AV",NA,"",74,"","12/03/2013 22:00",4,"AT",54,1459," "," ",0,1,0,0,0,0,0,0,0,0,0,0,0,0,0,0,0,26565,"SOUZA RAMOS, AV",NA,"",50,"LIMAO",2,0,"SOUZA RAMOS, AV 74 SAO PAULO SP",-23.5692462,-46.413699
"4476","D031301026",8466,"GUILHERME, AV",4896,"CHICO PONTES, RUA",0,"","12/03/2013 22:00",4,"AT",9,2244," "," ",1,0,0,0,0,0,0,0,0,0,0,0,0,0,0,0,0,4896,"CHICO PONTES, RUA",8466,"GUILHERME, AV",88,"VILA GUILHERME",1,0,"GUILHERME, AV SAO PAULO SP &  CHICO PONTES, RUA SAO PAULO SP",-23.5148697,-46.6037158
"4477","D031300987",9836,"JAGUARE, AV",NA,"",1300,"","12/03/2013 23:00",4,"AT",93,1709," "," ",2,0,0,0,0,0,0,0,0,0,0,0,0,0,0,0,0,9836,"JAGUARE, AV",NA,"",40,"JAGUARE",1,0,"JAGUARE, AV 1300 SAO PAULO SP",-23.5513746,-46.7403667
"4478","D031300289",15914,"PEDRO DE TOLEDO, RUA",NA,"",844,"","12/03/2013 23:47",2,"CH",16,350," "," ",0,0,0,0,0,0,0,1,0,0,0,0,0,0,0,0,0,15914,"PEDRO DE TOLEDO, RUA",NA,"",24,"CIDADE LIDER",1,0,"PEDRO DE TOLEDO, RUA 844 SAO PAULO SP",-23.5981629,-46.6448419
"4480","D031302148",2181,"ARICANDUVA, AV",NA,"",7898,"","13/03/2013 01:10",2,"SI",49,3502," "," ",1,1,0,1,0,0,0,0,0,0,0,0,0,0,0,0,0,2181,"ARICANDUVA, AV",NA,"",60,"PENHA",1,0,"ARICANDUVA, AV 7898 SAO PAULO SP",-23.5857041,-46.488809
"4482","D031301862",17820,"TITO, AV MAL",NA,"",2500,"","13/03/2013 05:12",4,"AT",22,1485," "," ",1,0,0,0,0,0,0,0,0,0,0,0,0,0,0,0,0,17820,"TITO, AV MAL",NA,"",53,"MOEMA",1,0,"TITO, AV MAL 2500 SAO PAULO SP",-23.4942385,-46.4220509
"4484","D031301430",34122,"MELO FREIRE, RUA",7488,"FRANCISCO MARENGO, RUA",0,"","13/03/2013 06:44",4,"AT",30,603,"C"," ",1,0,0,0,0,0,0,0,0,0,0,0,0,0,0,0,0,7488,"FRANCISCO MARENGO, RUA",34122,"MELO FREIRE, RUA",82,"TATUAPE",1,0,"MELO FREIRE, RUA SAO PAULO SP &  FRANCISCO MARENGO, RUA SAO PAULO SP",-23.5391715,-46.5695321
"4486","D031301129",351,"AGUA FRIA, AV",NA,"",100,"","13/03/2013 07:10",2,"CO",20,2286," "," ",0,1,1,0,0,0,0,0,0,0,0,0,0,0,0,0,0,351,"AGUA FRIA, AV",NA,"",71,"SANTANA",1,0,"AGUA FRIA, AV 100 SAO PAULO SP",-23.4877197,-46.624053
"4487","D031301705",15507,"TEOTONIO VILELA, AV SEN",NA,"",6360,"","13/03/2013 07:30",2,"CO",85,1377," "," ",1,1,0,0,0,0,0,0,0,0,0,0,0,0,0,0,0,15507,"TEOTONIO VILELA, AV SEN",NA,"",23,"CIDADE DUTRA",1,0,"TEOTONIO VILELA, AV SEN 6360 SAO PAULO SP",-23.7530408,-46.7112674
"4488","D031301353",6371,"ELISABETH DE ROBIANO, AV CDSSA",NA,"",3479,"","13/03/2013 07:50",2,"CT",90,974,"C"," ",1,1,0,0,0,0,0,0,0,0,0,0,0,0,0,0,0,29772,"MARGINAL DO RIO TIETE, AV",NA,"",82,"TATUAPE",1,0,"ELISABETH DE ROBIANO, AV CDSSA 3479 SAO PAULO SP",-23.5076424,-46.5495997
"4489","D031302404",10100,"JOAO, RUA PDE",8031,"MICAELA VIEIRA, PCA DONA",0,"","13/03/2013 08:00",4,"AT",5,1648," "," ",0,0,1,0,0,0,0,0,0,0,0,0,0,0,0,0,0,954,"AMADOR BUENO DA VEIGA, AV",10100,"JOAO, RUA PDE",NA,"",0,1,"JOAO, RUA PDE SAO PAULO SP &  MICAELA VIEIRA, PCA DONA SAO PAULO SP",-23.5873689,-46.5900184
"4490","D031300182",543,"ALCANTARA MACHADO, AV",8373,"GUARAPUAVA, RUA",0,"","13/03/2013 09:10",2,"CO",8,1860," "," ",1,1,0,0,0,0,0,0,0,0,0,0,0,0,0,0,0,543,"ALCANTARA MACHADO, AV",8373,"GUARAPUAVA, RUA",54,"MOOCA",1,0,"ALCANTARA MACHADO, AV SAO PAULO SP &  GUARAPUAVA, RUA SAO PAULO SP",-23.5528151,-46.613419
"4492","D031301684",20957,"HERMENEGILDO MARTINI, RUA",NA,"",208,"","13/03/2013 09:15",4,"AT",80,879," "," ",0,1,0,0,0,0,0,0,0,0,0,0,0,0,0,0,0,20957,"HERMENEGILDO MARTINI, RUA",NA,"",29,"FREGUESIA DO O",1,0,"HERMENEGILDO MARTINI, RUA 208 SAO PAULO SP",-23.6758372,-46.6646139
"4494","D031302082",9134,"INCONFIDENCIA MINEIRA, AV",16956,"REGO BARROS, RUA",0,"","13/03/2013 09:50",2,"CO",41,1386," "," ",1,1,0,0,0,0,0,0,0,0,0,0,0,0,0,0,0,9134,"INCONFIDENCIA MINEIRA, AV",16956,"REGO BARROS, RUA",4,"ARICANDUVA",1,0,"INCONFIDENCIA MINEIRA, AV SAO PAULO SP &  REGO BARROS, RUA SAO PAULO SP",-23.577714,-46.516821
"4495","D031302002",8520,"GUIRA, RUA",NA,"",228,"","13/03/2013 10:15",2,"CO",64,2137," "," ",2,0,0,0,0,0,0,0,0,0,0,0,0,0,0,0,0,8520,"GUIRA, RUA",NA,"",53,"MOEMA",1,0,"GUIRA, RUA 228 SAO PAULO SP",-23.5314165,-46.4727408
"4496","D031301845",16247,"PINEDO, AV DE",NA,"",117,"","13/03/2013 10:40",4,"AT",102,734," "," ",0,0,0,0,0,0,0,0,0,0,0,1,0,0,0,0,0,16247,"PINEDO, AV DE",NA,"",32,"IGUATEMI",1,0,"PINEDO, AV DE 117 SAO PAULO SP",-23.666627,-46.7123878
"4497","D031301273",15425,"CANTIDIO SAMPAIO, AV DEP",NA,"",1797,"","13/03/2013 10:40",2,"CO",72,2239," "," ",0,1,0,0,0,0,0,0,0,0,0,1,0,0,0,0,0,15425,"CANTIDIO SAMPAIO, AV DEP",NA,"",41,"JARAGUA",1,0,"CANTIDIO SAMPAIO, AV DEP 1797 SAO PAULO SP",-23.4634312,-46.6816888