"","id_acidente","codloga","logradouroA","codlogb","logradouroB","alt_num","referencia","data","cod_acid","tipo_acidente","dp","numero_BO","sentido","pista","automovel","moto","onibus","caminhao","bicicleta","moto_taxi","onibus_fretado","onibus_urbano","microonibus","van","vuc","caminhonete","carreta","jipe","outros","sem_informacao","carroca","princ_a","paiA","princ_b","paiB","cod_distrito","distrito","vit_ferida","vit_morta","local","lat","lon"
"4580","D031300638",4248,"CARDOSO DE ALMEIDA, RUA",NA,"",599,"","14/03/2013 12:55",4,"AT",23,1403," "," ",0,0,0,0,0,0,0,0,0,0,0,1,0,0,0,0,0,4248,"CARDOSO DE ALMEIDA, RUA",NA,"",61,"PERDIZES",1,0,"CARDOSO DE ALMEIDA, RUA 599 SAO PAULO SP",-23.5363585,-46.6670872
"4581","D031301274",72693,"HENRY CHARLES POTEL, RUA",NA,"",328,"","14/03/2013 13:02",4,"AT",72,2272," "," ",0,0,0,0,0,0,0,1,0,0,0,0,0,0,0,0,0,72693,"HENRY CHARLES POTEL, RUA",NA,"",40,"JAGUARE",1,0,"HENRY CHARLES POTEL, RUA 328 SAO PAULO SP",-23.4745851,-46.6788833
"4582","D031300816",27955,"FORTUNATA TADIELLO NATUCCI, AV",NA,"",100,"","14/03/2013 13:20",2,"CO",46,1252," "," ",1,1,0,0,0,0,0,0,0,0,0,0,0,0,0,0,0,27955,"FORTUNATA TADIELLO NATUCCI, AV",NA,"",3,"ANHANGUERA",1,0,"FORTUNATA TADIELLO NATUCCI, AV 100 SAO PAULO SP",-23.570485,-46.6451425
"4583","D031302228",17824,"SAPOPEMBA, AV",NA,"",28500,"","14/03/2013 13:30",2,"CO",55,1123," "," ",1,1,0,0,0,0,0,0,0,0,0,0,0,0,0,0,0,17824,"SAPOPEMBA, AV",NA,"",33,"IPIRANGA",2,0,"SAPOPEMBA, AV 28500 SAO PAULO SP",-23.6228321,-46.4438559
"4584","D031302305",61830,"PRIMAVERA DE CAIENA, AV",NA,"",302,"","14/03/2013 13:30",4,"AT",70,1526," "," ",1,0,0,0,0,0,0,0,0,0,0,0,0,0,0,0,0,61830,"PRIMAVERA DE CAIENA, AV",NA,"",56,"PARELHEIROS",1,0,"PRIMAVERA DE CAIENA, AV 302 SAO PAULO SP",-23.6141134,-46.5119635
"4585","D031300183",543,"ALCANTARA MACHADO, AV",NA,"",2180,"","14/03/2013 13:56",2,"QM",8,1888," "," ",0,1,0,0,0,0,0,0,0,0,0,0,0,0,0,0,0,543,"ALCANTARA MACHADO, AV",NA,"",10,"BRAS",1,0,"ALCANTARA MACHADO, AV 2180 SAO PAULO SP",-23.5489927,-46.6039012
"4586","D031300850",16878,"RAPOSO TAVARES, VIA",NA,"",11200,"","14/03/2013 14:20",2,"CO",51,1229," "," ",0,1,0,0,0,0,0,0,0,0,0,1,0,0,0,0,0,16878,"RAPOSO TAVARES, VIA",NA,"",13,"CACHOEIRINHA",1,0,"RAPOSO TAVARES, VIA 11200 SAO PAULO SP",-23.5343492,-48.4225732
"4587","D031302369",17824,"SAPOPEMBA, AV",NA,"",12797,"","14/03/2013 14:21",4,"AT",69,2618," "," ",1,0,0,0,0,0,0,0,0,0,0,0,0,0,0,0,0,17824,"SAPOPEMBA, AV",NA,"",33,"IPIRANGA",0,2,"SAPOPEMBA, AV 12797 SAO PAULO SP",-23.6101973,-46.4845652
"4588","D031301056",9078,"IMIRIM, AV",NA,"",1827,"","14/03/2013 14:30",2,"CO",13,2738," "," ",1,1,0,0,0,0,0,0,0,0,0,0,0,0,0,0,0,9078,"IMIRIM, AV",NA,"",71,"SANTANA",1,0,"IMIRIM, AV 1827 SAO PAULO SP",-23.490482,-46.6505299
"4589","D031302005",71265,"JOAO CANDIDO DE LIMA, RUA",NA,"",365,"","14/03/2013 14:40",2,"CO",64,2194," "," ",1,1,0,0,0,0,0,0,0,0,0,0,0,0,0,0,0,71265,"JOAO CANDIDO DE LIMA, RUA",NA,"",49,"LIBERDADE",2,0,"JOAO CANDIDO DE LIMA, RUA 365 SAO PAULO SP",-23.5165656,-46.4873704
"4590","D031300396",2235,"ARMANDO DE ARRUDA PEREIRA, AV ENG",19907,"VALDOMIRO DE LIMA, AV GAL",0,"","14/03/2013 14:54",2,"CO",35,2338," "," ",1,0,0,0,0,0,0,0,1,0,0,0,0,0,0,0,0,2235,"ARMANDO DE ARRUDA PEREIRA, AV ENG",19907,"VALDOMIRO DE LIMA, AV GAL",37,"JABAQUARA",1,0,"ARMANDO DE ARRUDA PEREIRA, AV ENG SAO PAULO SP &  VALDOMIRO DE LIMA, AV GAL SAO PAULO SP",-23.6342719,-46.6414387
"4591","D031301276",14999,"OUVIDIO JOSE ANTONIO SANTANA, RUA",NA,"",235,"","14/03/2013 15:00",4,"AT",72,2368," "," ",1,0,0,0,0,0,0,0,0,0,0,0,0,0,0,0,0,14999,"OUVIDIO JOSE ANTONIO SANTANA, RUA",NA,"",40,"JAGUARE",1,0,"OUVIDIO JOSE ANTONIO SANTANA, RUA 235 SAO PAULO SP",-23.468098,-46.672441
"4592","D031301828",3509,"BELMIRA MARIN, AV DONA",NA,"",600,"","14/03/2013 15:30",2,"QD",101,1891," "," ",0,0,0,0,0,0,0,1,0,0,0,0,0,0,0,0,0,3509,"BELMIRA MARIN, AV DONA",NA,"",30,"GRAJAU",1,0,"BELMIRA MARIN, AV DONA 600 SAO PAULO SP",-23.7361595,-46.6945417
"4593","D031302150",13671,"MATEO BEI, AV",NA,"",2763,"","14/03/2013 16:09",4,"AT",49,3577," "," ",0,1,0,0,0,0,0,0,0,0,0,0,0,0,0,0,0,13671,"MATEO BEI, AV",NA,"",75,"SAO MATEUS",1,0,"MATEO BEI, AV 2763 SAO PAULO SP",-23.6053719,-46.4800279
"4595","D031301057",3637,"BRAZ LEME, AV",22530,"VASCO CINQUINI, RUA",0,"","14/03/2013 17:00",2,"SI",13,2748," "," ",1,1,0,0,0,0,0,0,0,0,0,0,0,0,0,0,0,3637,"BRAZ LEME, AV",22530,"VASCO CINQUINI, RUA",71,"SANTANA",2,0,"BRAZ LEME, AV SAO PAULO SP &  VASCO CINQUINI, RUA SAO PAULO SP",-23.5036827,-46.6380042
"4597","D031302418",9086,"IMPERADOR, RUA DO",NA,"",4208,"","14/03/2013 17:30",2,"CO",63,2478," "," ",1,1,0,0,0,0,0,0,0,0,0,0,0,0,0,0,0,9086,"IMPERADOR, RUA DO",NA,"",NA,"",1,1,"IMPERADOR, RUA DO 4208 SAO PAULO SP",-23.5155011,-46.4632754
"4599","D031300064",9276,"IPIRANGA, AV",10101,"JOAO, AV S",0,"","14/03/2013 18:00",2,"QM",3,1483," "," ",0,1,0,0,0,0,0,0,0,0,0,0,0,0,0,0,0,9276,"IPIRANGA, AV",10101,"JOAO, AV S",67,"REPUBLICA",1,0,"IPIRANGA, AV SAO PAULO SP &  JOAO, AV S SAO PAULO SP",-23.5457285,-46.6440924
"4600","D031300691",21629,"ELISIO CORDEIRO DE SIQUEIRA, AV",NA,"",1150,"","14/03/2013 18:30",2,"QM",33,2348," "," ",0,1,0,0,0,0,0,0,0,0,0,0,0,0,0,0,0,21629,"ELISIO CORDEIRO DE SIQUEIRA, AV",NA,"",31,"GUAIANASES",1,0,"ELISIO CORDEIRO DE SIQUEIRA, AV 1150 SAO PAULO SP",-23.4959068,-46.7465753
"4601","D031300835",27955,"FORTUNATA TADIELLO NATUCCI, AV",NA,"",1000,"","14/03/2013 18:40",2,"SI",46,2346," "," ",0,2,0,0,0,0,0,0,0,0,0,0,0,0,0,0,0,27955,"FORTUNATA TADIELLO NATUCCI, AV",NA,"",3,"ANHANGUERA",1,0,"FORTUNATA TADIELLO NATUCCI, AV 1000 SAO PAULO SP",-23.5647577,-46.6518495
"4602","D031300146",5184,"COLONIA DA GLORIA, RUA",16128,"PERO CORREIA, RUA",0,"","14/03/2013 19:00",2,"CO",6,1324," "," ",1,0,0,0,1,0,0,0,0,0,0,0,0,0,0,0,0,5184,"COLONIA DA GLORIA, RUA",16128,"PERO CORREIA, RUA",92,"VILA MARIANA",2,0,"COLONIA DA GLORIA, RUA SAO PAULO SP &  PERO CORREIA, RUA SAO PAULO SP",-23.5846455,-46.6270154
"4603","D031302316",73512,"MANUEL PIMENTEL, AV",NA,"",147,"","14/03/2013 19:20",2,"SI",70,2606," "," ",0,1,0,0,0,0,0,0,0,0,0,0,0,0,0,0,0,73512,"MANUEL PIMENTEL, AV",NA,"",56,"PARELHEIROS",1,0,"MANUEL PIMENTEL, AV 147 SAO PAULO SP",-23.6090141,-46.5095342
"4604","D031301197",44645,"DIREITOS HUMANOS, AV",NA,"",10,"","14/03/2013 23:00",2,"SI",38,2755," "," ",0,1,0,0,0,0,0,0,0,0,0,0,0,0,0,0,0,44645,"DIREITOS HUMANOS, AV",NA,"",8,"BELEM",1,0,"DIREITOS HUMANOS, AV 10 SAO PAULO SP",-23.4884115,-46.653665
"4605","D031300186",543,"ALCANTARA MACHADO, AV",NA,"",700,"","15/03/2013 01:20",2,"CO",8,1947," "," ",0,0,0,0,1,0,0,0,0,0,0,0,0,0,0,1,0,543,"ALCANTARA MACHADO, AV",NA,"",10,"BRAS",1,0,"ALCANTARA MACHADO, AV 700 SAO PAULO SP",-23.5465997,-46.5995668
"4606","D031302186",35942,"JOHN SPEERS, RUA",NA,"",1050,"","15/03/2013 02:30",2,"QM",53,1673," "," ",0,1,0,0,0,0,0,0,0,0,0,0,0,0,0,0,0,35942,"JOHN SPEERS, RUA",NA,"",51,"MANDAQUI",1,0,"JOHN SPEERS, RUA 1050 SAO PAULO SP",-23.5690143,-46.4586884
"4607","D031300785",99949,"CARLOS CALDEIRA FILHO, AV",NA,"",1400,"","15/03/2013 03:00",2,"CO",37,2307," "," ",2,0,0,0,0,0,0,0,0,0,0,0,0,0,0,0,0,99949,"CARLOS CALDEIRA FILHO, AV",NA,"",19,"CAPAO REDONDO",1,0,"CARLOS CALDEIRA FILHO, AV 1400 SAO PAULO SP",-23.6445561,-46.7492206
"4608","D031301308",13822,"MENDES DA ROCHA, AV",17728,"SANATORIO, AV",0,"","15/03/2013 03:45",2,"CO",73,2670," "," ",1,0,1,0,0,0,0,0,0,0,0,0,0,0,0,0,0,13822,"MENDES DA ROCHA, AV",17728,"SANATORIO, AV",94,"VILA MEDEIROS",1,0,"MENDES DA ROCHA, AV SAO PAULO SP &  SANATORIO, AV SAO PAULO SP",-23.4817987,-46.5712184
"4609","D031300018",4146,"CANTAREIRA, RUA DA",3812,"CAETANO, RUA S",0,"","15/03/2013 03:52",2,"CO",1,2130," "," ",2,0,0,0,0,0,0,0,0,0,0,0,0,0,0,0,0,3812,"CAETANO, RUA S",4146,"CANTAREIRA, RUA DA",9,"BOM RETIRO",1,0,"CANTAREIRA, RUA DA SAO PAULO SP &  CAETANO, RUA S SAO PAULO SP",-23.5374753,-46.6282512
"4610","D031302346",16838,"RAIMUNDO PEREIRA DE MAGAL., AV",NA,"",14975,"","15/03/2013 05:00",2,"CH",46,1256," "," ",1,0,0,0,0,0,0,0,0,0,0,0,0,0,0,0,0,16838,"RAIMUNDO PEREIRA DE MAGAL., AV",NA,"",31,"GUAIANASES",0,1,"RAIMUNDO PEREIRA DE MAGAL., AV 14975 SAO PAULO SP",-23.4090698,-46.7349161
"4611","D031301485",24338,"LUIZ IGNACIO ANHAIA MELLO, AV PROF",NA,"",4646,"","15/03/2013 06:40",2,"CH",42,965,"C"," ",1,0,0,0,1,0,0,0,0,0,0,0,0,0,0,0,0,24338,"LUIZ IGNACIO ANHAIA MELLO, AV PROF",NA,"",26,"CONSOLACAO",1,0,"LUIZ IGNACIO ANHAIA MELLO, AV PROF 4646 SAO PAULO SP",-23.5850486,-46.549047
"4612","D031300639",2271,"ARNALDO, AV DR",NA,"",1300,"","15/03/2013 06:50",2,"CO",23,1418," "," ",0,2,0,0,0,0,0,0,0,0,0,0,0,0,0,0,0,2271,"ARNALDO, AV DR",NA,"",26,"CONSOLACAO",1,0,"ARNALDO, AV DR 1300 SAO PAULO SP",-23.5514217,-46.676542
"4613","D031302151",2181,"ARICANDUVA, AV",NA,"",12000,"","15/03/2013 06:56",2,"CO",49,3595," "," ",1,1,0,0,0,0,0,0,0,0,0,1,0,0,0,0,0,2181,"ARICANDUVA, AV",NA,"",60,"PENHA",1,0,"ARICANDUVA, AV 12000 SAO PAULO SP",-23.5930999,-46.4694983
"4614","D031302152",13671,"MATEO BEI, AV",NA,"",1756,"","15/03/2013 06:56",2,"QM",49,3599," "," ",0,1,0,0,0,0,0,0,0,0,0,0,0,0,0,0,0,13671,"MATEO BEI, AV",NA,"",75,"SAO MATEUS",1,0,"MATEO BEI, AV 1756 SAO PAULO SP",-23.5984531,-46.486231
"4615","D031302306",24338,"LUIZ IGNACIO ANHAIA MELLO, AV PROF",NA,"",8400,"","15/03/2013 07:19",4,"AT",70,1532," "," ",0,1,0,0,0,0,0,0,0,0,0,0,0,0,0,0,0,24338,"LUIZ IGNACIO ANHAIA MELLO, AV PROF",NA,"",26,"CONSOLACAO",1,0,"LUIZ IGNACIO ANHAIA MELLO, AV PROF 8400 SAO PAULO SP",-23.6024636,-46.5219704
"4616","D031301778",6238,"NACOES UNIDAS, AV DAS",NA,"",21344,"","15/03/2013 07:47",2,"CO",99,1166," "," ",0,1,0,1,0,0,0,0,0,0,0,0,0,0,0,0,0,13014,"MARGINAL DO RIO PINHEIROS, AV",NA,"",90,"VILA LEOPOLDINA",1,0,"NACOES UNIDAS, AV DAS 21344 SAO PAULO SP",-23.6688691,-46.7053478
"4618","D031300292",6013,"DOMINGOS DE MORAIS, RUA",17991,"SENA MADUREIRA, RUA",0,"","15/03/2013 07:50",2,"QM",16,3460," "," ",0,1,0,0,0,0,0,0,0,0,0,0,0,0,0,0,0,6013,"DOMINGOS DE MORAIS, RUA",17991,"SENA MADUREIRA, RUA",92,"VILA MARIANA",1,0,"DOMINGOS DE MORAIS, RUA SAO PAULO SP &  SENA MADUREIRA, RUA SAO PAULO SP",-23.591806,-46.6362643
"4619","D031300931",13014,"MARGINAL DO RIO PINHEIROS, AV",NA,"",16741,"","15/03/2013 08:20",2,"CO",89,2110," "," ",0,1,0,0,0,0,0,0,0,0,0,1,0,0,0,0,0,13014,"MARGINAL DO RIO PINHEIROS, AV",NA,"",40,"JAGUARE",1,0,"MARGINAL DO RIO PINHEIROS, AV 16741 SAO PAULO SP",-23.5604208,-46.6574734
"4621","D031300918",13014,"MARGINAL DO RIO PINHEIROS, AV",NA,"",1500,"","15/03/2013 08:20",2,"CO",89,1492," "," ",1,1,0,0,0,0,0,0,0,0,0,0,0,0,0,0,0,13014,"MARGINAL DO RIO PINHEIROS, AV",NA,"",40,"JAGUARE",1,0,"MARGINAL DO RIO PINHEIROS, AV 1500 SAO PAULO SP",-23.5621218,-46.6553275
"4622","D031301309",13133,"MARIA AMALIA LOPES AZEVEDO, RUA",NA,"",3371,"","15/03/2013 08:30",4,"AT",73,2677," "," ",0,1,0,0,0,0,0,0,0,0,0,0,0,0,0,0,0,13133,"MARIA AMALIA LOPES AZEVEDO, RUA",NA,"",83,"TREMEMBE",1,0,"MARIA AMALIA LOPES AZEVEDO, RUA 3371 SAO PAULO SP",-23.4564912,-46.5943879
"4624","D031301310",10059,"JERONIMO FURTADO, RUA GAL",NA,"",83,"","15/03/2013 08:50",2,"CL",73,2679," "," ",0,1,0,0,0,0,0,0,0,0,0,1,0,0,0,0,0,10059,"JERONIMO FURTADO, RUA GAL",NA,"",38,"JACANA",1,0,"JERONIMO FURTADO, RUA GAL 83 SAO PAULO SP",-23.4679885,-46.573828
"4625","D031301208",9933,"JAPI, RUA",6163,"EDE, AV",0,"","15/03/2013 09:00",2,"CO",39,1257,"C"," ",1,1,0,0,0,0,0,0,0,0,0,0,0,0,0,0,0,6163,"EDE, AV",9933,"JAPI, RUA",94,"VILA MEDEIROS",1,0,"JAPI, RUA SAO PAULO SP &  EDE, AV SAO PAULO SP",-23.4980608,-46.5947923
"4626","D031300960",19005,"TITO, RUA S",NA,"",10735,"","15/03/2013 09:10",2,"CO",91,1706," "," ",1,1,0,0,0,0,0,0,0,0,0,0,0,0,0,0,0,19005,"TITO, RUA S",NA,"",14,"CAMBUCI",1,0,"TITO, RUA S 10735 SAO PAULO SP",-23.5104784,-46.7170638
"4627","D031300851",16878,"RAPOSO TAVARES, VIA",NA,"",10200,"","15/03/2013 09:40",2,"CT",51,1246," "," ",0,1,0,0,0,0,0,0,0,0,0,1,0,0,0,0,0,16878,"RAPOSO TAVARES, VIA",NA,"",13,"CACHOEIRINHA",1,0,"RAPOSO TAVARES, VIA 10200 SAO PAULO SP",-23.6133809,-46.996041
"4628","D031300932",8000,"GIOVANNI GRONCHI, AV",NA,"",3800,"","15/03/2013 09:50",2,"CO",89,2112," "," ",2,0,0,0,0,0,0,0,0,0,0,0,0,0,0,0,0,8000,"GIOVANNI GRONCHI, AV",NA,"",55,"MORUMBI",1,0,"GIOVANNI GRONCHI, AV 3800 SAO PAULO SP",-23.6134114,-46.7304917
"4629","D031302084",17135,"RIO DAS PEDRAS, AV",NA,"",120,"","15/03/2013 10:05",2,"SI",41,1438," "," ",1,1,0,0,0,0,0,0,0,0,0,0,0,0,0,0,0,17135,"RIO DAS PEDRAS, AV",NA,"",27,"CURSINO",1,0,"RIO DAS PEDRAS, AV 120 SAO PAULO SP",-23.5593636,-46.5206836
"4630","D031302158",22160,"SATELITE, AV",NA,"",248,"","15/03/2013 10:12",4,"AT",49,3817," "," ",0,0,0,1,0,0,0,0,0,0,0,0,0,0,0,0,0,22160,"SATELITE, AV",NA,"",55,"MORUMBI",1,0,"SATELITE, AV 248 SAO PAULO SP",-23.6133027,-46.4689274
"4632","D031300144",14317,"MUNIZ DE SOUSA, RUA",NA,"",158,"","15/03/2013 10:55",2,"CO",6,1311," "," ",1,1,0,0,0,0,0,0,0,0,0,0,0,0,0,0,0,14317,"MUNIZ DE SOUSA, RUA",NA,"",12,"BUTANTA",1,0,"MUNIZ DE SOUSA, RUA 158 SAO PAULO SP",-23.5647417,-46.6245839
"4633","D031300213",6642,"ESTADO, AV DO",NA,"",2000,"","15/03/2013 11:02",2,"CO",12,1499," "," ",1,1,0,0,0,0,0,0,0,0,0,0,0,0,0,0,0,6642,"ESTADO, AV DO",NA,"",9,"BOM RETIRO",1,0,"ESTADO, AV DO 2000 SAO PAULO SP",-23.5862844,-46.5987073
"4634","D031300453",14510,"NESTOR ALBERTO DE MACEDO, RUA DR",18221,"SILVERIO MAGALHAES, RUA CEL",0,"","15/03/2013 11:05",2,"CF",83,655," "," ",1,1,0,0,0,0,0,0,0,0,0,0,0,0,0,0,0,14510,"NESTOR ALBERTO DE MACEDO, RUA DR",22187,"MARIO SETZER, RUA DR",27,"CURSINO",1,0,"NESTOR ALBERTO DE MACEDO, RUA DR SAO PAULO SP &  SILVERIO MAGALHAES, RUA CEL SAO PAULO SP",-23.6261316,-46.6194678
"4635","D031301780",6238,"NACOES UNIDAS, AV DAS",NA,"",21621,"","15/03/2013 11:39",2,"CO",99,1174," "," ",2,1,0,0,0,0,0,0,0,0,0,0,0,0,0,0,0,13014,"MARGINAL DO RIO PINHEIROS, AV",NA,"",90,"VILA LEOPOLDINA",1,0,"NACOES UNIDAS, AV DAS 21621 SAO PAULO SP",-23.6709705,-46.7026889
"4636","D031300606",8919,"IBIAPINOPOLIS, RUA",4037,"CAMPO VERDE, RUA",0,"","15/03/2013 11:40",2,"CT",15,1309," "," ",1,1,0,0,0,0,0,0,0,0,0,0,0,0,0,0,0,4037,"CAMPO VERDE, RUA",8919,"IBIAPINOPOLIS, RUA",63,"PINHEIROS",1,0,"IBIAPINOPOLIS, RUA SAO PAULO SP &  CAMPO VERDE, RUA SAO PAULO SP",-23.5755483,-46.6927906
"4637","D031300961",16726,"QUEIROZ FILHO, AV",NA,"",313,"","15/03/2013 12:00",4,"AT",91,1764," "," ",0,0,0,0,0,0,0,0,0,0,0,1,0,0,0,0,0,16726,"QUEIROZ FILHO, AV",NA,"",14,"CAMBUCI",1,0,"QUEIROZ FILHO, AV 313 SAO PAULO SP",-23.5370817,-46.7234375
"4638","D031300781",34682,"CAMPO LIMPO, ES DO",NA,"",1100,"","15/03/2013 12:05",2,"SI",37,22238," "," ",0,1,0,0,0,0,0,0,1,0,0,0,0,0,0,0,0,34682,"CAMPO LIMPO, ES DO",NA,"",17,"CAMPO LIMPO",1,0,"CAMPO LIMPO, ES DO 1100 SAO PAULO SP",-23.2019463,-46.785846
"4639","D031301156",19091,"HEITOR NASCIMENTO, RUA DR",NA,"",322,"","15/03/2013 12:10",2,"CO",28,1401," "," ",1,1,0,0,0,0,0,0,0,0,0,0,0,0,0,0,0,19091,"HEITOR NASCIMENTO, RUA DR",NA,"",4,"ARICANDUVA",1,0,"HEITOR NASCIMENTO, RUA DR 322 SAO PAULO SP",-23.4964291,-46.7071517
"4640","D031301665",83,"FEITICO DA VILA, RUA",NA,"",399,"","15/03/2013 12:30",4,"AT",47,3440," "," ",0,1,0,0,0,0,0,0,0,0,0,0,0,0,0,0,0,83,"FEITICO DA VILA, RUA",NA,"",19,"CAPAO REDONDO",1,0,"FEITICO DA VILA, RUA 399 SAO PAULO SP",-23.6863166,-46.79381
"4642","D031301526",24338,"LUIZ IGNACIO ANHAIA MELLO, AV PROF",22127,"GRANDE SAO PAULO, VD",0,"","15/03/2013 13:03",2,"CO",56,1625," "," ",0,1,0,1,0,0,0,0,0,0,0,0,0,0,0,0,0,22127,"GRANDE SAO PAULO, VD",24338,"LUIZ IGNACIO ANHAIA MELLO, AV PROF",95,"VILA PRUDENTE",1,0,"LUIZ IGNACIO ANHAIA MELLO, AV PROF SAO PAULO SP &  GRANDE SAO PAULO, VD SAO PAULO SP",-23.5827842,-46.565808
"4644","D031302348",34071,"CLOVIS CAVALCANTI, RUA",NA,"",98,"","15/03/2013 13:22",2,"CH",46,1270," "," ",1,0,0,0,0,0,0,0,0,0,0,0,0,0,0,0,0,34071,"CLOVIS CAVALCANTI, RUA",NA,"",62,"PERUS",0,1,"CLOVIS CAVALCANTI, RUA 98 SAO PAULO SP",-23.4012137,-46.7520423
"4645","D031301209",11321,"JULIO BUONO, AV",NA,"",1953,"","15/03/2013 13:30",4,"AT",39,1265," "," ",1,0,0,0,0,0,0,0,0,0,0,0,0,0,0,0,0,11321,"JULIO BUONO, AV",NA,"",94,"VILA MEDEIROS",1,0,"JULIO BUONO, AV 1953 SAO PAULO SP",-23.4830716,-46.5904642
"4646","D031300571",16017,"PEDROSO DE MORAIS, AV",NA,"",1003,"","15/03/2013 14:00",2,"CO",14,2443," "," ",2,0,0,0,0,0,0,0,0,0,0,0,0,0,0,0,0,16017,"PEDROSO DE MORAIS, AV",NA,"",45,"JARDIM SAO LUIS",1,0,"PEDROSO DE MORAIS, AV 1003 SAO PAULO SP",-23.561771,-46.6930372
"4647","D031300430",27795,"BIBLIA, PCA DA",3761,"CABRINI, RUA MADRE",0,"","15/03/2013 14:00",4,"AT",36,1288," "," ",1,0,0,0,0,0,0,0,0,0,0,0,0,0,0,0,0,3761,"CABRINI, RUA MADRE",27795,"BIBLIA, PCA DA",NA,"",1,0,"BIBLIA, PCA DA SAO PAULO SP &  CABRINI, RUA MADRE SAO PAULO SP",-23.5925786,-46.6383589
"4648","D031301237",5738,"DARIO RIBEIRO, RUA PROF",NA,"",750,"","15/03/2013 14:12",4,"AT",40,926," "," ",0,0,0,0,0,0,0,0,0,0,0,1,0,0,0,0,0,5738,"DARIO RIBEIRO, RUA PROF",NA,"",50,"LIMAO",1,0,"DARIO RIBEIRO, RUA PROF 750 SAO PAULO SP",-23.4926319,-46.6710039
"4649","D031302132",13671,"MATEO BEI, AV",7379,"FRANCISCO CORDELLI, RUA",0,"","15/03/2013 14:40",2,"CO",49,807," "," ",1,1,0,0,0,0,0,0,0,0,0,0,0,0,0,0,0,7379,"FRANCISCO CORDELLI, RUA",13671,"MATEO BEI, AV",75,"SAO MATEUS",2,0,"MATEO BEI, AV SAO PAULO SP &  FRANCISCO CORDELLI, RUA SAO PAULO SP",-23.5972768,-46.4866619
"4650","D031302229",17824,"SAPOPEMBA, AV",NA,"",15117,"","15/03/2013 14:46",2,"SI",55,1141," "," ",0,1,0,0,0,0,0,0,0,0,0,1,0,0,0,0,0,17824,"SAPOPEMBA, AV",NA,"",33,"IPIRANGA",1,0,"SAPOPEMBA, AV 15117 SAO PAULO SP",-23.6225807,-46.4653608
"4651","D031301450",18068,"SERRA DE BRAGANCA, RUA",1967,"APUCARANA, RUA",0,"","15/03/2013 14:48",2,"CO",30,1507," "," ",2,0,0,0,0,0,0,0,0,0,0,0,0,0,0,0,0,1967,"APUCARANA, RUA",18068,"SERRA DE BRAGANCA, RUA",82,"TATUAPE",2,0,"SERRA DE BRAGANCA, RUA SAO PAULO SP &  APUCARANA, RUA SAO PAULO SP",-23.5449429,-46.5682309
"4652","D031300942",60516,"MARIE NADER CALFAT, RUA",NA,"",503,"","15/03/2013 14:50",2,"CO",89,2350," "," ",1,1,0,0,0,0,0,0,0,0,0,0,0,0,0,0,0,60516,"MARIE NADER CALFAT, RUA",NA,"",29,"FREGUESIA DO O",1,0,"MARIE NADER CALFAT, RUA 503 SAO PAULO SP",-23.6281666,-46.7295036
"4653","D031300641",4561,"CASTELO BRANCO, AV PRES",17507,"RUDGE, AV",0,"","15/03/2013 15:00",2,"CT",23,1442," "," ",0,2,0,0,0,0,0,0,0,0,0,0,0,0,0,0,0,4561,"CASTELO BRANCO, AV PRES",17507,"RUDGE, AV",NA,"",1,0,"CASTELO BRANCO, AV PRES SAO PAULO SP &  RUDGE, AV SAO PAULO SP",-23.5216047,-46.6390428
"4654","D031302347",13881,"MIGUEL, AV S",NA,"",4530,"","15/03/2013 15:11",4,"AT",62,1058," "," ",0,0,1,0,0,0,0,0,0,0,0,0,0,0,0,0,0,13881,"MIGUEL, AV S",NA,"",65,"PONTE RASA",0,1,"MIGUEL, AV S 4530 SAO PAULO SP",-23.5075418,-46.4896905
"4655","D031300145",120,"ACLIMACAO, AV DA",NA,"",763,"","15/03/2013 15:15",2,"CO",6,1319," "," ",1,0,0,0,0,0,0,1,0,0,0,1,0,0,0,0,0,120,"ACLIMACAO, AV DA",NA,"",49,"LIBERDADE",1,0,"ACLIMACAO, AV DA 763 SAO PAULO SP",-23.5728821,-46.6325561
"4656","D031302390",1010,"AMARO ANTONIO ROSA, RUA",9529,"ITAPECERICA, ES DE",0,"","15/03/2013 15:20",2,"CO",37,2237," "," ",0,1,0,1,0,0,0,0,0,0,0,0,0,0,0,0,0,1010,"AMARO ANTONIO ROSA, RUA",9529,"ITAPECERICA, ES DE",45,"JARDIM SAO LUIS",0,1,"AMARO ANTONIO ROSA, RUA SAO PAULO SP &  ITAPECERICA, ES DE SAO PAULO SP",-23.6422425,-46.7414644
"4657","D031300852",5309,"CORIFEU DE AZEVEDO MARQUES, AV",NA,"",2284,"","15/03/2013 15:30",2,"CT",51,1256," "," ",1,1,0,0,0,0,0,0,0,0,0,0,0,0,0,0,0,5309,"CORIFEU DE AZEVEDO MARQUES, AV",NA,"",12,"BUTANTA",1,0,"CORIFEU DE AZEVEDO MARQUES, AV 2284 SAO PAULO SP",-23.57398,-46.7355912
"4658","D031301275",3771,"INAJAR DE SOUZA, AV",NA,"",5000,"","15/03/2013 15:30",4,"AT",72,2298," "," ",1,0,0,0,0,0,0,0,0,0,0,0,0,0,0,0,0,3771,"INAJAR DE SOUZA, AV",NA,"",50,"LIMAO",1,0,"INAJAR DE SOUZA, AV 5000 SAO PAULO SP",-23.4686423,-46.670097