"","id_acidente","codloga","logradouroA","codlogb","logradouroB","alt_num","referencia","data","cod_acid","tipo_acidente","dp","numero_BO","sentido","pista","automovel","moto","onibus","caminhao","bicicleta","moto_taxi","onibus_fretado","onibus_urbano","microonibus","van","vuc","caminhonete","carreta","jipe","outros","sem_informacao","carroca","princ_a","paiA","princ_b","paiB","cod_distrito","distrito","vit_ferida","vit_morta","local","lat","lon"
"4749","D031302154",9044,"RAGUEB CHOHFI, AV",NA,"",5192,"","16/03/2013 19:35",2,"CO",49,3670,"B"," ",1,1,0,0,0,0,0,0,0,0,0,0,0,0,0,0,0,9044,"RAGUEB CHOHFI, AV",NA,"",32,"IGUATEMI",2,0,"RAGUEB CHOHFI, AV 5192 SAO PAULO SP",-23.596291,-46.435565
"4752","D031300091",2617,"AVANHANDAVA, RUA",13614,"MARTINHO PRADO, RUA",0,"","16/03/2013 19:58",2,"CO",4,2088," "," ",1,1,0,0,0,0,0,0,0,0,0,0,0,0,0,0,0,2617,"AVANHANDAVA, RUA",13614,"MARTINHO PRADO, RUA",67,"REPUBLICA",1,0,"AVANHANDAVA, RUA SAO PAULO SP &  MARTINHO PRADO, RUA SAO PAULO SP",-23.5509028,-46.6466838
"4753","D031302099",14366,"NACIONALISTAS, AV DOS",10891,"JOSE DE BARROS LIMA, RUA",0,"","16/03/2013 20:20",2,"CO",41,2696," "," ",2,0,0,0,0,0,0,0,0,0,0,0,0,0,0,0,0,10891,"JOSE DE BARROS LIMA, RUA",14366,"NACIONALISTAS, AV DOS",4,"ARICANDUVA",2,0,"NACIONALISTAS, AV DOS SAO PAULO SP &  JOSE DE BARROS LIMA, RUA SAO PAULO SP",-23.5763244,-46.520087
"4756","D031301893",4128,"CANGAIBA, AV",NA,"",4300,"","16/03/2013 21:15",2,"CO",24,2815," "," ",1,1,0,0,0,0,0,0,0,0,0,0,0,0,0,0,0,4128,"CANGAIBA, AV",NA,"",18,"CANGAIBA",1,0,"CANGAIBA, AV 4300 SAO PAULO SP",-23.5051208,-46.5155366
"4758","D031300413",9715,"JABAQUARA, AV",3644,"BRAZOPOLIS, RUA",0,"","16/03/2013 21:40",4,"AT",35,3540," "," ",0,0,0,0,0,0,0,0,0,0,0,0,0,0,0,1,0,3644,"BRAZOPOLIS, RUA",9715,"JABAQUARA, AV",NA,"",1,0,"JABAQUARA, AV SAO PAULO SP &  BRAZOPOLIS, RUA SAO PAULO SP",-23.6202152,-46.6396897
"4759","D031302187",36428,"FRANCISCO TRANCHESI, AV",60675,"AFONSO DE SAMPAIO E SOUSA, AV",0,"","16/03/2013 21:40",2,"CO",53,1707," "," ",0,0,2,0,0,0,0,0,0,0,0,0,0,0,0,0,0,6927,"HARRY DANHENBERG, RUA",36428,"FRANCISCO TRANCHESI, AV",58,"PARQUE DO CARMO",5,0,"FRANCISCO TRANCHESI, AV SAO PAULO SP &  AFONSO DE SAMPAIO E SOUSA, AV SAO PAULO SP",-23.5699642,-46.4599817
"4760","D031300888",99656,"CARLOS FARIA, RUA",NA,"",406,"","16/03/2013 22:35",2,"CO",75,2162," "," ",0,2,0,0,0,0,0,0,0,0,0,0,0,0,0,0,0,99656,"CARLOS FARIA, RUA",NA,"",13,"CACHOEIRINHA",1,0,"CARLOS FARIA, RUA 406 SAO PAULO SP",-23.6035432,-46.7843735
"4762","D031300130",15656,"PAULISTA, AV",4410,"CARLOS SAMPAIO, RUA",0,"","16/03/2013 23:15",4,"AT",5,2094," "," ",0,0,0,0,0,0,0,0,0,0,0,1,0,0,0,0,0,13248,"MARIA FIGUEIREDO, RUA",15656,"PAULISTA, AV",7,"BELA VISTA",1,0,"PAULISTA, AV SAO PAULO SP &  CARLOS SAMPAIO, RUA SAO PAULO SP",-23.5625897,-46.6549244
"4765","D031302292",65872,"ANTONIO DE FRANCA E SILVA, RUA",NA,"",680,"","17/03/2013 01:35",2,"CO",69,2700," "," ",2,0,0,0,0,0,0,0,0,0,0,0,0,0,0,0,0,65872,"ANTONIO DE FRANCA E SILVA, RUA",NA,"",56,"PARELHEIROS",5,0,"ANTONIO DE FRANCA E SILVA, RUA 680 SAO PAULO SP",-23.6206498,-46.5028442
"4766","D031301375",43777,"CARVALHO PINTO, AV GOV",18724,"TARUMA, AV",0,"","17/03/2013 02:03",2,"CO",10,3033," "," ",1,1,0,0,0,0,0,0,0,0,0,0,0,0,0,0,0,18724,"TARUMA, AV",43777,"CARVALHO PINTO, AV GOV",18,"CANGAIBA",1,0,"CARVALHO PINTO, AV GOV SAO PAULO SP &  TARUMA, AV SAO PAULO SP",-23.5149544,-46.5203738
"4767","D031300368",12847,"MARACATINS, AL DOS",9880,"JAMARIS, AV",0,"","17/03/2013 02:24",2,"CL",27,2735," "," ",2,0,0,0,0,0,0,0,0,0,0,0,0,0,0,0,0,9880,"JAMARIS, AV",12847,"MARACATINS, AL DOS",53,"MOEMA",1,0,"MARACATINS, AL DOS SAO PAULO SP &  JAMARIS, AV SAO PAULO SP",-23.6087227,-46.6624171
"4768","D031301939",17820,"TITO, AV MAL",NA,"",4700,"","17/03/2013 02:56",2,"CH",50,3253," "," ",1,0,0,0,0,0,0,0,0,0,0,0,0,0,0,0,0,17820,"TITO, AV MAL",NA,"",53,"MOEMA",2,0,"TITO, AV MAL 4700 SAO PAULO SP",-23.4973446,-46.3995956
"4769","D031301446",18068,"SERRA DE BRAGANCA, RUA",19727,"VILELA, RUA",0,"","17/03/2013 03:53",2,"CH",30,1440," "," ",1,0,0,0,0,0,0,0,0,0,0,0,0,0,0,0,0,18068,"SERRA DE BRAGANCA, RUA",19727,"VILELA, RUA",NA,"",1,0,"SERRA DE BRAGANCA, RUA SAO PAULO SP &  VILELA, RUA SAO PAULO SP",-23.5449429,-46.5682309
"4770","D031302350",1429,"ANHANGUERA, VIA",NA,"",16300,"","17/03/2013 04:58",4,"AT",33,2418," "," ",1,0,0,0,0,0,0,0,0,0,0,0,0,0,0,0,0,1429,"ANHANGUERA, VIA",NA,"",73,"SAO DOMINGOS",0,1,"ANHANGUERA, VIA 16300 SAO PAULO SP",-23.4900941,-46.7665396
"4771","D031302394",8368,"GUARAPIRANGA, AV",NA,"",1200,"","17/03/2013 05:20",2,"CF",47,3390," "," ",0,0,2,0,0,0,0,0,0,0,0,0,0,0,0,0,0,8368,"GUARAPIRANGA, AV",NA,"",45,"JARDIM SAO LUIS",4,1,"GUARAPIRANGA, AV 1200 SAO PAULO SP",-23.6803395,-46.7347739
"4772","D031300576",9935,"JAPIACOIA, RUA",12175,"LUIS AUGUSTO DE QUEIROS ARANHA, RUA DR",0,"","17/03/2013 05:55",2,"CF",14,2491," "," ",1,0,0,0,0,0,0,0,0,0,0,0,0,0,0,0,0,9935,"JAPIACOIA, RUA",12175,"LUIS AUGUSTO DE QUEIROS ARANHA, RUA DR",2,"ALTO DE PINHEIR",2,0,"JAPIACOIA, RUA SAO PAULO SP &  LUIS AUGUSTO DE QUEIROS ARANHA, RUA DR SAO PAULO SP",-23.5438328,-46.709632
"4775","D031302155",18826,"BENTO GUELFI, AV",NA,"",1660,"","17/03/2013 07:00",2,"CH",49,3688," "," ",1,0,0,0,0,0,0,0,0,0,0,0,0,0,0,0,0,18826,"BENTO GUELFI, AV",NA,"",55,"MORUMBI",1,0,"BENTO GUELFI, AV 1660 SAO PAULO SP",-23.6102726,-46.4259133
"4776","D031301061",27187,"OLAVO FONTOURA, AV",NA,"",1200,"","17/03/2013 07:23",2,"CT",13,2847," "," ",1,0,0,1,0,0,0,0,0,0,0,0,0,0,0,0,0,27187,"OLAVO FONTOURA, AV",NA,"",8,"BELEM",2,0,"OLAVO FONTOURA, AV 1200 SAO PAULO SP",-23.5150892,-46.6420086
"4777","D031301104",1930,"NADIR DIAS DE FIGUEIREDO, AV",NA,"",580,"","17/03/2013 08:00",2,"CH",19,2409," "," ",1,0,0,0,0,0,0,0,0,0,0,0,0,0,0,0,0,1930,"NADIR DIAS DE FIGUEIREDO, AV",NA,"",91,"VILA MARIA",1,0,"NADIR DIAS DE FIGUEIREDO, AV 580 SAO PAULO SP",-23.51992,-46.5949389
"4778","D031302085",10503,"JOAO XXIII, AV",NA,"",1600,"","17/03/2013 10:11",4,"AT",41,1446," "," ",1,0,0,0,0,0,0,0,0,0,0,0,0,0,0,0,0,10503,"JOAO XXIII, AV",NA,"",4,"ARICANDUVA",1,0,"JOAO XXIII, AV 1600 SAO PAULO SP",-23.5685307,-46.5276885
"4779","D031300533",19004,"TITO, RUA",NA,"",1132,"","17/03/2013 10:20",4,"AT",7,1806," "," ",0,0,0,0,0,0,0,0,0,0,0,1,0,0,0,0,0,19004,"TITO, RUA",NA,"",14,"CAMBUCI",1,0,"TITO, RUA 1132 SAO PAULO SP",-23.5282164,-46.7029768
"4780","D031301416",8261,"WALDEMAR CARLOS PEREIRA, AV",NA,"",1159,"","17/03/2013 10:50",2,"CO",21,3047," "," ",1,1,0,0,0,0,0,0,0,0,0,0,0,0,0,0,0,8261,"WALDEMAR CARLOS PEREIRA, AV",NA,"",93,"VILA MATILDE",1,0,"WALDEMAR CARLOS PEREIRA, AV 1159 SAO PAULO SP",-23.5439117,-46.5164516
"4781","D031301648",34128,"JOAO DE LUCA, AV VER",NA,"",901,"","17/03/2013 11:30",2,"CO",43,2892," "," ",2,0,0,0,0,0,0,0,0,0,0,1,0,0,0,0,0,34128,"JOAO DE LUCA, AV VER",NA,"",42,"JARDIM ANGELA",4,0,"JOAO DE LUCA, AV VER 901 SAO PAULO SP",-23.6518925,-46.6692306
"4784","D031300819",18262,"SILVIO DE CAMPOS, AV DR",NA,"",235,"","17/03/2013 13:00",2,"CO",46,1361," "," ",2,0,0,0,0,0,0,0,0,0,0,0,0,0,0,0,0,18262,"SILVIO DE CAMPOS, AV DR",NA,"",NA,"",1,0,"SILVIO DE CAMPOS, AV DR 235 SAO PAULO SP",-23.4067905,-46.7561817
"4785","D031302293",65872,"ANTONIO DE FRANCA E SILVA, RUA",NA,"",823,"","17/03/2013 13:10",2,"CL",69,2726," "," ",1,1,0,0,0,0,0,0,0,0,0,0,0,0,0,0,0,65872,"ANTONIO DE FRANCA E SILVA, RUA",NA,"",56,"PARELHEIROS",1,0,"ANTONIO DE FRANCA E SILVA, RUA 823 SAO PAULO SP",-23.6217122,-46.5034682
"4787","D031301028",3792,"CACHOEIRA DO ARARI, RUA",NA,"",290,"","17/03/2013 13:29",2,"CO",9,2411,"C"," ",1,0,0,0,0,0,0,0,0,0,0,1,0,0,0,0,0,3792,"CACHOEIRA DO ARARI, RUA",NA,"",88,"VILA GUILHERME",1,0,"CACHOEIRA DO ARARI, RUA 290 SAO PAULO SP",-23.5036083,-46.5959404
"4788","D031301427",3676,"BRUNA, RUA",NA,"",72,"","17/03/2013 13:36",4,"AT",29,1662," "," ",1,0,0,0,0,0,0,0,0,0,0,0,0,0,0,0,0,3676,"BRUNA, RUA",NA,"",1,"AGUA RASA",1,0,"BRUNA, RUA 72 SAO PAULO SP",-23.5703031,-46.5606482
"4790","D031300884",36553,"NAZIR MIGUEL, RUA",NA,"",200,"","17/03/2013 14:15",2,"QD",75,1032," "," ",0,0,0,0,0,0,0,1,0,0,0,0,0,0,0,0,0,36553,"NAZIR MIGUEL, RUA",NA,"",13,"CACHOEIRINHA",1,0,"NAZIR MIGUEL, RUA 200 SAO PAULO SP",-23.6038216,-46.7948292
"4791","D031301314",9512,"ITAMONTE, RUA",6224,"EDU CHAVES, AV",0,"","17/03/2013 15:00",2,"CO",73,2775," "," ",2,0,0,0,0,0,0,0,0,0,0,0,0,0,0,0,0,6224,"EDU CHAVES, AV",9512,"ITAMONTE, RUA",38,"JACANA",2,0,"ITAMONTE, RUA SAO PAULO SP &  EDU CHAVES, AV SAO PAULO SP",-23.4891779,-46.5786137
"4792","D031301919",9806,"PIRES DO RIO, AV",NA,"",2999,"","17/03/2013 15:32",4,"AT",32,1952," "," ",1,0,0,0,0,0,0,0,0,0,0,0,0,0,0,0,0,9806,"PIRES DO RIO, AV",NA,"",76,"SAO MIGUEL",1,0,"PIRES DO RIO, AV 2999 SAO PAULO SP",-23.5235256,-46.4438735
"4793","D031300067",17000,"REPUBLICA, PCA DA",NA,"",76,"","17/03/2013 16:20",4,"AT",3,1535," "," ",1,0,0,0,0,0,0,0,0,0,0,0,0,0,0,0,0,17000,"REPUBLICA, PCA DA",NA,"",0,"NULL",1,0,"REPUBLICA, PCA DA 76 SAO PAULO SP",-23.5492204,-46.6336852
"4794","D031301105",14270,"MORVAN DIAS DE FIGUEIREDO, AV",1930,"NADIR DIAS DE FIGUEIREDO, AV",0,"","17/03/2013 16:33",2,"CO",19,2420," "," ",3,0,0,0,0,0,0,0,0,0,0,0,0,0,0,0,0,1930,"NADIR DIAS DE FIGUEIREDO, AV",14270,"MORVAN DIAS DE FIGUEIREDO, AV",NA,"",1,0,"MORVAN DIAS DE FIGUEIREDO, AV SAO PAULO SP &  NADIR DIAS DE FIGUEIREDO, AV SAO PAULO SP",-23.5218788,-46.6058375
"4795","D031300964",10941,"JOSE ELIAS, RUA DR",10663,"JORGE AMERICANO, RUA",0,"","17/03/2013 16:45",4,"AT",91,1833," "," ",1,0,0,0,0,0,0,0,0,0,0,0,0,0,0,0,0,10663,"JORGE AMERICANO, RUA",10941,"JOSE ELIAS, RUA DR",48,"LAPA",1,0,"JOSE ELIAS, RUA DR SAO PAULO SP &  JORGE AMERICANO, RUA SAO PAULO SP",-23.5316761,-46.7165767
"4796","D031300751",7500,"FRANCISCO MORATO, AV PROF",21674,"JORGE JOAO SAAD, AV",0,"","17/03/2013 17:30",2,"CO",34,2188," "," ",1,1,0,0,0,0,0,0,0,0,0,0,0,0,0,0,0,7500,"FRANCISCO MORATO, AV PROF",21674,"JORGE JOAO SAAD, AV",12,"BUTANTA",1,0,"FRANCISCO MORATO, AV PROF SAO PAULO SP &  JORGE JOAO SAAD, AV SAO PAULO SP",-23.5789486,-46.7103326
"4797","D031301545",10162,"JOAO BATISTA DE LACERDA, RUA DR",NA,"",261,"","17/03/2013 19:40",2,"CO",57,1672,"C"," ",2,0,0,0,0,0,0,0,0,0,0,0,0,0,0,0,0,10162,"JOAO BATISTA DE LACERDA, RUA DR",NA,"",8,"BELEM",1,0,"JOAO BATISTA DE LACERDA, RUA DR 261 SAO PAULO SP",-23.54942,-46.5846026
"4798","D031301131",351,"AGUA FRIA, AV",NA,"",1617,"","17/03/2013 19:50",2,"QM",20,2425,"C"," ",0,1,0,0,0,0,0,0,0,0,0,0,0,0,0,0,0,351,"AGUA FRIA, AV",NA,"",71,"SANTANA",1,0,"AGUA FRIA, AV 1617 SAO PAULO SP",-23.4749785,-46.6191379
"4799","D031300158",14317,"MUNIZ DE SOUSA, RUA",NA,"",720,"","17/03/2013 19:59",2,"CT",8,1980," "," ",5,0,0,0,0,0,0,0,0,0,0,0,0,0,0,0,0,14317,"MUNIZ DE SOUSA, RUA",NA,"",12,"BUTANTA",2,0,"MUNIZ DE SOUSA, RUA 720 SAO PAULO SP",-23.5692439,-46.627083
"4800","D031300265",2497,"AUGUSTA, RUA",NA,"",2514,"","17/03/2013 20:08",4,"AT",78,2116," "," ",1,0,0,0,0,0,0,0,0,0,0,0,0,0,0,0,0,2497,"AUGUSTA, RUA",NA,"",26,"CONSOLACAO",1,0,"AUGUSTA, RUA 2514 SAO PAULO SP",-23.5631708,-46.665612
"4801","D031300187",18337,"SIQUEIRA BUENO, RUA",19306,"UBIRAJARA, LGO",0,"","17/03/2013 20:10",2,"CO",8,2030," "," ",2,0,0,0,0,0,0,0,0,0,0,0,0,0,0,0,0,185,"ADELINO, RUA PDE",19306,"UBIRAJARA, LGO",54,"MOOCA",1,0,"SIQUEIRA BUENO, RUA SAO PAULO SP &  UBIRAJARA, LGO SAO PAULO SP",-23.5457795,-46.5925681
"4802","D031300889",8603,"HEITOR ANTONIO EIRAS GARCIA, AV ENG",NA,"",6668,"","17/03/2013 20:30",2,"CH",75,2194," "," ",1,0,0,0,0,0,0,0,0,0,0,0,0,0,0,0,0,8603,"HEITOR ANTONIO EIRAS GARCIA, AV ENG",NA,"",68,"RIO PEQUENO",2,0,"HEITOR ANTONIO EIRAS GARCIA, AV ENG 6668 SAO PAULO SP",-23.6002296,-46.7873028
"4803","D031300725",14267,"MORUMBI, AV",NA,"",6500,"","17/03/2013 20:30",2,"CO",34,1701," "," ",2,0,1,0,0,0,0,0,0,0,0,0,0,0,0,0,0,14267,"MORUMBI, AV",NA,"",55,"MORUMBI",1,0,"MORUMBI, AV 6500 SAO PAULO SP",-23.6172961,-46.7076075
"4804","D031301193",14242,"MOREIRA DE BARROS, RUA CONS",NA,"",2270,"","17/03/2013 20:33",2,"CF",38,2349,"B"," ",2,0,0,0,0,0,0,0,0,0,0,1,0,0,0,0,0,14242,"MOREIRA DE BARROS, RUA CONS",NA,"",0,"NULL",2,0,"MOREIRA DE BARROS, RUA CONS 2270 SAO PAULO SP",-23.4848243,-46.6414796
"4805","D031300092",2497,"AUGUSTA, RUA",NA,"",2823,"","17/03/2013 20:37",2,"CL",4,2114," "," ",2,0,0,0,0,0,0,0,0,0,0,0,0,0,0,0,0,2497,"AUGUSTA, RUA",NA,"",26,"CONSOLACAO",1,0,"AUGUSTA, RUA 2823 SAO PAULO SP",-23.5653635,-46.6676347
"4806","D031300136",16010,"PEDROSO, RUA",19583,"VERGUEIRO, RUA",0,"","17/03/2013 20:45",2,"CL",5,2770," "," ",1,0,0,0,0,0,0,0,0,0,0,1,0,0,0,0,0,16010,"PEDROSO, RUA",19583,"VERGUEIRO, RUA",49,"LIBERDADE",1,0,"PEDROSO, RUA SAO PAULO SP &  VERGUEIRO, RUA SAO PAULO SP",-23.5626761,-46.6407018
"4809","D031301853",8368,"GUARAPIRANGA, AV",NA,"",750,"","17/03/2013 21:10",4,"AT",102,2970," "," ",2,0,0,0,0,0,0,0,0,0,0,0,0,0,0,0,0,8368,"GUARAPIRANGA, AV",NA,"",45,"JARDIM SAO LUIS",1,0,"GUARAPIRANGA, AV 750 SAO PAULO SP",-23.666399,-46.7197302
"4810","D031301921",2516,"AUGUSTO CARLOS BAUMAN, RUA",5679,"DAMASIO PINTO, RUA",0,"","17/03/2013 21:39",2,"CO",32,1956," "," ",2,0,0,0,0,0,0,0,0,0,0,0,0,0,0,0,0,2516,"AUGUSTO CARLOS BAUMAN, RUA",9590,"ITAQUERA-GUAIANAZES, ES",36,"ITAQUERA",1,0,"AUGUSTO CARLOS BAUMAN, RUA SAO PAULO SP &  DAMASIO PINTO, RUA SAO PAULO SP",-23.5316515,-46.4470261
"4811","D031300873",35598,"CIDADE UNIVERSITARIA, PTE DA",NA,"",10,"","17/03/2013 21:50",2,"SI",51,2506," "," ",2,0,0,0,0,0,0,0,0,0,0,0,0,0,0,0,0,35598,"CIDADE UNIVERSITARIA, PTE DA",NA,"",2,"ALTO DE PINHEIR",4,0,"CIDADE UNIVERSITARIA, PTE DA 10 SAO PAULO SP",-23.5617573,-46.7213147
"4812","D031300387",15378,"CIDADE DE BAGDA, RUA",9718,"GENARO DE CARVALHO, RUA",0,"","17/03/2013 21:50",2,"CL",35,1095," "," ",2,0,0,0,0,0,0,0,0,0,0,0,0,0,0,0,0,9718,"GENARO DE CARVALHO, RUA",15378,"CIDADE DE BAGDA, RUA",37,"JABAQUARA",1,0,"CIDADE DE BAGDA, RUA SAO PAULO SP &  GENARO DE CARVALHO, RUA SAO PAULO SP",-23.6563762,-46.6533195
"4813","D031302415",4736,"CELSO GARCIA, AV",NA,"",564,"","17/03/2013 22:25",4,"AT",90,1272,"C"," ",0,0,1,0,0,0,0,0,0,0,0,0,0,0,0,0,0,4736,"CELSO GARCIA, AV",NA,"",82,"TATUAPE",0,1,"CELSO GARCIA, AV 564 SAO PAULO SP",-23.5390574,-46.6068927
"4814","D031302335",19711,"ABILIO PEDRO RAMOS, RUA",NA,"",350,"","17/03/2013 22:26",4,"AT",73,2785," "," ",0,1,0,0,0,0,0,0,0,0,0,0,0,0,0,0,0,19711,"ABILIO PEDRO RAMOS, RUA",NA,"",22,"CIDADE ADEMAR",1,1,"ABILIO PEDRO RAMOS, RUA 350 SAO PAULO SP",-23.4616909,-46.5774465
"4815","D031301417",1507,"ANTONIETA DE MORAIS, RUA",NA,"",380,"","17/03/2013 22:33",2,"CH",21,3065," "," ",1,0,0,0,0,0,0,0,0,0,0,0,0,0,0,0,0,1507,"ANTONIETA DE MORAIS, RUA",NA,"",93,"VILA MATILDE",1,0,"ANTONIETA DE MORAIS, RUA 380 SAO PAULO SP",-23.5440759,-46.5271447
"4816","D031301418",12612,"MANILHA, RUA",2181,"ARICANDUVA, AV",0,"","17/03/2013 22:40",2,"CO",21,3068," "," ",2,0,0,0,0,0,0,0,0,0,0,0,0,0,0,0,0,2181,"ARICANDUVA, AV",2440,"ASTARTE, RUA",20,"CARRAO",1,0,"MANILHA, RUA SAO PAULO SP &  ARICANDUVA, AV SAO PAULO SP",-23.5480252,-46.5261119
"4817","D031300515",24491,"IMIGRANTES, VIA DOS",NA,"",13,"","17/03/2013 23:00",2,"CO",97,2326," "," ",1,1,0,0,0,0,0,0,0,0,0,0,0,0,0,0,0,24491,"IMIGRANTES, VIA DOS",NA,"",NA,"",1,0,"IMIGRANTES, VIA DOS 13 SAO PAULO SP",-23.6526818,-46.6342479
"4818","D031301940",5366,"CORREGO TIJUCO PRETO, AV",NA,"",445,"","17/03/2013 23:10",4,"AT",50,3286," "," ",0,1,0,0,0,0,0,0,0,0,0,0,0,0,0,0,0,5366,"CORREGO TIJUCO PRETO, AV",NA,"",35,"ITAIM PAULISTA",2,0,"CORREGO TIJUCO PRETO, AV 445 SAO PAULO SP",-23.4948045,-46.3837513
"4819","D031302021",10627,"JUAZEIRO DO NORTE, RUA",NA,"",453,"","17/03/2013 23:16",4,"AT",64,2786," "," ",1,0,0,0,0,0,0,0,0,0,0,0,0,0,0,0,0,10627,"JUAZEIRO DO NORTE, RUA",NA,"",15,"CAMPO BELO",1,0,"JUAZEIRO DO NORTE, RUA 453 SAO PAULO SP",-23.5281469,-46.4879535
"4821","D031300147",11922,"LINS DE VASCONCELOS, AV",995,"AMARANTE, RUA",0,"","18/03/2013 00:00",2,"SI",6,31352," "," ",1,1,0,0,0,0,0,0,0,0,0,0,0,0,0,0,0,995,"AMARANTE, RUA",11922,"LINS DE VASCONCELOS, AV",14,"CAMBUCI",1,0,"LINS DE VASCONCELOS, AV SAO PAULO SP &  AMARANTE, RUA SAO PAULO SP",-23.5729401,-46.622809
"4822","D031300131",12165,"LUIS ANTONIO, AV BRIG",NA,"",600,"","18/03/2013 00:15",2,"CO",5,2119," "," ",0,1,0,0,0,0,0,0,0,0,0,0,0,0,0,1,0,12165,"LUIS ANTONIO, AV BRIG",NA,"",7,"BELA VISTA",1,0,"LUIS ANTONIO, AV BRIG 600 SAO PAULO SP",-23.5555753,-46.6394416
"4823","D031300293",66,"ABRAAO DE MORAIS, AV PROF",13915,"MIGUEL ESTEFANO, AV",0,"","18/03/2013 00:28",2,"CO",16,3568," "," ",1,1,0,0,0,0,0,0,0,0,0,0,0,0,0,0,0,66,"ABRAAO DE MORAIS, AV PROF",7019,"FRANCISCO TAPAJOS, RUA",79,"SAUDE",1,0,"ABRAAO DE MORAIS, AV PROF SAO PAULO SP &  MIGUEL ESTEFANO, AV SAO PAULO SP",-23.6072122,-46.6270066
"4824","D031302046",12156,"LUIZ AYRES, RUA DR",NA,"",2500,"","18/03/2013 00:45",2,"CH",65,2788," "," ",1,0,0,0,0,0,0,0,0,0,0,0,0,0,0,0,0,12156,"LUIZ AYRES, RUA DR",NA,"",5,"ARTUR ALVIM",1,0,"LUIZ AYRES, RUA DR 2500 SAO PAULO SP",-23.5422396,-46.4814708
"4825","D031300427",3274,"BERNARDINO DE CAMPOS, AV",57,"ABILIO SOARES, RUA",0,"","18/03/2013 02:41",2,"CO",36,1218," "," ",1,1,0,0,0,0,0,0,0,0,0,0,0,0,0,0,0,57,"ABILIO SOARES, RUA",3274,"BERNARDINO DE CAMPOS, AV",92,"VILA MARIANA",1,0,"BERNARDINO DE CAMPOS, AV SAO PAULO SP &  ABILIO SOARES, RUA SAO PAULO SP",-23.5761068,-46.641305
"4826","D031302079",9134,"INCONFIDENCIA MINEIRA, AV",NA,"",1013,"","18/03/2013 05:30",2,"CT",41,827," "," ",1,0,1,0,0,0,0,0,0,0,0,0,0,0,0,0,0,9134,"INCONFIDENCIA MINEIRA, AV",NA,"",4,"ARICANDUVA",1,0,"INCONFIDENCIA MINEIRA, AV 1013 SAO PAULO SP",-23.5768311,-46.5162707
"4827","D031300783",34682,"CAMPO LIMPO, ES DO",NA,"",3225,"","18/03/2013 05:30",2,"QM",37,2271," "," ",1,1,0,0,0,0,0,0,0,0,0,0,0,0,0,0,0,34682,"CAMPO LIMPO, ES DO",NA,"",17,"CAMPO LIMPO",2,0,"CAMPO LIMPO, ES DO 3225 SAO PAULO SP",-23.2019463,-46.785846
"4828","D031300935",8000,"GIOVANNI GRONCHI, AV",61244,"JOSE GALANTE, AV",0,"","18/03/2013 05:38",2,"CO",89,2199," "," ",1,1,0,0,0,0,0,0,0,0,0,0,0,0,0,0,0,61244,"JOSE GALANTE, AV",66268,"JAMES FERRAZ ALVIM, RUA DR",85,"VILA ANDRADE",1,0,"GIOVANNI GRONCHI, AV SAO PAULO SP &  JOSE GALANTE, AV SAO PAULO SP",-23.6004501,-46.710515
"4829","D031300454",14510,"NESTOR ALBERTO DE MACEDO, RUA DR",NA,"",8,"","18/03/2013 06:00",4,"AT",83,667," "," ",1,0,0,0,0,0,0,0,0,0,0,0,0,0,0,0,0,14510,"NESTOR ALBERTO DE MACEDO, RUA DR",NA,"",27,"CURSINO",1,0,"NESTOR ALBERTO DE MACEDO, RUA DR 8 SAO PAULO SP",-23.6258447,-46.6206297
"4830","D031301730",13357,"MARIA COELHO AGUIAR, AV",NA,"",215,"","18/03/2013 06:08",4,"AT",92,1741," "," ",0,0,0,0,0,0,0,0,0,0,0,0,0,0,0,1,0,13357,"MARIA COELHO AGUIAR, AV",NA,"",45,"JARDIM SAO LUIS",1,0,"MARIA COELHO AGUIAR, AV 215 SAO PAULO SP",-23.6483613,-46.7316463
"4831","D031300376",26500,"VICENTE RAO, AV PROF.",NA,"",30,"","18/03/2013 06:30",2,"CO",27,3037," "," ",1,0,0,1,0,0,0,0,0,0,0,0,0,0,0,0,0,26500,"VICENTE RAO, AV PROF.",NA,"",30,"GRAJAU",1,0,"VICENTE RAO, AV PROF. 30 SAO PAULO SP",-23.6267619,-46.6869641
"4832","D031301198",14242,"MOREIRA DE BARROS, RUA CONS",7347,"FRANCISCO RANIERI, AV DR",0,"","18/03/2013 06:30",2,"CO",38,2881," "," ",0,1,0,0,0,0,0,0,0,0,0,1,0,0,0,0,0,7347,"FRANCISCO RANIERI, AV DR",14242,"MOREIRA DE BARROS, RUA CONS",51,"MANDAQUI",1,0,"MOREIRA DE BARROS, RUA CONS SAO PAULO SP &  FRANCISCO RANIERI, AV DR SAO PAULO SP",-23.4788703,-46.6508619
"4834","D031300369",15887,"PEDRO BUENO, AV",NA,"",650,"","18/03/2013 06:59",2,"CO",27,2776," "," ",3,0,0,0,0,0,0,0,0,0,0,0,0,0,0,0,0,15887,"PEDRO BUENO, AV",NA,"",30,"GRAJAU",1,0,"PEDRO BUENO, AV 650 SAO PAULO SP",-23.6354986,-46.6496348