"","id_acidente","codloga","logradouroA","codlogb","logradouroB","alt_num","referencia","data","cod_acid","tipo_acidente","dp","numero_BO","sentido","pista","automovel","moto","onibus","caminhao","bicicleta","moto_taxi","onibus_fretado","onibus_urbano","microonibus","van","vuc","caminhonete","carreta","jipe","outros","sem_informacao","carroca","princ_a","paiA","princ_b","paiB","cod_distrito","distrito","vit_ferida","vit_morta","local","lat","lon"
"4835","D031300509",2235,"ARMANDO DE ARRUDA PEREIRA, AV ENG",NA,"",2700,"","18/03/2013 07:00",4,"AT",97,759," "," ",0,0,1,0,0,0,0,0,0,0,0,0,0,0,0,0,0,2235,"ARMANDO DE ARRUDA PEREIRA, AV ENG",NA,"",37,"JABAQUARA",1,0,"ARMANDO DE ARRUDA PEREIRA, AV ENG 2700 SAO PAULO SP",-23.6512135,-46.6396065
"4836","D031300541",6238,"NACOES UNIDAS, AV DAS",4178,"CAPEPUXIS, RUA",0,"","18/03/2013 07:00",2,"CT",14,1346," "," ",1,1,0,0,0,0,0,0,0,0,0,0,0,0,0,0,0,1581,"ANTONIO BATUIRA, AV",6238,"NACOES UNIDAS, AV DAS",72,"SANTO AMARO",1,0,"NACOES UNIDAS, AV DAS SAO PAULO SP &  CAPEPUXIS, RUA SAO PAULO SP",-23.5735935,-46.7008864
"4837","D031301376",4128,"CANGAIBA, AV",NA,"",92,"","18/03/2013 07:05",2,"QD",10,3070," "," ",0,0,0,0,0,0,0,1,0,0,0,0,0,0,0,0,0,4128,"CANGAIBA, AV",NA,"",18,"CANGAIBA",1,0,"CANGAIBA, AV 92 SAO PAULO SP",-23.518974,-46.5463534
"4838","D031301781",9220,"INTERLAGOS, AV",NA,"",871,"","18/03/2013 07:10",2,"CF",99,1209," "," ",2,1,0,0,0,0,0,0,0,0,0,0,0,0,0,0,0,9220,"INTERLAGOS, AV",NA,"",16,"CAMPO GRANDE",1,0,"INTERLAGOS, AV 871 SAO PAULO SP",-23.6608314,-46.6793918
"4839","D031300643",18908,"TOMAS EDSON, AV",NA,"",62,"","18/03/2013 07:10",4,"AT",23,1463," "," ",0,0,1,0,0,0,0,0,0,0,0,0,0,0,0,0,0,18908,"TOMAS EDSON, AV",NA,"",35,"ITAIM PAULISTA",1,0,"TOMAS EDSON, AV 62 SAO PAULO SP",-23.5250135,-46.6643794
"4840","D031300963",14172,"MONTE PASCAL, RUA",NA,"",100,"","18/03/2013 07:15",4,"AT",91,1828," "," ",0,1,0,0,0,0,0,0,0,0,0,0,0,0,0,0,0,14172,"MONTE PASCAL, RUA",NA,"",48,"LAPA",1,0,"MONTE PASCAL, RUA 100 SAO PAULO SP",-23.5208435,-46.719925
"4841","D031301675",20514,"MANUEL ALVES SOARES, AV",NA,"",299,"","18/03/2013 07:21",4,"AT",48,1032," "," ",1,0,0,0,0,0,0,0,0,0,0,0,0,0,0,0,0,20514,"MANUEL ALVES SOARES, AV",NA,"",32,"IGUATEMI",1,0,"MANUEL ALVES SOARES, AV 299 SAO PAULO SP",-23.7240185,-46.6877658
"4842","D031301132",18257,"SILVIO DE ALMEIDA SAMPAIO, RUA",NA,"",101,"","18/03/2013 07:30",4,"AT",20,2443," "," ",0,1,0,0,0,0,0,0,0,0,0,0,0,0,0,0,0,18257,"SILVIO DE ALMEIDA SAMPAIO, RUA",NA,"",8,"BELEM",1,0,"SILVIO DE ALMEIDA SAMPAIO, RUA 101 SAO PAULO SP",-23.4773901,-46.631519
"4843","D031302308",15032,"ORATORIO, AV DO",NA,"",6530,"","18/03/2013 07:30",2,"CT",70,1750," "," ",3,0,0,0,0,0,0,0,0,0,0,0,0,0,0,0,0,15032,"ORATORIO, AV DO",NA,"",26,"CONSOLACAO",2,0,"ORATORIO, AV DO 6530 SAO PAULO SP",-23.6126062,-46.523513
"4844","D031301892",13881,"MIGUEL, AV S",43777,"CARVALHO PINTO, AV GOV",0,"","18/03/2013 07:30",4,"AT",24,2795," "," ",0,1,0,0,0,0,0,0,0,0,0,0,0,0,0,0,0,13881,"MIGUEL, AV S",43777,"CARVALHO PINTO, AV GOV",60,"PENHA",1,0,"MIGUEL, AV S SAO PAULO SP &  CARVALHO PINTO, AV GOV SAO PAULO SP",-23.513252,-46.517118
"4845","D031301998",9806,"PIRES DO RIO, AV",19800,"VIRGINIA DE MIRANDA, RUA",0,"","18/03/2013 07:30",2,"CO",64,1809," "," ",1,1,0,0,0,0,0,0,0,0,0,0,0,0,0,0,0,9806,"PIRES DO RIO, AV",19800,"VIRGINIA DE MIRANDA, RUA",76,"SAO MIGUEL",1,0,"PIRES DO RIO, AV SAO PAULO SP &  VIRGINIA DE MIRANDA, RUA SAO PAULO SP",-23.5173451,-46.443657
"4846","D031301210",6163,"EDE, AV",6475,"ALDEIA VINTE DE SETEMBRO, RUA",0,"","18/03/2013 07:40",4,"AT",39,1279," "," ",1,0,0,0,0,0,0,0,0,0,0,0,0,0,0,0,0,6163,"EDE, AV",6475,"ALDEIA VINTE DE SETEMBRO, RUA",94,"VILA MEDEIROS",1,0,"EDE, AV SAO PAULO SP &  ALDEIA VINTE DE SETEMBRO, RUA SAO PAULO SP",-23.4943829,-46.5921248
"4847","D031300988",5309,"CORIFEU DE AZEVEDO MARQUES, AV",NA,"",3009,"","18/03/2013 08:00",2,"SI",93,1803," "," ",1,1,0,0,0,0,0,0,0,0,0,0,0,0,0,0,0,5309,"CORIFEU DE AZEVEDO MARQUES, AV",NA,"",12,"BUTANTA",1,0,"CORIFEU DE AZEVEDO MARQUES, AV 3009 SAO PAULO SP",-23.5697632,-46.7411812
"4849","D031300426",19583,"VERGUEIRO, RUA",NA,"",2317,"","18/03/2013 08:25",4,"AT",36,1217," "," ",0,1,0,0,0,0,0,0,0,0,0,0,0,0,0,0,0,19583,"VERGUEIRO, RUA",NA,"",33,"IPIRANGA",1,0,"VERGUEIRO, RUA 2317 SAO PAULO SP",-23.5821231,-46.6377321
"4851","D031301157",13417,"MARINA, AV STA",NA,"",2107,"","18/03/2013 08:45",2,"CO",28,1429," "," ",0,1,0,0,0,0,0,0,0,0,0,1,0,0,0,0,0,13417,"MARINA, AV STA",NA,"",6,"BARRA FUNDA",1,0,"MARINA, AV STA 2107 SAO PAULO SP",-23.5065379,-46.6936538
"4852","D031300746",5856,"DIAS VIEIRA, RUA",NA,"",11,"","18/03/2013 08:46",4,"AT",34,1943," "," ",1,0,0,0,0,0,0,0,0,0,0,0,0,0,0,0,0,5856,"DIAS VIEIRA, RUA",NA,"",96,"VILA SONIA",1,0,"DIAS VIEIRA, RUA 11 SAO PAULO SP",-23.5952632,-46.7293127
"4853","D031300854",16878,"RAPOSO TAVARES, VIA",NA,"",11100,"","18/03/2013 08:50",2,"CO",51,1285," "," ",2,2,0,0,0,0,0,0,0,0,0,0,0,0,0,0,0,16878,"RAPOSO TAVARES, VIA",NA,"",13,"CACHOEIRINHA",3,0,"RAPOSO TAVARES, VIA 11100 SAO PAULO SP",-23.5340173,-48.4216192
"4854","D031300214",4871,"XAVANTES, RUA",17081,"RICARDO GONCALVES, RUA DR",0,"","18/03/2013 08:52",4,"AT",12,1561," "," ",0,0,0,0,0,0,0,1,0,0,0,0,0,0,0,0,0,4871,"XAVANTES, RUA",17081,"RICARDO GONCALVES, RUA DR",10,"BRAS",1,0,"XAVANTES, RUA SAO PAULO SP &  RICARDO GONCALVES, RUA DR SAO PAULO SP",-23.5393245,-46.6143507
"4855","D031302372",7897,"GERACINA, RUA",NA,"",297,"","18/03/2013 09:00",4,"AT",63,2009," "," ",1,0,0,0,0,0,0,0,0,0,0,0,0,0,0,0,0,7897,"GERACINA, RUA",NA,"",53,"MOEMA",0,1,"GERACINA, RUA 297 SAO PAULO SP",-23.5071707,-46.4717165
"4856","D031301062",3202,"BENTA PEREIRA, RUA",5681,"DAMIANA DA CUNHA, RUA",0,"","18/03/2013 09:20",2,"CO",13,2894,"C"," ",1,1,0,0,0,0,0,0,0,0,0,0,0,0,0,0,0,3202,"BENTA PEREIRA, RUA",5681,"DAMIANA DA CUNHA, RUA",71,"SANTANA",2,0,"BENTA PEREIRA, RUA SAO PAULO SP &  DAMIANA DA CUNHA, RUA SAO PAULO SP",-23.499097,-46.6419146
"4861","D031302337",42220,"USHIKICHI KAMYIA, RUA",NA,"",38,"","18/03/2013 10:40",4,"AT",73,2873," "," ",1,0,0,0,0,0,0,0,0,0,0,0,0,0,0,0,0,42220,"USHIKICHI KAMYIA, RUA",NA,"",NA,"",0,1,"USHIKICHI KAMYIA, RUA 38 SAO PAULO SP",-23.442934,-46.5943165
"4862","D031301452",4108,"CANDIDO LACERDA, RUA",NA,"",109,"","18/03/2013 11:12",4,"AT",30,1539," "," ",2,0,0,0,0,0,0,0,0,0,0,0,0,0,0,0,0,4108,"CANDIDO LACERDA, RUA",NA,"",87,"VILA FORMOSA",2,0,"CANDIDO LACERDA, RUA 109 SAO PAULO SP",-23.5539467,-46.5644722
"4864","D031300578",16919,"REBOUCAS, AV",NA,"",2823,"","18/03/2013 11:50",2,"CO",14,2538," "," ",1,1,0,0,0,0,0,0,0,0,0,0,0,0,0,0,0,16919,"REBOUCAS, AV",NA,"",44,"JARDIM PAULISTA",1,0,"REBOUCAS, AV 2823 SAO PAULO SP",-23.5690107,-46.6864539
"4865","D031302035",9580,"ITAQUERA, AV",NA,"",3000,"","18/03/2013 12:00",2,"CO",65,910,"C"," ",1,1,0,0,0,0,0,0,0,0,0,0,0,0,0,0,0,9580,"ITAQUERA, AV",NA,"",24,"CIDADE LIDER",1,0,"ITAQUERA, AV 3000 SAO PAULO SP",-23.5493994,-46.5032745
"4866","D031301943",17820,"TITO, AV MAL",NA,"",6035,"","18/03/2013 12:30",4,"AT",50,3365," "," ",0,0,0,0,0,0,0,0,0,0,0,0,0,0,0,1,0,17820,"TITO, AV MAL",NA,"",53,"MOEMA",1,0,"TITO, AV MAL 6035 SAO PAULO SP",-23.4924549,-46.3882893
"4867","D031300754",19145,"TRES PODERES, AV DOS",7500,"FRANCISCO MORATO, AV PROF",0,"","18/03/2013 12:30",2,"CO",34,2365," "," ",1,1,0,0,0,0,0,0,0,0,0,0,0,0,0,0,0,7500,"FRANCISCO MORATO, AV PROF",19145,"TRES PODERES, AV DOS",12,"BUTANTA",1,0,"TRES PODERES, AV DOS SAO PAULO SP &  FRANCISCO MORATO, AV PROF SAO PAULO SP",-23.5767445,-46.714289
"4869","D031300118",18618,"TAMANDARE, RUA",NA,"",776,"","18/03/2013 13:00",4,"AT",5,1490," "," ",0,1,0,0,0,0,0,0,0,0,0,0,0,0,0,0,0,18618,"TAMANDARE, RUA",NA,"",49,"LIBERDADE",1,0,"TAMANDARE, RUA 776 SAO PAULO SP",-23.5653247,-46.636178
"4870","D031300502",261,"AFONSO BRAZ, RUA",NA,"",600,"","18/03/2013 13:00",2,"CL",96,1369," "," ",1,1,0,0,0,0,0,0,0,0,0,0,0,0,0,0,0,261,"AFONSO BRAZ, RUA",NA,"",53,"MOEMA",1,0,"AFONSO BRAZ, RUA 600 SAO PAULO SP",-23.5953606,-46.669602
"4871","D031301018",14347,"AZIR ANTONIO SALTON, RUA",5204,"CONCEICAO (ES.), AV",0,"","18/03/2013 13:00",4,"AT",9,1659," "," ",1,0,0,0,0,0,0,0,0,0,0,0,0,0,0,0,0,5204,"CONCEICAO (ES.), AV",14347,"AZIR ANTONIO SALTON, RUA",88,"VILA GUILHERME",1,0,"AZIR ANTONIO SALTON, RUA SAO PAULO SP &  CONCEICAO (ES.), AV SAO PAULO SP",-23.4998675,-46.6122885
"4872","D031300269",3034,"BELA CINTRA, RUA",NA,"",1833,"","18/03/2013 13:06",4,"AT",78,2388," "," ",1,0,0,0,0,0,0,0,0,0,0,0,0,0,0,0,0,3034,"BELA CINTRA, RUA",NA,"",26,"CONSOLACAO",1,0,"BELA CINTRA, RUA 1833 SAO PAULO SP",-23.5613092,-46.6667884
"4873","D031300784",34682,"CAMPO LIMPO, ES DO",NA,"",100,"","18/03/2013 13:30",4,"AT",37,2288," "," ",1,0,0,0,0,0,0,0,0,0,0,0,0,0,0,0,0,34682,"CAMPO LIMPO, ES DO",NA,"",17,"CAMPO LIMPO",1,0,"CAMPO LIMPO, ES DO 100 SAO PAULO SP",-23.2019463,-46.785846
"4874","D031302341",16919,"REBOUCAS, AV",16263,"PINHEIROS, RUA DOS",0,"","18/03/2013 13:45",4,"AT",14,2688," "," ",1,0,0,0,0,0,0,0,0,0,0,0,0,0,0,0,0,3581,"BRASIL, AV",16919,"REBOUCAS, AV",63,"PINHEIROS",0,1,"REBOUCAS, AV SAO PAULO SP &  PINHEIROS, RUA DOS SAO PAULO SP",-23.5666153,-46.6829404
"4875","D031301988",13881,"MIGUEL, AV S",NA,"",6855,"","18/03/2013 13:55",4,"AT",63,1973,"C"," ",1,0,0,0,0,0,0,0,0,0,0,0,0,0,0,0,0,13881,"MIGUEL, AV S",NA,"",65,"PONTE RASA",1,0,"MIGUEL, AV S 6855 SAO PAULO SP",-23.5005648,-46.4700529
"4876","D031300119",19764,"VINTE E TRES DE MAIO, AV",NA,"",500,"","18/03/2013 14:15",4,"AT",5,1497," "," ",0,0,0,0,0,0,0,0,0,0,0,0,0,0,0,1,0,19764,"VINTE E TRES DE MAIO, AV",NA,"",17,"CAMPO LIMPO",1,0,"VINTE E TRES DE MAIO, AV 500 SAO PAULO SP",-23.5830739,-46.6522535
"4877","D031300752",17759,"SANTA EULALIA, RUA BR",NA,"",100,"","18/03/2013 14:30",2,"CO",34,2221," "," ",1,1,0,0,0,0,0,0,0,0,0,0,0,0,0,0,0,17759,"SANTA EULALIA, RUA BR",NA,"",13,"CACHOEIRINHA",1,0,"SANTA EULALIA, RUA BR 100 SAO PAULO SP",-23.6067056,-46.7068845
"4878","D031301471",5817,"DEZENOVE DE JANEIRO, AV",NA,"",421,"","18/03/2013 15:00",2,"CO",31,1476," "," ",1,1,0,0,0,0,0,0,0,0,0,0,0,0,0,0,0,5817,"DEZENOVE DE JANEIRO, AV",NA,"",20,"CARRAO",1,0,"DEZENOVE DE JANEIRO, AV 421 SAO PAULO SP",-23.5559965,-46.5255015
"4879","D031300965",7836,"GASTAO VIDIGAL, AV DR",NA,"",1946,"","18/03/2013 15:10",2,"CO",91,1841," "," ",2,0,0,0,0,0,0,0,0,0,0,0,0,0,0,0,0,7836,"GASTAO VIDIGAL, AV DR",NA,"",90,"VILA LEOPOLDINA",1,0,"GASTAO VIDIGAL, AV DR 1946 SAO PAULO SP",-23.5339331,-46.7347799
"4880","D031300021",17545,"SE, PCA DA",NA,"",89,"","18/03/2013 15:40",4,"AT",1,2222," "," ",1,0,0,0,0,0,0,0,0,0,0,0,0,0,0,0,0,17545,"SE, PCA DA",NA,"",1,"AGUA RASA",1,0,"SE, PCA DA 89 SAO PAULO SP",-23.5492204,-46.6336852
"4881","D031300320",15160,"OSVALDO ARANHA, AV",NA,"",130,"","18/03/2013 15:50",2,"CO",26,234," "," ",1,0,0,0,0,0,0,0,0,0,0,1,0,0,0,0,0,15160,"OSVALDO ARANHA, AV",NA,"",0,"NULL",1,0,"OSVALDO ARANHA, AV 130 SAO PAULO SP",-23.613708,-46.6104237
"4885","D031302307",17824,"SAPOPEMBA, AV",21661,"EDGARD PINTO CESAR, RUA",0,"","18/03/2013 16:25",4,"AT",70,1577," "," ",0,1,0,0,0,0,0,0,0,0,0,0,0,0,0,0,0,17824,"SAPOPEMBA, AV",21661,"EDGARD PINTO CESAR, RUA",78,"SAPOPEMBA",2,0,"SAPOPEMBA, AV SAO PAULO SP &  EDGARD PINTO CESAR, RUA SAO PAULO SP",-23.6148326,-46.5024993
"4886","D031300372",3048,"BELA VISTA, RUA BRA DE",NA,"",750,"","18/03/2013 16:50",2,"CO",27,2840," "," ",1,1,0,0,0,0,0,0,0,0,0,0,0,0,0,0,0,3048,"BELA VISTA, RUA BRA DE",NA,"",15,"CAMPO BELO",1,0,"BELA VISTA, RUA BRA DE 750 SAO PAULO SP",-23.624534,-46.6626831
"4887","D031300779",99949,"CARLOS CALDEIRA FILHO, AV",NA,"",880,"","18/03/2013 16:50",2,"CL",37,2226," "," ",1,1,0,0,0,0,0,0,0,0,0,0,0,0,0,0,0,99949,"CARLOS CALDEIRA FILHO, AV",NA,"",19,"CAPAO REDONDO",1,0,"CARLOS CALDEIRA FILHO, AV 880 SAO PAULO SP",-23.6431285,-46.7473635
"4888","D031300161",11794,"LEOPOLDO MIGUEZ, RUA",NA,"",450,"","18/03/2013 17:00",2,"CL",8,2572," "," ",0,2,0,0,0,0,0,0,0,0,0,0,0,0,0,0,0,11794,"LEOPOLDO MIGUEZ, RUA",NA,"",14,"CAMBUCI",1,0,"LEOPOLDO MIGUEZ, RUA 450 SAO PAULO SP",-23.5565742,-46.6241333
"4889","D031302008",17302,"LAGOA SALGADA, RUA",NA,"",95,"","18/03/2013 17:00",2,"CO",64,2311," "," ",1,1,0,0,0,0,0,0,0,0,0,0,0,0,0,0,0,17302,"LAGOA SALGADA, RUA",NA,"",51,"MANDAQUI",1,0,"LAGOA SALGADA, RUA 95 SAO PAULO SP",-23.5349354,-46.4543191
"4890","D031301942",78742,"MIXIRA, RUA",NA,"",60,"","18/03/2013 17:20",2,"CO",50,3339," "," ",1,1,0,0,0,0,0,0,0,0,0,0,0,0,0,0,0,78742,"MIXIRA, RUA",NA,"",35,"ITAIM PAULISTA",1,0,"MIXIRA, RUA 60 SAO PAULO SP",-23.5069769,-46.389536
"4891","D031301472",2440,"ASTARTE, RUA",NA,"",460,"","18/03/2013 17:53",4,"AT",31,1478," "," ",0,0,0,0,0,0,0,0,0,0,0,1,0,0,0,0,0,2440,"ASTARTE, RUA",NA,"",20,"CARRAO",1,0,"ASTARTE, RUA 460 SAO PAULO SP",-23.5498398,-46.5249382
"4892","D031300937",9710,"JOSE HOR. MEIRELLES TEIXEIRA, RUA PROF",NA,"",704,"","18/03/2013 18:10",2,"CO",89,2223," "," ",1,1,0,0,0,0,0,0,0,0,0,0,0,0,0,0,0,9710,"JOSE HOR. MEIRELLES TEIXEIRA, RUA PROF",NA,"",96,"VILA SONIA",1,0,"JOSE HOR. MEIRELLES TEIXEIRA, RUA PROF 704 SAO PAULO SP",-23.5559971,-46.4105377
"4893","D031302256",2181,"ARICANDUVA, AV",NA,"",5555,"","18/03/2013 18:15",2,"SI",66,1288," "," ",0,2,0,0,0,0,0,0,0,0,0,0,0,0,0,0,0,2181,"ARICANDUVA, AV",NA,"",60,"PENHA",2,0,"ARICANDUVA, AV 5555 SAO PAULO SP",-23.5610792,-46.5113397
"4894","D031300499",13699,"ROQUE PETRELLA, RUA",NA,"",44,"","18/03/2013 18:19",2,"CO",96,1238," "," ",1,0,0,0,1,0,0,0,0,0,0,0,0,0,0,0,0,13699,"ROQUE PETRELLA, RUA",NA,"",34,"ITAIM BIBI",1,0,"ROQUE PETRELLA, RUA 44 SAO PAULO SP",-23.621995,-46.6848684
"4895","D031300428",13248,"MARIA FIGUEIREDO, RUA",13446,"MARIO AMARAL, RUA",0,"","18/03/2013 18:30",2,"CO",36,1231," "," ",1,1,0,0,0,0,0,0,0,0,0,0,0,0,0,0,0,13248,"MARIA FIGUEIREDO, RUA",13446,"MARIO AMARAL, RUA",92,"VILA MARIANA",1,0,"MARIA FIGUEIREDO, RUA SAO PAULO SP &  MARIO AMARAL, RUA SAO PAULO SP",-23.5716223,-46.6498002
"4896","D031301744",76195,"CARMEM ESCABIA MOTTA COELHO, RUA",NA,"",50,"","18/03/2013 18:58",4,"AT",92,3449," "," ",0,0,0,0,0,0,0,0,0,0,0,0,0,0,0,1,0,76195,"CARMEM ESCABIA MOTTA COELHO, RUA",NA,"",32,"IGUATEMI",1,0,"CARMEM ESCABIA MOTTA COELHO, RUA 50 SAO PAULO SP",-23.675753,-46.7507986
"4897","D031300023",19745,"VINTE E CINCO DE MARCO, RUA",NA,"",100,"","18/03/2013 19:00",4,"AT",1,2227," "," ",0,0,0,0,0,0,0,0,0,0,0,1,0,0,0,0,0,19745,"VINTE E CINCO DE MARCO, RUA",NA,"",80,"SE",1,0,"VINTE E CINCO DE MARCO, RUA 100 SAO PAULO SP",-23.5486468,-46.6304714
"4899","D031301336",16838,"RAIMUNDO PEREIRA DE MAGAL., AV",NA,"",10000,"","18/03/2013 19:15",2,"CO",74,1239," "," ",1,1,0,0,0,0,0,0,0,0,0,0,0,0,0,0,0,16838,"RAIMUNDO PEREIRA DE MAGAL., AV",NA,"",31,"GUAIANASES",1,0,"RAIMUNDO PEREIRA DE MAGAL., AV 10000 SAO PAULO SP",-23.4518071,-46.7188392
"4900","D031301391",11265,"JUVENTUS, RUA",NA,"",347,"","18/03/2013 19:23",4,"AT",18,505," "," ",1,0,0,0,0,0,0,0,0,0,0,0,0,0,0,0,0,11265,"JUVENTUS, RUA",NA,"",54,"MOOCA",1,0,"JUVENTUS, RUA 347 SAO PAULO SP",-23.5702384,-46.5913941
"4901","D031301211",11704,"LEITE PENTEADO, RUA",14787,"NOVA OLINDA, RUA",0,"","18/03/2013 19:30",2,"CO",39,1297," "," ",0,0,0,0,1,0,0,0,0,0,0,1,0,0,0,0,0,11704,"LEITE PENTEADO, RUA",14787,"NOVA OLINDA, RUA",94,"VILA MEDEIROS",1,0,"LEITE PENTEADO, RUA SAO PAULO SP &  NOVA OLINDA, RUA SAO PAULO SP",-23.4984968,-46.5899634
"4903","D031301212",8320,"GUAPIRA, AV",17387,"ROQUE DE PAULA MONTEIRO, RUA",0,"","18/03/2013 19:40",4,"AT",39,1298," "," ",0,1,0,0,0,0,0,0,0,0,0,0,0,0,0,0,0,8320,"GUAPIRA, AV",17387,"ROQUE DE PAULA MONTEIRO, RUA",38,"JACANA",1,0,"GUAPIRA, AV SAO PAULO SP &  ROQUE DE PAULA MONTEIRO, RUA SAO PAULO SP",-23.4688173,-46.5845853
"4904","D031301915",2640,"AVINHADO, RUA",NA,"",250,"","18/03/2013 19:50",2,"CO",32,1814," "," ",1,0,0,0,1,0,0,0,0,0,0,0,0,0,0,0,0,2640,"AVINHADO, RUA",NA,"",86,"VILA CURUCA",1,0,"AVINHADO, RUA 250 SAO PAULO SP",-23.5189404,-46.4260553
"4905","D031301894",10025,"JAIME TORRES, AV",30522,"EMBIRA, RUA",0,"","18/03/2013 20:30",4,"AT",24,2818," "," ",1,0,0,0,0,0,0,0,0,0,0,0,0,0,0,0,0,10025,"JAIME TORRES, AV",30522,"EMBIRA, RUA",NA,"",1,0,"JAIME TORRES, AV SAO PAULO SP &  EMBIRA, RUA SAO PAULO SP",-23.518478,-46.507706
"4906","D031300132",18618,"TAMANDARE, RUA",7664,"FURTADO, RUA CONS",0,"","18/03/2013 20:39",2,"CO",5,2228," "," ",1,1,0,0,0,0,0,0,0,0,0,0,0,0,0,0,0,7664,"FURTADO, RUA CONS",18618,"TAMANDARE, RUA",49,"LIBERDADE",1,0,"TAMANDARE, RUA SAO PAULO SP &  FURTADO, RUA CONS SAO PAULO SP",-23.5638361,-46.6346247
"4907","D031301228",9978,"JARDIM JAPAO, AV",17339,"ROLAND GARROS, AV",0,"","18/03/2013 23:30",2,"CO",39,2826," "," ",1,1,0,0,0,0,0,0,0,0,0,0,0,0,0,0,0,9978,"JARDIM JAPAO, AV",17339,"ROLAND GARROS, AV",94,"VILA MEDEIROS",1,0,"JARDIM JAPAO, AV SAO PAULO SP &  ROLAND GARROS, AV SAO PAULO SP",-23.4831307,-46.5800117
"4908","D031300901",6980,"FELIPE PINEL, AV DR",NA,"",1800,"","19/03/2013 05:00",2,"CF",87,1424," "," ",2,0,0,0,0,0,0,0,0,0,0,0,0,0,0,0,0,6980,"FELIPE PINEL, AV DR",NA,"",64,"PIRITUBA",2,0,"FELIPE PINEL, AV DR 1800 SAO PAULO SP",-23.4746748,-46.7340036
"4909","D031302395",15507,"TEOTONIO VILELA, AV SEN",NA,"",7239,"","19/03/2013 05:20",2,"CT",85,1478,"B"," ",0,1,1,0,0,0,0,0,0,0,0,0,0,0,0,0,0,15507,"TEOTONIO VILELA, AV SEN",NA,"",23,"CIDADE DUTRA",0,1,"TEOTONIO VILELA, AV SEN 7239 SAO PAULO SP",-23.7591243,-46.7150261
"4910","D031301277",16051,"PENHA BRASIL, AV GAL",4598,"MONTE SAO MARTINHO, RUA",0,"","19/03/2013 05:30",2,"CO",72,2407," "," ",1,1,0,0,0,0,0,0,0,0,0,0,0,0,0,0,0,4598,"MONTE SAO MARTINHO, RUA",16051,"PENHA BRASIL, AV GAL",13,"CACHOEIRINHA",1,0,"PENHA BRASIL, AV GAL SAO PAULO SP &  MONTE SAO MARTINHO, RUA SAO PAULO SP",-23.4595594,-46.6745109
"4911","D031300999",2455,"ATALIBA LEONEL, AV GAL",NA,"",2442,"","19/03/2013 06:45",2,"CO",9,1039," "," ",1,1,0,0,0,0,0,0,0,0,0,0,0,0,0,0,0,2455,"ATALIBA LEONEL, AV GAL",NA,"",88,"VILA GUILHERME",1,0,"ATALIBA LEONEL, AV GAL 2442 SAO PAULO SP",-23.4943207,-46.6103328
"4912","D031301685",75468,"SAMUEL ARNOLD, RUA",NA,"",500,"","19/03/2013 06:50",4,"AT",80,948," "," ",0,0,0,0,0,0,0,0,0,0,0,0,0,0,0,1,0,75468,"SAMUEL ARNOLD, RUA",NA,"",29,"FREGUESIA DO O",1,0,"SAMUEL ARNOLD, RUA 500 SAO PAULO SP",-23.6818615,-46.6677866
"4913","D031300989",13917,"MIGUEL FRIAS E VASCONCELOS, AV",3443,"BOLONHA, AV",0,"","19/03/2013 06:50",2,"CO",93,1879," "," ",1,1,0,0,0,0,0,0,0,0,0,0,0,0,0,0,0,3443,"BOLONHA, AV",13917,"MIGUEL FRIAS E VASCONCELOS, AV",40,"JAGUARE",1,0,"MIGUEL FRIAS E VASCONCELOS, AV SAO PAULO SP &  BOLONHA, AV SAO PAULO SP",-23.5528175,-46.7433199
"4914","D031300902",12648,"MANUEL D'ELBOUX, RUA DOM",NA,"",25,"","19/03/2013 07:02",2,"CO",87,1428," "," ",0,1,0,0,0,0,0,1,0,0,0,0,0,0,0,0,0,12648,"MANUEL D'ELBOUX, RUA DOM",NA,"",64,"PIRITUBA",1,0,"MANUEL D'ELBOUX, RUA DOM 25 SAO PAULO SP",-23.4875424,-46.7136724
"4917","D031300532",6858,"FABIA, RUA",NA,"",13,"","19/03/2013 07:50",2,"CO",7,1777," "," ",1,1,0,0,0,0,0,0,0,0,0,0,0,0,0,0,0,6858,"FABIA, RUA",NA,"",48,"LAPA",1,0,"FABIA, RUA 13 SAO PAULO SP",-23.527099,-46.6912713
"4919","D031301527",6642,"ESTADO, AV DO",8955,"IBITIRAMA, RUA",0,"","19/03/2013 08:00",2,"CO",56,1700," "," ",1,1,0,0,0,0,0,0,0,0,0,0,0,0,0,0,0,6642,"ESTADO, AV DO",8955,"IBITIRAMA, RUA",63,"PINHEIROS",1,0,"ESTADO, AV DO SAO PAULO SP &  IBITIRAMA, RUA SAO PAULO SP",-23.5635869,-46.6112253
"4920","D031302156",2181,"ARICANDUVA, AV",NA,"",12000,"","19/03/2013 08:10",2,"QM",49,3767," "," ",0,1,0,0,0,0,0,0,0,0,0,0,0,0,0,0,0,2181,"ARICANDUVA, AV",NA,"",60,"PENHA",1,0,"ARICANDUVA, AV 12000 SAO PAULO SP",-23.5930999,-46.4694983
"4922","D031301019",14270,"MORVAN DIAS DE FIGUEIREDO, AV",NA,"",145,"","19/03/2013 08:25",2,"CO",9,1676," "," ",1,1,0,0,0,0,0,0,0,0,0,0,0,0,0,0,0,29772,"MARGINAL DO RIO TIETE, AV",NA,"",0,"NULL",2,0,"MORVAN DIAS DE FIGUEIREDO, AV 145 SAO PAULO SP",-23.5185087,-46.622728