"","id_acidente","codloga","logradouroA","codlogb","logradouroB","alt_num","referencia","data","cod_acid","tipo_acidente","dp","numero_BO","sentido","pista","automovel","moto","onibus","caminhao","bicicleta","moto_taxi","onibus_fretado","onibus_urbano","microonibus","van","vuc","caminhonete","carreta","jipe","outros","sem_informacao","carroca","princ_a","paiA","princ_b","paiB","cod_distrito","distrito","vit_ferida","vit_morta","local","lat","lon"
"4926","D031301063",4794,"CESAR CASTIGLIONI JUNIOR, RUA DR",NA,"",358,"","19/03/2013 09:30",2,"CO",13,2937," "," ",1,1,0,0,0,0,0,0,0,0,0,0,0,0,0,0,0,4794,"CESAR CASTIGLIONI JUNIOR, RUA DR",NA,"",21,"CASA VERDE",1,0,"CESAR CASTIGLIONI JUNIOR, RUA DR 358 SAO PAULO SP",-23.5101353,-46.6590395
"4927","D031301896",954,"AMADOR BUENO DA VEIGA, AV",NA,"",3987,"","19/03/2013 09:30",2,"CO",24,2836," "," ",1,1,0,0,0,0,0,0,0,0,0,0,0,0,0,0,0,954,"AMADOR BUENO DA VEIGA, AV",NA,"",60,"PENHA",2,0,"AMADOR BUENO DA VEIGA, AV 3987 SAO PAULO SP",-23.517039,-46.5095249
"4928","D031300397",2235,"ARMANDO DE ARRUDA PEREIRA, AV ENG",15887,"PEDRO BUENO, AV",0,"","19/03/2013 09:49",4,"AT",35,2468," "," ",1,0,0,0,0,0,0,0,0,0,0,0,0,0,0,0,0,2235,"ARMANDO DE ARRUDA PEREIRA, AV ENG",15887,"PEDRO BUENO, AV",37,"JABAQUARA",1,0,"ARMANDO DE ARRUDA PEREIRA, AV ENG SAO PAULO SP &  PEDRO BUENO, AV SAO PAULO SP",-23.6342719,-46.6414387
"4929","D031300437",12651,"MANUEL DA NOBREGA, RUA",NA,"",111,"","19/03/2013 10:30",2,"CO",36,1509," "," ",1,1,0,0,0,0,0,0,0,0,0,0,0,0,0,0,0,12651,"MANUEL DA NOBREGA, RUA",NA,"",53,"MOEMA",2,0,"MANUEL DA NOBREGA, RUA 111 SAO PAULO SP",-23.5686808,-46.6491168
"4930","D031300215",7786,"GASOMETRO, RUA DO",NA,"",725,"","19/03/2013 10:41",2,"CO",12,1566," "," ",1,1,0,0,0,0,0,0,0,0,0,0,0,0,0,0,0,7786,"GASOMETRO, RUA DO",NA,"",10,"BRAS",1,0,"GASOMETRO, RUA DO 725 SAO PAULO SP",-23.5433045,-46.6192443
"4933","D031300398",4596,"CATARINA, AV STA",NA,"",216,"","19/03/2013 11:25",2,"CO",35,2479," "," ",1,1,0,0,0,0,0,0,0,0,0,0,0,0,0,0,0,4596,"CATARINA, AV STA",NA,"",NA,"",1,0,"CATARINA, AV STA 216 SAO PAULO SP",-23.638917,-46.6698931
"4934","D031300855",4666,"CAXINGUI, AV",NA,"",280,"","19/03/2013 11:30",2,"CO",51,1322," "," ",1,1,0,0,0,0,0,0,0,0,0,0,0,0,0,0,0,4666,"CAXINGUI, AV",NA,"",12,"BUTANTA",1,0,"CAXINGUI, AV 280 SAO PAULO SP",-23.5716725,-46.7134413
"4935","D031302157",13671,"MATEO BEI, AV",NA,"",2831,"","19/03/2013 11:54",2,"CO",49,3782," "," ",1,1,0,0,0,0,0,0,0,0,0,0,0,0,0,0,0,13671,"MATEO BEI, AV",NA,"",75,"SAO MATEUS",2,0,"MATEO BEI, AV 2831 SAO PAULO SP",-23.6058203,-46.4797218
"4937","D031301240",6450,"EMILIO CARLOS, AV DEP",NA,"",3100,"","19/03/2013 12:30",2,"CO",40,1045," "," ",1,1,0,0,0,0,0,0,0,0,0,0,0,0,0,0,0,6450,"EMILIO CARLOS, AV DEP",NA,"",50,"LIMAO",1,0,"EMILIO CARLOS, AV DEP 3100 SAO PAULO SP",-23.4796347,-46.6727771
"4938","D031301945",17820,"TITO, AV MAL",NA,"",6450,"","19/03/2013 12:40",2,"CO",50,3682," "," ",1,1,0,0,0,0,0,0,0,0,0,0,0,0,0,0,0,17820,"TITO, AV MAL",NA,"",53,"MOEMA",1,0,"TITO, AV MAL 6450 SAO PAULO SP",-23.4907403,-46.3863134
"4939","D031300474",3252,"BERGAL, RUA",1464,"ANNY, RUA",0,"","19/03/2013 12:55",4,"AT",95,1345," "," ",1,0,0,0,0,0,0,0,0,0,0,0,0,0,0,0,0,1464,"ANNY, RUA",3252,"BERGAL, RUA",69,"SACOMA",1,0,"BERGAL, RUA SAO PAULO SP &  ANNY, RUA SAO PAULO SP",-23.6201894,-46.5845411
"4940","D031301133",60406,"JOAO RIOS, RUA",NA,"",275,"","19/03/2013 13:10",4,"AT",20,2481," "," ",1,0,0,0,0,0,0,0,0,0,0,0,0,0,0,0,0,60406,"JOAO RIOS, RUA",NA,"",22,"CIDADE ADEMAR",1,0,"JOAO RIOS, RUA 275 SAO PAULO SP",-23.4482287,-46.611511
"4941","D031300475",43154,"TANCREDO NEVES, AV PRES",NA,"",100,"","19/03/2013 13:25",2,"CO",95,1346," "," ",1,1,0,0,0,0,0,0,0,0,0,0,0,0,0,0,0,43154,"TANCREDO NEVES, AV PRES",NA,"",18,"CANGAIBA",1,0,"TANCREDO NEVES, AV PRES 100 SAO PAULO SP",-23.6058734,-46.6052496
"4942","D031300580",2316,"ARRUDA BOTELHO, AV",NA,"",868,"","19/03/2013 13:26",2,"CO",14,2578," "," ",2,0,0,0,0,0,0,0,0,0,0,0,0,0,0,0,0,2316,"ARRUDA BOTELHO, AV",NA,"",2,"ALTO DE PINHEIR",1,0,"ARRUDA BOTELHO, AV 868 SAO PAULO SP",-23.5533217,-46.7195579
"4943","D031302336",2181,"ARICANDUVA, AV",5664,"DALILA, AV",0,"","19/03/2013 14:12",2,"CH",21,907," "," ",0,1,0,0,0,0,0,0,0,0,0,0,0,0,0,0,0,2181,"ARICANDUVA, AV",5664,"DALILA, AV",NA,"",0,1,"ARICANDUVA, AV SAO PAULO SP &  DALILA, AV SAO PAULO SP",-23.5479783,-46.5260893
"4945","D031300903",16838,"RAIMUNDO PEREIRA DE MAGAL., AV",NA,"",6800,"","19/03/2013 14:52",2,"CO",87,1441," "," ",1,1,0,0,0,0,0,0,0,0,0,0,0,0,0,0,0,16838,"RAIMUNDO PEREIRA DE MAGAL., AV",NA,"",31,"GUAIANASES",1,0,"RAIMUNDO PEREIRA DE MAGAL., AV 6800 SAO PAULO SP",-23.4746409,-46.7276763
"4946","D031301453",2673,"AZEVEDO SOARES, RUA",NA,"",2691,"","19/03/2013 14:54",2,"CL",30,1564," "," ",0,1,0,0,0,0,0,0,0,0,0,1,0,0,0,0,0,2673,"AZEVEDO SOARES, RUA",NA,"",82,"TATUAPE",1,0,"AZEVEDO SOARES, RUA 2691 SAO PAULO SP",-23.546686,-46.5508062
"4948","D031300090",5245,"CONSOLACAO, RUA DA",NA,"",542,"","19/03/2013 15:57",2,"CO",4,2069," "," ",1,1,0,0,0,0,0,0,0,0,0,0,0,0,0,0,0,5245,"CONSOLACAO, RUA DA",NA,"",26,"CONSOLACAO",2,0,"CONSOLACAO, RUA DA 542 SAO PAULO SP",-23.5471357,-46.646965
"4949","D031300024",16870,"RANGEL PESTANA, AV",15968,"PEDRO I, PQ DOM",0,"","19/03/2013 16:00",2,"CO",1,2260," "," ",1,1,0,0,0,0,0,0,0,0,0,0,0,0,0,0,0,15968,"PEDRO I, PQ DOM",16870,"RANGEL PESTANA, AV",NA,"",1,0,"RANGEL PESTANA, AV SAO PAULO SP &  PEDRO I, PQ DOM SAO PAULO SP",-23.5447812,-46.6196928
"4953","D031300940",9710,"JOSE HOR. MEIRELLES TEIXEIRA, RUA PROF",NA,"",538,"","19/03/2013 18:00",2,"CO",89,2298," "," ",0,1,0,0,1,0,0,0,0,0,0,0,0,0,0,0,0,9710,"JOSE HOR. MEIRELLES TEIXEIRA, RUA PROF",NA,"",96,"VILA SONIA",1,0,"JOSE HOR. MEIRELLES TEIXEIRA, RUA PROF 538 SAO PAULO SP",-23.5559971,-46.4105377
"4954","D031300581",8706,"HENRIQUE MONTEIRO, RUA",6897,"FARIA LIMA, AV BRIG",0,"","19/03/2013 18:00",2,"CL",14,2588," "," ",1,1,0,0,0,0,0,0,0,0,0,0,0,0,0,0,0,6897,"FARIA LIMA, AV BRIG",8706,"HENRIQUE MONTEIRO, RUA",63,"PINHEIROS",2,0,"HENRIQUE MONTEIRO, RUA SAO PAULO SP &  FARIA LIMA, AV BRIG SAO PAULO SP",-23.5695126,-46.689992
"4955","D031301474",12106,"LUCINDA GOMES BARRETO, RUA",12381,"LUTECIA, RUA",0,"","19/03/2013 18:12",2,"CO",31,1496," "," ",0,1,0,1,0,0,0,0,0,0,0,0,0,0,0,0,0,12106,"LUCINDA GOMES BARRETO, RUA",12381,"LUTECIA, RUA",20,"CARRAO",1,0,"LUCINDA GOMES BARRETO, RUA SAO PAULO SP &  LUTECIA, RUA SAO PAULO SP",-23.5458799,-46.5408831
"4956","D031301392",15304,"PAES DE BARROS, AV",NA,"",2500,"","19/03/2013 18:20",2,"QM",18,514," "," ",0,1,0,0,0,0,0,0,0,0,0,0,0,0,0,0,0,15304,"PAES DE BARROS, AV",NA,"",16,"CAMPO GRANDE",1,0,"PAES DE BARROS, AV 2500 SAO PAULO SP",-23.5730346,-46.587672
"4957","D031301668",6334,"ELLIS MAAS, AV",NA,"",749,"","19/03/2013 18:30",2,"CO",47,3771," "," ",1,1,0,0,0,0,0,0,0,0,0,0,0,0,0,0,0,6334,"ELLIS MAAS, AV",NA,"",19,"CAPAO REDONDO",1,0,"ELLIS MAAS, AV 749 SAO PAULO SP",-23.6664309,-46.7715312
"4958","D031301134",835,"ALTINOPOLIS, RUA",NA,"",111,"","19/03/2013 18:37",4,"AT",20,2488," "," ",1,0,0,0,0,0,0,0,0,0,0,0,0,0,0,0,0,835,"ALTINOPOLIS, RUA",NA,"",71,"SANTANA",1,0,"ALTINOPOLIS, RUA 111 SAO PAULO SP",-23.4854126,-46.6174661
"4959","D031301455",4502,"CARRAO, AV CONS",8333,"GUARACIABA, RUA",0,"","19/03/2013 19:00",2,"CO",30,1571," "," ",3,1,0,0,0,0,0,0,0,0,0,0,0,0,0,0,0,4502,"CARRAO, AV CONS",8333,"GUARACIABA, RUA",20,"CARRAO",1,0,"CARRAO, AV CONS SAO PAULO SP &  GUARACIABA, RUA SAO PAULO SP",-23.5458958,-46.5434081
"4960","D031301213",8320,"GUAPIRA, AV",18664,"TANQUE VELHO, RUA",0,"","19/03/2013 19:17",2,"CO",39,1317,"B"," ",1,0,0,0,1,0,0,0,0,0,0,0,0,0,0,0,0,8320,"GUAPIRA, AV",18664,"TANQUE VELHO, RUA",84,"TUCURUVI",1,0,"GUAPIRA, AV SAO PAULO SP &  TANQUE VELHO, RUA SAO PAULO SP",-23.4688173,-46.5845853
"4962","D031301528",19708,"VILA EMA, AV",NA,"",800,"","19/03/2013 19:30",4,"AT",56,1717," "," ",1,0,0,0,0,0,0,0,0,0,0,0,0,0,0,0,0,19708,"VILA EMA, AV",NA,"",26,"CONSOLACAO",1,0,"VILA EMA, AV 800 SAO PAULO SP",-23.58051,-46.5688496
"4963","D031301473",18615,"TAMAINDE, RUA",18206,"SILVEIRA BUENO, RUA",0,"","19/03/2013 20:00",2,"CO",31,1494," "," ",1,1,0,0,0,0,0,0,0,0,0,0,0,0,0,0,0,18206,"SILVEIRA BUENO, RUA",18615,"TAMAINDE, RUA",20,"CARRAO",1,0,"TAMAINDE, RUA SAO PAULO SP &  SILVEIRA BUENO, RUA SAO PAULO SP",-23.5440283,-46.5348894
"4964","D031300476",19583,"VERGUEIRO, RUA",7875,"GENTIL DE MOURA, AV DR",0,"","19/03/2013 20:20",4,"AT",95,1358," "," ",1,0,0,0,0,0,0,0,0,0,0,0,0,0,0,0,0,7875,"GENTIL DE MOURA, AV DR",19583,"VERGUEIRO, RUA",33,"IPIRANGA",1,0,"VERGUEIRO, RUA SAO PAULO SP &  GENTIL DE MOURA, AV DR SAO PAULO SP",-23.6104332,-46.6085751
"4965","D031300613",12326,"JUSCELINO KUBITSCHEK, AV PRES",16985,"RENATO PAES DE BARROS, RUA DR",0,"","19/03/2013 20:30",2,"CO",15,1559," "," ",1,1,0,0,0,0,0,0,0,0,0,0,0,0,0,0,0,11789,"LEOPOLDO COUTO MAGALHAES JR., RUA",12326,"JUSCELINO KUBITSCHEK, AV PRES",34,"ITAIM BIBI",1,0,"JUSCELINO KUBITSCHEK, AV PRES SAO PAULO SP &  RENATO PAES DE BARROS, RUA DR SAO PAULO SP",-23.5909217,-46.6886685
"4966","D031302396",21514,"ROQUE PETRONI JUNIOR, AV",9765,"JACERU, RUA",0,"","19/03/2013 22:00",2,"CH",27,2851," "," ",0,1,0,0,0,0,0,0,0,0,0,0,0,0,0,0,0,9765,"JACERU, RUA",21514,"ROQUE PETRONI JUNIOR, AV",34,"ITAIM BIBI",0,1,"ROQUE PETRONI JUNIOR, AV SAO PAULO SP &  JACERU, RUA SAO PAULO SP",-23.6214849,-46.6981062
"4968","D031301064",719,"ALFREDO PUJOL, RUA",NA,"",174,"","19/03/2013 22:29",2,"CO",13,2973," "," ",1,1,0,0,0,0,0,0,0,0,0,0,0,0,0,0,0,719,"ALFREDO PUJOL, RUA",NA,"",71,"SANTANA",1,0,"ALFREDO PUJOL, RUA 174 SAO PAULO SP",-23.500213,-46.6275213
"4969","D031301568",70,"ABRANTES, RUA MARQ DE",4486,"CAROLINA, RUA IRMA",0,"","19/03/2013 22:37",2,"CO",81,1497," "," ",2,0,0,0,0,0,0,0,0,0,0,0,0,0,0,0,0,70,"ABRANTES, RUA MARQ DE",4486,"CAROLINA, RUA IRMA",8,"BELEM",2,0,"ABRANTES, RUA MARQ DE SAO PAULO SP &  CAROLINA, RUA IRMA SAO PAULO SP",-23.5384165,-46.5851765
"4970","D031300786",34682,"CAMPO LIMPO, ES DO",NA,"",4000,"","20/03/2013 04:30",2,"CT",37,2357," "," ",0,1,0,0,0,0,0,0,0,0,0,0,0,0,0,1,0,34682,"CAMPO LIMPO, ES DO",NA,"",17,"CAMPO LIMPO",1,0,"CAMPO LIMPO, ES DO 4000 SAO PAULO SP",-23.2019463,-46.785846
"4971","D031301732",10270,"JOAO DIAS, AV",NA,"",3270,"","20/03/2013 05:30",4,"AT",92,1815," "," ",1,0,0,0,0,0,0,0,0,0,0,0,0,0,0,0,0,10270,"JOAO DIAS, AV",NA,"",72,"SANTO AMARO",1,0,"JOAO DIAS, AV 3270 SAO PAULO SP",-23.6442123,-46.7320519
"4972","D031300321",11544,"LAGES, RUA MARQ DE",14710,"MERCES, RUA NSRA DAS",0,"","20/03/2013 06:13",4,"AT",26,2375," "," ",0,0,0,0,0,0,0,0,0,0,0,0,0,0,0,1,0,11544,"LAGES, RUA MARQ DE",14710,"MERCES, RUA NSRA DAS",69,"SACOMA",1,0,"LAGES, RUA MARQ DE SAO PAULO SP &  MERCES, RUA NSRA DAS SAO PAULO SP",-23.6273518,-46.6094089
"4975","D031300477",1247,"ANCHIETA, VIA",NA,"",1310,"","20/03/2013 06:45",2,"CO",95,1367," "," ",1,2,0,0,0,0,0,0,0,0,0,0,0,0,0,0,0,1247,"ANCHIETA, VIA",NA,"",33,"IPIRANGA",2,0,"ANCHIETA, VIA 1310 SAO PAULO SP",-23.6130775,-46.6007677
"4976","D031301411",12612,"MANILHA, RUA",2181,"ARICANDUVA, AV",0,"","20/03/2013 07:20",2,"CO",21,1513," "," ",1,1,0,0,0,0,0,0,0,0,0,0,0,0,0,0,0,2181,"ARICANDUVA, AV",2440,"ASTARTE, RUA",20,"CARRAO",1,0,"MANILHA, RUA SAO PAULO SP &  ARICANDUVA, AV SAO PAULO SP",-23.5480252,-46.5261119
"4977","D031300248",11346,"JULIO PRESTES, PCA",NA,"",16,"","20/03/2013 07:40",4,"AT",77,1209," "," ",1,0,0,0,0,0,0,0,0,0,0,0,0,0,0,0,0,11346,"JULIO PRESTES, PCA",NA,"",15,"CAMPO BELO",1,0,"JULIO PRESTES, PCA 16 SAO PAULO SP",-23.533893,-46.6408596
"4979","D031300217",16870,"RANGEL PESTANA, AV",NA,"",1590,"","20/03/2013 07:55",4,"AT",12,1590," "," ",0,0,0,0,0,0,0,1,0,0,0,0,0,0,0,0,0,16870,"RANGEL PESTANA, AV",NA,"",1,"AGUA RASA",1,0,"RANGEL PESTANA, AV 1590 SAO PAULO SP",-23.5447933,-46.6192211
"4980","D031300856",16878,"RAPOSO TAVARES, VIA",NA,"",12500,"","20/03/2013 08:00",2,"CO",51,1337," "," ",0,1,0,0,0,0,0,0,0,0,0,0,0,0,0,1,0,16878,"RAPOSO TAVARES, VIA",NA,"",13,"CACHOEIRINHA",1,0,"RAPOSO TAVARES, VIA 12500 SAO PAULO SP",-23.5331022,-48.4351254
"4981","D031301065",719,"ALFREDO PUJOL, RUA",NA,"",795,"","20/03/2013 08:00",2,"CO",13,2984,"B"," ",1,1,0,0,0,0,0,0,0,0,0,0,0,0,0,0,0,719,"ALFREDO PUJOL, RUA",NA,"",71,"SANTANA",1,0,"ALFREDO PUJOL, RUA 795 SAO PAULO SP",-23.5003019,-46.6336755
"4982","D031300938",13014,"MARGINAL DO RIO PINHEIROS, AV",NA,"",14500,"","20/03/2013 08:00",2,"CO",89,2264," "," ",2,1,0,0,0,0,0,0,0,0,0,0,0,0,0,0,0,13014,"MARGINAL DO RIO PINHEIROS, AV",NA,"",40,"JAGUARE",1,0,"MARGINAL DO RIO PINHEIROS, AV 14500 SAO PAULO SP",-23.5604208,-46.6574734
"4983","D031300025",19745,"VINTE E CINCO DE MARCO, RUA",NA,"",1225,"","20/03/2013 08:13",4,"AT",1,2285," "," ",0,0,0,0,0,0,0,0,0,0,0,1,0,0,0,0,0,19745,"VINTE E CINCO DE MARCO, RUA",NA,"",80,"SE",1,0,"VINTE E CINCO DE MARCO, RUA 1225 SAO PAULO SP",-23.5389512,-46.6320935
"4984","D031302175",13294,"MARIA LUIZA AMERICANO, AV",66439,"VITORIANO DOS ANJOS, RUA",0,"","20/03/2013 09:00",2,"CO",53,852," "," ",1,0,1,0,0,0,0,0,0,0,0,0,0,0,0,0,0,13294,"MARIA LUIZA AMERICANO, AV",66439,"VITORIANO DOS ANJOS, RUA",NA,"",1,0,"MARIA LUIZA AMERICANO, AV SAO PAULO SP &  VITORIANO DOS ANJOS, RUA SAO PAULO SP",-23.5790785,-46.4814067
"4985","D031301620",33015,"SADAMU INOUE, AV",NA,"",1600,"","20/03/2013 09:07",2,"CO",25,735," "," ",1,0,0,0,0,0,0,0,0,0,0,1,0,0,0,0,0,33015,"SADAMU INOUE, AV",NA,"",76,"SAO MIGUEL",1,0,"SADAMU INOUE, AV 1600 SAO PAULO SP",-23.7875631,-46.7263862
"4986","D031300478",1247,"ANCHIETA, VIA",NA,"",10700,"","20/03/2013 09:20",2,"CO",95,1372," "," ",1,1,0,0,0,0,0,0,0,0,0,0,0,0,0,0,0,1247,"ANCHIETA, VIA",NA,"",33,"IPIRANGA",1,0,"ANCHIETA, VIA 10700 SAO PAULO SP",-23.6433577,-46.5860313
"4988","D031300148",11922,"LINS DE VASCONCELOS, AV",NA,"",920,"","20/03/2013 10:00",2,"CO",6,1389," "," ",1,1,0,0,0,0,0,0,0,0,0,0,0,0,0,0,0,11922,"LINS DE VASCONCELOS, AV",NA,"",92,"VILA MARIANA",1,0,"LINS DE VASCONCELOS, AV 920 SAO PAULO SP",-23.5714139,-46.6225378
"4989","D031301965",99577,"MILENE ELIAS, AV",15467,"PARANAGUA, AV",0,"","20/03/2013 10:00",4,"AT",62,1105," "," ",1,0,0,0,0,0,0,0,0,0,0,0,0,0,0,0,0,15467,"PARANAGUA, AV",99577,"MILENE ELIAS, AV",34,"ITAIM BIBI",1,0,"MILENE ELIAS, AV SAO PAULO SP &  PARANAGUA, AV SAO PAULO SP",-23.4916023,-46.478694
"4991","D031301332",6361,"ELISIO TEIXEIRA LEITE, AV",NA,"",5231,"","20/03/2013 10:30",2,"CO",74,1066," "," ",2,0,0,0,0,0,0,0,0,0,0,0,0,0,0,0,0,6361,"ELISIO TEIXEIRA LEITE, AV",NA,"",29,"FREGUESIA DO O",1,0,"ELISIO TEIXEIRA LEITE, AV 5231 SAO PAULO SP",-23.4546931,-46.7122437
"4992","D031300149",19083,"TOPAZIO, RUA",NA,"",400,"","20/03/2013 10:30",4,"AT",6,1392," "," ",1,0,0,0,0,0,0,0,0,0,0,0,0,0,0,0,0,19083,"TOPAZIO, RUA",NA,"",37,"JABAQUARA",1,0,"TOPAZIO, RUA 400 SAO PAULO SP",-23.5745275,-46.6326908
"4993","D031300026",11824,"LIBERO BADARO, RUA",NA,"",119,"","20/03/2013 11:00",4,"AT",1,2293," "," ",0,1,0,0,0,0,0,0,0,0,0,0,0,0,0,0,0,11824,"LIBERO BADARO, RUA",NA,"",80,"SE",1,0,"LIBERO BADARO, RUA 119 SAO PAULO SP",-23.5484058,-46.6374129
"4994","D031301378",8262,"GUAIAUNA, RUA",NA,"",395,"","20/03/2013 11:40",2,"CO",10,3167," "," ",1,1,0,0,0,0,0,0,0,0,0,0,0,0,0,0,0,8262,"GUAIAUNA, RUA",NA,"",60,"PENHA",1,0,"GUAIAUNA, RUA 395 SAO PAULO SP",-23.5309646,-46.5496048
"4995","D031302071",10152,"JOAO BATISTA CONTI, AV PROF",NA,"",138,"","20/03/2013 11:40",2,"CO",103,1144," "," ",1,1,0,0,0,0,0,0,0,0,0,0,0,0,0,0,0,10152,"JOAO BATISTA CONTI, AV PROF",NA,"",46,"JOSE BONIFACIO",1,0,"JOAO BATISTA CONTI, AV PROF 138 SAO PAULO SP",-23.5509625,-46.4317794
"4997","D031302358",19001,"TIRO AO POMBO, RUA",NA,"",231,"","20/03/2013 12:00",4,"AT",45,663," "," ",0,0,0,0,0,0,0,0,0,0,0,0,0,0,0,1,0,19001,"TIRO AO POMBO, RUA",NA,"",40,"JAGUARE",0,1,"TIRO AO POMBO, RUA 231 SAO PAULO SP",-23.4717192,-46.6892341
"4998","D031300072",19996,"XAVIER DE TOLEDO, RUA CEL",NA,"",100,"","20/03/2013 12:17",4,"AT",3,2333,"B"," ",0,1,0,0,0,0,0,0,0,0,0,0,0,0,0,0,0,19996,"XAVIER DE TOLEDO, RUA CEL",NA,"",0,"NULL",1,0,"XAVIER DE TOLEDO, RUA CEL 100 SAO PAULO SP",-23.5478615,-46.6424109
"4999","D031300027",6642,"ESTADO, AV DO",NA,"",4643,"","20/03/2013 12:18",2,"CO",1,2304," "," ",1,1,0,0,0,0,0,0,0,0,0,0,0,0,0,0,0,6642,"ESTADO, AV DO",NA,"",9,"BOM RETIRO",1,0,"ESTADO, AV DO 4643 SAO PAULO SP",-23.5549774,-46.6239392
"5000","D031300648",7491,"FRANCISCO MATARAZZO, AV",NA,"",10000,"","20/03/2013 12:20",4,"AT",23,1528," "," ",1,0,0,0,0,0,0,0,0,0,0,0,0,0,0,0,0,7491,"FRANCISCO MATARAZZO, AV",NA,"",6,"BARRA FUNDA",1,0,"FRANCISCO MATARAZZO, AV 10000 SAO PAULO SP",-23.5318891,-46.6636755
"5001","D031301092",541,"ALCANTARA, RUA",967,"AMAMBAI, RUA",0,"","20/03/2013 12:30",2,"CO",19,1108," "," ",1,1,0,0,0,0,0,0,0,0,0,0,0,0,0,0,0,541,"ALCANTARA, RUA",967,"AMAMBAI, RUA",91,"VILA MARIA",2,0,"ALCANTARA, RUA SAO PAULO SP &  AMAMBAI, RUA SAO PAULO SP",-23.5232036,-46.5919291
"5002","D031300820",25406,"ESMIRNA, RUA",NA,"",100,"","20/03/2013 12:39",2,"CH",46,1364," "," ",1,1,0,0,0,0,0,0,0,0,0,0,0,0,0,0,0,25406,"ESMIRNA, RUA",NA,"",52,"MARSILAC",2,0,"ESMIRNA, RUA 100 SAO PAULO SP",-23.4058272,-46.738348
"5003","D031300339",4596,"CATARINA, AV STA",11510,"LACEDEMONIA, RUA",0,"","20/03/2013 13:18",2,"CO",27,803," "," ",1,1,0,0,0,0,0,0,0,0,0,0,0,0,0,0,0,4596,"CATARINA, AV STA",11510,"LACEDEMONIA, RUA",15,"CAMPO BELO",1,0,"CATARINA, AV STA SAO PAULO SP &  LACEDEMONIA, RUA SAO PAULO SP",-23.6478165,-46.6624038
"5004","D031300188",17831,"SAPUCAIA, RUA",NA,"",326,"","20/03/2013 13:22",2,"CO",8,2056," "," ",2,0,0,0,0,0,0,0,0,0,0,0,0,0,0,0,0,17831,"SAPUCAIA, RUA",NA,"",10,"BRAS",1,0,"SAPUCAIA, RUA 326 SAO PAULO SP",-23.5493127,-46.5929603
"5005","D031300731",7500,"FRANCISCO MORATO, AV PROF",NA,"",2100,"","20/03/2013 13:55",2,"CO",34,1769," "," ",4,0,0,0,0,0,0,0,0,0,0,0,0,0,0,0,0,7500,"FRANCISCO MORATO, AV PROF",NA,"",12,"BUTANTA",1,0,"FRANCISCO MORATO, AV PROF 2100 SAO PAULO SP",-23.5848018,-46.7190195
"5007","D031301638",34128,"JOAO DE LUCA, AV VER",NA,"",200,"","20/03/2013 14:16",4,"AT",43,1108," "," ",0,0,0,0,0,0,0,0,0,0,0,0,0,0,0,1,0,34128,"JOAO DE LUCA, AV VER",NA,"",42,"JARDIM ANGELA",1,0,"JOAO DE LUCA, AV VER 200 SAO PAULO SP",-23.6454165,-46.671859
"5008","D031300218",3653,"BRESSER, RUA",NA,"",882,"","20/03/2013 14:42",4,"AT",12,1602," "," ",0,1,0,0,0,0,0,0,0,0,0,0,0,0,0,0,0,3653,"BRESSER, RUA",NA,"",10,"BRAS",1,0,"BRESSER, RUA 882 SAO PAULO SP",-23.5378156,-46.6084678
"5009","D031301214",12716,"MANUEL GAYA, RUA",NA,"",214,"","20/03/2013 14:46",2,"CO",39,1335,"C"," ",1,1,0,0,0,0,0,0,0,0,0,0,0,0,0,0,0,12716,"MANUEL GAYA, RUA",NA,"",83,"TREMEMBE",1,0,"MANUEL GAYA, RUA 214 SAO PAULO SP",-23.4668861,-46.5950058
"5010","D031301686",20048,"YERVANT KISSAJIKIAN, AV",NA,"",574,"","20/03/2013 14:48",2,"CL",80,978," "," ",0,2,0,0,0,0,0,0,0,0,0,0,0,0,0,0,0,20048,"YERVANT KISSAJIKIAN, AV",NA,"",29,"FREGUESIA DO O",1,0,"YERVANT KISSAJIKIAN, AV 574 SAO PAULO SP",-23.6682195,-46.6734976
"5011","D031302300",19708,"VILA EMA, AV",NA,"",5264,"","20/03/2013 14:50",2,"CO",70,856," "," ",1,1,0,0,0,0,0,0,0,0,0,0,0,0,0,0,0,19708,"VILA EMA, AV",NA,"",26,"CONSOLACAO",1,0,"VILA EMA, AV 5264 SAO PAULO SP",-23.597355,-46.5328455
"5013","D031300582",10387,"JOAO MOURA, RUA",9262,"IPERO, RUA",0,"","20/03/2013 15:41",2,"CL",14,2617," "," ",1,0,0,0,0,0,0,0,0,0,0,1,0,0,0,0,0,9262,"IPERO, RUA",10387,"JOAO MOURA, RUA",63,"PINHEIROS",1,0,"JOAO MOURA, RUA SAO PAULO SP &  IPERO, RUA SAO PAULO SP",-23.5621478,-46.6764453
"5014","D031300585",7257,"FONSECA RODRIGUES, AV PROF",NA,"",835,"","20/03/2013 16:20",2,"CO",14,2692," "," ",1,1,0,0,0,0,0,0,0,0,0,0,0,0,0,0,0,7257,"FONSECA RODRIGUES, AV PROF",NA,"",2,"ALTO DE PINHEIR",1,0,"FONSECA RODRIGUES, AV PROF 835 SAO PAULO SP",-23.5479024,-46.7156169
"5015","D031301639",5606,"CUPECE, AV",NA,"",2443,"","20/03/2013 16:40",4,"AT",43,1115," "," ",0,0,0,0,0,0,0,0,0,0,0,1,0,0,0,0,0,5606,"CUPECE, AV",NA,"",22,"CIDADE ADEMAR",1,0,"CUPECE, AV 2443 SAO PAULO SP",-23.6638456,-46.6611385