"","id_acidente","codloga","logradouroA","codlogb","logradouroB","alt_num","referencia","data","cod_acid","tipo_acidente","dp","numero_BO","sentido","pista","automovel","moto","onibus","caminhao","bicicleta","moto_taxi","onibus_fretado","onibus_urbano","microonibus","van","vuc","caminhonete","carreta","jipe","outros","sem_informacao","carroca","princ_a","paiA","princ_b","paiB","cod_distrito","distrito","vit_ferida","vit_morta","local","lat","lon"
"5016","D031300692",4115,"CANDIDO PORTINARI, AV",NA,"",441,"","20/03/2013 17:10",2,"CO",33,2557,"B"," ",1,1,0,0,0,0,0,0,0,0,0,0,0,0,0,0,0,4115,"CANDIDO PORTINARI, AV",NA,"",39,"JAGUARA",1,0,"CANDIDO PORTINARI, AV 441 SAO PAULO SP",-23.5082274,-46.7512537
"5017","D031301246",27090,"EMILIA MARQUES FERREIRA, RUA",NA,"",59,"","20/03/2013 17:15",2,"CO",45,671," "," ",1,1,0,0,0,0,0,0,0,0,0,0,0,0,0,0,0,27090,"EMILIA MARQUES FERREIRA, RUA",NA,"",40,"JAGUARE",1,0,"EMILIA MARQUES FERREIRA, RUA 59 SAO PAULO SP",-23.4747959,-46.702382
"5018","D031302049",21508,"RAIMUNDO DE PAULO FREITAS, RUA",NA,"",481,"","20/03/2013 17:30",2,"CH",67,822," "," ",2,2,0,0,0,0,0,0,0,0,0,0,0,0,0,0,0,21508,"RAIMUNDO DE PAULO FREITAS, RUA",NA,"",50,"LIMAO",2,0,"RAIMUNDO DE PAULO FREITAS, RUA 481 SAO PAULO SP",-23.5194443,-46.4149381
"5019","D031301687",20048,"YERVANT KISSAJIKIAN, AV",NA,"",1415,"","20/03/2013 17:30",2,"CL",80,984," "," ",1,1,0,0,0,0,0,0,0,0,0,0,0,0,0,0,0,20048,"YERVANT KISSAJIKIAN, AV",NA,"",29,"FREGUESIA DO O",1,0,"YERVANT KISSAJIKIAN, AV 1415 SAO PAULO SP",-23.6725573,-46.6664213
"5020","D031301094",1044,"MERE AMEDEA, RUA",35588,"SILVIO LEANDRO, RUA",0,"","20/03/2013 17:30",2,"CO",19,1115," "," ",1,1,0,0,0,0,0,0,0,0,0,0,0,0,0,0,0,1044,"MERE AMEDEA, RUA",35588,"SILVIO LEANDRO, RUA",91,"VILA MARIA",1,0,"MERE AMEDEA, RUA SAO PAULO SP &  SILVIO LEANDRO, RUA SAO PAULO SP",-23.5069276,-46.5893148
"5021","D031301709",3509,"BELMIRA MARIN, AV DONA",NA,"",3988,"","20/03/2013 18:00",2,"CF",85,1991," "," ",1,1,0,0,0,0,0,0,0,0,0,0,0,0,0,0,0,3509,"BELMIRA MARIN, AV DONA",NA,"",30,"GRAJAU",2,0,"BELMIRA MARIN, AV DONA 3988 SAO PAULO SP",-23.7550841,-46.679402
"5022","D031302406",12436,"MACEDO SOARES, AV EMB",NA,"",4500,"","20/03/2013 18:00",4,"AT",7,1888,"A"," ",1,0,0,0,0,0,0,0,0,0,0,0,0,0,0,0,0,29772,"MARGINAL DO RIO TIETE, AV",NA,"",48,"LAPA",0,1,"MACEDO SOARES, AV EMB 4500 SAO PAULO SP",-23.5166117,-46.7281234
"5024","D031301158",27358,"FUAD LUTFALLA, AV",NA,"",946,"","20/03/2013 18:40",2,"QD",28,1517," "," ",0,0,1,0,0,0,0,0,0,0,0,0,0,0,0,0,0,27358,"FUAD LUTFALLA, AV",NA,"",4,"ARICANDUVA",1,0,"FUAD LUTFALLA, AV 946 SAO PAULO SP",-23.4821372,-46.7080859
"5026","D031300028",8024,"GLICERIO, RUA",NA,"",66,"","20/03/2013 19:05",4,"AT",1,2320," "," ",1,0,0,0,0,0,0,0,0,0,0,0,0,0,0,0,0,8024,"GLICERIO, RUA",NA,"",80,"SE",1,0,"GLICERIO, RUA 66 SAO PAULO SP",-23.5074352,-46.4768283
"5028","D031302159",19012,"TITA RUFFO, RUA",6977,"FILIPE MARINETTI, RUA",0,"","20/03/2013 19:20",2,"CO",49,3838," "," ",2,0,0,0,0,0,0,0,0,0,0,0,0,0,0,0,0,6977,"FILIPE MARINETTI, RUA",19012,"TITA RUFFO, RUA",75,"SAO MATEUS",1,0,"TITA RUFFO, RUA SAO PAULO SP &  FILIPE MARINETTI, RUA SAO PAULO SP",-23.6058041,-46.4798001
"5029","D031300923",13014,"MARGINAL DO RIO PINHEIROS, AV",NA,"",115,"","20/03/2013 19:30",2,"CO",89,1779," "," ",1,1,0,0,0,0,0,0,0,0,0,0,0,0,0,0,0,13014,"MARGINAL DO RIO PINHEIROS, AV",NA,"",40,"JAGUARE",1,0,"MARGINAL DO RIO PINHEIROS, AV 115 SAO PAULO SP",-23.564285,-46.6794498
"5030","D031302271",22268,"OSVALDO VALLE CORDEIRO, AV",NA,"",100,"","20/03/2013 19:39",2,"CO",66,1780," "," ",1,1,0,0,0,0,0,0,0,0,0,0,0,0,0,0,0,22268,"OSVALDO VALLE CORDEIRO, AV",NA,"",38,"JACANA",1,0,"OSVALDO VALLE CORDEIRO, AV 100 SAO PAULO SP",-23.5546988,-46.4923066
"5032","D031300234",10177,"JOAO BOEMER, RUA",17180,"RITA, RUA STA",0,"","20/03/2013 20:00",2,"CO",12,2067," "," ",2,0,0,0,0,0,0,0,0,0,0,0,0,0,0,0,0,10177,"JOAO BOEMER, RUA",17180,"RITA, RUA STA",8,"BELEM",1,0,"JOAO BOEMER, RUA SAO PAULO SP &  RITA, RUA STA SAO PAULO SP",-23.5312342,-46.6130982
"5033","D031300219",16006,"PEDRO VICENTE, RUA",NA,"",421,"","20/03/2013 20:30",4,"AT",12,1611," "," ",1,0,0,0,0,0,0,0,0,0,0,0,0,0,0,0,0,16006,"PEDRO VICENTE, RUA",NA,"",25,"CIDADE TIRADENT",1,0,"PEDRO VICENTE, RUA 421 SAO PAULO SP",-23.5253827,-46.6247229
"5034","D031302338",35449,"BANDEIRANTES, VIA DOS",NA,"",23000,"","20/03/2013 20:50",4,"AT",33,2567," "," ",1,0,0,0,0,0,0,0,0,0,0,0,0,0,0,0,0,35449,"BANDEIRANTES, VIA DOS",NA,"",64,"PIRITUBA",0,1,"BANDEIRANTES, VIA DOS 23000 SAO PAULO SP",-23.5962255,-46.6921266
"5035","D031302022",3994,"CAMPANELLA, AV",NA,"",748,"","20/03/2013 21:12",2,"CO",64,2895," "," ",1,1,0,0,0,0,0,0,0,0,0,0,0,0,0,0,0,3994,"CAMPANELLA, AV",NA,"",36,"ITAQUERA",1,0,"CAMPANELLA, AV 748 SAO PAULO SP",-23.5361726,-46.4673389
"5036","D031300620",16011,"PEDROSO ALVARENGA, RUA",NA,"",743,"","20/03/2013 21:30",2,"CO",15,2629," "," ",0,1,0,0,0,0,0,0,0,0,0,0,0,0,0,1,0,16011,"PEDROSO ALVARENGA, RUA",NA,"",28,"ERMELINO MATARA",1,0,"PEDROSO ALVARENGA, RUA 743 SAO PAULO SP",-23.5817311,-46.6775522
"5037","D031300094",14804,"NOVE DE JULHO, AV",NA,"",1918,"","20/03/2013 21:45",4,"AT",4,2202," "," ",1,0,0,0,0,0,0,0,0,0,0,0,0,0,0,0,0,14804,"NOVE DE JULHO, AV",NA,"",63,"PINHEIROS",1,0,"NOVE DE JULHO, AV 1918 SAO PAULO SP",-23.5573819,-46.6526884
"5038","D031302215",9044,"RAGUEB CHOHFI, AV",NA,"",5900,"","20/03/2013 21:48",2,"CO",54,3747," "," ",1,1,0,0,0,0,0,0,0,0,0,0,0,0,0,0,0,9044,"RAGUEB CHOHFI, AV",NA,"",32,"IGUATEMI",2,0,"RAGUEB CHOHFI, AV 5900 SAO PAULO SP",-23.5951491,-46.4294661
"5041","D031301229",21310,"ANTONIO MARIA LAET, AV DR",NA,"",271,"","20/03/2013 22:21",2,"CL",39,2895," "," ",1,0,1,0,0,0,0,0,0,0,0,0,0,0,0,0,0,21310,"ANTONIO MARIA LAET, AV DR",NA,"",0,"NULL",2,0,"ANTONIO MARIA LAET, AV DR 271 SAO PAULO SP",-23.4789557,-46.6031502
"5042","D031300912",6980,"FELIPE PINEL, AV DR",NA,"",750,"","20/03/2013 22:50",2,"CF",87,2886," "," ",2,0,0,0,0,0,0,0,0,0,0,0,0,0,0,0,0,6980,"FELIPE PINEL, AV DR",NA,"",64,"PIRITUBA",3,0,"FELIPE PINEL, AV DR 750 SAO PAULO SP",-23.4819971,-46.7314207
"5043","D031301598",9112,"INACIO DE LOYOLA, PCA STO",10270,"JOAO DIAS, AV",0,"","20/03/2013 23:00",2,"CL",11,3114," "," ",0,1,0,0,0,0,0,0,0,0,0,1,0,0,0,0,0,10198,"JOAO CARLOS DA SILVA BORGES, AV",10270,"JOAO DIAS, AV",67,"REPUBLICA",2,0,"INACIO DE LOYOLA, PCA STO SAO PAULO SP &  JOAO DIAS, AV SAO PAULO SP",-23.6454093,-46.7115457
"5045","D031301356",39012,"POETA, AV DO",39027,"CARLOS CALVO, RUA",0,"","21/03/2013 01:34",2,"SI",90,1117," "," ",1,0,0,1,0,0,0,0,0,0,0,0,0,0,0,0,0,39012,"POETA, AV DO",39027,"CARLOS CALVO, RUA",NA,"",1,0,"POETA, AV DO SAO PAULO SP &  CARLOS CALVO, RUA SAO PAULO SP",-23.4866897,-46.5662159
"5046","D031301796",9220,"INTERLAGOS, AV",NA,"",2255,"","21/03/2013 02:55",2,"CH",99,3115," "," ",0,0,0,0,0,0,0,0,1,0,0,0,0,0,0,0,0,9220,"INTERLAGOS, AV",NA,"",16,"CAMPO GRANDE",2,0,"INTERLAGOS, AV 2255 SAO PAULO SP",-23.6738936,-46.6774992
"5047","D031301496",4736,"CELSO GARCIA, AV",27094,"SALIM FARAH MALUF, AV",0,"","21/03/2013 04:30",2,"CO",52,831," "," ",2,0,0,0,0,0,0,0,0,0,0,0,0,0,0,0,0,4736,"CELSO GARCIA, AV",27094,"SALIM FARAH MALUF, AV",8,"BELEM",1,0,"CELSO GARCIA, AV SAO PAULO SP &  SALIM FARAH MALUF, AV SAO PAULO SP",-23.5359522,-46.5717652
"5048","D031301135",14767,"NOVA CANTAREIRA, AV",NA,"",1548,"","21/03/2013 05:15",4,"AT",20,2522," "," ",1,0,0,0,0,0,0,0,0,0,0,0,0,0,0,0,0,14767,"NOVA CANTAREIRA, AV",NA,"",83,"TREMEMBE",1,0,"NOVA CANTAREIRA, AV 1548 SAO PAULO SP",-23.4820137,-46.6127111
"5049","D031301020",2455,"ATALIBA LEONEL, AV GAL",NA,"",3539,"","21/03/2013 05:20",2,"QM",9,1715," "," ",0,1,0,0,0,0,0,0,0,0,0,0,0,0,0,0,0,2455,"ATALIBA LEONEL, AV GAL",NA,"",88,"VILA GUILHERME",1,0,"ATALIBA LEONEL, AV GAL 3539 SAO PAULO SP",-23.4861498,-46.605266
"5050","D031301682",20048,"YERVANT KISSAJIKIAN, AV",NA,"",2600,"","21/03/2013 06:05",4,"AT",80,403," "," ",0,1,0,0,0,0,0,0,0,0,0,0,0,0,0,0,0,20048,"YERVANT KISSAJIKIAN, AV",NA,"",29,"FREGUESIA DO O",1,0,"YERVANT KISSAJIKIAN, AV 2600 SAO PAULO SP",-23.6788114,-46.6566935
"5051","D031302339",6808,"EUROPA, AV",NA,"",725,"","21/03/2013 06:15",4,"AT",15,1396,"C"," ",0,0,1,0,0,0,0,0,0,0,0,0,0,0,0,0,0,6808,"EUROPA, AV",NA,"",63,"PINHEIROS",0,1,"EUROPA, AV 725 SAO PAULO SP",-23.5767773,-46.679654
"5054","D031301599",3216,"BENTO BRANCO DE ANDRADE FILHO, RUA",NA,"",477,"","21/03/2013 07:00",4,"AT",11,3131," "," ",0,1,0,0,0,0,0,0,0,0,0,0,0,0,0,0,0,3216,"BENTO BRANCO DE ANDRADE FILHO, RUA",NA,"",72,"SANTO AMARO",1,0,"BENTO BRANCO DE ANDRADE FILHO, RUA 477 SAO PAULO SP",-23.6489949,-46.7219878
"5055","D031301136",14767,"NOVA CANTAREIRA, AV",NA,"",4354,"","21/03/2013 07:00",4,"AT",20,2325," "," ",1,0,0,0,0,0,0,0,0,0,0,0,0,0,0,0,0,14767,"NOVA CANTAREIRA, AV",NA,"",83,"TREMEMBE",1,0,"NOVA CANTAREIRA, AV 4354 SAO PAULO SP",-23.4625496,-46.6161611
"5056","D031301457",18961,"TIJUCO PRETO, RUA",7014,"FERNANDES PINHEIRO, RUA",0,"","21/03/2013 07:04",2,"CO",30,1604," "," ",1,0,1,0,0,0,0,0,0,0,0,0,0,0,0,0,0,7014,"FERNANDES PINHEIRO, RUA",18961,"TIJUCO PRETO, RUA",82,"TATUAPE",1,0,"TIJUCO PRETO, RUA SAO PAULO SP &  FERNANDES PINHEIRO, RUA SAO PAULO SP",-23.5437411,-46.5703171
"5057","D031300399",19789,"VIRGILIO DE LEMOS, RUA",NA,"",681,"","21/03/2013 07:22",2,"QM",35,2546," "," ",0,1,0,0,0,0,0,0,0,0,0,0,0,0,0,0,0,19789,"VIRGILIO DE LEMOS, RUA",NA,"",NA,"",1,0,"VIRGILIO DE LEMOS, RUA 681 SAO PAULO SP",-23.6605709,-46.6568993
"5058","D031300732",7500,"FRANCISCO MORATO, AV PROF",NA,"",1627,"","21/03/2013 07:29",2,"CO",34,1780," "," ",1,1,0,0,0,0,0,0,0,0,0,0,0,0,0,0,0,7500,"FRANCISCO MORATO, AV PROF",NA,"",12,"BUTANTA",1,0,"FRANCISCO MORATO, AV PROF 1627 SAO PAULO SP",-23.583294,-46.7145621
"5059","D031300294",2394,"ASCENDINO REIS, AV PROF",NA,"",965,"","21/03/2013 07:39",2,"CT",16,3734," "," ",2,0,0,0,0,0,0,0,0,0,0,0,0,0,0,0,0,2394,"ASCENDINO REIS, AV PROF",NA,"",53,"MOEMA",1,0,"ASCENDINO REIS, AV PROF 965 SAO PAULO SP",-23.5995093,-46.6516864
"5060","D031300939",61669,"ITAPAIUNA, RUA",NA,"",1800,"","21/03/2013 07:45",2,"CO",89,2281," "," ",1,1,0,0,0,0,0,0,0,0,0,0,0,0,0,0,0,61669,"ITAPAIUNA, RUA",NA,"",29,"FREGUESIA DO O",1,0,"ITAPAIUNA, RUA 1800 SAO PAULO SP",-23.6364678,-46.7275598
"5061","D031300030",15984,"PEDRO II, PQ DOM",NA,"",900,"","21/03/2013 08:00",4,"AT",1,2328," "," ",0,0,0,0,0,0,0,0,0,0,0,1,0,0,0,0,0,15984,"PEDRO II, PQ DOM",NA,"",1,"AGUA RASA",1,0,"PEDRO II, PQ DOM 900 SAO PAULO SP",-23.548054,-46.6300832
"5063","D031300068",9276,"IPIRANGA, AV",9543,"ITAPETININGA, RUA BR DE",0,"","21/03/2013 08:00",2,"QM",3,1643,"C"," ",0,1,0,0,0,0,0,0,0,0,0,0,0,0,0,0,0,9276,"IPIRANGA, AV",9543,"ITAPETININGA, RUA BR DE",67,"REPUBLICA",1,0,"IPIRANGA, AV SAO PAULO SP &  ITAPETININGA, RUA BR DE SAO PAULO SP",-23.5457285,-46.6440924
"5064","D031300733",14267,"MORUMBI, AV",3622,"BRAULIO, RUA S",0,"","21/03/2013 08:00",2,"CO",34,1782," "," ",1,1,0,0,0,0,0,0,0,0,0,0,0,0,0,0,0,3622,"BRAULIO, RUA S",14267,"MORUMBI, AV",55,"MORUMBI",1,0,"MORUMBI, AV SAO PAULO SP &  BRAULIO, RUA S SAO PAULO SP",-23.5871012,-46.7059801
"5066","D031300735",3020,"BEGONIAS, RUA DAS",NA,"",37,"","21/03/2013 08:06",2,"QM",34,1789," "," ",0,1,0,0,0,0,0,0,0,0,0,0,0,0,0,0,0,3020,"BEGONIAS, RUA DAS",NA,"",55,"MORUMBI",1,0,"BEGONIAS, RUA DAS 37 SAO PAULO SP",-23.5937856,-46.6969785
"5068","D031300534",8267,"GUAICURUS, RUA",NA,"",1467,"","21/03/2013 08:30",4,"AT",7,1830," "," ",0,0,1,0,0,0,0,0,0,0,0,0,0,0,0,0,0,8267,"GUAICURUS, RUA",NA,"",48,"LAPA",1,0,"GUAICURUS, RUA 1467 SAO PAULO SP",-23.5211578,-46.6996164
"5069","D031301733",35858,"GUIDO CALOI, AV",NA,"",4560,"","21/03/2013 08:30",2,"QM",92,1840,"C"," ",0,1,0,0,0,0,0,0,0,0,0,0,0,0,0,0,0,35858,"GUIDO CALOI, AV",NA,"",32,"IGUATEMI",1,0,"GUIDO CALOI, AV 4560 SAO PAULO SP",-23.6671059,-46.7272917
"5070","D031300661",16463,"POMPEIA, AV",14799,"HAVAI, RUA",0,"","21/03/2013 08:30",2,"CO",23,1838," "," ",1,1,0,0,0,0,0,0,0,0,0,0,0,0,0,0,0,14799,"HAVAI, RUA",16463,"POMPEIA, AV",61,"PERDIZES",1,0,"POMPEIA, AV SAO PAULO SP &  HAVAI, RUA SAO PAULO SP",-23.5459378,-46.6910742
"5071","D031300858",19817,"VITAL BRASIL, AV",NA,"",57,"","21/03/2013 08:45",2,"CO",51,1364," "," ",1,1,0,0,0,0,0,0,0,0,0,0,0,0,0,0,0,19817,"VITAL BRASIL, AV",NA,"",13,"CACHOEIRINHA",1,0,"VITAL BRASIL, AV 57 SAO PAULO SP",-23.5723626,-46.7052576
"5072","D031300510",24491,"IMIGRANTES, VIA DOS",NA,"",12800,"","21/03/2013 09:00",4,"AT",97,805," "," ",0,0,0,0,0,0,0,0,0,0,0,1,0,0,0,0,0,24491,"IMIGRANTES, VIA DOS",NA,"",NA,"",1,0,"IMIGRANTES, VIA DOS 12800 SAO PAULO SP",-22.9668535,-46.5442386
"5073","D031302092",2603,"AURORA DAS DORES, RUA",NA,"",200,"","21/03/2013 09:30",2,"QD",41,1679," "," ",0,0,1,0,0,0,0,0,0,0,0,0,0,0,0,0,0,2603,"AURORA DAS DORES, RUA",NA,"",87,"VILA FORMOSA",1,0,"AURORA DAS DORES, RUA 200 SAO PAULO SP",-23.5754009,-46.5319614
"5074","D031300501",7237,"FLORIDA, RUA",12193,"LUIS CARLOS BERRINI, AV ENG",0,"","21/03/2013 10:00",2,"QM",96,1332," "," ",1,1,0,0,0,0,0,0,0,0,0,0,0,0,0,0,0,7237,"FLORIDA, RUA",12193,"LUIS CARLOS BERRINI, AV ENG",34,"ITAIM BIBI",1,0,"FLORIDA, RUA SAO PAULO SP &  LUIS CARLOS BERRINI, AV ENG SAO PAULO SP",-23.6085014,-46.6921907
"5075","D031301095",3830,"LUIS FELIPE DE ORLEANS, RUA DOM",NA,"",687,"","21/03/2013 10:35",2,"QM",19,1121," "," ",0,1,0,0,0,0,0,0,0,0,0,0,0,0,0,0,0,3830,"LUIS FELIPE DE ORLEANS, RUA DOM",NA,"",91,"VILA MARIA",1,0,"LUIS FELIPE DE ORLEANS, RUA DOM 687 SAO PAULO SP",-23.5173438,-46.5893549
"5076","D031301137",14767,"NOVA CANTAREIRA, AV",NA,"",659,"","21/03/2013 10:56",4,"AT",20,2530,"B"," ",1,1,0,0,0,0,0,0,0,0,0,0,0,0,0,0,0,14767,"NOVA CANTAREIRA, AV",NA,"",83,"TREMEMBE",1,0,"NOVA CANTAREIRA, AV 659 SAO PAULO SP",-23.4865737,-46.619147
"5077","D031300511",2235,"ARMANDO DE ARRUDA PEREIRA, AV ENG",NA,"",2654,"","21/03/2013 11:30",2,"CL",97,809," "," ",1,1,0,0,0,0,0,0,0,0,0,0,0,0,0,0,0,2235,"ARMANDO DE ARRUDA PEREIRA, AV ENG",NA,"",37,"JABAQUARA",1,0,"ARMANDO DE ARRUDA PEREIRA, AV ENG 2654 SAO PAULO SP",-23.6497395,-46.6407126
"5078","D031300401",7882,"GEORGE CORBISIER, AV ENG",NA,"",900,"","21/03/2013 11:30",4,"AT",35,2563," "," ",1,0,0,0,0,0,0,0,0,0,0,0,0,0,0,0,0,7882,"GEORGE CORBISIER, AV ENG",NA,"",37,"JABAQUARA",1,0,"GEORGE CORBISIER, AV ENG 900 SAO PAULO SP",-23.6446709,-46.6449599
"5079","D031302230",75483,"SERTANISTAS, AV DOS",NA,"",433,"","21/03/2013 11:30",2,"CO",55,1224," "," ",1,0,0,1,0,0,0,0,0,0,0,0,0,0,0,0,0,75483,"SERTANISTAS, AV DOS",NA,"",55,"MORUMBI",1,0,"SERTANISTAS, AV DOS 433 SAO PAULO SP",-23.6262347,-46.4458182
"5080","D031301458",1967,"APUCARANA, RUA",NA,"",1615,"","21/03/2013 11:40",2,"CO",30,1613," "," ",2,0,0,0,0,0,0,0,0,0,0,0,0,0,0,0,0,1967,"APUCARANA, RUA",NA,"",82,"TATUAPE",1,0,"APUCARANA, RUA 1615 SAO PAULO SP",-23.5524531,-46.5619851
"5081","D031301552",10503,"JOAO XXIII, AV",NA,"",359,"","21/03/2013 12:00",2,"SI",58,669," "," ",0,1,0,0,0,0,0,0,0,0,0,0,0,0,0,0,0,10503,"JOAO XXIII, AV",NA,"",4,"ARICANDUVA",1,0,"JOAO XXIII, AV 359 SAO PAULO SP",-23.5714771,-46.5370364
"5082","D031301066",3637,"BRAZ LEME, AV",NA,"",3351,"","21/03/2013 12:02",2,"QD",13,3045," "," ",0,0,0,0,0,0,0,1,0,0,0,0,0,0,0,0,0,3637,"BRAZ LEME, AV",NA,"",21,"CASA VERDE",1,0,"BRAZ LEME, AV 3351 SAO PAULO SP",-23.5038673,-46.6281229
"5083","D031300267",10548,"JOAQUIM EUGENIO DE LIMA, AL",17791,"SANTOS, AL",0,"","21/03/2013 12:20",2,"OU",78,2219," "," ",1,1,0,0,0,0,0,0,0,0,0,0,0,0,0,0,0,10548,"JOAQUIM EUGENIO DE LIMA, AL",17791,"SANTOS, AL",44,"JARDIM PAULISTA",1,0,"JOAQUIM EUGENIO DE LIMA, AL SAO PAULO SP &  SANTOS, AL SAO PAULO SP",-23.5687356,-46.6533992
"5084","D031301379",7703,"GABRIELA MISTRAL, AV",2304,"OLIVIO GUELFI, RUA",0,"","21/03/2013 12:30",2,"CO",10,2330," "," ",1,1,0,0,0,0,0,0,0,0,0,0,0,0,0,0,0,2304,"OLIVIO GUELFI, RUA",7703,"GABRIELA MISTRAL, AV",60,"PENHA",1,0,"GABRIELA MISTRAL, AV SAO PAULO SP &  OLIVIO GUELFI, RUA SAO PAULO SP",-23.5098584,-46.5505242
"5085","D031300619",14804,"NOVE DE JULHO, AV",NA,"",4300,"","21/03/2013 12:50",2,"CO",15,2348," "," ",1,1,0,0,0,0,0,0,0,0,0,0,0,0,0,0,0,14804,"NOVE DE JULHO, AV",NA,"",63,"PINHEIROS",1,0,"NOVE DE JULHO, AV 4300 SAO PAULO SP",-23.5744373,-46.6679959
"5086","D031300904",14741,"MIGUEL DE CASTRO, RUA",NA,"",87,"","21/03/2013 12:50",4,"AT",87,1486," "," ",1,0,0,0,0,0,0,0,0,0,0,0,0,0,0,0,0,14741,"MIGUEL DE CASTRO, RUA",NA,"",64,"PIRITUBA",1,0,"MIGUEL DE CASTRO, RUA 87 SAO PAULO SP",-23.5163467,-46.46526
"5087","D031301966",13881,"MIGUEL, AV S",NA,"",4575,"","21/03/2013 12:54",4,"AT",62,1136,"C"," ",1,1,0,0,0,0,0,0,0,0,0,1,0,0,0,0,0,13881,"MIGUEL, AV S",NA,"",65,"PONTE RASA",3,0,"MIGUEL, AV S 4575 SAO PAULO SP",-23.5073667,-46.4890991
"5088","D031300905",15626,"PAULA FERREIRA, AV",NA,"",2542,"","21/03/2013 13:40",4,"AT",87,1514," "," ",1,0,0,0,0,0,0,0,0,0,0,0,0,0,0,0,0,15626,"PAULA FERREIRA, AV",NA,"",64,"PIRITUBA",1,0,"PAULA FERREIRA, AV 2542 SAO PAULO SP",-23.4898423,-46.7164681
"5089","D031302011",3994,"CAMPANELLA, AV",5131,"COATA, RUA",0,"","21/03/2013 14:30",2,"CO",64,2416," "," ",0,2,0,0,0,0,0,0,0,0,0,0,0,0,0,0,0,304,"AGAPANTOS, AV DOS",3994,"CAMPANELLA, AV",36,"ITAQUERA",3,0,"CAMPANELLA, AV SAO PAULO SP &  COATA, RUA SAO PAULO SP",-23.5352605,-46.4642064
"5091","D031300311",3454,"BOM PASTOR, RUA",NA,"",1250,"","21/03/2013 15:00",2,"CT",17,1673," "," ",1,1,0,0,0,0,0,0,0,0,0,0,0,0,0,0,0,3454,"BOM PASTOR, RUA",NA,"",33,"IPIRANGA",2,0,"BOM PASTOR, RUA 1250 SAO PAULO SP",-23.5875269,-46.6073683
"5092","D031301475",4502,"CARRAO, AV CONS",NA,"",1836,"","21/03/2013 15:02",2,"SI",31,1533," "," ",1,1,0,0,0,0,0,0,0,0,0,0,0,0,0,0,0,4502,"CARRAO, AV CONS",NA,"",20,"CARRAO",1,0,"CARRAO, AV CONS 1836 SAO PAULO SP",-23.546065,-46.5433133
"5094","D031300584",6819,"EUSEBIO MATOSO, AV",NA,"",800,"","21/03/2013 15:19",2,"CO",14,2660," "," ",1,1,0,0,0,0,0,0,0,0,0,0,0,0,0,0,0,6819,"EUSEBIO MATOSO, AV",NA,"",63,"PINHEIROS",2,0,"EUSEBIO MATOSO, AV 800 SAO PAULO SP",-23.5717906,-46.6989295
"5095","D031301874",5687,"DANFER, AV",70653,"BALSA NOVA, RUA",0,"","21/03/2013 15:23",2,"CO",24,935," "," ",1,1,0,0,0,0,0,0,0,0,0,0,0,0,0,0,0,5687,"DANFER, AV",70653,"BALSA NOVA, RUA",18,"CANGAIBA",2,0,"DANFER, AV SAO PAULO SP &  BALSA NOVA, RUA SAO PAULO SP",-23.5041149,-46.5040845
"5096","D031300821",16838,"RAIMUNDO PEREIRA DE MAGAL., AV",NA,"",15000,"","21/03/2013 15:50",2,"CH",46,1386," "," ",0,0,0,1,0,0,0,0,0,0,0,0,0,0,0,0,0,16838,"RAIMUNDO PEREIRA DE MAGAL., AV",NA,"",31,"GUAIANASES",1,0,"RAIMUNDO PEREIRA DE MAGAL., AV 15000 SAO PAULO SP",-23.4090097,-46.7348037
"5097","D031301640",5606,"CUPECE, AV",NA,"",4140,"","21/03/2013 15:56",2,"CO",43,1132," "," ",1,0,0,1,0,0,0,0,0,0,0,0,0,0,0,0,0,5606,"CUPECE, AV",NA,"",22,"CIDADE ADEMAR",1,0,"CUPECE, AV 4140 SAO PAULO SP",-23.6716668,-46.6459789
"5098","D031300150",6296,"EIRAS GARCIA, RUA",NA,"",90,"","21/03/2013 16:04",2,"CO",6,1416," "," ",1,1,0,0,0,0,0,0,0,0,0,0,0,0,0,0,0,6296,"EIRAS GARCIA, RUA",NA,"",14,"CAMBUCI",1,0,"EIRAS GARCIA, RUA 90 SAO PAULO SP",-23.5750368,-46.6192789
"5099","D031300757",7570,"FRANCISCO TRAMONTANO, RUA",486,"ALBERTO DE OLIVEIRA LIMA, AV DR",0,"","21/03/2013 16:10",4,"AT",34,3150," "," ",1,0,0,0,0,0,0,0,0,0,0,0,0,0,0,0,0,486,"ALBERTO DE OLIVEIRA LIMA, AV DR",7570,"FRANCISCO TRAMONTANO, RUA",55,"MORUMBI",1,0,"FRANCISCO TRAMONTANO, RUA SAO PAULO SP &  ALBERTO DE OLIVEIRA LIMA, AV DR SAO PAULO SP",-23.6162218,-46.7020878
"5100","D031300455",5618,"CURSINO, AV DO",NA,"",5790,"","21/03/2013 16:34",2,"CO",83,697," "," ",1,1,0,0,0,0,0,0,0,0,0,0,0,0,0,0,0,5618,"CURSINO, AV DO",NA,"",27,"CURSINO",1,0,"CURSINO, AV DO 5790 SAO PAULO SP",-23.6506938,-46.6142004