"","id_acidente","codloga","logradouroA","codlogb","logradouroB","alt_num","referencia","data","cod_acid","tipo_acidente","dp","numero_BO","sentido","pista","automovel","moto","onibus","caminhao","bicicleta","moto_taxi","onibus_fretado","onibus_urbano","microonibus","van","vuc","caminhonete","carreta","jipe","outros","sem_informacao","carroca","princ_a","paiA","princ_b","paiB","cod_distrito","distrito","vit_ferida","vit_morta","local","lat","lon"
"5101","D031300910",11039,"JOSE LOURENCO, RUA PROF",NA,"",935,"","21/03/2013 16:40",2,"QM",87,2268," "," ",0,1,0,0,0,0,0,0,0,0,0,0,0,0,0,0,0,11039,"JOSE LOURENCO, RUA PROF",NA,"",64,"PIRITUBA",1,0,"JOSE LOURENCO, RUA PROF 935 SAO PAULO SP",-23.467397,-46.7137052
"5102","D031301498",18731,"TATUAPE, RUA DO",NA,"",266,"","21/03/2013 17:00",2,"CH",52,885," "," ",1,0,0,0,0,0,0,0,0,0,0,1,0,0,0,0,0,18731,"TATUAPE, RUA DO",NA,"",27,"CURSINO",1,0,"TATUAPE, RUA DO 266 SAO PAULO SP",-23.530348,-46.5626357
"5103","D031300189",9855,"JAIBARAS, RUA",8484,"GUILHERME ELLIS, RUA DR",0,"","21/03/2013 17:20",2,"CO",8,2085," "," ",1,1,0,0,0,0,0,0,0,0,0,0,0,0,0,0,0,8484,"GUILHERME ELLIS, RUA DR",9855,"JAIBARAS, RUA",54,"MOOCA",1,0,"JAIBARAS, RUA SAO PAULO SP &  GUILHERME ELLIS, RUA DR SAO PAULO SP",-23.547431,-46.597403
"5104","D031302294",43171,"ESQUIVEL NAVARRO, RUA",NA,"",905,"","21/03/2013 17:30",2,"SI",69,2883," "," ",0,1,0,0,0,0,0,0,0,0,0,0,0,0,0,0,0,43171,"ESQUIVEL NAVARRO, RUA",NA,"",56,"PARELHEIROS",1,0,"ESQUIVEL NAVARRO, RUA 905 SAO PAULO SP",-23.6087106,-46.5040978
"5106","D031300859",5309,"CORIFEU DE AZEVEDO MARQUES, AV",NA,"",1105,"","21/03/2013 18:00",4,"AT",51,1378," "," ",0,1,0,0,0,0,0,0,0,0,0,0,0,0,0,0,0,5309,"CORIFEU DE AZEVEDO MARQUES, AV",NA,"",12,"BUTANTA",1,0,"CORIFEU DE AZEVEDO MARQUES, AV 1105 SAO PAULO SP",-23.57338,-46.7248481
"5107","D031300649",7491,"FRANCISCO MATARAZZO, AV",NA,"",426,"","21/03/2013 18:20",2,"CO",23,1571," "," ",1,1,0,0,0,0,0,0,0,0,0,0,0,0,0,0,0,7491,"FRANCISCO MATARAZZO, AV",NA,"",6,"BARRA FUNDA",1,0,"FRANCISCO MATARAZZO, AV 426 SAO PAULO SP",-23.5298353,-46.6672817
"5109","D031300220",17400,"ROSA, RUA STA",NA,"",160,"","21/03/2013 18:50",4,"AT",12,1637," "," ",0,1,0,0,0,0,0,0,0,0,0,0,0,0,0,0,0,17400,"ROSA, RUA STA",NA,"",6,"BARRA FUNDA",2,0,"ROSA, RUA STA 160 SAO PAULO SP",-23.5417372,-46.6268367
"5111","D031301139",18151,"SEZEFREDO FAGUNDES, AV CEL",NA,"",4214,"","21/03/2013 19:00",2,"CO",20,2549," "," ",1,0,0,0,0,0,0,0,1,0,0,0,0,0,0,0,0,18151,"SEZEFREDO FAGUNDES, AV CEL",NA,"",22,"CIDADE ADEMAR",1,0,"SEZEFREDO FAGUNDES, AV CEL 4214 SAO PAULO SP",-23.4468333,-46.5985106
"5112","D031300414",36098,"AFFONSO D'ESCRAGNOLLE TAUNAY, AV",NA,"",500,"","21/03/2013 19:00",4,"AT",35,3768," "," ",0,1,0,0,0,0,0,0,0,0,0,0,0,0,0,0,0,36098,"AFFONSO D'ESCRAGNOLLE TAUNAY, AV",NA,"",24,"CIDADE LIDER",1,0,"AFFONSO D'ESCRAGNOLLE TAUNAY, AV 500 SAO PAULO SP",-23.6294696,-46.6389741
"5113","D031302012",5266,"CONTINENTES, RUA DOS",98965,"CALIM EID, AV",0,"","21/03/2013 19:00",2,"CO",64,2422," "," ",1,1,0,0,0,0,0,0,0,0,0,0,0,0,0,0,0,5266,"CONTINENTES, RUA DOS",98965,"CALIM EID, AV",NA,"",1,0,"CONTINENTES, RUA DOS SAO PAULO SP &  CALIM EID, AV SAO PAULO SP",-23.5339097,-46.4885256
"5114","D031300031",1521,"ANTONIO, RUA STO",9758,"JACAREI, VD",0,"","21/03/2013 19:00",2,"CF",1,2353," "," ",1,1,0,0,0,0,0,0,0,0,0,0,0,0,0,0,0,1521,"ANTONIO, RUA STO",9758,"JACAREI, VD",67,"REPUBLICA",1,0,"ANTONIO, RUA STO SAO PAULO SP &  JACAREI, VD SAO PAULO SP",-23.5507601,-46.6426817
"5116","D031301215",8320,"GUAPIRA, AV",NA,"",1617,"","21/03/2013 19:07",4,"AT",39,1359," "," ",1,0,0,0,0,0,0,0,0,0,0,0,0,0,0,0,0,8320,"GUAPIRA, AV",NA,"",38,"JACANA",1,0,"GUAPIRA, AV 1617 SAO PAULO SP",-23.4741274,-46.5899891
"5117","D031301138",18151,"SEZEFREDO FAGUNDES, AV CEL",NA,"",350,"","21/03/2013 19:20",4,"AT",20,2544," "," ",0,0,0,0,0,0,0,0,0,0,0,1,0,0,0,0,0,18151,"SEZEFREDO FAGUNDES, AV CEL",NA,"",22,"CIDADE ADEMAR",1,0,"SEZEFREDO FAGUNDES, AV CEL 350 SAO PAULO SP",-23.3737798,-46.577306
"5119","D031300040",19147,"TRES RIOS, RUA",5340,"CORREIA DE MELO, RUA",0,"","21/03/2013 20:09",4,"AT",2,429," "," ",1,0,0,0,0,0,0,0,0,0,0,0,0,0,0,0,0,5340,"CORREIA DE MELO, RUA",19147,"TRES RIOS, RUA",9,"BOM RETIRO",1,0,"TRES RIOS, RUA SAO PAULO SP &  CORREIA DE MELO, RUA SAO PAULO SP",-23.5294099,-46.6364271
"5121","D031302087",3852,"CIPRIANO RODRIGUES, AV",NA,"",440,"","21/03/2013 20:50",2,"CL",41,1559," "," ",1,0,0,0,1,0,0,0,0,0,0,0,0,0,0,0,0,3852,"CIPRIANO RODRIGUES, AV",NA,"",4,"ARICANDUVA",1,0,"CIPRIANO RODRIGUES, AV 440 SAO PAULO SP",-23.5750801,-46.5295328
"5122","D031302160",63743,"JOAO CARLOS FERREIRA, RUA",NA,"",120,"","21/03/2013 21:10",2,"CO",49,3861," "," ",0,2,0,0,0,0,0,0,0,0,0,0,0,0,0,0,0,63743,"JOAO CARLOS FERREIRA, RUA",NA,"",55,"MORUMBI",1,0,"JOAO CARLOS FERREIRA, RUA 120 SAO PAULO SP",-23.5968233,-46.4516095
"5123","D031301106",14244,"MOREIRA DE VASCONCELOS, RUA",NA,"",372,"","21/03/2013 21:30",2,"CO",19,2552," "," ",1,1,0,0,0,0,0,0,0,0,0,0,0,0,0,0,0,14244,"MOREIRA DE VASCONCELOS, RUA",NA,"",36,"ITAQUERA",1,0,"MOREIRA DE VASCONCELOS, RUA 372 SAO PAULO SP",-23.5040034,-46.5838235
"5124","D031300295",17991,"SENA MADUREIRA, RUA",3535,"BOTUCATU, RUA",0,"","21/03/2013 21:30",2,"CL",16,3781," "," ",1,1,0,0,0,0,0,0,0,0,0,0,0,0,0,0,0,3535,"BOTUCATU, RUA",17991,"SENA MADUREIRA, RUA",92,"VILA MARIANA",1,0,"SENA MADUREIRA, RUA SAO PAULO SP &  BOTUCATU, RUA SAO PAULO SP",-23.5934879,-46.6405606
"5126","D031302128",16919,"REBOUCAS, AV",10387,"JOAO MOURA, RUA",0,"","21/03/2013 22:00",2,"CO",14,2686,"B"," ",0,0,0,0,1,0,0,1,0,0,0,0,0,0,0,0,0,10387,"JOAO MOURA, RUA",16919,"REBOUCAS, AV",44,"JARDIM PAULISTA",1,0,"REBOUCAS, AV SAO PAULO SP &  JOAO MOURA, RUA SAO PAULO SP",-23.5666153,-46.6829404
"5127","D031301429",43408,"ABEL FERREIRA, AV VER",14196,"MONTEMAGNO, AV",0,"","21/03/2013 22:15",2,"CT",29,1775," "," ",3,0,0,0,0,0,0,0,0,0,0,0,0,0,0,0,0,14196,"MONTEMAGNO, AV",43408,"ABEL FERREIRA, AV VER",1,"AGUA RASA",1,0,"ABEL FERREIRA, AV VER SAO PAULO SP &  MONTEMAGNO, AV SAO PAULO SP",-23.5650195,-46.5589073
"5130","D031301317",17282,"NAO USAR- TERESA CARRENO, RUA",NA,"",52,"","21/03/2013 23:15",2,"CH",73,2929," "," ",1,1,0,0,0,0,0,0,0,0,0,0,0,0,0,0,0,17282,"NAO USAR- TERESA CARRENO, RUA",NA,"",83,"TREMEMBE",2,0,"NAO USAR- TERESA CARRENO, RUA 52 SAO PAULO SP",-23.4456454,-46.579505
"5131","D031302340",8320,"GUAPIRA, AV",17931,"SEBASTIAO DE FREITAS, RUA",0,"","21/03/2013 23:30",4,"AT",73,2926,"B"," ",1,0,0,0,0,0,0,0,0,0,0,0,0,0,0,0,0,8320,"GUAPIRA, AV",17931,"SEBASTIAO DE FREITAS, RUA",84,"TUCURUVI",0,1,"GUAPIRA, AV SAO PAULO SP &  SEBASTIAO DE FREITAS, RUA SAO PAULO SP",-23.4688173,-46.5845853
"5132","D031301112",19325,"AGOSTINHO SOARES, RUA",NA,"",11,"","21/03/2013 23:35",2,"CO",20,1078," "," ",1,1,0,0,0,0,0,0,0,0,0,0,0,0,0,0,0,19325,"AGOSTINHO SOARES, RUA",NA,"",22,"CIDADE ADEMAR",1,0,"AGOSTINHO SOARES, RUA 11 SAO PAULO SP",-23.4559989,-46.6141602
"5133","D031301428",14202,"MONTESINA, RUA",27094,"SALIM FARAH MALUF, AV",0,"","22/03/2013 01:35",2,"CH",29,1774," "," ",1,0,0,0,0,0,0,0,0,0,0,0,0,0,0,0,0,14202,"MONTESINA, RUA",27094,"SALIM FARAH MALUF, AV",1,"AGUA RASA",1,0,"MONTESINA, RUA SAO PAULO SP &  SALIM FARAH MALUF, AV SAO PAULO SP",-23.5741827,-46.5693288
"5136","D031300618",7691,"GABRIEL MONTEIRO DA SILVA, AL",16919,"REBOUCAS, AV",0,"","22/03/2013 05:50",2,"CO",15,2321," "," ",1,1,0,0,0,0,0,0,0,0,0,0,0,0,0,0,0,7691,"GABRIEL MONTEIRO DA SILVA, AL",16919,"REBOUCAS, AV",44,"JARDIM PAULISTA",1,0,"GABRIEL MONTEIRO DA SILVA, AL SAO PAULO SP &  REBOUCAS, AV SAO PAULO SP",-23.574341,-46.6853256
"5138","D031301159",3771,"INAJAR DE SOUZA, AV",NA,"",2357,"","22/03/2013 06:40",4,"AT",28,1536," "," ",1,0,0,0,0,0,0,0,0,0,0,0,0,0,0,0,0,3771,"INAJAR DE SOUZA, AV",NA,"",50,"LIMAO",1,0,"INAJAR DE SOUZA, AV 2357 SAO PAULO SP",-23.4858157,-46.6815961
"5139","D031300823",1429,"ANHANGUERA, VIA",NA,"",20900,"","22/03/2013 06:45",2,"CT",46,1395," "," ",1,1,0,0,0,0,0,0,0,0,0,0,0,0,0,0,0,1429,"ANHANGUERA, VIA",NA,"",73,"SAO DOMINGOS",1,0,"ANHANGUERA, VIA 20900 SAO PAULO SP",-23.4900941,-46.7665396
"5140","D031301318",45819,"ARI DA ROCHA MIRANDA, RUA",NA,"",96,"","22/03/2013 07:00",2,"CO",73,2939,"C"," ",1,0,0,0,1,0,0,0,0,0,0,0,0,0,0,0,0,45819,"ARI DA ROCHA MIRANDA, RUA",NA,"",38,"JACANA",1,0,"ARI DA ROCHA MIRANDA, RUA 96 SAO PAULO SP",-23.4556125,-46.5847314
"5141","D031301944",17820,"TITO, AV MAL",NA,"",6500,"","22/03/2013 07:30",2,"CL",50,3500," "," ",1,1,0,0,0,0,0,0,0,0,0,0,0,0,0,0,0,17820,"TITO, AV MAL",NA,"",53,"MOEMA",1,0,"TITO, AV MAL 6500 SAO PAULO SP",-23.4905176,-46.3861667
"5142","D031301763",5606,"CUPECE, AV",NA,"",5664,"","22/03/2013 07:40",4,"AT",98,3101," "," ",0,1,0,0,0,0,0,0,0,0,0,0,0,0,0,0,0,5606,"CUPECE, AV",NA,"",22,"CIDADE ADEMAR",2,0,"CUPECE, AV 5664 SAO PAULO SP",-23.6820839,-46.6369407
"5143","D031302161",13671,"MATEO BEI, AV",6940,"FELICE BUSCAGLIA, RUA DR",0,"","22/03/2013 07:40",2,"CO",49,3899," "," ",1,1,0,0,0,0,0,0,0,0,0,0,0,0,0,0,0,6940,"FELICE BUSCAGLIA, RUA DR",13671,"MATEO BEI, AV",75,"SAO MATEUS",1,0,"MATEO BEI, AV SAO PAULO SP &  FELICE BUSCAGLIA, RUA DR SAO PAULO SP",-23.5972768,-46.4866619
"5145","D031300500",17003,"REPUBLICA DO LIBANO, AV",10014,"JAUAPERI, AL",0,"","22/03/2013 07:59",2,"CF",96,1322," "," ",1,1,0,0,0,0,0,0,0,0,0,0,0,0,0,0,0,10014,"JAUAPERI, AL",17003,"REPUBLICA DO LIBANO, AV",53,"MOEMA",1,0,"REPUBLICA DO LIBANO, AV SAO PAULO SP &  JAUAPERI, AL SAO PAULO SP",-23.5877683,-46.6640953
"5146","D031300737",569,"ALCIDES SANGIRARDI, AV",NA,"",2000,"","22/03/2013 08:00",2,"CO",34,1816," "," ",1,1,0,0,0,0,0,0,0,0,0,0,0,0,0,0,0,13014,"MARGINAL DO RIO PINHEIROS, AV",NA,"",55,"MORUMBI",1,0,"ALCIDES SANGIRARDI, AV 2000 SAO PAULO SP",-23.5941029,-46.6948835
"5147","D031302231",17824,"SAPOPEMBA, AV",NA,"",16000,"","22/03/2013 08:02",2,"CO",55,1231," "," ",1,1,0,0,0,0,0,0,0,0,0,0,0,0,0,0,0,17824,"SAPOPEMBA, AV",NA,"",33,"IPIRANGA",2,0,"SAPOPEMBA, AV 16000 SAO PAULO SP",-23.6127992,-46.4729239
"5149","D031300736",8000,"GIOVANNI GRONCHI, AV",71707,"MARCELO MISTRORIGO, RUA",0,"","22/03/2013 08:10",2,"CO",34,1815," "," ",0,2,0,0,0,0,0,0,0,0,0,0,0,0,0,0,0,8000,"GIOVANNI GRONCHI, AV",71707,"MARCELO MISTRORIGO, RUA",55,"MORUMBI",2,0,"GIOVANNI GRONCHI, AV SAO PAULO SP &  MARCELO MISTRORIGO, RUA SAO PAULO SP",-23.6004501,-46.710515
"5150","D031301079",20066,"ZILDA, RUA",3813,"CAETANO ALVARES, AV ENG",0,"","22/03/2013 08:16",2,"QD",13,3472," "," ",0,0,0,0,0,0,0,1,0,0,0,0,0,0,0,0,0,3813,"CAETANO ALVARES, AV ENG",20066,"ZILDA, RUA",21,"CASA VERDE",1,0,"ZILDA, RUA SAO PAULO SP &  CAETANO ALVARES, AV ENG SAO PAULO SP",-23.4940166,-46.6617848
"5151","D031300082",33447,"OKUHARA KOEI, VD",NA,"",215,"","22/03/2013 08:20",2,"CO",4,1382," "," ",1,1,0,0,0,0,0,0,0,0,0,1,0,0,0,0,0,33447,"OKUHARA KOEI, VD",NA,"",34,"ITAIM BIBI",1,0,"OKUHARA KOEI, VD 215 SAO PAULO SP",-23.5565149,-46.6652822
"5152","D031301278",15425,"CANTIDIO SAMPAIO, AV DEP",NA,"",2402,"","22/03/2013 08:21",2,"CT",72,2466,"C"," ",0,2,0,0,0,0,0,0,0,0,0,0,0,0,0,0,0,15425,"CANTIDIO SAMPAIO, AV DEP",NA,"",41,"JARAGUA",1,0,"CANTIDIO SAMPAIO, AV DEP 2402 SAO PAULO SP",-23.4597794,-46.6850119
"5153","D031301459",4144,"CANTAGALO, RUA",NA,"",1970,"","22/03/2013 08:30",2,"CO",30,1630," "," ",0,1,0,0,0,0,0,0,0,0,0,1,0,0,0,0,0,4144,"CANTAGALO, RUA",NA,"",20,"CARRAO",1,0,"CANTAGALO, RUA 1970 SAO PAULO SP",-23.5435178,-46.5549946
"5154","D031301553",6239,"EDUARDO COTCHING, AV DR",NA,"",1628,"","22/03/2013 08:33",2,"CO",58,677," "," ",1,1,0,0,0,0,0,0,0,0,0,0,0,0,0,0,0,6239,"EDUARDO COTCHING, AV DR",NA,"",87,"VILA FORMOSA",1,0,"EDUARDO COTCHING, AV DR 1628 SAO PAULO SP",-23.5647423,-46.5465668
"5155","D031300221",4332,"CARLOS DE CAMPOS, AV",NA,"",583,"","22/03/2013 08:57",4,"AT",12,1649," "," ",0,1,0,0,0,0,0,0,0,0,0,0,0,0,0,0,0,4332,"CARLOS DE CAMPOS, AV",NA,"",57,"PARI",2,0,"CARLOS DE CAMPOS, AV 583 SAO PAULO SP",-23.5272347,-46.6123756
"5156","D031300093",14433,"NATANAEL, RUA MAJ",NA,"",235,"","22/03/2013 08:57",2,"QM",4,2144," "," ",0,1,0,0,0,0,0,0,0,0,0,0,0,0,0,0,0,14433,"NATANAEL, RUA MAJ",NA,"",26,"CONSOLACAO",1,0,"NATANAEL, RUA MAJ 235 SAO PAULO SP",-23.5550539,-46.6672727
"5157","D031301067",719,"ALFREDO PUJOL, RUA",NA,"",976,"","22/03/2013 10:00",4,"AT",13,3078," "," ",0,0,0,0,0,0,0,1,0,0,0,0,0,0,0,0,0,719,"ALFREDO PUJOL, RUA",NA,"",71,"SANTANA",1,0,"ALFREDO PUJOL, RUA 976 SAO PAULO SP",-23.5002521,-46.6354634
"5158","D031302134",21187,"DIONE, RUA",9044,"RAGUEB CHOHFI, AV",0,"","22/03/2013 10:00",2,"CO",49,909," "," ",0,0,0,0,1,0,0,0,0,0,0,1,0,0,0,0,0,9044,"RAGUEB CHOHFI, AV",21187,"DIONE, RUA",75,"SAO MATEUS",1,0,"DIONE, RUA SAO PAULO SP &  RAGUEB CHOHFI, AV SAO PAULO SP",-23.6110387,-46.4728372
"5159","D031302162",9044,"RAGUEB CHOHFI, AV",NA,"",69,"","22/03/2013 10:04",4,"AT",49,3907," "," ",0,1,0,0,0,0,0,0,0,0,0,0,0,0,0,0,0,9044,"RAGUEB CHOHFI, AV",NA,"",32,"IGUATEMI",1,0,"RAGUEB CHOHFI, AV 69 SAO PAULO SP",-23.6111066,-46.4753651
"5160","D031301021",8466,"GUILHERME, AV",NA,"",1731,"","22/03/2013 10:11",4,"AT",9,1745," "," ",0,0,0,0,0,0,0,1,0,0,0,0,0,0,0,0,0,8466,"GUILHERME, AV",NA,"",88,"VILA GUILHERME",1,0,"GUILHERME, AV 1731 SAO PAULO SP",-23.508604,-46.6001058
"5161","D031300312",6642,"ESTADO, AV DO",NA,"",75000,"","22/03/2013 10:52",2,"CO",17,1694,"C"," ",0,1,0,0,0,0,0,0,0,0,0,1,0,0,0,0,0,6642,"ESTADO, AV DO",NA,"",9,"BOM RETIRO",1,0,"ESTADO, AV DO 75000 SAO PAULO SP",-23.5590277,-46.6148965
"5162","D031301460",19206,"TUIUTI, RUA",185,"ADELINO, RUA PDE",0,"","22/03/2013 10:57",4,"AT",30,1635," "," ",0,0,0,0,0,0,0,0,0,0,0,1,0,0,0,0,0,18276,"SILVIO ROMERO, PCA",19206,"TUIUTI, RUA",82,"TATUAPE",1,0,"TUIUTI, RUA SAO PAULO SP &  ADELINO, RUA PDE SAO PAULO SP",-23.5460879,-46.5741417
"5163","D031301641",5606,"CUPECE, AV",NA,"",3671,"","22/03/2013 11:00",2,"CL",43,1147," "," ",0,1,0,0,0,0,0,0,1,0,0,0,0,0,0,0,0,5606,"CUPECE, AV",NA,"",22,"CIDADE ADEMAR",1,0,"CUPECE, AV 3671 SAO PAULO SP",-23.6687846,-46.6500746
"5164","D031300697",14350,"MUTINGA, AV",79595,"FABIO DE ALMEIDA MAGALHAES, RUA",0,"","22/03/2013 11:45",2,"CO",33,2618," "," ",0,1,0,0,0,0,0,0,0,0,0,0,0,0,0,1,0,14350,"MUTINGA, AV",79595,"FABIO DE ALMEIDA MAGALHAES, RUA",73,"SAO DOMINGOS",1,0,"MUTINGA, AV SAO PAULO SP &  FABIO DE ALMEIDA MAGALHAES, RUA SAO PAULO SP",-23.5012655,-46.7553287
"5166","D031302072",20804,"LUIS MATEUS (GUAIANAZES), RUA",8914,"ROLA CABOCLA, RUA",0,"","22/03/2013 12:30",2,"CO",103,1180," "," ",1,1,0,0,0,0,0,0,0,0,0,0,0,0,0,0,0,8914,"ROLA CABOCLA, RUA",20804,"LUIS MATEUS (GUAIANAZES), RUA",31,"GUAIANASES",1,0,"LUIS MATEUS (GUAIANAZES), RUA SAO PAULO SP &  ROLA CABOCLA, RUA SAO PAULO SP",-23.0602933,-45.6222887
"5167","D031301554",10503,"JOAO XXIII, AV",NA,"",691,"","22/03/2013 13:00",4,"AT",58,680,"B"," ",1,0,0,0,0,0,0,0,0,0,0,0,0,0,0,0,0,10503,"JOAO XXIII, AV",NA,"",4,"ARICANDUVA",1,0,"JOAO XXIII, AV 691 SAO PAULO SP",-23.5727126,-46.5344557
"5168","D031300190",543,"ALCANTARA MACHADO, AV",NA,"",1908,"","22/03/2013 13:13",2,"CO",8,2102," "," ",1,1,0,0,0,0,0,0,0,0,0,0,0,0,0,0,0,543,"ALCANTARA MACHADO, AV",NA,"",10,"BRAS",1,0,"ALCANTARA MACHADO, AV 1908 SAO PAULO SP",-23.550298,-46.6062734
"5169","D031300388",4596,"CATARINA, AV STA",5020,"DORNAS FILHO, RUA",0,"","22/03/2013 13:21",2,"CO",35,831," "," ",1,1,0,0,0,0,0,0,0,0,0,0,0,0,0,0,0,4596,"CATARINA, AV STA",5020,"DORNAS FILHO, RUA",37,"JABAQUARA",1,0,"CATARINA, AV STA SAO PAULO SP &  DORNAS FILHO, RUA SAO PAULO SP",-23.6478165,-46.6624038
"5170","D031300456",37716,"AQUILES JOVANE, RUA",NA,"",77,"","22/03/2013 13:39",2,"CO",83,704," "," ",1,1,0,0,0,0,0,0,0,0,0,0,0,0,0,0,0,37716,"AQUILES JOVANE, RUA",NA,"",21,"CASA VERDE",1,0,"AQUILES JOVANE, RUA 77 SAO PAULO SP",-23.6574157,-46.6110258
"5171","D031300151",15967,"PEDRO I, AV DOM",NA,"",410,"","22/03/2013 14:25",2,"CO",6,1437," "," ",2,0,0,0,0,0,0,0,0,0,0,0,0,0,0,0,0,15967,"PEDRO I, AV DOM",NA,"",12,"BUTANTA",2,0,"PEDRO I, AV DOM 410 SAO PAULO SP",-23.5705448,-46.6112938
"5172","D031301499",6956,"FELIPE, RUA S",NA,"",527,"","22/03/2013 14:27",2,"CO",52,896," "," ",2,0,0,0,0,0,0,0,0,0,0,0,0,0,0,0,0,6956,"FELIPE, RUA S",NA,"",82,"TATUAPE",1,0,"FELIPE, RUA S 527 SAO PAULO SP",-23.5301087,-46.5700961
"5173","D031302342",66114,"GONCALO DO ABAETE, RUA S",NA,"",546,"","22/03/2013 14:30",2,"QM",72,2473," "," ",0,0,0,1,1,0,0,0,0,0,0,0,0,0,0,0,0,66114,"GONCALO DO ABAETE, RUA S",NA,"",11,"BRASILANDIA",0,1,"GONCALO DO ABAETE, RUA S 546 SAO PAULO SP",-23.4614901,-46.6792133
"5174","D031301785",13035,"MIGUEL YUNES, RUA",NA,"",1100,"","22/03/2013 14:40",2,"CT",99,1299," "," ",1,1,0,0,0,0,0,0,0,0,0,0,0,0,0,0,0,13035,"MIGUEL YUNES, RUA",NA,"",16,"CAMPO GRANDE",1,0,"MIGUEL YUNES, RUA 1100 SAO PAULO SP",-23.6945387,-46.6805884
"5175","D031301068",8898,"IAPO, RUA",2479,"ATILIO PIFFER, RUA",0,"","22/03/2013 14:40",2,"CO",13,3088," "," ",0,1,0,0,0,0,0,0,0,0,0,1,0,0,0,0,0,2479,"ATILIO PIFFER, RUA",8898,"IAPO, RUA",21,"CASA VERDE",1,0,"IAPO, RUA SAO PAULO SP &  ATILIO PIFFER, RUA SAO PAULO SP",-23.5145822,-46.6567114
"5176","D031302129",4216,"CARAIBAS, RUA",18752,"TAVARES BASTOS, RUA",0,"","22/03/2013 14:56",4,"AT",23,1594," "," ",0,0,0,0,1,0,0,0,0,0,0,0,0,0,0,0,0,4216,"CARAIBAS, RUA",18752,"TAVARES BASTOS, RUA",61,"PERDIZES",2,0,"CARAIBAS, RUA SAO PAULO SP &  TAVARES BASTOS, RUA SAO PAULO SP",-23.5303666,-46.6808972
"5177","D031300494",6897,"FARIA LIMA, AV BRIG",NA,"",4150,"","22/03/2013 15:00",2,"CT",96,999," "," ",0,2,0,0,0,0,0,0,0,0,0,0,0,0,0,0,0,6897,"FARIA LIMA, AV BRIG",NA,"",63,"PINHEIROS",1,0,"FARIA LIMA, AV BRIG 4150 SAO PAULO SP",-23.5927691,-46.6808628
"5178","D031301180",9170,"INES, AV STA",NA,"",926,"","22/03/2013 15:30",2,"CO",38,1516," "," ",1,1,0,0,0,0,0,0,0,0,0,0,0,0,0,0,0,9170,"INES, AV STA",NA,"",51,"MANDAQUI",1,0,"INES, AV STA 926 SAO PAULO SP",-23.4716175,-46.6298585
"5179","D031300586",6897,"FARIA LIMA, AV BRIG",NA,"",2217,"","22/03/2013 15:40",4,"AT",14,2717," "," ",0,1,0,0,0,0,0,0,0,0,0,0,0,0,0,0,0,6897,"FARIA LIMA, AV BRIG",NA,"",63,"PINHEIROS",1,0,"FARIA LIMA, AV BRIG 2217 SAO PAULO SP",-23.5764045,-46.687252
"5180","D031302127",19884,"VOLUNTARIOS DA PATRIA, RUA",NA,"",1413,"","22/03/2013 15:45",2,"CO",13,3093," "," ",0,0,0,0,1,0,0,1,0,0,0,0,0,0,0,0,0,19884,"VOLUNTARIOS DA PATRIA, RUA",NA,"",NA,"",1,0,"VOLUNTARIOS DA PATRIA, RUA 1413 SAO PAULO SP",-23.508027,-46.6262253
"5182","D031302133",74318,"PEDRO ANTONIO PIMENTEL, RUA PROF",NA,"",218,"","22/03/2013 16:20",2,"CT",49,878," "," ",0,2,0,0,0,0,0,0,0,0,0,0,0,0,0,0,0,74318,"PEDRO ANTONIO PIMENTEL, RUA PROF",NA,"",55,"MORUMBI",2,0,"PEDRO ANTONIO PIMENTEL, RUA PROF 218 SAO PAULO SP",-23.5978319,-46.4373633
"5183","D031302273",2181,"ARICANDUVA, AV",NA,"",5555,"","22/03/2013 16:30",2,"CL",66,1818," "," ",1,1,0,0,0,0,0,0,0,0,0,0,0,0,0,0,0,2181,"ARICANDUVA, AV",NA,"",60,"PENHA",1,0,"ARICANDUVA, AV 5555 SAO PAULO SP",-23.5610792,-46.5113397
"5184","D031302037",12156,"LUIZ AYRES, RUA DR",NA,"",1800,"","22/03/2013 16:50",2,"CT",65,981,"B"," ",1,1,0,0,0,0,0,0,0,0,0,0,0,0,0,0,0,12156,"LUIZ AYRES, RUA DR",NA,"",5,"ARTUR ALVIM",1,0,"LUIZ AYRES, RUA DR 1800 SAO PAULO SP",-23.5383599,-46.4865254
"5185","D031302274",2181,"ARICANDUVA, AV",NA,"",5555,"","22/03/2013 17:00",4,"AT",66,1821," "," ",1,0,0,0,0,0,0,0,0,0,0,0,0,0,0,0,0,2181,"ARICANDUVA, AV",NA,"",60,"PENHA",1,0,"ARICANDUVA, AV 5555 SAO PAULO SP",-23.5610792,-46.5113397
"5186","D031300402",22588,"NICOLAU WEBER, PCA",NA,"",62,"","22/03/2013 17:15",4,"AT",35,2614," "," ",0,1,0,0,0,0,0,0,0,0,0,0,0,0,0,0,0,22588,"NICOLAU WEBER, PCA",NA,"",42,"JARDIM ANGELA",1,0,"NICOLAU WEBER, PCA 62 SAO PAULO SP",-23.6394045,-46.6480696
"5187","D031301140",18151,"SEZEFREDO FAGUNDES, AV CEL",NA,"",1943,"","22/03/2013 17:20",2,"CO",20,2577," "," ",1,1,0,0,0,0,0,0,0,0,0,0,0,0,0,0,0,18151,"SEZEFREDO FAGUNDES, AV CEL",NA,"",22,"CIDADE ADEMAR",1,0,"SEZEFREDO FAGUNDES, AV CEL 1943 SAO PAULO SP",-23.4621667,-46.6030104