"","id_acidente","codloga","logradouroA","codlogb","logradouroB","alt_num","referencia","data","cod_acid","tipo_acidente","dp","numero_BO","sentido","pista","automovel","moto","onibus","caminhao","bicicleta","moto_taxi","onibus_fretado","onibus_urbano","microonibus","van","vuc","caminhonete","carreta","jipe","outros","sem_informacao","carroca","princ_a","paiA","princ_b","paiB","cod_distrito","distrito","vit_ferida","vit_morta","local","lat","lon"
"5275","D031301976",16490,"PONTE RASA, RUA",NA,"",302,"","23/03/2013 21:45",2,"CH",62,3307," "," ",1,1,0,0,0,0,0,0,0,0,0,0,0,0,0,0,0,16490,"PONTE RASA, RUA",NA,"",0,"NULL",1,0,"PONTE RASA, RUA 302 SAO PAULO SP",-23.5117019,-46.4884623
"5276","D031301107",15093,"OSAKA, RUA",NA,"",1179,"","23/03/2013 22:19",2,"CH",19,2609,"B"," ",0,1,0,0,0,0,0,0,0,0,0,0,0,0,0,0,0,15093,"OSAKA, RUA",NA,"",36,"ITAQUERA",1,0,"OSAKA, RUA 1179 SAO PAULO SP",-23.5039012,-46.5739222
"5277","D031301546",6532,"ERARIO, RUA DO",NA,"",5,"","23/03/2013 22:26",2,"CO",57,1821," "," ",1,1,0,0,0,0,0,0,0,0,0,0,0,0,0,0,0,6532,"ERARIO, RUA DO",NA,"",1,"AGUA RASA",1,0,"ERARIO, RUA DO 5 SAO PAULO SP",-23.5655448,-46.5761345
"5278","D031301143",14767,"NOVA CANTAREIRA, AV",NA,"",200,"","23/03/2013 23:30",2,"CO",20,2610," "," ",1,1,0,0,0,0,0,0,0,0,0,0,0,0,0,0,0,14767,"NOVA CANTAREIRA, AV",NA,"",83,"TREMEMBE",1,0,"NOVA CANTAREIRA, AV 200 SAO PAULO SP",-23.4880567,-46.6224471
"5279","D031300663",7491,"FRANCISCO MATARAZZO, AV",NA,"",694,"","23/03/2013 23:35",2,"CO",23,1947," "," ",2,1,0,0,0,0,0,0,0,0,0,0,0,0,0,0,0,7491,"FRANCISCO MATARAZZO, AV",NA,"",6,"BARRA FUNDA",1,0,"FRANCISCO MATARAZZO, AV 694 SAO PAULO SP",-23.5283899,-46.6697226
"5280","D031300891",36622,"VICTOR OSVALDO CARELLI, RUA",3732,"JOAQUIM LAPAS VEIGA, RUA",0,"","24/03/2013 00:15",2,"CH",75,2368," "," ",1,1,0,0,0,0,0,0,0,0,0,0,0,0,0,0,0,3732,"JOAQUIM LAPAS VEIGA, RUA",37087,"ANTONIO RAMIRO DA SILVA, AV",68,"RIO PEQUENO",3,0,"VICTOR OSVALDO CARELLI, RUA SAO PAULO SP &  JOAQUIM LAPAS VEIGA, RUA SAO PAULO SP",-23.5781987,-46.7803186
"5281","D031301786",9220,"INTERLAGOS, AV",20048,"YERVANT KISSAJIKIAN, AV",0,"","24/03/2013 00:17",2,"CL",99,1324," "," ",1,1,0,0,0,0,0,0,0,0,0,0,0,0,0,0,0,9220,"INTERLAGOS, AV",20048,"YERVANT KISSAJIKIAN, AV",16,"CAMPO GRANDE",1,0,"INTERLAGOS, AV SAO PAULO SP &  YERVANT KISSAJIKIAN, AV SAO PAULO SP",-23.6872639,-46.6953006
"5282","D031301957",67840,"CONFLUENCIA DA FORQUILHA, RUA",NA,"",463,"","24/03/2013 00:30",4,"AT",59,3681," "," ",0,1,0,0,0,0,0,0,0,0,0,0,0,0,0,0,0,67840,"CONFLUENCIA DA FORQUILHA, RUA",NA,"",54,"MOOCA",1,0,"CONFLUENCIA DA FORQUILHA, RUA 463 SAO PAULO SP",-23.4874012,-46.3938951
"5283","D031301831",3509,"BELMIRA MARIN, AV DONA",NA,"",3775,"","24/03/2013 00:50",2,"CO",101,2064," "," ",1,1,0,0,0,0,0,0,0,0,0,0,0,0,0,0,0,3509,"BELMIRA MARIN, AV DONA",NA,"",30,"GRAJAU",1,0,"BELMIRA MARIN, AV DONA 3775 SAO PAULO SP",-23.7527115,-46.6830254
"5287","D031301765",5606,"CUPECE, AV",18031,"ASSEMBLEIA, AV",0,"","24/03/2013 05:25",2,"CT",98,3184," "," ",1,1,0,0,0,0,0,0,0,0,0,0,0,0,0,0,0,5606,"CUPECE, AV",18031,"ASSEMBLEIA, AV",22,"CIDADE ADEMAR",1,0,"CUPECE, AV SAO PAULO SP &  ASSEMBLEIA, AV SAO PAULO SP",-23.6626179,-46.6622987
"5288","D031300892",26426,"INACIO CERVANTES, RUA",NA,"",19,"","24/03/2013 05:30",2,"CH",75,2377," "," ",1,0,0,0,0,0,0,0,0,0,0,0,0,0,0,0,0,26426,"INACIO CERVANTES, RUA",NA,"",13,"CACHOEIRINHA",2,0,"INACIO CERVANTES, RUA 19 SAO PAULO SP",-23.59064,-46.7966121
"5290","D031301747",8368,"GUARAPIRANGA, AV",NA,"",1740,"","24/03/2013 05:45",2,"SI",92,900064," "," ",1,0,0,0,0,0,0,0,0,0,0,0,0,0,0,0,0,8368,"GUARAPIRANGA, AV",NA,"",45,"JARDIM SAO LUIS",1,0,"GUARAPIRANGA, AV 1740 SAO PAULO SP",-23.6837073,-46.7363429
"5291","D031301359",5567,"CRUZEIRO DO SUL, AV",6781,"EULALIA, RUA STA",0,"","24/03/2013 05:50",2,"CO",9,2621," "," ",2,0,0,0,0,0,0,0,0,0,0,0,0,0,0,0,0,4219,"ZAKI NARCHI, AV",5567,"CRUZEIRO DO SUL, AV",71,"SANTANA",1,0,"CRUZEIRO DO SUL, AV SAO PAULO SP &  EULALIA, RUA STA SAO PAULO SP",-23.5073033,-46.6250321
"5292","D031302352",9170,"INES, AV STA",NA,"",3000,"","24/03/2013 06:26",2,"CO",14,2897," "," ",1,1,0,0,0,0,0,0,0,0,0,0,0,0,0,0,0,9170,"INES, AV STA",NA,"",NA,"",0,1,"INES, AV STA 3000 SAO PAULO SP",-23.456645,-46.6490756
"5293","D031300318",11379,"JUNTAS PROVISORIAS, AV",NA,"",823,"","24/03/2013 06:52",2,"CO",17,3853," "," ",1,2,0,0,0,0,0,0,0,0,0,0,1,0,0,0,0,11379,"JUNTAS PROVISORIAS, AV",NA,"",95,"VILA PRUDENTE",2,0,"JUNTAS PROVISORIAS, AV 823 SAO PAULO SP",-23.5942364,-46.5973031
"5295","D031300622",11789,"LEOPOLDO COUTO MAGALHAES JR., RUA",NA,"",1105,"","24/03/2013 07:04",2,"CO",15,2770," "," ",1,1,0,0,0,0,0,0,0,0,0,0,0,0,0,0,0,11789,"LEOPOLDO COUTO MAGALHAES JR., RUA",NA,"",34,"ITAIM BIBI",1,0,"LEOPOLDO COUTO MAGALHAES JR., RUA 1105 SAO PAULO SP",-23.5891065,-46.6831166
"5296","D031301382",4148,"CANTINHO, RUA COMEN",17277,"RODOVALHO, RUA CEL",0,"","24/03/2013 07:05",2,"CF",10,3315," "," ",1,0,0,0,0,0,0,1,0,0,0,0,0,0,0,0,0,4148,"CANTINHO, RUA COMEN",17277,"RODOVALHO, RUA CEL",60,"PENHA",1,0,"CANTINHO, RUA COMEN SAO PAULO SP &  RODOVALHO, RUA CEL SAO PAULO SP",-23.5250817,-46.5503724
"5297","D031301071",20066,"ZILDA, RUA",NA,"",1333,"","24/03/2013 07:15",4,"AT",13,3154," "," ",0,1,0,0,0,0,0,0,0,0,0,0,0,0,0,0,0,20066,"ZILDA, RUA",NA,"",44,"JARDIM PAULISTA",1,0,"ZILDA, RUA 1333 SAO PAULO SP",-23.4884035,-46.6639963
"5298","D031301144",14767,"NOVA CANTAREIRA, AV",NA,"",2641,"","24/03/2013 07:20",2,"CO",20,2620,"C"," ",1,0,0,0,0,0,0,0,0,0,0,1,0,0,0,0,0,14767,"NOVA CANTAREIRA, AV",NA,"",83,"TREMEMBE",1,0,"NOVA CANTAREIRA, AV 2641 SAO PAULO SP",-23.475156,-46.6131434
"5299","D031302317",17824,"SAPOPEMBA, AV",NA,"",9293,"","24/03/2013 07:34",2,"CH",70,2954," "," ",1,0,0,0,0,0,0,0,0,0,0,0,0,0,0,0,0,17824,"SAPOPEMBA, AV",NA,"",33,"IPIRANGA",2,0,"SAPOPEMBA, AV 9293 SAO PAULO SP",-23.601871,-46.5110673
"5300","D031300323",5806,"DESCAMPADO, RUA",NA,"",8,"","24/03/2013 07:50",2,"QM",26,2477," "," ",0,1,0,0,0,0,0,0,0,0,0,0,0,0,0,0,0,5806,"DESCAMPADO, RUA",NA,"",69,"SACOMA",1,0,"DESCAMPADO, RUA 8 SAO PAULO SP",-23.6211001,-46.6024485
"5301","D031302189",60675,"AFONSO DE SAMPAIO E SOUSA, AV",NA,"",574,"","24/03/2013 07:51",2,"QM",53,1850," "," ",0,1,0,0,0,0,0,0,0,0,0,0,0,0,0,0,0,60675,"AFONSO DE SAMPAIO E SOUSA, AV",NA,"",51,"MANDAQUI",1,0,"AFONSO DE SAMPAIO E SOUSA, AV 574 SAO PAULO SP",-23.5670572,-46.4683904
"5303","D031301604",1085,"AMERICO BRASILIENSE, RUA",10998,"JOSE GUERRA, RUA",0,"","24/03/2013 10:16",2,"CO",11,3264," "," ",1,1,0,0,0,0,0,0,0,0,0,0,0,0,0,0,0,1085,"AMERICO BRASILIENSE, RUA",10998,"JOSE GUERRA, RUA",72,"SANTO AMARO",1,0,"AMERICO BRASILIENSE, RUA SAO PAULO SP &  JOSE GUERRA, RUA SAO PAULO SP",-23.6335602,-46.6985294
"5304","D031300235",4736,"CELSO GARCIA, AV",NA,"",551,"","24/03/2013 12:13",4,"AT",12,2153," "," ",0,0,0,0,0,0,0,1,0,0,0,0,0,0,0,0,0,4736,"CELSO GARCIA, AV",NA,"",82,"TATUAPE",1,0,"CELSO GARCIA, AV 551 SAO PAULO SP",-23.5389461,-46.6070473
"5309","D031302200",45526,"NASCER DO SOL, RUA",43405,"IGUATEMI, ES",0,"","24/03/2013 14:00",2,"CH",54,1323," "," ",1,1,0,0,0,0,0,0,0,0,0,0,0,0,0,0,0,43405,"IGUATEMI, ES",45526,"NASCER DO SOL, RUA",25,"CIDADE TIRADENT",1,0,"NASCER DO SOL, RUA SAO PAULO SP &  IGUATEMI, ES SAO PAULO SP",-23.5908158,-46.4168106
"5311","D031301280",65066,"IBIRAIARAS, RUA",NA,"",867,"","24/03/2013 15:14",2,"QM",72,2539," "," ",0,1,0,0,0,0,0,0,0,0,0,0,0,0,0,0,0,65066,"IBIRAIARAS, RUA",NA,"",40,"JAGUARE",1,0,"IBIRAIARAS, RUA 867 SAO PAULO SP",-23.4517709,-46.6915514
"5312","D031301341",71283,"APARECIDA DO TABOADO, RUA",NA,"",200,"","24/03/2013 16:00",4,"AT",74,2554," "," ",0,1,0,0,0,0,0,0,0,0,0,0,0,0,0,0,0,71283,"APARECIDA DO TABOADO, RUA",NA,"",40,"JAGUARE",1,0,"APARECIDA DO TABOADO, RUA 200 SAO PAULO SP",-23.4565558,-46.7040465
"5313","D031301226",19201,"TUCURUVI, AV",NA,"",470,"","24/03/2013 16:45",2,"CO",39,2678," "," ",0,0,0,0,1,0,0,0,0,0,0,0,0,0,0,1,0,19201,"TUCURUVI, AV",NA,"",22,"CIDADE ADEMAR",1,0,"TUCURUVI, AV 470 SAO PAULO SP",-23.4803052,-46.6071454
"5315","D031300415",6883,"FAGUNDES FILHO, AV",NA,"",1163,"","24/03/2013 16:53",2,"CT",35,3873," "," ",2,0,0,0,0,0,0,0,0,0,0,0,0,0,0,0,0,6883,"FAGUNDES FILHO, AV",NA,"",79,"SAUDE",1,0,"FAGUNDES FILHO, AV 1163 SAO PAULO SP",-23.6263945,-46.6302108
"5316","D031302223",63104,"JULIO CESAR MOREIRA, RUA",NA,"",1370,"","24/03/2013 18:29",2,"CO",55,939," "," ",1,1,0,0,0,0,0,0,0,0,0,0,0,0,0,0,0,63104,"JULIO CESAR MOREIRA, RUA",NA,"",55,"MORUMBI",2,0,"JULIO CESAR MOREIRA, RUA 1370 SAO PAULO SP",-23.6324434,-46.4630513
"5317","D031300588",16919,"REBOUCAS, AV",NA,"",2121,"","24/03/2013 18:45",4,"AT",14,2784,"B"," ",0,0,0,0,0,0,0,1,0,0,0,0,0,0,0,0,0,16919,"REBOUCAS, AV",NA,"",44,"JARDIM PAULISTA",2,0,"REBOUCAS, AV 2121 SAO PAULO SP",-23.5659729,-46.6806752
"5318","D031301196",9078,"IMIRIM, AV",NA,"",4471,"","24/03/2013 19:00",4,"AT",38,2550," "," ",0,0,0,0,0,0,0,0,0,0,0,0,0,0,0,1,0,9078,"IMIRIM, AV",NA,"",71,"SANTANA",1,0,"IMIRIM, AV 4471 SAO PAULO SP",-23.4747484,-46.6662761
"5319","D031300750",7500,"FRANCISCO MORATO, AV PROF",21626,"HEITOR BASTOS TIGRE, RUA MIN",0,"","24/03/2013 19:00",2,"CO",34,2115," "," ",1,1,0,0,0,0,0,0,0,0,0,0,0,0,0,0,0,7500,"FRANCISCO MORATO, AV PROF",21626,"HEITOR BASTOS TIGRE, RUA MIN",96,"VILA SONIA",1,0,"FRANCISCO MORATO, AV PROF SAO PAULO SP &  HEITOR BASTOS TIGRE, RUA MIN SAO PAULO SP",-23.5789486,-46.7103326
"5320","D031301108",1930,"NADIR DIAS DE FIGUEIREDO, AV",541,"ALCANTARA, RUA",0,"","24/03/2013 19:06",4,"AT",19,2645," "," ",1,0,0,0,0,0,0,0,0,0,0,0,0,0,0,0,0,541,"ALCANTARA, RUA",1930,"NADIR DIAS DE FIGUEIREDO, AV",88,"VILA GUILHERME",1,0,"NADIR DIAS DE FIGUEIREDO, AV SAO PAULO SP &  ALCANTARA, RUA SAO PAULO SP",-23.5165802,-46.5952224
"5321","D031300133",1521,"ANTONIO, RUA STO",NA,"",211,"","24/03/2013 19:30",4,"AT",5,2322," "," ",0,0,1,0,0,0,0,0,0,0,0,0,0,0,0,0,0,1521,"ANTONIO, RUA STO",NA,"",67,"REPUBLICA",1,0,"ANTONIO, RUA STO 211 SAO PAULO SP",-23.5501594,-46.6410726
"5322","D031300159",5101,"CLIMACO BARBOSA, RUA",NA,"",600,"","24/03/2013 19:50",2,"CH",8,2162," "," ",1,0,0,0,0,0,0,0,0,0,0,0,0,0,0,0,0,5101,"CLIMACO BARBOSA, RUA",NA,"",12,"BUTANTA",1,0,"CLIMACO BARBOSA, RUA 600 SAO PAULO SP",-23.5657603,-46.6149482
"5323","D031300789",34682,"CAMPO LIMPO, ES DO",NA,"",4052,"","24/03/2013 20:00",4,"AT",37,2395," "," ",0,0,0,0,0,0,0,0,0,0,0,0,0,0,0,1,0,34682,"CAMPO LIMPO, ES DO",NA,"",17,"CAMPO LIMPO",1,0,"CAMPO LIMPO, ES DO 4052 SAO PAULO SP",-23.2019463,-46.785846
"5324","D031301865",17820,"TITO, AV MAL",NA,"",2188,"","24/03/2013 20:30",2,"CT",22,1598,"B"," ",2,0,0,0,0,0,0,0,0,0,0,0,0,0,0,0,0,17820,"TITO, AV MAL",NA,"",53,"MOEMA",1,0,"TITO, AV MAL 2188 SAO PAULO SP",-23.49458,-46.425153
"5325","D031302419",60422,"JOSE VIEIRA GUIMARAES, RUA",NA,"",1084,"","24/03/2013 20:30",2,"CO",24,4169," "," ",1,1,0,0,0,0,0,0,0,0,0,0,0,0,0,0,0,60422,"JOSE VIEIRA GUIMARAES, RUA",NA,"",NA,"",1,1,"JOSE VIEIRA GUIMARAES, RUA 1084 SAO PAULO SP",-23.5254119,-46.4215575
"5328","D031301109",4775,"CEREJEIRAS, AV DAS",18610,"TAKA, RUA",0,"","24/03/2013 21:17",4,"AT",19,2646," "," ",1,0,0,0,0,0,0,0,0,0,0,0,0,0,0,0,0,4775,"CEREJEIRAS, AV DAS",18610,"TAKA, RUA",91,"VILA MARIA",1,0,"CEREJEIRAS, AV DAS SAO PAULO SP &  TAKA, RUA SAO PAULO SP",-23.4997469,-46.5728375
"5329","D031302266",23696,"ELPIDIA GOMES DE OLIVEIRA, RUA",NA,"",144,"","24/03/2013 21:30",4,"AT",66,1501," "," ",0,1,0,0,0,0,0,0,0,0,0,0,0,0,0,0,0,23696,"ELPIDIA GOMES DE OLIVEIRA, RUA",NA,"",38,"JACANA",1,0,"ELPIDIA GOMES DE OLIVEIRA, RUA 144 SAO PAULO SP",-23.5682444,-46.4883667
"5330","D031301320",42220,"USHIKICHI KAMYIA, RUA",NA,"",2711,"","24/03/2013 21:45",4,"AT",73,3013," "," ",1,0,0,0,0,0,0,0,0,0,0,0,0,0,0,0,0,42220,"USHIKICHI KAMYIA, RUA",NA,"",38,"JACANA",1,0,"USHIKICHI KAMYIA, RUA 2711 SAO PAULO SP",-23.4383281,-46.5735518
"5331","D031300381",19931,"WASHINGTON LUIS, AV",31498,"ROBERTO MARINHO - ANT AGUA ESP, AV JORN",0,"","24/03/2013 22:00",2,"QM",27,3176," "," ",0,1,0,0,0,0,0,0,0,0,0,0,0,0,0,0,0,19931,"WASHINGTON LUIS, AV",31498,"ROBERTO MARINHO - ANT AGUA ESP, AV JORN",15,"CAMPO BELO",1,0,"WASHINGTON LUIS, AV SAO PAULO SP &  ROBERTO MARINHO - ANT AGUA ESP, AV JORN SAO PAULO SP",-23.6605391,-46.7039265
"5332","D031302100",16956,"REGO BARROS, RUA",14948,"OLIMPIO DE CAMPOS, RUA",0,"","24/03/2013 22:46",2,"CO",41,2980," "," ",1,1,0,0,0,0,0,0,0,0,0,0,0,0,0,0,0,14948,"OLIMPIO DE CAMPOS, RUA",16956,"REGO BARROS, RUA",4,"ARICANDUVA",1,0,"REGO BARROS, RUA SAO PAULO SP &  OLIMPIO DE CAMPOS, RUA SAO PAULO SP",-23.5666394,-46.5145932
"5333","D031302351",13821,"MENDES CALDEIRA, RUA",NA,"",155,"","24/03/2013 23:00",4,"AT",8,2135," "," ",1,0,0,0,0,0,0,0,0,0,0,0,0,0,0,0,0,13821,"MENDES CALDEIRA, RUA",NA,"",10,"BRAS",0,1,"MENDES CALDEIRA, RUA 155 SAO PAULO SP",-23.5399927,-46.6253892
"5334","D031302275",2181,"ARICANDUVA, AV",NA,"",5555,"","24/03/2013 23:00",2,"CO",66,1884," "," ",2,0,0,0,0,0,0,0,0,0,0,0,0,0,0,0,0,2181,"ARICANDUVA, AV",NA,"",60,"PENHA",1,0,"ARICANDUVA, AV 5555 SAO PAULO SP",-23.5610792,-46.5113397
"5335","D031300838",76382,"ANTONIO CARDOSO NOGUEIRA, RUA",NA,"",356,"","24/03/2013 23:56",2,"CF",46,2702," "," ",2,0,0,0,0,0,0,0,0,0,0,0,0,0,0,0,0,76382,"ANTONIO CARDOSO NOGUEIRA, RUA",NA,"",41,"JARAGUA",2,0,"ANTONIO CARDOSO NOGUEIRA, RUA 356 SAO PAULO SP",-23.4570265,-46.7560281
"5337","D031301321",7061,"FERNAO DIAS, VIA",NA,"",84500,"","25/03/2013 04:00",2,"CO",73,3021," "," ",1,1,0,0,0,0,0,0,0,0,0,0,0,0,0,0,0,7061,"FERNAO DIAS, VIA",NA,"",38,"JACANA",1,0,"FERNAO DIAS, VIA 84500 SAO PAULO SP",-23.4609146,-46.5715728
"5338","D031300470",14449,"NAZARE, AV",NA,"",2140,"","25/03/2013 04:30",2,"CO",95,1049," "," ",1,1,0,0,0,0,0,0,0,0,0,0,0,0,0,0,0,14449,"NAZARE, AV",NA,"",33,"IPIRANGA",1,0,"NAZARE, AV 2140 SAO PAULO SP",-23.6030663,-46.6094173
"5340","D031302393",15507,"TEOTONIO VILELA, AV SEN",NA,"",4482,"","25/03/2013 05:00",2,"CH",85,1598,"B"," ",3,0,1,0,0,0,0,0,0,0,0,0,0,0,0,0,0,15507,"TEOTONIO VILELA, AV SEN",NA,"",23,"CIDADE DUTRA",5,1,"TEOTONIO VILELA, AV SEN 4482 SAO PAULO SP",-23.7393515,-46.7017822
"5343","D031301608",10918,"JOSE DINIZ, AV VER",1085,"AMERICO BRASILIENSE, RUA",0,"","25/03/2013 06:45",2,"QD",11,3356," "," ",0,0,1,0,0,0,0,0,0,0,0,0,0,0,0,0,0,1085,"AMERICO BRASILIENSE, RUA",10918,"JOSE DINIZ, AV VER",72,"SANTO AMARO",1,0,"JOSE DINIZ, AV VER SAO PAULO SP &  AMERICO BRASILIENSE, RUA SAO PAULO SP",-23.6339852,-46.6908948
"5344","D031301438",27094,"SALIM FARAH MALUF, AV",NA,"",200,"","25/03/2013 06:50",2,"CO",30,1163," "," ",0,1,0,0,0,0,0,0,0,0,0,0,0,0,0,0,1,27094,"SALIM FARAH MALUF, AV",NA,"",82,"TATUAPE",1,0,"SALIM FARAH MALUF, AV 200 SAO PAULO SP",-23.5787446,-46.5719276
"5345","D031301497",27094,"SALIM FARAH MALUF, AV",4736,"CELSO GARCIA, AV",0,"","25/03/2013 07:00",2,"CF",52,876," "," ",1,1,0,0,0,0,0,0,0,0,0,0,0,0,0,0,0,4736,"CELSO GARCIA, AV",27094,"SALIM FARAH MALUF, AV",8,"BELEM",1,0,"SALIM FARAH MALUF, AV SAO PAULO SP &  CELSO GARCIA, AV SAO PAULO SP",-23.5555392,-46.5773751
"5346","D031301181",44645,"DIREITOS HUMANOS, AV",NA,"",498,"","25/03/2013 07:14",2,"CT",38,1536,"C"," ",1,1,0,0,0,0,0,0,0,0,0,0,0,0,0,0,0,44645,"DIREITOS HUMANOS, AV",NA,"",8,"BELEM",1,0,"DIREITOS HUMANOS, AV 498 SAO PAULO SP",-23.4850919,-46.6511838
"5347","D031300800",74170,"LIRA CEARENSE, RUA",NA,"",235,"","25/03/2013 07:15",2,"QM",37,2566," "," ",0,1,0,0,0,0,0,0,0,0,0,0,0,0,0,0,0,74170,"LIRA CEARENSE, RUA",NA,"",29,"FREGUESIA DO O",1,0,"LIRA CEARENSE, RUA 235 SAO PAULO SP",-23.6405842,-46.7605638
"5348","D031301072",7956,"FRANCISCO SHIGUEKI NOMURA, RUA",10324,"JOAO GUALBERTO, RUA PDE",0,"","25/03/2013 07:30",2,"CO",13,3180," "," ",1,1,0,0,0,0,0,0,0,0,0,0,0,0,0,0,0,7956,"FRANCISCO SHIGUEKI NOMURA, RUA",10324,"JOAO GUALBERTO, RUA PDE",21,"CASA VERDE",1,0,"FRANCISCO SHIGUEKI NOMURA, RUA SAO PAULO SP &  JOAO GUALBERTO, RUA PDE SAO PAULO SP",-23.4892581,-46.6574282
"5349","D031302017",3994,"CAMPANELLA, AV",5613,"CURIANGOS, RUA",0,"","25/03/2013 07:30",2,"CO",64,2501," "," ",1,1,0,0,0,0,0,0,0,0,0,0,0,0,0,0,0,3994,"CAMPANELLA, AV",5613,"CURIANGOS, RUA",36,"ITAQUERA",1,0,"CAMPANELLA, AV SAO PAULO SP &  CURIANGOS, RUA SAO PAULO SP",-23.5352605,-46.4642064
"5350","D031300296",17755,"CRUZ, RUA STA",6013,"DOMINGOS DE MORAIS, RUA",0,"","25/03/2013 07:40",2,"CT",16,3908," "," ",1,1,0,0,0,0,0,0,0,0,0,0,0,0,0,0,0,3502,"BORGES LAGOA, RUA",6013,"DOMINGOS DE MORAIS, RUA",92,"VILA MARIANA",1,0,"CRUZ, RUA STA SAO PAULO SP &  DOMINGOS DE MORAIS, RUA SAO PAULO SP",-23.6012676,-46.6218894
"5351","D031301073",4533,"CASA VERDE, AV",2354,"ARTUR DE OLIVEIRA, RUA",0,"","25/03/2013 07:45",2,"CO",13,3185,"C"," ",1,1,0,0,0,0,0,0,0,0,0,0,0,0,0,0,0,2354,"ARTUR DE OLIVEIRA, RUA",4533,"CASA VERDE, AV",21,"CASA VERDE",1,0,"CASA VERDE, AV SAO PAULO SP &  ARTUR DE OLIVEIRA, RUA SAO PAULO SP",-23.5065329,-46.6665841
"5353","D031301643",5606,"CUPECE, AV",NA,"",4420,"","25/03/2013 08:00",2,"CO",43,1169," "," ",1,1,0,0,0,0,0,0,0,0,0,0,0,0,0,0,0,5606,"CUPECE, AV",NA,"",22,"CIDADE ADEMAR",1,0,"CUPECE, AV 4420 SAO PAULO SP",-23.6730078,-46.6441349
"5354","D031301074",4785,"CESAR, RUA DR",17622,"SALETE, RUA",0,"","25/03/2013 08:15",4,"AT",13,3192," "," ",1,0,0,0,0,0,0,0,0,0,0,0,0,0,0,0,0,4785,"CESAR, RUA DR",17622,"SALETE, RUA",71,"SANTANA",1,0,"CESAR, RUA DR SAO PAULO SP &  SALETE, RUA SAO PAULO SP",-23.5027874,-46.6318713
"5355","D031301383",17277,"RODOVALHO, RUA CEL",NA,"",230,"","25/03/2013 09:10",2,"CT",10,3348," "," ",1,1,0,0,0,0,0,0,0,0,0,0,0,0,0,0,0,17277,"RODOVALHO, RUA CEL",NA,"",3,"ANHANGUERA",1,0,"RODOVALHO, RUA CEL 230 SAO PAULO SP",-23.5280039,-46.5516361
"5356","D031301022",4219,"ZAKI NARCHI, AV",35717,"MOYSES ROYSEN, AV",0,"","25/03/2013 09:28",2,"CO",9,1806," "," ",1,1,0,0,0,0,0,0,0,0,0,0,0,0,0,0,0,4219,"ZAKI NARCHI, AV",35717,"MOYSES ROYSEN, AV",71,"SANTANA",1,0,"ZAKI NARCHI, AV SAO PAULO SP &  MOYSES ROYSEN, AV SAO PAULO SP",-23.5111127,-46.6206121
"5358","D031300192",19163,"TRILHOS, RUA DOS",NA,"",1327,"","25/03/2013 10:00",2,"CH",8,2179," "," ",0,0,0,1,0,0,0,0,0,0,0,0,0,0,0,0,0,19163,"TRILHOS, RUA DOS",NA,"",54,"MOOCA",1,0,"TRILHOS, RUA DOS 1327 SAO PAULO SP",-23.5537284,-46.596744
"5359","D031302413",13915,"MIGUEL ESTEFANO, AV",NA,"",2100,"","25/03/2013 10:20",2,"CL",35,2655,"C"," ",1,1,1,0,0,0,0,0,0,0,0,0,0,0,0,0,0,13915,"MIGUEL ESTEFANO, AV",NA,"",27,"CURSINO",0,1,"MIGUEL ESTEFANO, AV 2100 SAO PAULO SP",-23.6314629,-46.6274457
"5360","D031301606",4053,"MARIO LOPES LEAO, AV",NA,"",1450,"","25/03/2013 10:30",2,"CT",11,3307," "," ",0,1,0,0,0,0,0,0,0,0,0,1,0,0,0,0,0,4053,"MARIO LOPES LEAO, AV",NA,"",72,"SANTO AMARO",1,0,"MARIO LOPES LEAO, AV 1450 SAO PAULO SP",-23.6530114,-46.7189725
"5361","D031302089",38984,"PORFIRIO DA PAZ, AV GAL",NA,"",1200,"","25/03/2013 11:14",4,"AT",41,1601," "," ",0,0,0,1,0,0,0,0,0,0,0,0,0,0,0,0,0,38984,"PORFIRIO DA PAZ, AV GAL",NA,"",78,"SAPOPEMBA",1,0,"PORFIRIO DA PAZ, AV GAL 1200 SAO PAULO SP",-23.595197,-46.5183735
"5363","D031301953",64677,"VISTOSA DA MADRE DE DEUS, RUA",NA,"",681,"","25/03/2013 12:00",2,"CO",59,1203," "," ",2,1,0,0,0,0,0,0,0,0,0,0,0,0,0,0,0,64677,"VISTOSA DA MADRE DE DEUS, RUA",NA,"",NA,"",1,0,"VISTOSA DA MADRE DE DEUS, RUA 681 SAO PAULO SP",-23.4873487,-46.4098698
"5364","D031301182",15426,"PARADA PINTO, AV",NA,"",10,"","25/03/2013 12:30",4,"AT",38,1552," "," ",0,0,0,0,0,0,0,0,0,0,0,1,0,0,0,0,0,15426,"PARADA PINTO, AV",NA,"",8,"BELEM",1,0,"PARADA PINTO, AV 10 SAO PAULO SP",-23.4740684,-46.6674073
"5365","D031302088",2603,"AURORA DAS DORES, RUA",3852,"CIPRIANO RODRIGUES, AV",0,"","25/03/2013 12:31",4,"AT",41,1591," "," ",1,0,0,0,0,0,0,0,0,0,0,0,0,0,0,0,0,3852,"CIPRIANO RODRIGUES, AV",7163,"FIRMINO PEACCI, RUA",4,"ARICANDUVA",1,0,"AURORA DAS DORES, RUA SAO PAULO SP &  CIPRIANO RODRIGUES, AV SAO PAULO SP",-23.5755886,-46.5312685