"","id_acidente","codloga","logradouroA","codlogb","logradouroB","alt_num","referencia","data","cod_acid","tipo_acidente","dp","numero_BO","sentido","pista","automovel","moto","onibus","caminhao","bicicleta","moto_taxi","onibus_fretado","onibus_urbano","microonibus","van","vuc","caminhonete","carreta","jipe","outros","sem_informacao","carroca","princ_a","paiA","princ_b","paiB","cod_distrito","distrito","vit_ferida","vit_morta","local","lat","lon"
"5366","D031300794",78951,"PRIMAVERAS DE AMOR, RUA",NA,"",40,"","25/03/2013 12:50",2,"QM",37,2453," "," ",0,1,0,0,0,0,0,0,0,0,0,0,0,0,0,0,0,78951,"PRIMAVERAS DE AMOR, RUA",NA,"",29,"FREGUESIA DO O",1,0,"PRIMAVERAS DE AMOR, RUA 40 SAO PAULO SP",-23.6417493,-46.7490859
"5367","D031301898",75308,"FLORESTA AZUL, RUA",NA,"",977,"","25/03/2013 12:51",2,"CO",24,3042," "," ",1,1,0,0,0,0,0,0,0,0,0,0,0,0,0,0,0,75308,"FLORESTA AZUL, RUA",NA,"",49,"LIBERDADE",1,0,"FLORESTA AZUL, RUA 977 SAO PAULO SP",-23.496338,-46.5089172
"5368","D031300403",8816,"GUSTAVO DA SILVEIRA, RUA",3585,"JOAO BARRETO DE MENEZES, AV",0,"","25/03/2013 12:57",2,"CO",35,2668," "," ",1,1,0,0,0,0,0,0,0,0,0,0,0,0,0,0,0,3585,"JOAO BARRETO DE MENEZES, AV",8816,"GUSTAVO DA SILVEIRA, RUA",37,"JABAQUARA",2,0,"GUSTAVO DA SILVEIRA, RUA SAO PAULO SP &  JOAO BARRETO DE MENEZES, AV SAO PAULO SP",-23.6484288,-46.6606419
"5369","D031300033",19764,"VINTE E TRES DE MAIO, AV",NA,"",2,"","25/03/2013 13:00",2,"CO",1,2425," "," ",1,1,0,0,0,0,0,0,0,0,0,0,0,0,0,0,0,19764,"VINTE E TRES DE MAIO, AV",NA,"",17,"CAMPO LIMPO",1,0,"VINTE E TRES DE MAIO, AV 2 SAO PAULO SP",-23.5832944,-46.6521967
"5371","D031300670",2271,"ARNALDO, AV DR",NA,"",1167,"","25/03/2013 13:35",2,"QD",23,2815," "," ",0,0,0,0,0,0,0,1,0,0,0,0,0,0,0,0,0,2271,"ARNALDO, AV DR",NA,"",26,"CONSOLACAO",1,0,"ARNALDO, AV DR 1167 SAO PAULO SP",-23.5523064,-46.675637
"5372","D031301282",3771,"INAJAR DE SOUZA, AV",15425,"CANTIDIO SAMPAIO, AV DEP",0,"","25/03/2013 13:38",4,"AT",72,2579,"C"," ",0,1,0,0,0,0,0,0,0,0,0,0,0,0,0,0,0,3771,"INAJAR DE SOUZA, AV",15425,"CANTIDIO SAMPAIO, AV DEP",13,"CACHOEIRINHA",1,0,"INAJAR DE SOUZA, AV SAO PAULO SP &  CANTIDIO SAMPAIO, AV DEP SAO PAULO SP",-23.461436,-46.6729346
"5373","D031301708",79272,"NITRA, RUA",NA,"",22,"","25/03/2013 13:40",4,"AT",85,1656," "," ",1,0,0,0,0,0,0,0,0,0,0,0,0,0,0,0,0,79272,"NITRA, RUA",NA,"",32,"IGUATEMI",1,0,"NITRA, RUA 22 SAO PAULO SP",-23.7419902,-46.6985409
"5374","D031300224",10485,"JOAO TEODORO, RUA",NA,"",413,"","25/03/2013 13:43",4,"AT",12,1700," "," ",1,0,0,0,0,0,0,0,0,0,0,0,0,0,0,0,0,10485,"JOAO TEODORO, RUA",NA,"",10,"BRAS",1,0,"JOAO TEODORO, RUA 413 SAO PAULO SP",-23.5331912,-46.6287011
"5375","D031300432",15914,"PEDRO DE TOLEDO, RUA",NA,"",1800,"","25/03/2013 13:49",2,"CO",36,1346," "," ",0,1,0,0,0,0,0,1,0,0,0,0,0,0,0,0,0,15914,"PEDRO DE TOLEDO, RUA",NA,"",24,"CIDADE LIDER",1,0,"PEDRO DE TOLEDO, RUA 1800 SAO PAULO SP",-23.5974031,-46.6543009
"5376","D031301486",24338,"LUIZ IGNACIO ANHAIA MELLO, AV PROF",NA,"",5000,"","25/03/2013 13:52",4,"AT",42,1077,"B"," ",1,0,0,0,0,0,0,0,0,0,0,0,0,0,0,0,0,24338,"LUIZ IGNACIO ANHAIA MELLO, AV PROF",NA,"",26,"CONSOLACAO",1,0,"LUIZ IGNACIO ANHAIA MELLO, AV PROF 5000 SAO PAULO SP",-23.5862089,-46.5476744
"5377","D031300906",12797,"MANUEL DE CARVALHO, RUA",NA,"",100,"","25/03/2013 14:26",2,"CO",87,1559," "," ",1,1,0,0,0,0,0,0,0,0,0,0,0,0,0,0,0,12797,"MANUEL DE CARVALHO, RUA",NA,"",64,"PIRITUBA",1,0,"MANUEL DE CARVALHO, RUA 100 SAO PAULO SP",-23.5067559,-46.7089212
"5378","D031302224",70248,"MIGUEL FERREIRA DE MELO, RUA",NA,"",67,"","25/03/2013 14:30",2,"CO",55,950," "," ",0,1,2,0,0,0,0,0,0,0,0,0,0,0,0,0,0,70248,"MIGUEL FERREIRA DE MELO, RUA",NA,"",55,"MORUMBI",1,0,"MIGUEL FERREIRA DE MELO, RUA 67 SAO PAULO SP",-23.6290973,-46.4450113
"5380","D031300378",10586,"JOAQUIM NABUCO, RUA",NA,"",1600,"","25/03/2013 15:29",2,"QD",27,3078," "," ",0,0,1,0,0,0,0,0,0,0,0,0,0,0,0,0,0,10586,"JOAQUIM NABUCO, RUA",NA,"",15,"CAMPO BELO",1,0,"JOAQUIM NABUCO, RUA 1600 SAO PAULO SP",-23.6325499,-46.6731317
"5381","D031302278",75435,"ARRAIAS DO ARAGUAIA, AV",NA,"",100,"","25/03/2013 15:30",2,"CO",66,3006," "," ",1,1,0,0,0,0,0,0,0,0,0,0,0,0,0,0,0,75435,"ARRAIAS DO ARAGUAIA, AV",NA,"",27,"CURSINO",1,0,"ARRAIAS DO ARAGUAIA, AV 100 SAO PAULO SP",-23.5792614,-46.5020689
"5382","D031302260",7205,"RUIVINHA, RUA",NA,"",13,"","25/03/2013 15:30",4,"AT",66,1383," "," ",0,0,0,0,0,0,0,0,0,0,0,0,0,0,0,1,0,7205,"RUIVINHA, RUA",NA,"",38,"JACANA",1,0,"RUIVINHA, RUA 13 SAO PAULO SP",-23.5522738,-46.5076701
"5383","D031301409",25957,"ARICANDUVA, PTE",NA,"",2300,"","25/03/2013 15:45",2,"CO",21,1379," "," ",1,0,0,0,0,0,0,0,0,0,0,1,0,0,0,0,0,25957,"ARICANDUVA, PTE",NA,"",3,"ANHANGUERA",1,0,"ARICANDUVA, PTE 2300 SAO PAULO SP",-23.5535484,-46.5187148
"5384","D031300943",8000,"GIOVANNI GRONCHI, AV",NA,"",6671,"","25/03/2013 15:50",2,"CO",89,2427," "," ",1,2,0,0,0,0,0,0,0,0,0,0,0,0,0,0,0,8000,"GIOVANNI GRONCHI, AV",NA,"",55,"MORUMBI",2,0,"GIOVANNI GRONCHI, AV 6671 SAO PAULO SP",-23.6363977,-46.7369817
"5386","D031301281",15425,"CANTIDIO SAMPAIO, AV DEP",NA,"",729,"","25/03/2013 15:56",2,"CO",72,2578,"B"," ",1,1,0,0,0,0,0,0,0,0,0,0,0,0,0,0,0,15425,"CANTIDIO SAMPAIO, AV DEP",NA,"",41,"JARAGUA",1,0,"CANTIDIO SAMPAIO, AV DEP 729 SAO PAULO SP",-23.4708118,-46.6761585
"5387","D031300198",6046,"DOMINGOS PAIVA, RUA",NA,"",152,"","25/03/2013 15:58",4,"AT",8,2287,"C"," ",1,0,0,0,0,0,0,0,0,0,0,0,0,0,0,0,0,6046,"DOMINGOS PAIVA, RUA",NA,"",10,"BRAS",1,0,"DOMINGOS PAIVA, RUA 152 SAO PAULO SP",-23.5476302,-46.6152734
"5388","D031301216",6001,"DOMINGOS CALHEIROS, RUA",NA,"",272,"","25/03/2013 16:00",4,"AT",39,1414," "," ",1,0,0,0,0,0,0,0,0,0,0,0,0,0,0,0,0,6001,"DOMINGOS CALHEIROS, RUA",NA,"",84,"TUCURUVI",2,0,"DOMINGOS CALHEIROS, RUA 272 SAO PAULO SP",-23.4792084,-46.6093325
"5389","D031301971",21253,"AGUIA DE HAIA, AV",67188,"CONCORDIA DO MUCURI, RUA",0,"","25/03/2013 16:00",2,"CL",62,2523," "," ",1,1,0,0,0,0,0,0,0,0,0,0,0,0,0,0,0,21253,"AGUIA DE HAIA, AV",67188,"CONCORDIA DO MUCURI, RUA",65,"PONTE RASA",1,0,"AGUIA DE HAIA, AV SAO PAULO SP &  CONCORDIA DO MUCURI, RUA SAO PAULO SP",-23.5069379,-46.4780241
"5390","D031301145",18151,"SEZEFREDO FAGUNDES, AV CEL",NA,"",2483,"","25/03/2013 16:09",4,"AT",20,2676," "," ",0,1,0,0,0,0,0,0,0,0,0,0,0,0,0,0,0,18151,"SEZEFREDO FAGUNDES, AV CEL",NA,"",22,"CIDADE ADEMAR",1,0,"SEZEFREDO FAGUNDES, AV CEL 2483 SAO PAULO SP",-23.4573978,-46.6025735
"5391","D031300268",12165,"LUIS ANTONIO, AV BRIG",NA,"",2504,"","25/03/2013 16:50",4,"AT",78,2358," "," ",0,0,0,0,0,0,0,1,0,0,0,0,0,0,0,0,0,12165,"LUIS ANTONIO, AV BRIG",NA,"",7,"BELA VISTA",1,0,"LUIS ANTONIO, AV BRIG 2504 SAO PAULO SP",-23.5692084,-46.6505306
"5392","D031300535",5072,"CLELIA, RUA",NA,"",222,"","25/03/2013 17:08",4,"AT",7,1985," "," ",0,1,0,0,0,0,0,0,0,0,0,0,0,0,0,0,0,5072,"CLELIA, RUA",NA,"",48,"LAPA",1,0,"CLELIA, RUA 222 SAO PAULO SP",-23.5249583,-46.6846163
"5393","D031300225",4736,"CELSO GARCIA, AV",NA,"",560,"","25/03/2013 17:10",4,"AT",12,1711," "," ",1,0,0,0,0,0,0,0,0,0,0,0,0,0,0,0,0,4736,"CELSO GARCIA, AV",NA,"",82,"TATUAPE",2,0,"CELSO GARCIA, AV 560 SAO PAULO SP",-23.5392438,-46.6068828
"5394","D031301239",4715,"CELESTINO BOURROUL, AV PROF",NA,"",986,"","25/03/2013 17:30",2,"CO",40,1032," "," ",2,0,0,0,0,0,0,0,0,0,0,1,0,0,0,0,0,4715,"CELESTINO BOURROUL, AV PROF",NA,"",50,"LIMAO",1,0,"CELESTINO BOURROUL, AV PROF 986 SAO PAULO SP",-23.5049465,-46.672895
"5396","D031301501",4736,"CELSO GARCIA, AV",8552,"GUSTAVO SANTIAGO, RUA CEL",0,"","25/03/2013 17:43",2,"CT",52,930,"B"," ",0,0,0,0,1,0,0,1,0,0,0,0,0,0,0,0,0,4736,"CELSO GARCIA, AV",18347,"SIRIA, RUA",82,"TATUAPE",1,0,"CELSO GARCIA, AV SAO PAULO SP &  GUSTAVO SANTIAGO, RUA CEL SAO PAULO SP",-23.5359522,-46.5717652
"5397","D031300945",8000,"GIOVANNI GRONCHI, AV",NA,"",3577,"","25/03/2013 18:00",2,"CO",89,2434," "," ",1,1,0,0,0,0,0,0,0,0,0,0,0,0,0,0,0,8000,"GIOVANNI GRONCHI, AV",NA,"",55,"MORUMBI",1,0,"GIOVANNI GRONCHI, AV 3577 SAO PAULO SP",-23.6122433,-46.7287167
"5398","D031301607",4371,"CARLOS GOMES, RUA",NA,"",627,"","25/03/2013 19:00",2,"CO",11,3329," "," ",1,1,0,0,0,0,0,0,0,0,0,0,0,0,0,0,0,4371,"CARLOS GOMES, RUA",NA,"",72,"SANTO AMARO",2,0,"CARLOS GOMES, RUA 627 SAO PAULO SP",-23.6535952,-46.7016787
"5399","D031300739",16337,"ELISEU DE ALMEIDA, AV",17108,"RIO AZUL, RUA",0,"","25/03/2013 19:20",2,"CO",34,1877," "," ",1,1,0,0,0,0,0,0,0,0,0,0,0,0,0,0,0,16337,"ELISEU DE ALMEIDA, AV",17108,"RIO AZUL, RUA",NA,"",1,0,"ELISEU DE ALMEIDA, AV SAO PAULO SP &  RIO AZUL, RUA SAO PAULO SP",-23.580821,-46.721895
"5400","D031301075",9723,"JABOATAO, RUA",4230,"CARANDAI, RUA",0,"","25/03/2013 19:50",2,"CO",13,3218," "," ",1,1,0,0,0,0,0,0,0,0,0,0,0,0,0,0,0,2479,"ATILIO PIFFER, RUA",4230,"CARANDAI, RUA",21,"CASA VERDE",1,0,"JABOATAO, RUA SAO PAULO SP &  CARANDAI, RUA SAO PAULO SP",-23.5074407,-46.6566829
"5401","D031300489",5762,"DELAMARE, AV ALM",NA,"",3300,"","25/03/2013 20:03",2,"CO",95,2556," "," ",0,2,0,0,0,0,0,0,0,0,0,0,0,0,0,0,0,5762,"DELAMARE, AV ALM",NA,"",33,"IPIRANGA",2,0,"DELAMARE, AV ALM 3300 SAO PAULO SP",-23.611876,-46.581016
"5402","D031301243",3813,"CAETANO ALVARES, AV ENG",19853,"VITORIA, AV BR DA",0,"","25/03/2013 20:30",2,"CO",40,3216," "," ",0,1,0,0,0,0,0,0,0,0,0,0,0,0,0,1,0,3813,"CAETANO ALVARES, AV ENG",19853,"VITORIA, AV BR DA",21,"CASA VERDE",1,0,"CAETANO ALVARES, AV ENG SAO PAULO SP &  VITORIA, AV BR DA SAO PAULO SP",-23.4830811,-46.6330478
"5404","D031301283",66114,"GONCALO DO ABAETE, RUA S",61020,"SILVIO BUENO PERUCHE, RUA",0,"","25/03/2013 22:52",2,"CO",72,2591,"C"," ",1,1,0,0,0,0,0,0,0,0,0,0,0,0,0,0,0,60404,"DIOGENES CAMPOS AIRES, RUA",61020,"SILVIO BUENO PERUCHE, RUA",29,"FREGUESIA DO O",1,0,"GONCALO DO ABAETE, RUA S SAO PAULO SP &  SILVIO BUENO PERUCHE, RUA SAO PAULO SP",-23.4604376,-46.6771814
"5405","D031302377",72670,"INACIO MONTEIRO, RUA",NA,"",2689,"","25/03/2013 22:55",4,"AT",62,1259," "," ",1,0,0,0,0,0,0,0,0,0,0,0,0,0,0,0,0,72670,"INACIO MONTEIRO, RUA",NA,"",NA,"",0,1,"INACIO MONTEIRO, RUA 2689 SAO PAULO SP",-23.5708402,-46.3965887
"5406","D031302119",72670,"INACIO MONTEIRO, RUA",NA,"",1179,"","25/03/2013 23:05",4,"AT",44,1903," "," ",1,0,0,0,0,0,0,0,0,0,0,0,0,0,0,0,0,72670,"INACIO MONTEIRO, RUA",NA,"",50,"LIMAO",1,0,"INACIO MONTEIRO, RUA 1179 SAO PAULO SP",-23.569927,-46.3985809
"5407","D031302276",2181,"ARICANDUVA, AV",NA,"",5550,"","25/03/2013 23:30",2,"CO",66,1905," "," ",3,0,0,0,0,0,0,0,0,0,0,0,0,0,0,0,0,2181,"ARICANDUVA, AV",NA,"",60,"PENHA",1,0,"ARICANDUVA, AV 5550 SAO PAULO SP",-23.5610796,-46.5113391
"5408","D031301926",8214,"GREGORIO RAMALHO, RUA",9804,"AURELIANO BARREIROS, RUA",0,"","25/03/2013 23:30",2,"CO",32,2167," "," ",1,1,0,0,0,0,0,0,0,0,0,0,0,0,0,0,0,8214,"GREGORIO RAMALHO, RUA",9804,"AURELIANO BARREIROS, RUA",36,"ITAQUERA",1,0,"GREGORIO RAMALHO, RUA SAO PAULO SP &  AURELIANO BARREIROS, RUA SAO PAULO SP",-23.5364477,-46.4544692
"5409","D031301284",16051,"PENHA BRASIL, AV GAL",66115,"SIMEAO JOSE DE NAZARE, RUA MEST",0,"","26/03/2013 00:30",2,"CO",72,2593," "," ",0,1,1,0,0,0,0,0,0,0,0,0,0,0,0,0,0,16051,"PENHA BRASIL, AV GAL",66115,"SIMEAO JOSE DE NAZARE, RUA MEST",13,"CACHOEIRINHA",1,0,"PENHA BRASIL, AV GAL SAO PAULO SP &  SIMEAO JOSE DE NAZARE, RUA MEST SAO PAULO SP",-23.4595594,-46.6745109
"5410","D031300967",16838,"RAIMUNDO PEREIRA DE MAGAL., AV",NA,"",500,"","26/03/2013 00:40",2,"CH",91,1988," "," ",1,0,0,0,0,0,0,0,0,0,0,0,0,0,0,0,0,16838,"RAIMUNDO PEREIRA DE MAGAL., AV",NA,"",31,"GUAIANASES",1,0,"RAIMUNDO PEREIRA DE MAGAL., AV 500 SAO PAULO SP",-23.5160083,-46.7129193
"5411","D031300804",66161,"JUSTINO, RUA PDE",NA,"",196,"","26/03/2013 01:00",2,"CO",37,2679," "," ",1,1,0,0,0,0,0,0,0,0,0,0,0,0,0,0,0,66161,"JUSTINO, RUA PDE",NA,"",29,"FREGUESIA DO O",1,0,"JUSTINO, RUA PDE 196 SAO PAULO SP",-23.6685503,-46.6684186
"5413","D031300797",34682,"CAMPO LIMPO, ES DO",NA,"",4694,"","26/03/2013 05:50",2,"CO",37,2529,"C"," ",1,1,0,0,0,0,0,0,0,0,0,0,0,0,0,0,0,34682,"CAMPO LIMPO, ES DO",NA,"",17,"CAMPO LIMPO",1,0,"CAMPO LIMPO, ES DO 4694 SAO PAULO SP",-23.2019463,-46.785846
"5414","D031301688",20048,"YERVANT KISSAJIKIAN, AV",20957,"HERMENEGILDO MARTINI, RUA",0,"","26/03/2013 06:08",2,"CO",80,1049," "," ",1,0,1,0,0,0,0,0,0,0,0,0,0,0,0,0,0,20048,"YERVANT KISSAJIKIAN, AV",20957,"HERMENEGILDO MARTINI, RUA",NA,"",1,0,"YERVANT KISSAJIKIAN, AV SAO PAULO SP &  HERMENEGILDO MARTINI, RUA SAO PAULO SP",-23.679855,-46.6553853
"5415","D031300055",4561,"CASTELO BRANCO, AV PRES",18411,"SALESOPOLIS, RUA",0,"","26/03/2013 06:30",2,"CO",2,1684," "," ",1,1,0,0,0,0,0,0,0,0,0,0,0,0,0,0,0,4561,"CASTELO BRANCO, AV PRES",18411,"SALESOPOLIS, RUA",9,"BOM RETIRO",1,0,"CASTELO BRANCO, AV PRES SAO PAULO SP &  SALESOPOLIS, RUA SAO PAULO SP",-23.5216047,-46.6390428
"5417","D031302295",5049,"CLAUDIO AUGUSTO FERNANDES, AV",NA,"",521,"","26/03/2013 07:00",2,"CO",69,3019," "," ",1,0,0,0,1,0,0,0,0,0,0,0,0,0,0,0,0,5049,"CLAUDIO AUGUSTO FERNANDES, AV",NA,"",55,"MORUMBI",1,0,"CLAUDIO AUGUSTO FERNANDES, AV 521 SAO PAULO SP",-23.6094576,-46.4805768
"5418","D031300825",1368,"BERNARDO JOSE DE LORENA, RUA",NA,"",100,"","26/03/2013 07:00",4,"AT",46,1467," "," ",1,0,0,0,0,0,0,0,0,0,0,0,0,0,0,0,0,1368,"BERNARDO JOSE DE LORENA, RUA",NA,"",52,"MARSILAC",1,0,"BERNARDO JOSE DE LORENA, RUA 100 SAO PAULO SP",-23.4063223,-46.7508766
"5420","D031301160",3771,"INAJAR DE SOUZA, AV",NA,"",4043,"","26/03/2013 07:20",2,"CO",28,1612," "," ",0,1,0,0,0,0,0,0,1,0,0,0,0,0,0,0,0,3771,"INAJAR DE SOUZA, AV",NA,"",50,"LIMAO",1,0,"INAJAR DE SOUZA, AV 4043 SAO PAULO SP",-23.4763965,-46.6725638
"5421","D031301707",15507,"TEOTONIO VILELA, AV SEN",NA,"",4450,"","26/03/2013 07:53",2,"CL",85,1632," "," ",2,1,0,0,0,0,0,0,0,0,0,0,0,0,0,0,0,15507,"TEOTONIO VILELA, AV SEN",NA,"",23,"CIDADE DUTRA",1,0,"TEOTONIO VILELA, AV SEN 4450 SAO PAULO SP",-23.7392376,-46.7015941
"5422","D031300516",3724,"BURITIS, RUA DOS",5551,"CRUZ DAS ALMAS, RUA",0,"","26/03/2013 08:00",2,"CO",97,2698," "," ",1,1,0,0,0,0,0,0,1,0,0,0,0,0,0,0,0,3724,"BURITIS, RUA DOS",5551,"CRUZ DAS ALMAS, RUA",37,"JABAQUARA",1,0,"BURITIS, RUA DOS SAO PAULO SP &  CRUZ DAS ALMAS, RUA SAO PAULO SP",-23.649015,-46.6450018
"5423","D031301001",1039,"AMAZONAS DA SILVA, RUA",NA,"",602,"","26/03/2013 08:00",2,"CL",9,1178,"C"," ",0,1,0,1,0,0,0,0,0,0,0,0,0,0,0,0,0,1039,"AMAZONAS DA SILVA, RUA",NA,"",88,"VILA GUILHERME",1,0,"AMAZONAS DA SILVA, RUA 602 SAO PAULO SP",-23.5144076,-46.6097573
"5424","D031300298",2692,"BACELAR, RUA DR",15025,"ONZE DE JUNHO, AV",0,"","26/03/2013 08:00",2,"CH",16,4011," "," ",1,1,0,0,0,0,0,0,0,0,0,0,0,0,0,0,0,2692,"BACELAR, RUA DR",15025,"ONZE DE JUNHO, AV",79,"SAUDE",1,0,"BACELAR, RUA DR SAO PAULO SP &  ONZE DE JUNHO, AV SAO PAULO SP",-23.6052333,-46.6496944
"5425","D031300121",19764,"VINTE E TRES DE MAIO, AV",NA,"",919,"","26/03/2013 08:15",2,"CT",5,1643," "," ",4,1,0,0,0,0,0,0,0,0,0,0,0,0,0,0,0,19764,"VINTE E TRES DE MAIO, AV",NA,"",17,"CAMPO LIMPO",1,0,"VINTE E TRES DE MAIO, AV 919 SAO PAULO SP",-23.5830729,-46.6522525
"5426","D031300379",16675,"ANTONIO DE MACEDO SOARES, RUA",16318,"JOAO DE SOUSA DIAS, RUA",0,"","26/03/2013 08:17",4,"AT",27,3103," "," ",0,0,0,0,0,0,0,0,0,0,0,1,0,0,0,0,0,16318,"JOAO DE SOUSA DIAS, RUA",16675,"ANTONIO DE MACEDO SOARES, RUA",15,"CAMPO BELO",1,0,"ANTONIO DE MACEDO SOARES, RUA SAO PAULO SP &  JOAO DE SOUSA DIAS, RUA SAO PAULO SP",-23.6191755,-46.6725158
"5427","D031301487",15032,"ORATORIO, AV DO",20454,"ARNALDO  BARBOSA, RUA DR",0,"","26/03/2013 08:52",2,"CO",42,1090," "," ",0,1,0,0,0,0,0,0,0,0,0,1,0,0,0,0,0,15032,"ORATORIO, AV DO",20454,"ARNALDO  BARBOSA, RUA DR",74,"SAO LUCAS",1,0,"ORATORIO, AV DO SAO PAULO SP &  ARNALDO  BARBOSA, RUA DR SAO PAULO SP",-23.5978656,-46.5401521
"5428","D031300740",12819,"ARTHUR DE SOUZA SANTOS, PCA",NA,"",737,"","26/03/2013 09:00",2,"QM",34,1884," "," ",0,1,0,0,0,0,0,0,0,0,0,0,0,0,0,0,0,12819,"ARTHUR DE SOUZA SANTOS, PCA",NA,"",16,"CAMPO GRANDE",1,0,"ARTHUR DE SOUZA SANTOS, PCA 737 SAO PAULO SP",-23.6706766,-46.6735322
"5429","D031300917",13014,"MARGINAL DO RIO PINHEIROS, AV",NA,"",400,"","26/03/2013 09:40",2,"CO",89,1441," "," ",1,1,0,0,0,0,0,0,0,0,0,0,0,0,0,0,0,13014,"MARGINAL DO RIO PINHEIROS, AV",NA,"",NA,"",1,0,"MARGINAL DO RIO PINHEIROS, AV 400 SAO PAULO SP",-23.5652953,-46.6820426
"5430","D031300306",9159,"INDIANOPOLIS, AV",NA,"",1137,"","26/03/2013 09:40",2,"CT",16,4214," "," ",1,1,0,0,0,0,0,0,0,0,0,0,0,0,0,0,0,9159,"INDIANOPOLIS, AV",NA,"",79,"SAUDE",1,0,"INDIANOPOLIS, AV 1137 SAO PAULO SP",-23.6087369,-46.6522207
"5431","D031301899",13881,"MIGUEL, AV S",NA,"",1847,"","26/03/2013 09:54",4,"AT",24,3070," "," ",0,1,0,0,0,0,0,0,0,0,0,0,0,0,0,0,0,13881,"MIGUEL, AV S",NA,"",65,"PONTE RASA",1,0,"MIGUEL, AV S 1847 SAO PAULO SP",-23.512129,-46.5129649
"5432","D031302232",17824,"SAPOPEMBA, AV",NA,"",19046,"","26/03/2013 10:00",2,"TB",55,1277," "," ",0,0,0,1,0,0,0,0,0,0,0,0,0,0,0,0,0,17824,"SAPOPEMBA, AV",NA,"",33,"IPIRANGA",2,0,"SAPOPEMBA, AV 19046 SAO PAULO SP",-23.6228321,-46.4438559
"5434","D031300457",13915,"MIGUEL ESTEFANO, AV",NA,"",2080,"","26/03/2013 11:54",2,"CO",83,737," "," ",1,1,0,0,0,0,0,0,0,0,0,0,0,0,0,0,0,13915,"MIGUEL ESTEFANO, AV",NA,"",27,"CURSINO",1,0,"MIGUEL ESTEFANO, AV 2080 SAO PAULO SP",-23.6312795,-46.6274765
"5436","D031300885",73078,"MARGARIDA IZAR, RUA",NA,"",164,"","26/03/2013 12:00",2,"CO",75,1048," "," ",0,0,0,1,0,0,0,1,0,0,0,0,0,0,0,0,0,73078,"MARGARIDA IZAR, RUA",NA,"",0,"NULL",1,0,"MARGARIDA IZAR, RUA 164 SAO PAULO SP",-23.5992369,-46.7540984
"5437","D031301393",15304,"PAES DE BARROS, AV",NA,"",1131,"","26/03/2013 12:06",2,"CO",18,549," "," ",1,1,1,0,0,0,0,0,0,0,0,0,0,0,0,0,0,15304,"PAES DE BARROS, AV",NA,"",16,"CAMPO GRANDE",1,0,"PAES DE BARROS, AV 1131 SAO PAULO SP",-23.5645606,-46.5960195
"5438","D031301161",17061,"RIBEIRO DE MORAIS, RUA",NA,"",925,"","26/03/2013 12:24",2,"CH",28,1629," "," ",0,0,1,0,0,0,0,0,0,0,0,0,0,0,0,0,0,17061,"RIBEIRO DE MORAIS, RUA",NA,"",4,"ARICANDUVA",3,0,"RIBEIRO DE MORAIS, RUA 925 SAO PAULO SP",-23.5002721,-46.6931264
"5439","D031300095",2271,"ARNALDO, AV DR",NA,"",10,"","26/03/2013 12:30",4,"AT",4,2256," "," ",1,0,0,0,0,0,0,0,0,0,0,0,0,0,0,0,0,2271,"ARNALDO, AV DR",NA,"",26,"CONSOLACAO",1,0,"ARNALDO, AV DR 10 SAO PAULO SP",-23.5559912,-46.6665754
"5440","D031301531",24338,"LUIZ IGNACIO ANHAIA MELLO, AV PROF",NA,"",1100,"","26/03/2013 13:00",2,"CL",56,1895," "," ",1,0,0,1,0,0,0,0,0,0,0,0,0,0,0,0,0,24338,"LUIZ IGNACIO ANHAIA MELLO, AV PROF",NA,"",26,"CONSOLACAO",1,0,"LUIZ IGNACIO ANHAIA MELLO, AV PROF 1100 SAO PAULO SP",-23.586213,-46.589737
"5441","D031301555",6239,"EDUARDO COTCHING, AV DR",14713,"VITORIAS, PCA NSRA DAS",0,"","26/03/2013 13:00",2,"CO",58,712," "," ",0,1,0,0,0,0,0,0,0,0,0,1,0,0,0,0,0,6239,"EDUARDO COTCHING, AV DR",14713,"VITORIAS, PCA NSRA DAS",87,"VILA FORMOSA",1,0,"EDUARDO COTCHING, AV DR SAO PAULO SP &  VITORIAS, PCA NSRA DAS SAO PAULO SP",-23.5634167,-46.5526825
"5442","D031302069",98912,"JOSE PINHEIRO BORGES, AV",NA,"",269,"","26/03/2013 13:30",4,"AT",103,992," "," ",1,0,0,0,0,0,0,0,0,0,0,2,0,0,0,0,0,98912,"JOSE PINHEIRO BORGES, AV",NA,"",36,"ITAQUERA",1,0,"JOSE PINHEIRO BORGES, AV 269 SAO PAULO SP",-23.5400179,-46.4610914
"5443","D031300122",12165,"LUIS ANTONIO, AV BRIG",NA,"",1404,"","26/03/2013 13:40",2,"CO",5,1662," "," ",1,1,0,0,0,0,0,0,0,0,0,0,0,0,0,0,0,12165,"LUIS ANTONIO, AV BRIG",NA,"",7,"BELA VISTA",1,0,"LUIS ANTONIO, AV BRIG 1404 SAO PAULO SP",-23.5612315,-46.6441433
"5444","D031301613",10270,"JOAO DIAS, AV",NA,"",403,"","26/03/2013 13:42",4,"AT",11,900105," "," ",1,0,0,0,0,0,0,0,0,0,0,0,0,0,0,0,0,10270,"JOAO DIAS, AV",NA,"",72,"SANTO AMARO",1,0,"JOAO DIAS, AV 403 SAO PAULO SP",-23.6457386,-46.7044542