"","id_acidente","codloga","logradouroA","codlogb","logradouroB","alt_num","referencia","data","cod_acid","tipo_acidente","dp","numero_BO","sentido","pista","automovel","moto","onibus","caminhao","bicicleta","moto_taxi","onibus_fretado","onibus_urbano","microonibus","van","vuc","caminhonete","carreta","jipe","outros","sem_informacao","carroca","princ_a","paiA","princ_b","paiB","cod_distrito","distrito","vit_ferida","vit_morta","local","lat","lon"
"5963","D041300600",18524,"SUMIDOURO, RUA",NA,"",66,"","02/04/2013 17:10",2,"QD",14,3776," "," ",0,0,1,0,0,0,0,0,0,0,0,0,0,0,0,0,0,18524,"SUMIDOURO, RUA",NA,"",45,"JARDIM SAO LUIS",1,0,"SUMIDOURO, RUA 66 SAO PAULO SP",-23.5652512,-46.6961457
"5964","D041300255",14947,"OLIMPIO DA SILVEIRA, AV GAL",3674,"BROTERO, RUA CONS",0,"","02/04/2013 17:30",2,"CT",77,1377," "," ",1,1,0,0,0,0,0,0,0,0,0,0,0,0,0,0,0,3674,"BROTERO, RUA CONS",14947,"OLIMPIO DA SILVEIRA, AV GAL",70,"SANTA CECILIA",1,0,"OLIMPIO DA SILVEIRA, AV GAL SAO PAULO SP &  BROTERO, RUA CONS SAO PAULO SP",-23.5320251,-46.6594292
"5965","D041300007",11649,"LAVAPES, RUA DO",NA,"",81,"","02/04/2013 18:27",4,"AT",1,2652," "," ",0,1,0,0,0,0,0,0,0,0,0,0,0,0,0,0,0,11649,"LAVAPES, RUA DO",NA,"",49,"LIBERDADE",1,0,"LAVAPES, RUA DO 81 SAO PAULO SP",-23.5597593,-46.6305367
"5966","D041300815",16878,"RAPOSO TAVARES, VIA",NA,"",13600,"","02/04/2013 18:30",2,"CO",51,1545," "," ",1,1,0,0,0,0,0,0,0,0,0,0,0,0,0,0,0,16878,"RAPOSO TAVARES, VIA",NA,"",13,"CACHOEIRINHA",1,0,"RAPOSO TAVARES, VIA 13600 SAO PAULO SP",-23.5268462,-48.4640889
"5968","D041300623",12326,"JUSCELINO KUBITSCHEK, AV PRES",NA,"",546,"","02/04/2013 18:43",2,"QM",15,1615," "," ",0,1,0,0,0,0,0,0,0,0,0,0,0,0,0,0,0,12326,"JUSCELINO KUBITSCHEK, AV PRES",NA,"",34,"ITAIM BIBI",1,0,"JUSCELINO KUBITSCHEK, AV PRES 546 SAO PAULO SP",-23.5886864,-46.6761018
"5970","D041301594",1731,"ANTONIO GIL, RUA",NA,"",569,"","02/04/2013 19:45",2,"CO",43,1281," "," ",1,0,0,0,1,0,0,0,0,0,0,0,0,0,0,0,0,1731,"ANTONIO GIL, RUA",NA,"",22,"CIDADE ADEMAR",1,0,"ANTONIO GIL, RUA 569 SAO PAULO SP",-23.6636463,-46.6707752
"5971","D041301509",16594,"PRETORIA, RUA",NA,"",1024,"","02/04/2013 19:45",2,"CT",58,775," "," ",3,0,0,0,0,0,0,0,0,0,0,0,0,0,0,0,0,16594,"PRETORIA, RUA",NA,"",27,"CURSINO",1,0,"PRETORIA, RUA 1024 SAO PAULO SP",-23.5638008,-46.5464716
"5972","D041301098",13133,"MARIA AMALIA LOPES AZEVEDO, RUA",NA,"",1475,"","02/04/2013 20:00",2,"CL",20,2931," "," ",0,2,0,0,0,0,0,0,0,0,0,0,0,0,0,0,0,13133,"MARIA AMALIA LOPES AZEVEDO, RUA",NA,"",83,"TREMEMBE",2,0,"MARIA AMALIA LOPES AZEVEDO, RUA 1475 SAO PAULO SP",-23.4582461,-46.6112929
"5973","D041302018",64582,"MOURA E COSTA, RUA",13024,"ESTEVAO DO LORETO, RUA",0,"","02/04/2013 20:01",2,"CH",41,3303," "," ",1,0,0,0,0,0,0,0,0,0,0,0,0,0,0,0,0,13024,"ESTEVAO DO LORETO, RUA",64582,"MOURA E COSTA, RUA",78,"SAPOPEMBA",3,0,"MOURA E COSTA, RUA SAO PAULO SP &  ESTEVAO DO LORETO, RUA SAO PAULO SP",-23.5928217,-46.5237632
"5974","D041301041",7294,"FORTUNATO MINOZZI, RUA",NA,"",50,"","02/04/2013 21:50",2,"CF",13,3549," "," ",1,1,0,0,0,0,0,0,0,0,0,0,0,0,0,0,0,7294,"FORTUNATO MINOZZI, RUA",NA,"",21,"CASA VERDE",1,0,"FORTUNATO MINOZZI, RUA 50 SAO PAULO SP",-23.4877918,-46.6529498
"5975","D041300548",12877,"MARAPES, RUA DOS",NA,"",112,"","02/04/2013 22:15",2,"CO",97,964," "," ",1,1,0,0,0,0,0,0,0,0,0,0,0,0,0,0,0,12877,"MARAPES, RUA DOS",NA,"",37,"JABAQUARA",1,0,"MARAPES, RUA DOS 112 SAO PAULO SP",-23.6537906,-46.6484018
"5976","D041300905",69817,"JOSE FELIX, RUA",NA,"",25,"","02/04/2013 22:30",2,"CO",89,2637," "," ",1,1,0,0,0,0,0,0,0,0,0,0,0,0,0,0,0,69817,"JOSE FELIX, RUA",NA,"",0,"NULL",1,0,"JOSE FELIX, RUA 25 SAO PAULO SP",-23.6082188,-46.751427
"5978","D041301043",12863,"MARAMBAIA, RUA",NA,"",10,"","02/04/2013 23:00",2,"CO",13,3571," "," ",1,1,0,0,0,0,0,0,0,0,0,0,0,0,0,0,0,12863,"MARAMBAIA, RUA",NA,"",21,"CASA VERDE",1,0,"MARAMBAIA, RUA 10 SAO PAULO SP",-23.5132579,-46.6573273
"5981","D041301931",13881,"MIGUEL, AV S",NA,"",7900,"","02/04/2013 23:20",2,"CT",63,2466," "," ",2,0,0,0,0,0,0,0,0,0,0,0,0,0,0,0,0,13881,"MIGUEL, AV S",NA,"",65,"PONTE RASA",2,0,"MIGUEL, AV S 7900 SAO PAULO SP",-23.4980316,-46.4610173
"5982","D041301763",43643,"JULIANA BUDAI, RUA",NA,"",101,"","02/04/2013 23:25",2,"QM",100,2005," "," ",0,1,0,0,0,0,0,0,0,0,0,0,0,0,0,0,0,43643,"JULIANA BUDAI, RUA",NA,"",26,"CONSOLACAO",1,0,"JULIANA BUDAI, RUA 101 SAO PAULO SP",-23.7114982,-46.7805539
"5983","D041300793",49570,"MACHADO DE ASSIS (ANHANGUERA), R",49571,"JUDAS TADEU   (ANHAGUERA), R SAO",0,"","02/04/2013 23:50",4,"AT",46,3026," "," ",1,0,0,0,0,0,0,0,0,0,0,0,0,0,0,0,0,49570,"MACHADO DE ASSIS (ANHANGUERA), R",49571,"JUDAS TADEU   (ANHAGUERA), R SAO",3,"ANHANGUERA",1,0,"MACHADO DE ASSIS (ANHANGUERA), R SAO PAULO SP &  JUDAS TADEU   (ANHAGUERA), R SAO SAO PAULO SP",-23.4313798,-46.7767818
"5984","D041300973",831,"ALTINO, AV PRES",NA,"",238,"","03/04/2013 01:14",2,"CO",93,2649," "," ",1,1,0,0,0,0,0,0,0,0,0,0,0,0,0,0,0,831,"ALTINO, AV PRES",NA,"",40,"JAGUARE",1,0,"ALTINO, AV PRES 238 SAO PAULO SP",-23.5531391,-46.750015
"5985","D041301181",9078,"IMIRIM, AV",NA,"",4490,"","03/04/2013 05:58",2,"QD",38,2188," "," ",0,0,1,0,0,0,0,0,0,0,0,0,0,0,0,0,0,9078,"IMIRIM, AV",NA,"",71,"SANTANA",1,0,"IMIRIM, AV 4490 SAO PAULO SP",-23.4745887,-46.6662973
"5986","D041301204",21310,"ANTONIO MARIA LAET, AV DR",NA,"",500,"","03/04/2013 06:40",4,"AT",39,1548," "," ",0,0,0,0,0,0,0,0,0,0,0,0,0,0,0,1,0,21310,"ANTONIO MARIA LAET, AV DR",NA,"",0,"NULL",1,0,"ANTONIO MARIA LAET, AV DR 500 SAO PAULO SP",-23.4775087,-46.6014092
"5988","D041300380",19100,"BANDEIRANTES, AV DOS",NA,"",4800,"","03/04/2013 07:10",2,"CO",27,3373," "," ",1,1,0,0,0,0,0,0,0,0,0,0,0,0,0,0,0,19100,"BANDEIRANTES, AV DOS",NA,"",24,"CIDADE LIDER",1,0,"BANDEIRANTES, AV DOS 4800 SAO PAULO SP",-23.6213663,-46.6547516
"5989","D041301275",8253,"PAULO LINCOLN DO VALLE PONTIN, AV",NA,"",426,"","03/04/2013 07:21",4,"AT",73,3359," "," ",0,1,0,0,0,0,0,0,0,0,0,0,0,0,0,0,0,8253,"PAULO LINCOLN DO VALLE PONTIN, AV",NA,"",38,"JACANA",1,0,"PAULO LINCOLN DO VALLE PONTIN, AV 426 SAO PAULO SP",-23.4611906,-46.5855893
"5990","D041300690",35449,"BANDEIRANTES, VIA DOS",NA,"",14900,"","03/04/2013 07:30",2,"CT",33,3049," "," ",0,1,0,0,0,0,0,0,0,0,0,0,0,0,0,0,0,35449,"BANDEIRANTES, VIA DOS",NA,"",64,"PIRITUBA",2,0,"BANDEIRANTES, VIA DOS 14900 SAO PAULO SP",-23.4393164,-46.7580242
"5991","D041301913",2429,"ASSIS RIBEIRO, RUA DR",NA,"",7640,"","03/04/2013 07:30",2,"CO",62,1322," "," ",0,1,0,0,0,0,0,0,0,0,0,1,0,0,0,0,0,2429,"ASSIS RIBEIRO, RUA DR",NA,"",28,"ERMELINO MATARA",1,0,"ASSIS RIBEIRO, RUA DR 7640 SAO PAULO SP",-23.48356,-46.490696
"5993","D041300879",15626,"PAULA FERREIRA, AV",NA,"",1903,"","03/04/2013 07:40",4,"AT",87,1741," "," ",0,1,0,0,0,0,0,0,0,0,0,0,0,0,0,0,0,15626,"PAULA FERREIRA, AV",NA,"",64,"PIRITUBA",2,0,"PAULA FERREIRA, AV 1903 SAO PAULO SP",-23.4952474,-46.7140446
"5995","D041301251",15425,"CANTIDIO SAMPAIO, AV DEP",NA,"",3494,"","03/04/2013 07:58",4,"AT",72,2867," "," ",0,1,0,0,0,0,0,0,0,0,0,0,0,0,0,0,0,15425,"CANTIDIO SAMPAIO, AV DEP",NA,"",41,"JARAGUA",2,0,"CANTIDIO SAMPAIO, AV DEP 3494 SAO PAULO SP",-23.4551816,-46.6943636
"5996","D041301135",5947,"EDGAR FACO, AV GAL",NA,"",244,"","03/04/2013 08:00",2,"CO",28,1765," "," ",2,1,0,0,0,0,0,0,0,0,0,0,0,0,0,0,0,5947,"EDGAR FACO, AV GAL",NA,"",64,"PIRITUBA",3,0,"EDGAR FACO, AV GAL 244 SAO PAULO SP",-23.5040824,-46.7063896
"5998","D041300651",6471,"SAO VICENTE, AV MARQ DE",NA,"",979,"","03/04/2013 08:05",2,"CL",23,1776," "," ",1,1,0,0,0,0,0,0,0,0,0,0,0,0,0,0,0,6471,"SAO VICENTE, AV MARQ DE",NA,"",6,"BARRA FUNDA",1,0,"SAO VICENTE, AV MARQ DE 979 SAO PAULO SP",-23.5208207,-46.6698188
"5999","D041300714",7500,"FRANCISCO MORATO, AV PROF",NA,"",2351,"","03/04/2013 08:08",2,"CO",34,2055," "," ",1,2,0,0,0,0,0,0,0,0,0,0,0,0,0,0,0,7500,"FRANCISCO MORATO, AV PROF",NA,"",12,"BUTANTA",1,0,"FRANCISCO MORATO, AV PROF 2351 SAO PAULO SP",-23.5856259,-46.7213222
"6000","D041302210",6769,"EUGENIO DE MEDEIROS, RUA",NA,"",162,"","03/04/2013 08:15",4,"AT",14,3165," "," ",0,0,1,0,0,0,0,0,0,0,0,0,0,0,0,0,0,6769,"EUGENIO DE MEDEIROS, RUA",NA,"",63,"PINHEIROS",0,1,"EUGENIO DE MEDEIROS, RUA 162 SAO PAULO SP",-23.5698503,-46.7001895
"6001","D041301670",8368,"GUARAPIRANGA, AV",35858,"GUIDO CALOI, AV",0,"","03/04/2013 08:20",2,"CF",92,2119," "," ",1,1,0,0,0,0,0,0,0,0,0,0,0,0,0,0,0,8368,"GUARAPIRANGA, AV",35858,"GUIDO CALOI, AV",45,"JARDIM SAO LUIS",1,0,"GUARAPIRANGA, AV SAO PAULO SP &  GUIDO CALOI, AV SAO PAULO SP",-23.6663547,-46.7199235
"6002","D041300089",2497,"AUGUSTA, RUA",NA,"",761,"","03/04/2013 08:40",2,"CO",4,2460," "," ",1,1,0,0,0,0,0,0,0,0,0,0,0,0,0,0,0,2497,"AUGUSTA, RUA",NA,"",26,"CONSOLACAO",2,0,"AUGUSTA, RUA 761 SAO PAULO SP",-23.5523873,-46.6531283
"6003","D041301997",10739,"RIO IMBURANA, RUA",NA,"",248,"","03/04/2013 08:50",2,"CO",103,1367,"C"," ",0,1,0,0,0,0,0,0,1,0,0,0,0,0,0,0,0,10739,"RIO IMBURANA, RUA",NA,"",46,"JOSE BONIFACIO",1,0,"RIO IMBURANA, RUA 248 SAO PAULO SP",-23.5444939,-46.4441493
"6004","D041300438",14251,"MORGADO DE MATEUS, RUA",NA,"",76,"","03/04/2013 08:50",2,"CO",36,1497," "," ",1,1,0,0,0,0,0,0,0,0,0,0,0,0,0,0,0,14251,"MORGADO DE MATEUS, RUA",NA,"",9,"BOM RETIRO",1,0,"MORGADO DE MATEUS, RUA 76 SAO PAULO SP",-23.5852624,-46.6427683
"6005","D041300381",10918,"JOSE DINIZ, AV VER",12453,"PASCAL, RUA",0,"","03/04/2013 08:55",4,"AT",27,3377," "," ",0,0,0,0,0,0,0,1,0,0,0,0,0,0,0,0,0,10918,"JOSE DINIZ, AV VER",12453,"PASCAL, RUA",15,"CAMPO BELO",1,0,"JOSE DINIZ, AV VER SAO PAULO SP &  PASCAL, RUA SAO PAULO SP",-23.6339852,-46.6908948
"6006","D041300988",18296,"SIMAO JORGE, RUA",NA,"",14,"","03/04/2013 09:00",2,"CO",9,1550," "," ",1,1,0,0,0,0,0,0,0,0,0,0,0,0,0,0,0,18296,"SIMAO JORGE, RUA",NA,"",47,"LAJEADO",1,0,"SIMAO JORGE, RUA 14 SAO PAULO SP",-23.4973508,-46.6014589
"6007","D041300073",12132,"LUIS, AV S",NA,"",192,"","03/04/2013 09:55",2,"CT",3,2666," "," ",0,1,0,0,0,0,0,0,0,0,0,0,0,0,0,1,0,12132,"LUIS, AV S",NA,"",67,"REPUBLICA",1,0,"LUIS, AV S 192 SAO PAULO SP",-23.5467519,-46.6430986
"6008","D041300410",9715,"JABAQUARA, AV",NA,"",2975,"","03/04/2013 10:00",2,"CO",35,2965," "," ",0,2,0,0,0,0,0,0,0,0,0,0,0,0,0,0,0,9715,"JABAQUARA, AV",NA,"",79,"SAUDE",1,0,"JABAQUARA, AV 2975 SAO PAULO SP",-23.6287651,-46.644879
"6009","D041301537",6238,"NACOES UNIDAS, AV DAS",NA,"",13500,"","03/04/2013 10:00",2,"CH",11,3630," "," ",2,3,0,0,0,0,0,0,0,0,0,0,0,0,0,0,0,13014,"MARGINAL DO RIO PINHEIROS, AV",NA,"",90,"VILA LEOPOLDINA",3,0,"NACOES UNIDAS, AV DAS 13500 SAO PAULO SP",-23.6791527,-46.6960883
"6010","D041301205",19599,"VERTENTES, RUA DAS",11360,"JULIO XAVIER JUNIOR, RUA",0,"","03/04/2013 10:00",2,"CO",39,1559," "," ",1,0,0,0,0,0,0,0,0,0,0,1,0,0,0,0,0,11360,"JULIO XAVIER JUNIOR, RUA",19599,"VERTENTES, RUA DAS",38,"JACANA",1,0,"VERTENTES, RUA DAS SAO PAULO SP &  JULIO XAVIER JUNIOR, RUA SAO PAULO SP",-23.4754112,-46.5871782
"6012","D041300158",6642,"ESTADO, AV DO",NA,"",5146,"","03/04/2013 10:30",2,"CO",8,2416," "," ",1,1,0,0,0,0,0,0,0,0,0,0,0,0,0,0,0,6642,"ESTADO, AV DO",NA,"",9,"BOM RETIRO",1,0,"ESTADO, AV DO 5146 SAO PAULO SP",-23.571306,-46.6044818
"6013","D041302010",17135,"RIO DAS PEDRAS, AV",NA,"",1876,"","03/04/2013 10:40",2,"CO",41,1751," "," ",0,1,0,0,0,0,0,0,0,0,0,1,0,0,0,0,0,17135,"RIO DAS PEDRAS, AV",NA,"",27,"CURSINO",1,0,"RIO DAS PEDRAS, AV 1876 SAO PAULO SP",-23.5699275,-46.5081415
"6014","D041302096",99999,"METALURGICOS, AV DOS",NA,"",2100,"","03/04/2013 10:42",4,"AT",54,1885," "," ",0,0,1,0,0,0,0,0,0,0,0,0,0,0,0,0,0,99999,"METALURGICOS, AV DOS",NA,"",25,"CIDADE TIRADENT",1,0,"METALURGICOS, AV DOS 2100 SAO PAULO SP",-23.5996197,-46.4018414
"6015","D041300159",543,"ALCANTARA MACHADO, AV",786,"ALMEIDA LIMA, RUA DR",0,"","03/04/2013 10:45",2,"CO",8,2423," "," ",0,1,0,0,0,0,0,1,0,0,0,0,0,0,0,0,0,543,"ALCANTARA MACHADO, AV",11492,"KENNEDY, PCA PRES",54,"MOOCA",1,0,"ALCANTARA MACHADO, AV SAO PAULO SP &  ALMEIDA LIMA, RUA DR SAO PAULO SP",-23.5528151,-46.613419
"6016","D041300382",19931,"WASHINGTON LUIS, AV",19692,"VIEIRA DE MORAIS, RUA",0,"","03/04/2013 11:30",2,"CO",27,3391," "," ",1,2,0,0,0,0,0,0,0,0,0,0,0,0,0,0,0,19692,"VIEIRA DE MORAIS, RUA",19931,"WASHINGTON LUIS, AV",15,"CAMPO BELO",2,0,"WASHINGTON LUIS, AV SAO PAULO SP &  VIEIRA DE MORAIS, RUA SAO PAULO SP",-23.6605391,-46.7039265
"6017","D041301276",5518,"CRISTOVAO ARRAES, RUA",3199,"BENJAMIN PEREIRA, RUA",0,"","03/04/2013 11:45",4,"AT",73,3372," "," ",1,0,0,0,0,0,0,0,0,0,0,0,0,0,0,0,0,3199,"BENJAMIN PEREIRA, RUA",5518,"CRISTOVAO ARRAES, RUA",38,"JACANA",1,0,"CRISTOVAO ARRAES, RUA SAO PAULO SP &  BENJAMIN PEREIRA, RUA SAO PAULO SP",-23.4680775,-46.5902955
"6018","D041301538",16375,"PIRES DE OLIVEIRA, RUA",19574,"VERBO DIVINO, RUA",0,"","03/04/2013 11:58",2,"CO",11,3639," "," ",1,0,0,0,1,0,0,0,0,0,0,0,0,0,0,0,0,16375,"PIRES DE OLIVEIRA, RUA",19574,"VERBO DIVINO, RUA",NA,"",1,0,"PIRES DE OLIVEIRA, RUA SAO PAULO SP &  VERBO DIVINO, RUA SAO PAULO SP",-23.6347588,-46.7012677
"6019","D041300629",11439,"JUSTINA, RUA STA",5105,"CLODOMIRO AMAZONAS, RUA",0,"","03/04/2013 12:00",4,"AT",15,1839," "," ",0,0,0,0,0,0,0,0,0,0,0,0,0,0,0,1,0,5105,"CLODOMIRO AMAZONAS, RUA",11439,"JUSTINA, RUA STA",34,"ITAIM BIBI",1,0,"JUSTINA, RUA STA SAO PAULO SP &  CLODOMIRO AMAZONAS, RUA SAO PAULO SP",-23.5961569,-46.6798165
"6020","D041301766",25752,"JOSE ESTIMA FILHO, AV",NA,"",1205,"","03/04/2013 12:00",4,"AT",100,2046," "," ",1,0,0,0,0,0,0,0,0,0,0,0,0,0,0,0,0,25752,"JOSE ESTIMA FILHO, AV",NA,"",42,"JARDIM ANGELA",1,0,"JOSE ESTIMA FILHO, AV 1205 SAO PAULO SP",-23.7309134,-46.7923419
"6022","D041300037",10019,"JAVAES, RUA",18748,"TAUNAY, RUA VISC DE",0,"","03/04/2013 12:00",2,"CL",2,1852," "," ",1,1,0,0,0,0,0,0,0,0,0,0,0,0,0,0,0,10019,"JAVAES, RUA",18748,"TAUNAY, RUA VISC DE",9,"BOM RETIRO",2,0,"JAVAES, RUA SAO PAULO SP &  TAUNAY, RUA VISC DE SAO PAULO SP",-23.5224065,-46.6460753
"6023","D041300702",16388,"JOAQUIM OLIVEIRA FREITAS, RUA",NA,"",900,"","03/04/2013 13:00",2,"CO",33,3532," "," ",0,1,0,0,0,0,0,0,0,0,0,1,0,0,0,0,0,16388,"JOAQUIM OLIVEIRA FREITAS, RUA",NA,"",31,"GUAIANASES",1,0,"JOAQUIM OLIVEIRA FREITAS, RUA 900 SAO PAULO SP",-23.4995482,-46.7461636
"6024","D041302241",98912,"JOSE PINHEIRO BORGES, AV",1801,"ANTONIO MOURA ANDRADE, RUA",0,"","03/04/2013 13:00",4,"AT",32,2182,"C"," ",0,1,0,0,0,0,0,0,0,0,0,0,0,0,0,0,0,1801,"ANTONIO MOURA ANDRADE, RUA",98912,"JOSE PINHEIRO BORGES, AV",36,"ITAQUERA",1,1,"JOSE PINHEIRO BORGES, AV SAO PAULO SP &  ANTONIO MOURA ANDRADE, RUA SAO PAULO SP",-23.5379455,-46.4560852
"6025","D041300691",16388,"JOAQUIM OLIVEIRA FREITAS, RUA",NA,"",1434,"","03/04/2013 13:15",4,"AT",33,3057," "," ",0,1,0,0,0,0,0,0,0,0,0,0,0,0,0,0,0,16388,"JOAQUIM OLIVEIRA FREITAS, RUA",NA,"",31,"GUAIANASES",1,0,"JOAQUIM OLIVEIRA FREITAS, RUA 1434 SAO PAULO SP",-23.4950187,-46.7448842
"6027","D041300624",8473,"GUILHERME BANNITZ, RUA DR",NA,"",146,"","03/04/2013 13:40",2,"CO",15,1631," "," ",1,1,0,0,0,0,0,0,0,0,0,0,0,0,0,0,0,8473,"GUILHERME BANNITZ, RUA DR",NA,"",34,"ITAIM BIBI",1,0,"GUILHERME BANNITZ, RUA DR 146 SAO PAULO SP",-23.5892908,-46.673515
"6028","D041301344",10100,"JOAO, RUA PDE",4206,"CAQUITO, RUA",0,"","03/04/2013 14:00",4,"AT",10,3703," "," ",1,0,0,0,0,0,0,0,0,0,0,0,0,0,0,0,0,4206,"CAQUITO, RUA",10100,"JOAO, RUA PDE",60,"PENHA",1,0,"JOAO, RUA PDE SAO PAULO SP &  CAQUITO, RUA SAO PAULO SP",-23.5873689,-46.5900184
"6029","D041300774",36824,"GABRIEL LORI, RUA",NA,"",228,"","03/04/2013 14:02",4,"AT",46,1605," "," ",0,0,0,1,0,0,0,0,0,0,0,0,0,0,0,0,0,36824,"GABRIEL LORI, RUA",NA,"",79,"SAUDE",1,0,"GABRIEL LORI, RUA 228 SAO PAULO SP",-23.4330447,-46.7915142
"6030","D041301383",12461,"MACIEL MONTEIRO, RUA",NA,"",151,"","03/04/2013 14:15",4,"AT",21,1132," "," ",2,0,0,1,0,0,0,0,0,0,0,0,0,0,0,0,0,12461,"MACIEL MONTEIRO, RUA",NA,"",5,"ARTUR ALVIM",1,0,"MACIEL MONTEIRO, RUA 151 SAO PAULO SP",-23.5370522,-46.4902737
"6031","D041301382",17452,"ROSARIO DO SUL, RUA",7662,"FURQUIM FRANCAS, RUA",0,"","03/04/2013 14:22",2,"CL",21,1129," "," ",1,1,0,0,0,0,0,0,0,0,0,0,0,0,0,0,0,7662,"FURQUIM FRANCAS, RUA",17452,"ROSARIO DO SUL, RUA",93,"VILA MATILDE",4,0,"ROSARIO DO SUL, RUA SAO PAULO SP &  FURQUIM FRANCAS, RUA SAO PAULO SP",-23.5495066,-46.5158663
"6032","D041300218",6642,"ESTADO, AV DO",10485,"JOAO TEODORO, RUA",0,"","03/04/2013 15:12",2,"QM",12,1865," "," ",0,1,0,0,0,0,0,0,0,0,0,0,0,0,0,0,0,6642,"ESTADO, AV DO",10485,"JOAO TEODORO, RUA",9,"BOM RETIRO",1,0,"ESTADO, AV DO SAO PAULO SP &  JOAO TEODORO, RUA SAO PAULO SP",-23.5635869,-46.6112253
"6033","D041300090",14804,"NOVE DE JULHO, AV",NA,"",848,"","03/04/2013 15:20",2,"CT",4,2477," "," ",1,0,0,0,0,0,0,0,0,0,0,2,0,0,0,0,0,14804,"NOVE DE JULHO, AV",NA,"",63,"PINHEIROS",1,0,"NOVE DE JULHO, AV 848 SAO PAULO SP",-23.5513225,-46.6464442
"6034","D041300188",15967,"PEDRO I, AV DOM",NA,"",600,"","03/04/2013 15:29",4,"AT",6,1595,"B"," ",1,0,0,0,0,0,0,0,0,0,0,0,0,0,0,0,0,15967,"PEDRO I, AV DOM",NA,"",12,"BUTANTA",1,0,"PEDRO I, AV DOM 600 SAO PAULO SP",-23.5705991,-46.6112893
"6035","D041301479",15304,"PAES DE BARROS, AV",15275,"PACHECO E CHAVES, RUA CAP",0,"","03/04/2013 15:35",4,"AT",56,2074," "," ",0,0,0,0,0,0,0,0,0,0,0,1,0,0,0,0,0,15275,"PACHECO E CHAVES, RUA CAP",15304,"PAES DE BARROS, AV",95,"VILA PRUDENTE",1,0,"PAES DE BARROS, AV SAO PAULO SP &  PACHECO E CHAVES, RUA CAP SAO PAULO SP",-23.5743005,-46.5876557
"6036","D041300439",2394,"ASCENDINO REIS, AV PROF",16200,"PIASSANGUABA, AV",0,"","03/04/2013 15:42",2,"CO",36,1514," "," ",1,1,0,0,0,0,0,0,0,0,0,0,0,0,0,0,0,2394,"ASCENDINO REIS, AV PROF",16200,"PIASSANGUABA, AV",53,"MOEMA",1,0,"ASCENDINO REIS, AV PROF SAO PAULO SP &  PIASSANGUABA, AV SAO PAULO SP",-23.5970269,-46.6505025
"6037","D041300187",15967,"PEDRO I, AV DOM",NA,"",100,"","03/04/2013 16:20",2,"CO",6,1593," "," ",0,1,0,0,0,0,0,0,0,0,0,1,0,0,0,0,0,15967,"PEDRO I, AV DOM",NA,"",12,"BUTANTA",1,0,"PEDRO I, AV DOM 100 SAO PAULO SP",-23.565778,-46.6119397
"6038","D041300478",37707,"ATILIO SELVA, RUA",NA,"",10,"","03/04/2013 16:24",2,"CH",83,809," "," ",0,0,0,0,0,0,0,0,0,0,0,1,0,0,0,0,0,37707,"ATILIO SELVA, RUA",NA,"",21,"CASA VERDE",5,0,"ATILIO SELVA, RUA 10 SAO PAULO SP",-23.6568318,-46.6144212
"6039","D041300121",21822,"QUATORZE DE JULHO, RUA",16849,"RAMALHO, RUA CONS",0,"","03/04/2013 16:40",2,"CO",5,1801," "," ",1,1,0,0,0,0,0,0,0,0,0,0,0,0,0,0,0,16849,"RAMALHO, RUA CONS",21822,"QUATORZE DE JULHO, RUA",67,"REPUBLICA",1,0,"QUATORZE DE JULHO, RUA SAO PAULO SP &  RAMALHO, RUA CONS SAO PAULO SP",-23.5540264,-46.6447904
"6040","D041300091",2271,"ARNALDO, AV DR",NA,"",50,"","03/04/2013 16:43",2,"QD",4,2481," "," ",0,0,0,0,0,0,0,1,0,0,0,0,0,0,0,0,0,2271,"ARNALDO, AV DR",NA,"",26,"CONSOLACAO",1,0,"ARNALDO, AV DR 50 SAO PAULO SP",-23.5558417,-46.6669274
"6041","D041301659",63003,"ALZIRO PINHEIRO MAGALHAES, RUA",NA,"",1500,"","03/04/2013 17:00",2,"CO",85,1913," "," ",1,1,0,0,0,0,0,0,0,0,0,0,0,0,0,0,0,63003,"ALZIRO PINHEIRO MAGALHAES, RUA",NA,"",32,"IGUATEMI",1,0,"ALZIRO PINHEIRO MAGALHAES, RUA 1500 SAO PAULO SP",-23.7553609,-46.6878663
"6042","D041301682",8368,"GUARAPIRANGA, AV",NA,"",173,"","03/04/2013 17:15",2,"CO",92,4135," "," ",0,2,0,0,0,0,0,0,0,0,0,0,0,0,0,0,0,8368,"GUARAPIRANGA, AV",NA,"",45,"JARDIM SAO LUIS",2,0,"GUARAPIRANGA, AV 173 SAO PAULO SP",-23.669937,-46.7341108
"6043","D041301900",62102,"SOL DA MEIA NOITE, RUA",64141,"ESTRELA DA NOITE, AV",0,"","03/04/2013 17:20",2,"CO",59,1334," "," ",1,1,0,0,0,0,0,0,0,0,0,0,0,0,0,0,0,62102,"SOL DA MEIA NOITE, RUA",64141,"ESTRELA DA NOITE, AV",NA,"",1,0,"SOL DA MEIA NOITE, RUA SAO PAULO SP &  ESTRELA DA NOITE, AV SAO PAULO SP",-23.493274,-46.4132014
"6044","D041301539",7536,"FRANCISCO PITTA BRITO, RUA ENG",NA,"",125,"","03/04/2013 17:30",2,"CO",11,3657,"C"," ",1,1,0,0,0,0,0,0,0,0,0,0,0,0,0,0,0,7536,"FRANCISCO PITTA BRITO, RUA ENG",NA,"",72,"SANTO AMARO",1,0,"FRANCISCO PITTA BRITO, RUA ENG 125 SAO PAULO SP",-23.6540549,-46.7161928