"","id_acidente","codloga","logradouroA","codlogb","logradouroB","alt_num","referencia","data","cod_acid","tipo_acidente","dp","numero_BO","sentido","pista","automovel","moto","onibus","caminhao","bicicleta","moto_taxi","onibus_fretado","onibus_urbano","microonibus","van","vuc","caminhonete","carreta","jipe","outros","sem_informacao","carroca","princ_a","paiA","princ_b","paiB","cod_distrito","distrito","vit_ferida","vit_morta","local","lat","lon"
"6045","D041300463",19583,"VERGUEIRO, RUA",12452,"MACHADO DE ASSIS, RUA",0,"","03/04/2013 17:54",2,"CO",36,3408," "," ",0,2,0,0,0,0,0,0,0,0,0,0,0,0,0,0,0,12452,"MACHADO DE ASSIS, RUA",19583,"VERGUEIRO, RUA",92,"VILA MARIANA",1,0,"VERGUEIRO, RUA SAO PAULO SP &  MACHADO DE ASSIS, RUA SAO PAULO SP",-23.6104332,-46.6085751
"6046","D041300059",18993,"TIRADENTES, AV",NA,"",9999,"","03/04/2013 18:00",2,"QM",2,3698," "," ",0,1,0,0,0,0,0,0,0,0,0,0,0,0,0,0,0,18993,"TIRADENTES, AV",NA,"",9,"BOM RETIRO",1,0,"TIRADENTES, AV 9999 SAO PAULO SP",-23.5292338,-46.6314643
"6049","D041300865",72043,"FRANCISCO NOGUEIRA, RUA",NA,"",245,"","03/04/2013 18:45",4,"AT",75,2677," "," ",0,1,0,0,0,0,0,0,0,0,0,0,0,0,0,0,0,72043,"FRANCISCO NOGUEIRA, RUA",NA,"",13,"CACHOEIRINHA",1,0,"FRANCISCO NOGUEIRA, RUA 245 SAO PAULO SP",-23.5938997,-46.7539583
"6050","D041301099",19884,"VOLUNTARIOS DA PATRIA, RUA",NA,"",4370,"","03/04/2013 18:52",2,"CO",20,2974," "," ",1,1,0,0,0,0,0,0,0,0,0,0,0,0,0,0,0,19884,"VOLUNTARIOS DA PATRIA, RUA",NA,"",8,"BELEM",1,0,"VOLUNTARIOS DA PATRIA, RUA 4370 SAO PAULO SP",-23.4835108,-46.6311934
"6051","D041302113",17824,"SAPOPEMBA, AV",NA,"",14222,"","03/04/2013 20:00",2,"CT",55,4472," "," ",1,1,0,0,0,0,0,0,0,0,0,0,0,0,0,0,0,17824,"SAPOPEMBA, AV",NA,"",33,"IPIRANGA",1,0,"SAPOPEMBA, AV 14222 SAO PAULO SP",-23.6140833,-46.4714325
"6053","D041301044",4533,"CASA VERDE, AV",8903,"IATAI, RUA",0,"","03/04/2013 20:00",2,"CL",13,3581," "," ",2,0,0,0,0,0,0,0,0,0,0,0,0,0,0,0,0,4533,"CASA VERDE, AV",36253,"FREDERICO PENTEADO JUNIOR, RUA",21,"CASA VERDE",1,0,"CASA VERDE, AV SAO PAULO SP &  IATAI, RUA SAO PAULO SP",-23.5065329,-46.6665841
"6054","D041301842",9962,"JARAUARA, RUA",9632,"ITINGUCU, RUA",0,"","03/04/2013 20:14",4,"AT",24,3449," "," ",1,0,0,0,0,0,0,0,0,0,0,0,0,0,0,0,0,9632,"ITINGUCU, RUA",9962,"JARAUARA, RUA",60,"PENHA",1,0,"JARAUARA, RUA SAO PAULO SP &  ITINGUCU, RUA SAO PAULO SP",-23.5276613,-46.4965306
"6055","D041302200",12134,"ANTONIO RAMOS ROSA, RUA",7146,"FIM DE SEMANA, AV",0,"","03/04/2013 20:40",4,"AT",92,4133," "," ",0,0,1,0,0,0,0,0,0,0,0,0,0,0,0,0,0,7146,"FIM DE SEMANA, AV",12134,"ANTONIO RAMOS ROSA, RUA",81,"SOCORRO",0,1,"ANTONIO RAMOS ROSA, RUA SAO PAULO SP &  FIM DE SEMANA, AV SAO PAULO SP",-23.6603945,-46.7468564
"6056","D041300094",5245,"CONSOLACAO, RUA DA",NA,"",10,"","03/04/2013 21:15",2,"CO",4,2611," "," ",1,1,0,0,0,0,0,0,0,0,0,0,0,0,0,0,0,5245,"CONSOLACAO, RUA DA",NA,"",26,"CONSOLACAO",1,0,"CONSOLACAO, RUA DA 10 SAO PAULO SP",-23.5571695,-46.66465
"6057","D041300035",17799,"SANTOS DUMONT, AV",6642,"ESTADO, AV DO",0,"","03/04/2013 22:35",4,"AT",2,1849," "," ",1,0,0,0,0,0,0,0,0,0,0,0,0,0,0,0,0,6642,"ESTADO, AV DO",17799,"SANTOS DUMONT, AV",9,"BOM RETIRO",1,0,"SANTOS DUMONT, AV SAO PAULO SP &  ESTADO, AV DO SAO PAULO SP",-23.5257861,-46.6307889
"6058","D041300036",10019,"JAVAES, RUA",18748,"TAUNAY, RUA VISC DE",0,"","03/04/2013 23:13",2,"CL",2,1852," "," ",1,1,0,0,0,0,0,0,0,0,0,0,0,0,0,0,0,10019,"JAVAES, RUA",18748,"TAUNAY, RUA VISC DE",9,"BOM RETIRO",2,0,"JAVAES, RUA SAO PAULO SP &  TAUNAY, RUA VISC DE SAO PAULO SP",-23.5224065,-46.6460753
"6059","D041302033",17666,"SALVADOR GIANETTI, RUA",NA,"",100,"","04/04/2013 01:36",2,"QM",44,2131," "," ",0,1,0,0,0,0,0,0,0,0,0,0,0,0,0,0,0,17666,"SALVADOR GIANETTI, RUA",NA,"",50,"LIMAO",1,0,"SALVADOR GIANETTI, RUA 100 SAO PAULO SP",-23.5430393,-46.4150132
"6060","D041300095",5245,"CONSOLACAO, RUA DA",7026,"FERNANDO DE ALBUQUERQUE, RUA",0,"","04/04/2013 01:57",2,"CO",4,2613," "," ",1,1,0,0,0,0,0,0,0,0,0,0,0,0,0,0,0,5245,"CONSOLACAO, RUA DA",7026,"FERNANDO DE ALBUQUERQUE, RUA",26,"CONSOLACAO",1,0,"CONSOLACAO, RUA DA SAO PAULO SP &  FERNANDO DE ALBUQUERQUE, RUA SAO PAULO SP",-23.5471579,-46.6469857
"6061","D041300065",17115,"RIO BRANCO, AV",8536,"GUSMOES, RUA DOS",0,"","04/04/2013 02:00",4,"AT",3,1918," "," ",0,0,0,0,0,0,0,0,0,0,0,0,0,0,0,1,0,8536,"GUSMOES, RUA DOS",17115,"RIO BRANCO, AV",67,"REPUBLICA",1,0,"RIO BRANCO, AV SAO PAULO SP &  GUSMOES, RUA DOS SAO PAULO SP",-23.5329709,-46.6450922
"6062","D041300692",1427,"ANHANGUERA, RUA",NA,"",15800,"","04/04/2013 04:30",2,"CF",33,3081," "," ",3,0,0,0,0,0,0,0,0,0,0,0,0,0,0,0,0,1427,"ANHANGUERA, RUA",NA,"",70,"SANTA CECILIA",4,0,"ANHANGUERA, RUA 15800 SAO PAULO SP",-23.4900941,-46.7665396
"6063","D041300341",14705,"SAUDE, RUA NSRA DA",NA,"",887,"","04/04/2013 07:30",2,"CO",26,2819," "," ",1,1,0,0,0,0,0,0,0,0,0,0,0,0,0,0,0,14705,"SAUDE, RUA NSRA DA",NA,"",69,"SACOMA",1,0,"SAUDE, RUA NSRA DA 887 SAO PAULO SP",-23.6226599,-46.6115746
"6065","D041300941",12436,"MACEDO SOARES, AV EMB",NA,"",8000,"","04/04/2013 07:40",2,"CO",91,2182," "," ",0,1,0,0,0,0,0,0,0,0,0,0,0,0,0,0,0,29772,"MARGINAL DO RIO TIETE, AV",NA,"",48,"LAPA",2,0,"MACEDO SOARES, AV EMB 8000 SAO PAULO SP",-23.5186266,-46.7364916
"6066","D041300160",543,"ALCANTARA MACHADO, AV",NA,"",4468,"","04/04/2013 07:50",2,"CO",8,2450," "," ",2,1,0,0,0,0,0,0,0,0,0,0,0,0,0,0,0,543,"ALCANTARA MACHADO, AV",NA,"",10,"BRAS",1,0,"ALCANTARA MACHADO, AV 4468 SAO PAULO SP",-23.5426745,-46.5832888
"6067","D041300764",34682,"CAMPO LIMPO, ES DO",29887,"JOVIANO PACHECO DE AGUIRRE, RUA DR",0,"","04/04/2013 08:00",4,"AT",37,2789," "," ",1,0,0,0,0,0,0,0,0,0,0,0,0,0,0,0,0,16339,"CARLOS LACERDA, AV",34682,"CAMPO LIMPO, ES DO",17,"CAMPO LIMPO",1,0,"CAMPO LIMPO, ES DO SAO PAULO SP &  JOVIANO PACHECO DE AGUIRRE, RUA DR SAO PAULO SP",-23.2019463,-46.785846
"6068","D041302218",34682,"CAMPO LIMPO, ES DO",29887,"JOVIANO PACHECO DE AGUIRRE, RUA DR",0,"","04/04/2013 08:00",4,"AT",77,1503," "," ",1,0,0,0,0,0,0,0,0,0,0,0,0,0,0,0,0,16339,"CARLOS LACERDA, AV",34682,"CAMPO LIMPO, ES DO",17,"CAMPO LIMPO",0,1,"CAMPO LIMPO, ES DO SAO PAULO SP &  JOVIANO PACHECO DE AGUIRRE, RUA DR SAO PAULO SP",-23.2019463,-46.785846
"6070","D041302051",9044,"RAGUEB CHOHFI, AV",NA,"",131,"","04/04/2013 08:17",2,"CO",49,4495,"B"," ",1,1,0,0,0,0,0,0,0,0,0,0,0,0,0,0,0,9044,"RAGUEB CHOHFI, AV",NA,"",32,"IGUATEMI",1,0,"RAGUEB CHOHFI, AV 131 SAO PAULO SP",-23.6107332,-46.4751199
"6071","D041301748",21774,"JOSE PIRES PIMENTEL, RUA",NA,"",300,"","04/04/2013 08:20",4,"AT",99,2289," "," ",0,0,0,0,0,0,0,0,0,0,0,1,0,0,0,0,0,21774,"JOSE PIRES PIMENTEL, RUA",NA,"",29,"FREGUESIA DO O",1,0,"JOSE PIRES PIMENTEL, RUA 300 SAO PAULO SP",-23.5860179,-46.5822971
"6072","D041300441",3274,"BERNARDINO DE CAMPOS, AV",15153,"OSWALDO CRUZ, PCA",0,"","04/04/2013 08:36",2,"CO",36,1520," "," ",1,0,0,0,0,0,0,1,0,0,0,0,0,0,0,0,0,15153,"OSWALDO CRUZ, PCA",15656,"PAULISTA, AV",7,"BELA VISTA",1,0,"BERNARDINO DE CAMPOS, AV SAO PAULO SP &  OSWALDO CRUZ, PCA SAO PAULO SP",-23.5761068,-46.641305
"6073","D041302052",13671,"MATEO BEI, AV",NA,"",3269,"","04/04/2013 08:46",4,"AT",49,4501," "," ",1,0,0,0,0,0,0,0,0,0,0,0,0,0,0,0,0,13671,"MATEO BEI, AV",NA,"",75,"SAO MATEUS",1,0,"MATEO BEI, AV 3269 SAO PAULO SP",-23.6091812,-46.4773552
"6074","D041300652",6471,"SAO VICENTE, AV MARQ DE",NA,"",6000,"","04/04/2013 09:00",4,"AT",23,1800," "," ",0,0,0,0,0,0,0,1,0,0,0,0,0,0,0,0,0,6471,"SAO VICENTE, AV MARQ DE",NA,"",6,"BARRA FUNDA",1,0,"SAO VICENTE, AV MARQ DE 6000 SAO PAULO SP",-23.5149603,-46.6905057
"6075","D041301420",34122,"MELO FREIRE, RUA",18071,"SERRA DE JAPI, RUA",0,"","04/04/2013 09:20",2,"CO",30,1875,"C"," ",1,1,0,0,0,0,0,0,0,0,0,0,0,0,0,0,0,18071,"SERRA DE JAPI, RUA",34122,"MELO FREIRE, RUA",82,"TATUAPE",1,0,"MELO FREIRE, RUA SAO PAULO SP &  SERRA DE JAPI, RUA SAO PAULO SP",-23.5391715,-46.5695321
"6076","D041300075",4831,"CHA, VD DO",NA,"",15,"","04/04/2013 09:26",2,"CF",3,2713," "," ",1,1,0,0,0,0,0,0,0,0,0,0,0,0,0,0,0,4831,"CHA, VD DO",NA,"",67,"REPUBLICA",1,0,"CHA, VD DO 15 SAO PAULO SP",-23.612767,-46.7070655
"6077","D041301136",15626,"PAULA FERREIRA, AV",11611,"LAUDELINO FREIRE, RUA",0,"","04/04/2013 09:30",2,"CO",28,1793," "," ",0,1,0,0,0,0,0,1,0,0,0,0,0,0,0,0,0,11611,"LAUDELINO FREIRE, RUA",15626,"PAULA FERREIRA, AV",29,"FREGUESIA DO O",1,0,"PAULA FERREIRA, AV SAO PAULO SP &  LAUDELINO FREIRE, RUA SAO PAULO SP",-23.5020779,-46.7040956
"6078","D041300092",5245,"CONSOLACAO, RUA DA",NA,"",360,"","04/04/2013 09:50",2,"CO",4,2491," "," ",1,1,0,0,0,0,0,0,0,0,0,0,0,0,0,0,0,5245,"CONSOLACAO, RUA DA",NA,"",26,"CONSOLACAO",1,0,"CONSOLACAO, RUA DA 360 SAO PAULO SP",-23.5473315,-46.6458784
"6079","D041300693",35449,"BANDEIRANTES, VIA DOS",NA,"",16,"","04/04/2013 10:07",2,"CO",33,3095," "," ",0,1,0,0,0,0,0,0,0,0,0,1,0,0,0,0,0,35449,"BANDEIRANTES, VIA DOS",NA,"",64,"PIRITUBA",1,0,"BANDEIRANTES, VIA DOS 16 SAO PAULO SP",-23.4041969,-46.7679855
"6081","D041302075",60675,"AFONSO DE SAMPAIO E SOUSA, AV",NA,"",1119,"","04/04/2013 10:30",2,"CO",53,2140," "," ",0,1,0,1,0,0,0,0,0,0,0,0,0,0,0,0,0,60675,"AFONSO DE SAMPAIO E SOUSA, AV",NA,"",51,"MANDAQUI",1,0,"AFONSO DE SAMPAIO E SOUSA, AV 1119 SAO PAULO SP",-23.5713923,-46.4707128
"6082","D041300716",12502,"MAGALHAES DE CASTRO, AV",NA,"",3368,"","04/04/2013 10:30",2,"SI",34,2096," "," ",1,1,0,0,0,0,0,0,0,0,0,0,0,0,0,0,0,13014,"MARGINAL DO RIO PINHEIROS, AV",NA,"",12,"BUTANTA",1,0,"MAGALHAES DE CASTRO, AV 3368 SAO PAULO SP",-23.6116422,-46.7005679
"6083","D041301327",14270,"MORVAN DIAS DE FIGUEIREDO, AV",NA,"",980,"","04/04/2013 10:40",2,"OU",90,1338," "," ",0,1,0,1,0,0,0,0,0,0,0,0,0,0,0,0,0,29772,"MARGINAL DO RIO TIETE, AV",NA,"",0,"NULL",1,0,"MORVAN DIAS DE FIGUEIREDO, AV 980 SAO PAULO SP",-23.5181649,-46.6296041
"6084","D041301421",4144,"CANTAGALO, RUA",NA,"",649,"","04/04/2013 10:45",2,"CO",30,1877,"B"," ",2,0,0,0,0,0,0,0,0,0,0,0,0,0,0,0,0,4144,"CANTAGALO, RUA",NA,"",20,"CARRAO",1,0,"CANTAGALO, RUA 649 SAO PAULO SP",-23.5459001,-46.5677355
"6086","D041301595",5606,"CUPECE, AV",19649,"VICENTE LEITE, RUA",0,"","04/04/2013 11:20",2,"CO",43,1291," "," ",1,1,0,0,0,0,0,0,0,0,0,0,0,0,0,0,0,5606,"CUPECE, AV",19649,"VICENTE LEITE, RUA",22,"CIDADE ADEMAR",1,0,"CUPECE, AV SAO PAULO SP &  VICENTE LEITE, RUA SAO PAULO SP",-23.6626179,-46.6622987
"6087","D041301045",3637,"BRAZ LEME, AV",NA,"",371,"","04/04/2013 11:30",2,"CO",13,3596," "," ",2,1,0,0,0,0,0,0,0,0,0,0,0,0,0,0,0,3637,"BRAZ LEME, AV",NA,"",21,"CASA VERDE",1,0,"BRAZ LEME, AV 371 SAO PAULO SP",-23.5032086,-46.6376099
"6089","D041300279",3581,"BRASIL, AV",5743,"DAVID CAMPISTA, RUA DR",0,"","04/04/2013 11:50",2,"CO",78,2635," "," ",1,1,0,0,0,0,0,0,0,0,0,0,0,0,0,0,0,3581,"BRASIL, AV",5743,"DAVID CAMPISTA, RUA DR",NA,"",1,0,"BRASIL, AV SAO PAULO SP &  DAVID CAMPISTA, RUA DR SAO PAULO SP",-21.4863218,-47.3631133
"6090","D041301167",64137,"FRANCISCO MACHADO DA SILVA, AV",NA,"",957,"","04/04/2013 12:00",4,"AT",38,1738," "," ",0,0,0,1,0,0,0,0,0,0,0,0,0,0,0,0,0,64137,"FRANCISCO MACHADO DA SILVA, AV",NA,"",13,"CACHOEIRINHA",1,0,"FRANCISCO MACHADO DA SILVA, AV 957 SAO PAULO SP",-23.4541414,-46.6577934
"6091","D041301816",21790,"MAURICIO ARAUJO MARTINS, RUA",NA,"",203,"","04/04/2013 12:10",2,"SI",22,1752," "," ",1,0,0,0,0,0,0,0,0,0,0,0,0,0,0,0,0,21790,"MAURICIO ARAUJO MARTINS, RUA",NA,"",53,"MOEMA",1,0,"MAURICIO ARAUJO MARTINS, RUA 203 SAO PAULO SP",-23.5076065,-46.4411707
"6092","D041301278",12307,"LUIS STAMATIS, AV",10483,"JOAO TEIXEIRA DE BARROS, RUA",0,"","04/04/2013 12:20",2,"CL",73,3420," "," ",1,1,0,0,0,0,0,0,0,0,0,0,0,0,0,0,0,10483,"JOAO TEIXEIRA DE BARROS, RUA",12307,"LUIS STAMATIS, AV",38,"JACANA",1,0,"LUIS STAMATIS, AV SAO PAULO SP &  JOAO TEIXEIRA DE BARROS, RUA SAO PAULO SP",-23.4686937,-46.5789402
"6093","D041300411",66,"ABRAAO DE MORAIS, AV PROF",6883,"FAGUNDES FILHO, AV",0,"","04/04/2013 12:30",2,"CO",35,3011," "," ",0,1,0,0,0,0,0,0,0,0,0,1,0,0,0,0,0,66,"ABRAAO DE MORAIS, AV PROF",6883,"FAGUNDES FILHO, AV",79,"SAUDE",1,0,"ABRAAO DE MORAIS, AV PROF SAO PAULO SP &  FAGUNDES FILHO, AV SAO PAULO SP",-23.6072122,-46.6270066
"6094","D041301815",11542,"NORDESTINA, AV",NA,"",148,"","04/04/2013 12:30",2,"SI",22,7511," "," ",1,0,0,0,0,0,0,0,0,0,0,0,0,0,0,0,0,11542,"NORDESTINA, AV",NA,"",76,"SAO MIGUEL",1,0,"NORDESTINA, AV 148 SAO PAULO SP",-23.4947393,-46.4430747
"6095","D041300853",21856,"OSCAR PEDROSO HORTA, RUA",NA,"",653,"","04/04/2013 12:30",4,"AT",75,1219," "," ",1,0,0,0,0,0,0,0,0,0,0,0,0,0,0,0,0,21856,"OSCAR PEDROSO HORTA, RUA",NA,"",13,"CACHOEIRINHA",1,0,"OSCAR PEDROSO HORTA, RUA 653 SAO PAULO SP",-23.5969433,-46.7899248
"6096","D041300219",5567,"CRUZEIRO DO SUL, AV",NA,"",1000,"","04/04/2013 12:34",4,"AT",12,1898," "," ",0,1,0,0,0,0,0,0,0,0,0,0,0,0,0,0,0,5567,"CRUZEIRO DO SUL, AV",NA,"",5,"ARTUR ALVIM",2,0,"CRUZEIRO DO SUL, AV 1000 SAO PAULO SP",-23.5231235,-46.6251482
"6097","D041301100",18151,"SEZEFREDO FAGUNDES, AV CEL",NA,"",1345,"","04/04/2013 13:00",2,"CO",20,2994," "," ",1,1,0,0,0,0,0,0,0,0,0,0,0,0,0,0,0,18151,"SEZEFREDO FAGUNDES, AV CEL",NA,"",22,"CIDADE ADEMAR",1,0,"SEZEFREDO FAGUNDES, AV CEL 1345 SAO PAULO SP",-23.4671238,-46.6037031
"6098","D041300278",14804,"NOVE DE JULHO, AV",NA,"",3218,"","04/04/2013 13:00",2,"CO",78,2632," "," ",1,1,0,0,0,0,0,0,0,0,0,0,0,0,0,0,0,14804,"NOVE DE JULHO, AV",NA,"",63,"PINHEIROS",1,0,"NOVE DE JULHO, AV 3218 SAO PAULO SP",-23.5679999,-46.6600984
"6099","D041300479",13915,"MIGUEL ESTEFANO, AV",NA,"",4241,"","04/04/2013 14:00",2,"QM",83,823," "," ",0,1,0,0,0,0,0,0,0,0,0,0,0,0,0,0,0,13915,"MIGUEL ESTEFANO, AV",NA,"",27,"CURSINO",1,0,"MIGUEL ESTEFANO, AV 4241 SAO PAULO SP",-23.6492634,-46.6224749
"6102","D041301233",15485,"PARAPUA, RUA",NA,"",1937,"","04/04/2013 14:53",4,"AT",45,816," "," ",0,0,0,0,0,0,0,0,0,0,0,1,0,0,0,0,0,15485,"PARAPUA, RUA",NA,"",4,"ARICANDUVA",1,0,"PARAPUA, RUA 1937 SAO PAULO SP",-23.4693082,-46.6943113
"6103","D041301901",14975,"OLIVEIRA FREIRE, AV",NA,"",1940,"","04/04/2013 15:00",4,"AT",59,1347," "," ",1,0,0,0,0,0,0,0,0,0,0,0,0,0,0,0,0,14975,"OLIVEIRA FREIRE, AV",NA,"",53,"MOEMA",1,0,"OLIVEIRA FREIRE, AV 1940 SAO PAULO SP",-23.4839358,-46.4167141
"6104","D041300653",2271,"ARNALDO, AV DR",NA,"",510,"","04/04/2013 15:00",2,"CO",23,1815," "," ",0,2,0,0,0,0,0,0,0,0,0,0,0,0,0,0,0,2271,"ARNALDO, AV DR",NA,"",26,"CONSOLACAO",1,0,"ARNALDO, AV DR 510 SAO PAULO SP",-23.5526553,-46.6741174
"6105","D041302135",2181,"ARICANDUVA, AV",NA,"",5550,"","04/04/2013 15:15",2,"CL",66,2160," "," ",1,1,0,0,0,0,0,0,0,0,0,0,0,0,0,0,0,2181,"ARICANDUVA, AV",NA,"",60,"PENHA",1,0,"ARICANDUVA, AV 5550 SAO PAULO SP",-23.5610796,-46.5113391
"6106","D041300584",5596,"CUNHA GAGO, RUA",NA,"",780,"","04/04/2013 15:30",2,"CO",14,1642," "," ",1,1,0,0,0,0,0,0,0,0,0,0,0,0,0,0,0,5596,"CUNHA GAGO, RUA",NA,"",63,"PINHEIROS",1,0,"CUNHA GAGO, RUA 780 SAO PAULO SP",-23.5622765,-46.693857
"6107","D041300589",5596,"CUNHA GAGO, RUA",NA,"",768,"","04/04/2013 15:30",2,"CO",14,3224," "," ",1,1,0,0,0,0,0,0,0,0,0,0,0,0,0,0,0,5596,"CUNHA GAGO, RUA",NA,"",63,"PINHEIROS",1,0,"CUNHA GAGO, RUA 768 SAO PAULO SP",-23.5623358,-46.6937845
"6108","D041300654",16463,"POMPEIA, AV",NA,"",691,"","04/04/2013 15:50",2,"CO",23,1817," "," ",2,1,0,0,0,0,0,0,0,0,0,0,0,0,0,0,0,16463,"POMPEIA, AV",NA,"",19,"CAPAO REDONDO",1,0,"POMPEIA, AV 691 SAO PAULO SP",-23.5306895,-46.6851914
"6109","D041302026",11602,"LATERAL, RUA",NA,"",32,"","04/04/2013 15:55",2,"SI",41,900005," "," ",0,0,0,0,0,0,0,0,0,0,0,1,0,0,0,0,0,11602,"LATERAL, RUA",NA,"",4,"ARICANDUVA",1,0,"LATERAL, RUA 32 SAO PAULO SP",-23.5792535,-46.5116738
"6110","D041300717",14483,"NELSON HUNGRIA, RUA MIN",NA,"",11,"","04/04/2013 15:55",2,"SI",34,2106," "," ",0,1,0,0,0,0,0,0,0,0,0,1,0,0,0,0,0,14483,"NELSON HUNGRIA, RUA MIN",NA,"",55,"MORUMBI",2,0,"NELSON HUNGRIA, RUA MIN 11 SAO PAULO SP",-23.6173304,-46.7060845
"6111","D041301730",12039,"LOURIVAL ALVES DE SOUZA, AV SARG",NA,"",100,"","04/04/2013 16:30",2,"CO",99,1542," "," ",0,1,0,0,0,0,0,0,0,0,0,1,0,0,0,0,0,12039,"LOURIVAL ALVES DE SOUZA, AV SARG",NA,"",16,"CAMPO GRANDE",1,0,"LOURIVAL ALVES DE SOUZA, AV SARG 100 SAO PAULO SP",-23.6626103,-46.6911825
"6112","D041301920",7068,"FERNAO MENDES PINTO, RUA",26145,"SALVADOR FONTOURA, RUA",0,"","04/04/2013 16:53",2,"CF",62,3493," "," ",0,0,1,0,1,0,0,0,0,0,0,0,0,0,0,0,0,7068,"FERNAO MENDES PINTO, RUA",26145,"SALVADOR FONTOURA, RUA",28,"ERMELINO MATARA",1,0,"FERNAO MENDES PINTO, RUA SAO PAULO SP &  SALVADOR FONTOURA, RUA SAO PAULO SP",-23.4978657,-46.4870314
"6114","D041301992",22894,"DIONISIO ERBA, RUA",NA,"",55,"","04/04/2013 18:00",2,"CO",68,4175," "," ",0,0,0,0,1,0,0,1,0,0,0,0,0,0,0,0,0,22894,"DIONISIO ERBA, RUA",NA,"",50,"LIMAO",1,0,"DIONISIO ERBA, RUA 55 SAO PAULO SP",-23.5481881,-46.3916791
"6115","D041300587",8004,"GIRASSOL, RUA",NA,"",270,"","04/04/2013 18:20",2,"CO",14,3195," "," ",1,1,0,0,0,0,0,0,0,0,0,0,0,0,0,0,0,8004,"GIRASSOL, RUA",NA,"",63,"PINHEIROS",1,0,"GIRASSOL, RUA 270 SAO PAULO SP",-23.5563773,-46.688536
"6116","D041301637",9220,"INTERLAGOS, AV",NA,"",6180,"","04/04/2013 18:30",2,"CO",48,2404," "," ",1,1,0,0,0,0,0,0,0,0,0,0,0,0,0,0,0,9220,"INTERLAGOS, AV",NA,"",16,"CAMPO GRANDE",1,0,"INTERLAGOS, AV 6180 SAO PAULO SP",-23.7006533,-46.7013666
"6117","D041300062",19764,"VINTE E TRES DE MAIO, AV",NA,"",60,"","04/04/2013 18:30",2,"CT",3,1860," "," ",1,1,0,0,0,0,0,0,0,0,0,0,0,0,0,0,0,19764,"VINTE E TRES DE MAIO, AV",NA,"",17,"CAMPO LIMPO",1,0,"VINTE E TRES DE MAIO, AV 60 SAO PAULO SP",-23.583075,-46.6522546
"6119","D041301149",36284,"PETRONIO PORTELA, AV MIN",NA,"",645,"","04/04/2013 19:00",2,"CO",28,3625," "," ",1,1,0,0,0,0,0,0,0,0,0,0,0,0,0,0,0,36284,"PETRONIO PORTELA, AV MIN",NA,"",4,"ARICANDUVA",1,0,"PETRONIO PORTELA, AV MIN 645 SAO PAULO SP",-23.4936429,-46.7009577
"6120","D041301087",541,"ALCANTARA, RUA",6314,"ELI, RUA",0,"","04/04/2013 19:04",4,"AT",19,3003," "," ",1,0,0,0,0,0,0,0,0,0,0,0,0,0,0,0,0,541,"ALCANTARA, RUA",6314,"ELI, RUA",91,"VILA MARIA",1,0,"ALCANTARA, RUA SAO PAULO SP &  ELI, RUA SAO PAULO SP",-23.5232036,-46.5919291
"6121","D041302102",99999,"METALURGICOS, AV DOS",NA,"",1111,"","04/04/2013 19:07",2,"CL",54,4525," "," ",1,1,0,0,0,0,0,0,0,0,0,0,0,0,0,0,0,99999,"METALURGICOS, AV DOS",NA,"",25,"CIDADE TIRADENT",2,0,"METALURGICOS, AV DOS 1111 SAO PAULO SP",-23.5920061,-46.4071514
"6122","D041300892",21095,"JOSE SALOMON, AV CON",67729,"JOAO PEREIRA DALVA, RUA",0,"","04/04/2013 19:15",2,"CO",87,3115," "," ",0,2,0,0,0,0,0,0,0,0,0,0,0,0,0,0,0,21095,"JOSE SALOMON, AV CON",67729,"JOAO PEREIRA DALVA, RUA",NA,"",2,0,"JOSE SALOMON, AV CON SAO PAULO SP &  JOAO PEREIRA DALVA, RUA SAO PAULO SP",-23.4952961,-46.7182699
"6123","D041300153",543,"ALCANTARA MACHADO, AV",NA,"",3700,"","04/04/2013 19:40",2,"CO",8,975," "," ",1,1,0,0,0,0,0,0,0,0,0,0,0,0,0,0,0,543,"ALCANTARA MACHADO, AV",NA,"",10,"BRAS",1,0,"ALCANTARA MACHADO, AV 3700 SAO PAULO SP",-23.5439426,-46.5896558
"6124","D041301456",5425,"COSTA BARROS, RUA",NA,"",600,"","04/04/2013 19:42",2,"QD",42,2105," "," ",0,0,1,0,0,0,0,0,0,0,0,0,0,0,0,0,0,5425,"COSTA BARROS, RUA",NA,"",95,"VILA PRUDENTE",1,0,"COSTA BARROS, RUA 600 SAO PAULO SP",-23.5973663,-46.5594268
"6125","D041300161",4543,"CASSANDOCA, AV",NA,"",98,"","04/04/2013 19:45",2,"CO",8,2461," "," ",1,1,0,0,0,0,0,0,0,0,0,0,0,0,0,0,0,4543,"CASSANDOCA, AV",NA,"",54,"MOOCA",1,0,"CASSANDOCA, AV 98 SAO PAULO SP",-23.5503108,-46.5954307
"6126","D041301183",15426,"PARADA PINTO, AV",41502,"JOSE FERREIRA DE CASTRO, RUA",0,"","04/04/2013 19:54",2,"CO",38,2918," "," ",1,1,0,0,0,0,0,0,0,0,0,0,0,0,0,0,0,14242,"MOREIRA DE BARROS, RUA CONS",15426,"PARADA PINTO, AV",51,"MANDAQUI",1,0,"PARADA PINTO, AV SAO PAULO SP &  JOSE FERREIRA DE CASTRO, RUA SAO PAULO SP",-23.4694786,-46.6646692