"","id_acidente","codloga","logradouroA","codlogb","logradouroB","alt_num","referencia","data","cod_acid","tipo_acidente","dp","numero_BO","sentido","pista","automovel","moto","onibus","caminhao","bicicleta","moto_taxi","onibus_fretado","onibus_urbano","microonibus","van","vuc","caminhonete","carreta","jipe","outros","sem_informacao","carroca","princ_a","paiA","princ_b","paiB","cod_distrito","distrito","vit_ferida","vit_morta","local","lat","lon"
"6127","D041300339",6642,"ESTADO, AV DO",15609,"PATRIOTAS, RUA DOS",0,"","04/04/2013 20:42",4,"AT",17,5450,"C"," ",0,0,1,0,0,0,0,0,0,0,0,0,0,0,0,0,0,6642,"ESTADO, AV DO",15609,"PATRIOTAS, RUA DOS",33,"IPIRANGA",1,0,"ESTADO, AV DO SAO PAULO SP &  PATRIOTAS, RUA DOS SAO PAULO SP",-23.5635869,-46.6112253
"6128","D041300097",9562,"ITAPOLIS, RUA",NA,"",555,"","04/04/2013 21:00",4,"AT",4,2652," "," ",1,0,0,0,0,0,0,0,0,0,0,0,0,0,0,0,0,9562,"ITAPOLIS, RUA",NA,"",26,"CONSOLACAO",1,0,"ITAPOLIS, RUA 555 SAO PAULO SP",-23.5478245,-46.6641066
"6129","D041301056",19884,"VOLUNTARIOS DA PATRIA, RUA",NA,"",2100,"","04/04/2013 21:00",4,"AT",13,3896," "," ",1,0,0,0,0,0,0,0,0,0,0,0,0,0,0,0,0,19884,"VOLUNTARIOS DA PATRIA, RUA",NA,"",8,"BELEM",1,0,"VOLUNTARIOS DA PATRIA, RUA 2100 SAO PAULO SP",-23.5018229,-46.6261326
"6130","D041300064",9276,"IPIRANGA, AV",17115,"RIO BRANCO, AV",0,"","04/04/2013 22:22",4,"AT",3,1888," "," ",0,0,0,0,0,0,0,0,0,0,0,0,0,0,0,1,0,9276,"IPIRANGA, AV",17115,"RIO BRANCO, AV",67,"REPUBLICA",1,0,"IPIRANGA, AV SAO PAULO SP &  RIO BRANCO, AV SAO PAULO SP",-23.5457285,-46.6440924
"6132","D041301345",42369,"AIRTON SENNA DA SILVA, VIA",NA,"",11,"","04/04/2013 22:30",4,"AT",10,3759," "," ",1,0,0,0,0,0,0,0,0,0,0,0,0,0,0,0,0,42369,"AIRTON SENNA DA SILVA, VIA",NA,"",18,"CANGAIBA",1,0,"AIRTON SENNA DA SILVA, VIA 11 SAO PAULO SP",-23.5182942,-46.5551923
"6136","D041301861",11294,"FONTOURA XAVIER, RUA",NA,"",945,"","05/04/2013 03:37",4,"AT",32,2225," "," ",1,0,0,0,0,0,0,0,0,0,0,0,0,0,0,0,0,11294,"FONTOURA XAVIER, RUA",NA,"",36,"ITAQUERA",1,0,"FONTOURA XAVIER, RUA 945 SAO PAULO SP",-23.5465805,-46.4540276
"6137","D041300880",11259,"JOY ARRUDA, RUA DR",NA,"",60,"","05/04/2013 04:30",2,"CH",87,1783," "," ",0,0,1,0,0,0,0,0,0,0,0,0,0,0,0,0,0,11259,"JOY ARRUDA, RUA DR",NA,"",4,"ARICANDUVA",1,0,"JOY ARRUDA, RUA DR 60 SAO PAULO SP",-23.4792787,-46.7126853
"6138","D041301844",954,"AMADOR BUENO DA VEIGA, AV",NA,"",4560,"","05/04/2013 05:00",2,"CO",24,3513," "," ",1,1,0,0,0,0,0,0,0,0,0,0,0,0,0,0,0,954,"AMADOR BUENO DA VEIGA, AV",NA,"",60,"PENHA",1,0,"AMADOR BUENO DA VEIGA, AV 4560 SAO PAULO SP",-23.5134508,-46.5048482
"6140","D041302031",72670,"INACIO MONTEIRO, RUA",NA,"",8800,"","05/04/2013 06:40",2,"CL",44,2081," "," ",0,1,0,0,0,0,0,0,0,1,0,0,0,0,0,0,0,72670,"INACIO MONTEIRO, RUA",NA,"",50,"LIMAO",1,0,"INACIO MONTEIRO, RUA 8800 SAO PAULO SP",-23.5844432,-46.383357
"6141","D041301101",14767,"NOVA CANTAREIRA, AV",NA,"",300,"","05/04/2013 06:40",2,"CO",20,3063," "," ",2,0,0,0,0,0,0,0,0,0,0,0,0,0,0,0,0,14767,"NOVA CANTAREIRA, AV",NA,"",83,"TREMEMBE",2,0,"NOVA CANTAREIRA, AV 300 SAO PAULO SP",-23.4877014,-46.6216037
"6142","D041301102",351,"AGUA FRIA, AV",NA,"",365,"","05/04/2013 06:43",2,"CH",20,3017," "," ",1,0,0,0,0,0,0,0,0,0,0,0,0,0,0,0,0,351,"AGUA FRIA, AV",NA,"",71,"SANTANA",1,0,"AGUA FRIA, AV 365 SAO PAULO SP",-23.4855327,-46.623027
"6144","D041300906",18561,"LUIZ MIGLIANO, RUA DR",NA,"",50,"","05/04/2013 06:55",2,"CO",89,2724," "," ",1,0,0,1,0,0,0,0,0,0,0,0,0,0,0,0,0,18561,"LUIZ MIGLIANO, RUA DR",NA,"",0,"NULL",1,0,"LUIZ MIGLIANO, RUA DR 50 SAO PAULO SP",-23.6064824,-46.7475842
"6145","D041301046",288,"AFONSO SCHMIDT, AL",NA,"",283,"","05/04/2013 07:00",2,"CO",13,3644," "," ",1,1,0,0,0,0,0,0,0,0,0,0,0,0,0,0,0,288,"AFONSO SCHMIDT, AL",NA,"",71,"SANTANA",1,0,"AFONSO SCHMIDT, AL 283 SAO PAULO SP",-23.4978723,-46.637636
"6146","D041302131",2181,"ARICANDUVA, AV",NA,"",3200,"","05/04/2013 07:00",2,"CT",66,1801," "," ",1,0,0,1,0,0,0,0,0,0,0,0,0,0,0,0,0,2181,"ARICANDUVA, AV",NA,"",60,"PENHA",1,0,"ARICANDUVA, AV 3200 SAO PAULO SP",-23.5533063,-46.5189727
"6147","D041301168",44645,"DIREITOS HUMANOS, AV",NA,"",2007,"","05/04/2013 07:00",2,"CO",38,1740,"C"," ",2,0,0,0,0,0,0,0,0,0,0,0,0,0,0,0,0,44645,"DIREITOS HUMANOS, AV",NA,"",8,"BELEM",1,0,"DIREITOS HUMANOS, AV 2007 SAO PAULO SP",-23.4760491,-46.640238
"6149","D041301404",14196,"MONTEMAGNO, AV",NA,"",501,"","05/04/2013 07:10",4,"AT",29,915," "," ",1,0,0,0,0,0,0,0,0,0,0,0,0,0,0,0,0,14196,"MONTEMAGNO, AV",NA,"",46,"JOSE BONIFACIO",1,0,"MONTEMAGNO, AV 501 SAO PAULO SP",-23.5661443,-46.5584178
"6150","D041302122",9580,"ITAQUERA, AV",NA,"",425,"","05/04/2013 07:20",2,"CL",66,1558," "," ",1,1,0,0,0,0,0,0,0,0,0,0,0,0,0,0,0,9580,"ITAQUERA, AV",NA,"",24,"CIDADE LIDER",1,0,"ITAQUERA, AV 425 SAO PAULO SP",-23.5563482,-46.518331
"6151","D041300442",3274,"BERNARDINO DE CAMPOS, AV",271,"AFONSO DE FREITAS, RUA",0,"","05/04/2013 07:20",2,"CO",36,1531," "," ",1,1,0,0,0,0,0,0,0,0,0,0,0,0,0,0,0,271,"AFONSO DE FREITAS, RUA",3274,"BERNARDINO DE CAMPOS, AV",92,"VILA MARIANA",1,0,"BERNARDINO DE CAMPOS, AV SAO PAULO SP &  AFONSO DE FREITAS, RUA SAO PAULO SP",-23.5761068,-46.641305
"6152","D041302053",13671,"MATEO BEI, AV",NA,"",1469,"","05/04/2013 07:22",2,"CO",49,4543," "," ",1,0,0,1,0,0,0,0,0,0,0,0,0,0,0,0,0,13671,"MATEO BEI, AV",NA,"",75,"SAO MATEUS",1,0,"MATEO BEI, AV 1469 SAO PAULO SP",-23.5959557,-46.4874532
"6153","D041301845",13881,"MIGUEL, AV S",NA,"",500,"","05/04/2013 07:30",2,"CO",24,3523," "," ",0,1,0,0,0,0,0,0,1,0,0,0,0,0,0,0,0,13881,"MIGUEL, AV S",NA,"",65,"PONTE RASA",1,0,"MIGUEL, AV S 500 SAO PAULO SP",-23.518473,-46.5234473
"6155","D041301105",13133,"MARIA AMALIA LOPES AZEVEDO, RUA",NA,"",383,"","05/04/2013 07:30",4,"AT",20,3042," "," ",0,1,0,0,0,0,0,0,0,0,0,0,0,0,0,0,0,13133,"MARIA AMALIA LOPES AZEVEDO, RUA",NA,"",83,"TREMEMBE",1,0,"MARIA AMALIA LOPES AZEVEDO, RUA 383 SAO PAULO SP",-23.459868,-46.620757
"6157","D041302106",45521,"ELOA DO VALLE QUADROS, RUA DNA",NA,"",399,"","05/04/2013 07:30",2,"CO",54,6210," "," ",0,1,0,0,0,0,0,0,0,0,0,0,0,0,0,1,0,45521,"ELOA DO VALLE QUADROS, RUA DNA",NA,"",25,"CIDADE TIRADENT",1,0,"ELOA DO VALLE QUADROS, RUA DNA 399 SAO PAULO SP",-23.5901308,-46.4116789
"6159","D041300588",18278,"SILVIO SACRAMENTO, RUA",NA,"",270,"","05/04/2013 07:37",4,"AT",14,3219," "," ",1,0,0,0,0,0,0,0,0,0,0,0,0,0,0,0,0,18278,"SILVIO SACRAMENTO, RUA",NA,"",20,"CARRAO",1,0,"SILVIO SACRAMENTO, RUA 270 SAO PAULO SP",-23.5550987,-46.6738945
"6161","D041300536",17064,"RIBEIRO DO VALE, RUA",NA,"",120,"","05/04/2013 07:50",2,"CO",96,3481," "," ",1,1,0,0,0,0,0,0,0,0,0,0,0,0,0,0,0,17064,"RIBEIRO DO VALE, RUA",NA,"",30,"GRAJAU",1,0,"RIBEIRO DO VALE, RUA 120 SAO PAULO SP",-23.6146009,-46.6895104
"6162","D041300480",5618,"CURSINO, AV DO",NA,"",3869,"","05/04/2013 07:51",2,"QM",83,836," "," ",0,1,0,0,0,0,0,0,0,0,0,0,0,0,0,0,0,5618,"CURSINO, AV DO",NA,"",27,"CURSINO",1,0,"CURSINO, AV DO 3869 SAO PAULO SP",-23.6350598,-46.6154651
"6163","D041300383",19100,"BANDEIRANTES, AV DOS",NA,"",4563,"","05/04/2013 08:09",2,"CO",27,3462," "," ",1,1,0,0,0,0,0,0,0,0,0,0,0,0,0,0,0,19100,"BANDEIRANTES, AV DOS",NA,"",24,"CIDADE LIDER",1,0,"BANDEIRANTES, AV DOS 4563 SAO PAULO SP",-23.618839,-46.6582417
"6164","D041300220",7786,"GASOMETRO, RUA DO",NA,"",405,"","05/04/2013 08:10",2,"QD",12,1948," "," ",0,0,0,0,0,0,0,1,0,0,0,0,0,0,0,0,0,7786,"GASOMETRO, RUA DO",NA,"",10,"BRAS",1,0,"GASOMETRO, RUA DO 405 SAO PAULO SP",-23.5440033,-46.6223678
"6165","D041300008",11818,"LIBERDADE, AV DA",NA,"",104,"","05/04/2013 08:10",4,"AT",1,2750," "," ",0,1,0,0,0,0,0,0,0,0,0,0,0,0,0,0,0,11818,"LIBERDADE, AV DA",NA,"",49,"LIBERDADE",1,0,"LIBERDADE, AV DA 104 SAO PAULO SP",-23.554682,-46.6357437
"6166","D041301081",10384,"JOAO MONTEIRO DA ROCHA, RUA CABO",1446,"ANESIO ANTAO FERREIRA, RUA SOLD",0,"","05/04/2013 08:10",2,"CO",19,1312," "," ",1,1,0,0,0,0,0,0,0,0,0,0,0,0,0,0,0,1446,"ANESIO ANTAO FERREIRA, RUA SOLD",10384,"JOAO MONTEIRO DA ROCHA, RUA CABO",91,"VILA MARIA",1,0,"JOAO MONTEIRO DA ROCHA, RUA CABO SAO PAULO SP &  ANESIO ANTAO FERREIRA, RUA SOLD SAO PAULO SP",-23.5099529,-46.5767134
"6167","D041301206",8320,"GUAPIRA, AV",NA,"",1150,"","05/04/2013 08:11",2,"CO",39,1591," "," ",1,1,0,0,0,0,0,0,0,0,0,0,0,0,0,0,0,8320,"GUAPIRA, AV",NA,"",38,"JACANA",2,0,"GUAPIRA, AV 1150 SAO PAULO SP",-23.4754731,-46.593968
"6169","D041300655",7781,"VICENTE MIGUEL MARINO, RUA CON",NA,"",220,"","05/04/2013 08:40",2,"CH",23,1833," "," ",1,0,0,0,1,0,0,0,0,0,0,0,0,0,0,0,0,7781,"VICENTE MIGUEL MARINO, RUA CON",NA,"",70,"SANTA CECILIA",1,0,"VICENTE MIGUEL MARINO, RUA CON 220 SAO PAULO SP",-23.5268594,-46.6502825
"6170","D041300549",24491,"IMIGRANTES, VIA DOS",NA,"",6000,"","05/04/2013 08:50",2,"CO",97,988," "," ",0,1,0,0,0,0,0,0,0,0,0,1,0,0,0,0,0,24491,"IMIGRANTES, VIA DOS",NA,"",NA,"",1,0,"IMIGRANTES, VIA DOS 6000 SAO PAULO SP",-23.8029914,-46.5899721
"6171","D041300817",19817,"VITAL BRASIL, AV",NA,"",600,"","05/04/2013 09:00",2,"CT",51,1597," "," ",1,1,0,0,0,0,0,0,0,0,0,0,0,0,0,0,0,19817,"VITAL BRASIL, AV",NA,"",13,"CACHOEIRINHA",1,0,"VITAL BRASIL, AV 600 SAO PAULO SP",-23.5707675,-46.7098309
"6172","D041301967",9580,"ITAQUERA, AV",NA,"",8070,"","05/04/2013 09:00",2,"QM",65,1172," "," ",0,1,0,0,0,0,0,0,0,0,0,0,0,0,0,0,0,9580,"ITAQUERA, AV",NA,"",24,"CIDADE LIDER",1,0,"ITAQUERA, AV 8070 SAO PAULO SP",-23.5414348,-46.4571784
"6173","D041300309",33750,"MACHADO, RUA PDE",NA,"",900,"","05/04/2013 09:01",2,"CO",16,4426," "," ",1,1,0,0,0,0,0,0,0,0,0,0,0,0,0,0,0,33750,"MACHADO, RUA PDE",NA,"",21,"CASA VERDE",1,0,"MACHADO, RUA PDE 900 SAO PAULO SP",-23.8860662,-47.9848069
"6174","D041300060",880,"ALVARO DE CARVALHO, RUA",NA,"",164,"","05/04/2013 09:20",2,"SI",3,1001," "," ",1,1,0,0,0,0,0,0,0,0,0,0,0,0,0,0,0,880,"ALVARO DE CARVALHO, RUA",NA,"",67,"REPUBLICA",1,0,"ALVARO DE CARVALHO, RUA 164 SAO PAULO SP",-23.5487371,-46.6418874
"6175","D041300189",14576,"NICOLAU DE SOUSA QUEIROS, RUA DR",NA,"",635,"","05/04/2013 09:22",2,"CO",6,1623," "," ",1,1,0,0,0,0,0,0,0,0,0,0,0,0,0,0,0,14576,"NICOLAU DE SOUSA QUEIROS, RUA DR",NA,"",92,"VILA MARIANA",1,0,"NICOLAU DE SOUSA QUEIROS, RUA DR 635 SAO PAULO SP",-23.5781002,-46.6406251
"6177","D041301207",18664,"TANQUE VELHO, RUA",4122,"CANEDOS, RUA",0,"","05/04/2013 09:49",2,"CO",39,1594," "," ",2,0,0,0,0,0,0,0,0,0,0,0,0,0,0,0,0,4122,"CANEDOS, RUA",18664,"TANQUE VELHO, RUA",84,"TUCURUVI",1,0,"TANQUE VELHO, RUA SAO PAULO SP &  CANEDOS, RUA SAO PAULO SP",-23.4801758,-46.5995594
"6178","D041301998",37269,"JARDIM TAMOIO, RUA",NA,"",130,"","05/04/2013 09:50",2,"QD",103,1409," "," ",0,0,0,0,0,0,0,0,1,0,0,0,0,0,0,0,0,37269,"JARDIM TAMOIO, RUA",NA,"",51,"MANDAQUI",1,0,"JARDIM TAMOIO, RUA 130 SAO PAULO SP",-23.5550404,-46.443697
"6179","D041301469",4736,"CELSO GARCIA, AV",NA,"",5500,"","05/04/2013 10:00",2,"CH",52,1044," "," ",0,0,1,0,0,0,0,0,0,0,0,0,0,0,0,0,0,4736,"CELSO GARCIA, AV",NA,"",82,"TATUAPE",1,0,"CELSO GARCIA, AV 5500 SAO PAULO SP",-23.5317875,-46.5597425
"6180","D041300521",4249,"CARDOSO DE MELO, AV DR",18794,"TENERIFE, RUA",0,"","05/04/2013 10:00",2,"CO",96,1695," "," ",0,1,0,0,0,0,0,0,0,0,0,1,0,0,0,0,0,4249,"CARDOSO DE MELO, AV DR",18794,"TENERIFE, RUA",34,"ITAIM BIBI",1,0,"CARDOSO DE MELO, AV DR SAO PAULO SP &  TENERIFE, RUA SAO PAULO SP",-23.5987684,-46.6837077
"6181","D041300162",543,"ALCANTARA MACHADO, AV",16407,"PLACIDINA, RUA",0,"","05/04/2013 10:00",2,"CO",83,2480," "," ",1,1,0,0,0,0,0,0,0,0,0,0,0,0,0,0,0,543,"ALCANTARA MACHADO, AV",16407,"PLACIDINA, RUA",10,"BRAS",1,0,"ALCANTARA MACHADO, AV SAO PAULO SP &  PLACIDINA, RUA SAO PAULO SP",-23.5528151,-46.613419
"6182","D041301704",7146,"FIM DE SEMANA, AV",NA,"",207,"","05/04/2013 10:20",4,"AT",92,5626," "," ",0,1,0,0,0,0,0,0,0,0,0,0,0,0,0,0,0,7146,"FIM DE SEMANA, AV",NA,"",45,"JARDIM SAO LUIS",2,0,"FIM DE SEMANA, AV 207 SAO PAULO SP",-23.6545281,-46.7473637
"6183","D041300718",17822,"SAPETUBA, RUA",6105,"DRAUSIO, RUA",0,"","05/04/2013 10:20",2,"SI",34,2124," "," ",2,1,0,0,0,0,0,0,0,0,0,0,0,0,0,0,0,6105,"DRAUSIO, RUA",17822,"SAPETUBA, RUA",12,"BUTANTA",1,0,"SAPETUBA, RUA SAO PAULO SP &  DRAUSIO, RUA SAO PAULO SP",-23.5733923,-46.7111489
"6184","D041301347",18724,"TARUMA, AV",43777,"CARVALHO PINTO, AV GOV",0,"","05/04/2013 10:24",2,"CO",10,3773," "," ",1,1,0,0,0,0,0,0,0,0,0,0,0,0,0,0,0,18724,"TARUMA, AV",43777,"CARVALHO PINTO, AV GOV",18,"CANGAIBA",1,0,"TARUMA, AV SAO PAULO SP &  CARVALHO PINTO, AV GOV SAO PAULO SP",-23.5116736,-46.5269265
"6185","D041300384",10412,"JOAO PEDRO CARDOSO, AV",NA,"",232,"","05/04/2013 11:05",4,"AT",27,3474," "," ",0,1,0,0,0,0,0,0,0,0,0,0,0,0,0,0,0,10412,"JOAO PEDRO CARDOSO, AV",NA,"",15,"CAMPO BELO",1,0,"JOAO PEDRO CARDOSO, AV 232 SAO PAULO SP",-23.6350623,-46.6583247
"6186","D041301336",2490,"ATUAI, RUA",NA,"",967,"","05/04/2013 11:30",4,"AT",10,1051," "," ",1,0,0,0,0,0,0,0,0,0,0,0,0,0,0,0,0,2490,"ATUAI, RUA",NA,"",60,"PENHA",1,0,"ATUAI, RUA 967 SAO PAULO SP",-23.5305421,-46.5287087
"6188","D041300310",66,"ABRAAO DE MORAIS, AV PROF",NA,"",1919,"","05/04/2013 11:50",2,"CT",16,4437," "," ",2,0,0,0,0,0,0,0,0,0,0,0,0,0,0,0,0,66,"ABRAAO DE MORAIS, AV PROF",NA,"",79,"SAUDE",1,0,"ABRAAO DE MORAIS, AV PROF 1919 SAO PAULO SP",-23.6168501,-46.6272256
"6189","D041300033",4561,"CASTELO BRANCO, AV PRES",NA,"",12120,"","05/04/2013 12:00",2,"CT",2,1373," "," ",4,0,0,0,0,0,0,0,0,0,0,0,0,0,0,0,0,29772,"MARGINAL DO RIO TIETE, AV",NA,"",6,"BARRA FUNDA",1,0,"CASTELO BRANCO, AV PRES 12120 SAO PAULO SP",-23.5107983,-46.6853317
"6190","D041300122",15372,"PAMPLONA, RUA",NA,"",287,"","05/04/2013 12:09",4,"AT",5,1844," "," ",0,1,0,0,0,0,0,0,0,0,0,0,0,0,0,0,0,15372,"PAMPLONA, RUA",NA,"",17,"CAMPO LIMPO",1,0,"PAMPLONA, RUA 287 SAO PAULO SP",-23.5613069,-46.6517852
"6191","D041300682",7491,"FRANCISCO MATARAZZO, AV",NA,"",194,"","05/04/2013 12:15",2,"CO",23,3041," "," ",0,1,0,0,0,0,0,0,0,0,0,1,0,0,0,0,0,7491,"FRANCISCO MATARAZZO, AV",NA,"",6,"BARRA FUNDA",2,0,"FRANCISCO MATARAZZO, AV 194 SAO PAULO SP",-23.5308503,-46.6653189
"6192","D041301862",2516,"AUGUSTO CARLOS BAUMAN, RUA",NA,"",500,"","05/04/2013 12:20",2,"CO",32,2243,"C"," ",1,0,1,0,0,0,0,0,0,0,0,0,0,0,0,0,0,2516,"AUGUSTO CARLOS BAUMAN, RUA",NA,"",36,"ITAQUERA",5,0,"AUGUSTO CARLOS BAUMAN, RUA 500 SAO PAULO SP",-23.5338028,-46.4496991
"6193","D041302098",34500,"IGUATEMI, AV",NA,"",7000,"","05/04/2013 12:35",2,"QD",54,1949," "," ",0,0,0,0,0,0,0,1,0,0,0,0,0,0,0,0,0,34500,"IGUATEMI, AV",NA,"",50,"LIMAO",2,0,"IGUATEMI, AV 7000 SAO PAULO SP",-23.6123343,-46.4041106
"6194","D041301448",19708,"VILA EMA, AV",NA,"",2333,"","05/04/2013 12:38",4,"AT",42,1274,"C"," ",0,0,0,1,0,0,0,0,0,0,0,0,0,0,0,0,0,19708,"VILA EMA, AV",NA,"",26,"CONSOLACAO",1,0,"VILA EMA, AV 2333 SAO PAULO SP",-23.5814741,-46.5542645
"6195","D041300656",18519,"SUMARE, AV",NA,"",100,"","05/04/2013 12:50",2,"CT",23,1844," "," ",0,2,0,0,0,0,0,0,0,0,0,0,0,0,0,0,0,18519,"SUMARE, AV",NA,"",61,"PERDIZES",1,0,"SUMARE, AV 100 SAO PAULO SP",-23.5308379,-46.6773469
"6196","D041301966",47022,"MIGUEL IGNACIO CURI, AV",NA,"",12,"","05/04/2013 12:57",4,"AT",65,1168," "," ",1,0,0,0,0,0,0,0,0,0,0,0,0,0,0,0,0,47022,"MIGUEL IGNACIO CURI, AV",NA,"",36,"ITAQUERA",1,0,"MIGUEL IGNACIO CURI, AV 12 SAO PAULO SP",-23.5456491,-46.4615946
"6197","D041301103",19884,"VOLUNTARIOS DA PATRIA, RUA",NA,"",4580,"","05/04/2013 13:00",2,"CO",20,3035," "," ",1,1,0,0,0,0,0,0,0,0,0,0,0,0,0,0,0,19884,"VOLUNTARIOS DA PATRIA, RUA",NA,"",8,"BELEM",1,0,"VOLUNTARIOS DA PATRIA, RUA 4580 SAO PAULO SP",-23.4816506,-46.6320679
"6198","D041301208",19201,"TUCURUVI, AV",NA,"",668,"","05/04/2013 13:00",4,"AT",39,1601," "," ",0,0,0,0,0,0,0,1,0,0,0,0,0,0,0,0,0,19201,"TUCURUVI, AV",NA,"",22,"CIDADE ADEMAR",1,0,"TUCURUVI, AV 668 SAO PAULO SP",-23.4808241,-46.6054315
"6199","D041300992",10622,"JOAQUINA RAMALHO, AV",NA,"",126,"","05/04/2013 13:00",4,"AT",9,2038," "," ",1,0,0,0,0,0,0,0,0,0,0,0,0,0,0,0,0,10622,"JOAQUINA RAMALHO, AV",NA,"",88,"VILA GUILHERME",1,0,"JOAQUINA RAMALHO, AV 126 SAO PAULO SP",-23.5153397,-46.6078598
"6200","D041301441",4502,"CARRAO, AV CONS",12381,"LUTECIA, RUA",0,"","05/04/2013 13:00",2,"CO",31,2191," "," ",1,1,0,0,0,0,0,0,0,0,0,0,0,0,0,0,0,4502,"CARRAO, AV CONS",12381,"LUTECIA, RUA",20,"CARRAO",1,0,"CARRAO, AV CONS SAO PAULO SP &  LUTECIA, RUA SAO PAULO SP",-23.5458958,-46.5434081
"6202","D041301348",7703,"GABRIELA MISTRAL, AV",3145,"BENEDITO DE CAMARGO, RUA PDE",0,"","05/04/2013 13:23",2,"CL",10,3780," "," ",1,0,0,0,0,0,0,0,0,0,0,1,0,0,0,0,0,3145,"BENEDITO DE CAMARGO, RUA PDE",16052,"PENHA DE FRANCA, AV",60,"PENHA",1,0,"GABRIELA MISTRAL, AV SAO PAULO SP &  BENEDITO DE CAMARGO, RUA PDE SAO PAULO SP",-23.5098584,-46.5505242
"6203","D041300311",3523,"BOSQUE DA SAUDE, AV",NA,"",1108,"","05/04/2013 14:00",2,"CT",16,4438," "," ",3,0,0,0,0,0,0,0,1,0,0,1,0,0,0,0,0,3523,"BOSQUE DA SAUDE, AV",NA,"",27,"CURSINO",2,0,"BOSQUE DA SAUDE, AV 1108 SAO PAULO SP",-23.6125938,-46.6281496
"6204","D041301104",18151,"SEZEFREDO FAGUNDES, AV CEL",NA,"",1250,"","05/04/2013 14:13",2,"SI",20,3040," "," ",3,0,0,0,0,0,0,0,0,0,0,0,0,0,0,0,0,18151,"SEZEFREDO FAGUNDES, AV CEL",NA,"",22,"CIDADE ADEMAR",3,0,"SEZEFREDO FAGUNDES, AV CEL 1250 SAO PAULO SP",-23.4681739,-46.6038065
"6205","D041301047",4308,"CARLOS BELMIRO CORREIA, RUA",NA,"",959,"","05/04/2013 14:18",2,"CO",13,3666," "," ",1,0,0,0,0,0,0,0,0,0,0,1,0,0,0,0,0,4308,"CARLOS BELMIRO CORREIA, RUA",NA,"",21,"CASA VERDE",1,0,"CARLOS BELMIRO CORREIA, RUA 959 SAO PAULO SP",-23.4972657,-46.6577816
"6207","D041301519",6371,"ELISABETH DE ROBIANO, AV CDSSA",NA,"",1950,"","05/04/2013 15:30",2,"CO",81,1047," "," ",0,0,0,2,0,0,0,0,0,0,0,0,0,0,0,0,0,29772,"MARGINAL DO RIO TIETE, AV",NA,"",82,"TATUAPE",1,0,"ELISABETH DE ROBIANO, AV CDSSA 1950 SAO PAULO SP",-23.5076424,-46.5495997
"6208","D041300901",11913,"LINO COUTINHO, RUA",NA,"",1969,"","05/04/2013 15:30",4,"AT",17,1960," "," ",0,0,0,0,1,0,0,0,0,0,0,0,0,0,0,0,0,11913,"LINO COUTINHO, RUA",NA,"",33,"IPIRANGA",2,0,"LINO COUTINHO, RUA 1969 SAO PAULO SP",-23.6008985,-46.6015404
"6209","D041301169",64137,"FRANCISCO MACHADO DA SILVA, AV",NA,"",697,"","05/04/2013 15:40",2,"CO",38,1755," "," ",0,1,0,0,0,0,0,1,0,0,0,0,0,0,0,0,0,64137,"FRANCISCO MACHADO DA SILVA, AV",NA,"",13,"CACHOEIRINHA",2,0,"FRANCISCO MACHADO DA SILVA, AV 697 SAO PAULO SP",-23.4540307,-46.660351
"6210","D041300385",10918,"JOSE DINIZ, AV VER",NA,"",1300,"","05/04/2013 15:40",2,"SI",27,3483," "," ",1,1,0,0,0,0,0,0,0,0,0,0,0,0,0,0,0,10918,"JOSE DINIZ, AV VER",NA,"",15,"CAMPO BELO",1,0,"JOSE DINIZ, AV VER 1300 SAO PAULO SP",-23.6327088,-46.6894475
"6211","D041301706",2522,"AUGUSTO DE CASTRO, AV",NA,"",400,"","05/04/2013 16:00",2,"QD",98,1227," "," ",0,0,0,0,0,0,0,1,0,0,0,0,0,0,0,0,0,2522,"AUGUSTO DE CASTRO, AV",NA,"",22,"CIDADE ADEMAR",1,0,"AUGUSTO DE CASTRO, AV 400 SAO PAULO SP",-23.6890315,-46.6630421
"6212","D041301507",15034,"ORATORIO, RUA DO",15304,"PAES DE BARROS, AV",0,"","05/04/2013 16:00",4,"AT",57,900009," "," ",0,1,0,0,0,0,0,0,0,0,0,0,0,0,0,0,0,14213,"MOOCA, RUA DA",15304,"PAES DE BARROS, AV",54,"MOOCA",1,0,"ORATORIO, RUA DO SAO PAULO SP &  PAES DE BARROS, AV SAO PAULO SP",-23.5746761,-46.5791424
"6214","D041300443",19583,"VERGUEIRO, RUA",NA,"",1925,"","05/04/2013 17:10",4,"AT",36,1546," "," ",0,1,0,0,0,0,0,0,0,0,0,0,0,0,0,0,0,19583,"VERGUEIRO, RUA",NA,"",33,"IPIRANGA",1,0,"VERGUEIRO, RUA 1925 SAO PAULO SP",-23.5790925,-46.6397559
"6215","D041302123",2181,"ARICANDUVA, AV",NA,"",5670,"","05/04/2013 17:20",2,"CO",66,1589," "," ",0,1,0,1,0,0,0,0,0,0,0,0,0,0,0,0,0,2181,"ARICANDUVA, AV",NA,"",60,"PENHA",1,0,"ARICANDUVA, AV 5670 SAO PAULO SP",-23.5703744,-46.5046074