"","id_acidente","codloga","logradouroA","codlogb","logradouroB","alt_num","referencia","data","cod_acid","tipo_acidente","dp","numero_BO","sentido","pista","automovel","moto","onibus","caminhao","bicicleta","moto_taxi","onibus_fretado","onibus_urbano","microonibus","van","vuc","caminhonete","carreta","jipe","outros","sem_informacao","carroca","princ_a","paiA","princ_b","paiB","cod_distrito","distrito","vit_ferida","vit_morta","local","lat","lon"
"6216","D041300386",9880,"JAMARIS, AV",1229,"ANAPURUS, AL DOS",0,"","05/04/2013 17:40",2,"CO",27,3487," "," ",2,0,0,0,0,0,0,0,0,0,0,0,0,0,0,0,0,1229,"ANAPURUS, AL DOS",9880,"JAMARIS, AV",53,"MOEMA",1,0,"JAMARIS, AV SAO PAULO SP &  ANAPURUS, AL DOS SAO PAULO SP",-23.6100957,-46.6553729
"6217","D041301814",10907,"JOSE DE PORCIUNCULA, RUA DR",NA,"",1492,"","05/04/2013 17:40",2,"CO",22,1380," "," ",1,1,0,0,0,0,0,0,0,0,0,0,0,0,0,0,0,10907,"JOSE DE PORCIUNCULA, RUA DR",NA,"",53,"MOEMA",1,0,"JOSE DE PORCIUNCULA, RUA DR 1492 SAO PAULO SP",-23.483003,-46.4183085
"6218","D041300851",16878,"RAPOSO TAVARES, VIA",NA,"",16,"","05/04/2013 18:20",2,"CO",75,1174," "," ",2,1,0,0,0,0,0,0,0,0,0,0,0,0,0,0,0,16878,"RAPOSO TAVARES, VIA",NA,"",13,"CACHOEIRINHA",1,0,"RAPOSO TAVARES, VIA 16 SAO PAULO SP",-23.6219379,-46.6885622
"6219","D041302014",10503,"JOAO XXIII, AV",NA,"",1930,"","05/04/2013 18:21",2,"QD",41,1958," "," ",0,0,1,0,0,0,0,0,0,0,0,0,0,0,0,0,0,10503,"JOAO XXIII, AV",NA,"",4,"ARICANDUVA",1,0,"JOAO XXIII, AV 1930 SAO PAULO SP",-23.5660706,-46.5259755
"6220","D041300191",11922,"LINS DE VASCONCELOS, AV",NA,"",2100,"","05/04/2013 18:25",2,"QD",6,1633," "," ",0,0,0,0,0,0,0,1,0,0,0,0,0,0,0,0,0,11922,"LINS DE VASCONCELOS, AV",NA,"",92,"VILA MARIANA",1,0,"LINS DE VASCONCELOS, AV 2100 SAO PAULO SP",-23.5815784,-46.6255977
"6221","D041302164",24338,"LUIZ IGNACIO ANHAIA MELLO, AV PROF",NA,"",8063,"","05/04/2013 18:33",2,"SI",70,3424," "," ",1,0,0,0,0,0,0,0,0,0,0,0,0,0,0,0,0,24338,"LUIZ IGNACIO ANHAIA MELLO, AV PROF",NA,"",26,"CONSOLACAO",1,0,"LUIZ IGNACIO ANHAIA MELLO, AV PROF 8063 SAO PAULO SP",-23.6018709,-46.5240593
"6223","D041300636",6897,"FARIA LIMA, AV BRIG",NA,"",5000,"","05/04/2013 19:25",2,"QD",15,3254," "," ",0,0,1,0,0,0,0,0,0,0,0,0,0,0,0,0,0,6897,"FARIA LIMA, AV BRIG",NA,"",63,"PINHEIROS",1,0,"FARIA LIMA, AV BRIG 5000 SAO PAULO SP",-23.5967626,-46.6797189
"6224","D041301416",34122,"MELO FREIRE, RUA",NA,"",1000,"","05/04/2013 19:30",2,"CO",30,1824," "," ",1,1,0,0,0,0,0,0,0,0,0,0,0,0,0,0,0,34122,"MELO FREIRE, RUA",NA,"",27,"CURSINO",1,0,"MELO FREIRE, RUA 1000 SAO PAULO SP",-23.5391715,-46.5695321
"6225","D041301541",9384,"ISABEL SCHMIDT, RUA",NA,"",200,"","05/04/2013 19:33",2,"CO",11,3769," "," ",2,0,0,0,0,0,0,0,0,0,0,0,0,0,0,0,0,9384,"ISABEL SCHMIDT, RUA",NA,"",72,"SANTO AMARO",1,0,"ISABEL SCHMIDT, RUA 200 SAO PAULO SP",-23.6509927,-46.7040832
"6227","D041301435",6440,"EMILIA MARENGO, RUA",14507,"NESTOR DE BARROS, RUA",0,"","05/04/2013 19:50",2,"CO",30,3930," "," ",1,1,0,0,0,0,0,0,0,0,0,0,0,0,0,0,0,6440,"EMILIA MARENGO, RUA",14507,"NESTOR DE BARROS, RUA",82,"TATUAPE",1,0,"EMILIA MARENGO, RUA SAO PAULO SP &  NESTOR DE BARROS, RUA SAO PAULO SP",-23.554111,-46.5606591
"6228","D041300537",2792,"BANDEIRANTES, RUA DOS",NA,"",10037,"","05/04/2013 20:03",2,"CT",96,3488," "," ",1,1,0,0,0,0,0,0,0,0,0,0,0,0,0,0,0,2792,"BANDEIRANTES, RUA DOS",NA,"",9,"BOM RETIRO",1,0,"BANDEIRANTES, RUA DOS 10037 SAO PAULO SP",-23.4028673,-46.7675473
"6229","D041302077",7503,"FRANCISCO MUNHOZ FILHO, AV DR",NA,"",2099,"","05/04/2013 20:30",4,"AT",53,2197," "," ",2,0,0,0,0,0,0,0,0,0,0,0,0,0,0,0,0,7503,"FRANCISCO MUNHOZ FILHO, AV DR",NA,"",58,"PARQUE DO CARMO",1,0,"FRANCISCO MUNHOZ FILHO, AV DR 2099 SAO PAULO SP",-23.5640492,-46.4737054
"6230","D041301683",16053,"JOSE BARROS MAGALDI, RUA",NA,"",907,"","05/04/2013 21:17",2,"CO",92,4252," "," ",1,1,0,0,0,0,0,0,0,0,0,0,0,0,0,0,0,16053,"JOSE BARROS MAGALDI, RUA",NA,"",32,"IGUATEMI",1,0,"JOSE BARROS MAGALDI, RUA 907 SAO PAULO SP",-23.6655039,-46.7373953
"6231","D041300963",9836,"JAGUARE, AV",13019,"ESCOLA POLITECNICA, AV",0,"","05/04/2013 21:30",2,"CO",93,2238," "," ",1,1,0,0,0,0,0,0,0,0,0,0,0,0,0,0,0,5309,"CORIFEU DE AZEVEDO MARQUES, AV",9836,"JAGUARE, AV",55,"MORUMBI",1,0,"JAGUARE, AV SAO PAULO SP &  ESCOLA POLITECNICA, AV SAO PAULO SP",-23.550963,-46.74035
"6232","D041301013",5567,"CRUZEIRO DO SUL, AV",4219,"ZAKI NARCHI, AV",0,"","05/04/2013 22:05",2,"CO",9,3054,"C"," ",1,1,0,0,0,0,0,0,0,0,0,0,0,0,0,0,0,4219,"ZAKI NARCHI, AV",5567,"CRUZEIRO DO SUL, AV",71,"SANTANA",1,0,"CRUZEIRO DO SUL, AV SAO PAULO SP &  ZAKI NARCHI, AV SAO PAULO SP",-23.5073033,-46.6250321
"6233","D041300555",2235,"ARMANDO DE ARRUDA PEREIRA, AV ENG",15700,"FELIPE D'OLIVEIRA, RUA",0,"","05/04/2013 22:41",2,"CT",97,2879," "," ",1,0,0,0,0,0,0,1,0,0,0,0,0,0,0,0,0,2235,"ARMANDO DE ARRUDA PEREIRA, AV ENG",15700,"FELIPE D'OLIVEIRA, RUA",37,"JABAQUARA",2,0,"ARMANDO DE ARRUDA PEREIRA, AV ENG SAO PAULO SP &  FELIPE D'OLIVEIRA, RUA SAO PAULO SP",-23.6342719,-46.6414387
"6236","D041300003",16725,"QUEIROS, AV SEN",NA,"",583,"","06/04/2013 00:10",2,"CP",1,2492," "," ",1,0,0,0,0,0,0,0,0,0,0,0,0,0,0,0,0,16725,"QUEIROS, AV SEN",NA,"",9,"BOM RETIRO",2,0,"QUEIROS, AV SEN 583 SAO PAULO SP",-23.5397173,-46.6305049
"6237","D041301612",17772,"SANT'ANNA, AV COMEN",NA,"",613,"","06/04/2013 01:00",2,"CO",47,4294,"C"," ",1,1,0,0,0,0,0,0,0,0,0,0,0,0,0,0,0,17772,"SANT'ANNA, AV COMEN",NA,"",29,"FREGUESIA DO O",1,0,"SANT'ANNA, AV COMEN 613 SAO PAULO SP",-23.5186813,-46.6999583
"6238","D041301014",20089,"ZUQUIM, RUA DR",NA,"",1206,"","06/04/2013 01:00",2,"CH",9,3062," "," ",1,0,0,0,0,0,0,0,0,0,0,0,0,0,0,0,0,20089,"ZUQUIM, RUA DR",NA,"",8,"BELEM",1,0,"ZUQUIM, RUA DR 1206 SAO PAULO SP",-23.4947579,-46.6225763
"6239","D041301542",19931,"WASHINGTON LUIS, AV",11758,"LEONIDAS, RUA S",0,"","06/04/2013 01:00",2,"CO",11,3770," "," ",1,1,0,0,0,0,0,0,0,0,0,0,0,0,0,0,0,11758,"LEONIDAS, RUA S",19931,"WASHINGTON LUIS, AV",72,"SANTO AMARO",1,0,"WASHINGTON LUIS, AV SAO PAULO SP &  LEONIDAS, RUA S SAO PAULO SP",-23.6605391,-46.7039265
"6240","D041301580",19931,"WASHINGTON LUIS, AV",11758,"LEONIDAS, RUA S",0,"","06/04/2013 01:00",2,"CO",11,900051," "," ",1,1,0,0,0,0,0,0,0,0,0,0,0,0,0,0,0,11758,"LEONIDAS, RUA S",19931,"WASHINGTON LUIS, AV",72,"SANTO AMARO",1,0,"WASHINGTON LUIS, AV SAO PAULO SP &  LEONIDAS, RUA S SAO PAULO SP",-23.6605391,-46.7039265
"6242","D041300163",543,"ALCANTARA MACHADO, AV",NA,"",2300,"","06/04/2013 02:22",2,"CO",8,2495," "," ",2,0,0,0,0,0,0,0,0,0,0,1,0,0,0,0,0,543,"ALCANTARA MACHADO, AV",NA,"",10,"BRAS",1,0,"ALCANTARA MACHADO, AV 2300 SAO PAULO SP",-23.5463898,-46.5989136
"6243","D041302148",17135,"RIO DAS PEDRAS, AV",NA,"",844,"","06/04/2013 02:40",2,"QM",69,3433," "," ",0,1,0,0,0,0,0,0,0,0,0,0,0,0,0,0,0,17135,"RIO DAS PEDRAS, AV",NA,"",27,"CURSINO",1,0,"RIO DAS PEDRAS, AV 844 SAO PAULO SP",-23.563017,-46.5154398
"6245","D041300038",18993,"TIRADENTES, AV",NA,"",100,"","06/04/2013 03:12",4,"AT",2,1892," "," ",0,0,0,0,0,0,0,0,0,0,0,1,0,0,0,0,0,18993,"TIRADENTES, AV",NA,"",9,"BOM RETIRO",1,0,"TIRADENTES, AV 100 SAO PAULO SP",-23.5348987,-46.6331073
"6246","D041300907",8000,"GIOVANNI GRONCHI, AV",63087,"CHARLES SPENCER CHAPLIN, RUA",0,"","06/04/2013 03:23",4,"AT",89,2756," "," ",0,1,0,0,0,0,0,0,0,0,0,0,0,0,0,0,0,8000,"GIOVANNI GRONCHI, AV",63087,"CHARLES SPENCER CHAPLIN, RUA",85,"VILA ANDRADE",1,0,"GIOVANNI GRONCHI, AV SAO PAULO SP &  CHARLES SPENCER CHAPLIN, RUA SAO PAULO SP",-23.6004501,-46.710515
"6247","D041301150",3771,"INAJAR DE SOUZA, AV",NA,"",800,"","06/04/2013 03:28",2,"CH",28,3686," "," ",0,1,0,0,0,0,0,0,0,0,0,0,0,0,0,0,0,3771,"INAJAR DE SOUZA, AV",NA,"",50,"LIMAO",2,0,"INAJAR DE SOUZA, AV 800 SAO PAULO SP",-23.4983672,-46.6849109
"6249","D041300342",12421,"MACARIO, RUA DOM",NA,"",443,"","06/04/2013 03:43",2,"SI",26,2881," "," ",0,0,0,0,0,0,0,0,0,0,0,0,0,0,0,2,0,12421,"MACARIO, RUA DOM",NA,"",27,"CURSINO",2,0,"MACARIO, RUA DOM 443 SAO PAULO SP",-23.6197646,-46.6134514
"6250","D041300740",7500,"FRANCISCO MORATO, AV PROF",NA,"",2200,"","06/04/2013 03:46",2,"CT",34,2757," "," ",0,1,0,0,0,0,0,0,0,0,0,1,0,0,0,0,0,7500,"FRANCISCO MORATO, AV PROF",NA,"",12,"BUTANTA",2,0,"FRANCISCO MORATO, AV PROF 2200 SAO PAULO SP",-23.5849692,-46.7199303
"6251","D041301332",4077,"CANAPOLIS, RUA",NA,"",85,"","06/04/2013 05:06",2,"CH",90,3500," "," ",2,0,0,1,0,0,0,0,0,0,0,0,0,0,0,0,0,4077,"CANAPOLIS, RUA",NA,"",94,"VILA MEDEIROS",4,0,"CANAPOLIS, RUA 85 SAO PAULO SP",-23.4942097,-46.5809709
"6253","D041301501",19448,"VALENCA, RUA MARQ DE",NA,"",229,"","06/04/2013 05:50",2,"CH",57,2128," "," ",1,1,0,0,0,0,0,0,0,0,0,0,0,0,0,0,0,19448,"VALENCA, RUA MARQ DE",NA,"",33,"IPIRANGA",1,0,"VALENCA, RUA MARQ DE 229 SAO PAULO SP",-23.5581336,-46.5935173
"6254","D041301457",19708,"VILA EMA, AV",NA,"",3292,"","06/04/2013 06:00",2,"CO",42,2127,"B"," ",0,0,0,0,1,0,0,0,0,0,0,0,0,0,0,1,0,19708,"VILA EMA, AV",NA,"",26,"CONSOLACAO",1,0,"VILA EMA, AV 3292 SAO PAULO SP",-23.5850688,-46.546131
"6255","D041301317",16838,"RAIMUNDO PEREIRA DE MAGAL., AV",18594,"TAIPAS, ES",0,"","06/04/2013 06:00",2,"CO",74,2993," "," ",1,1,0,0,0,0,0,0,0,0,0,0,0,0,0,0,0,16838,"RAIMUNDO PEREIRA DE MAGAL., AV",18594,"TAIPAS, ES",41,"JARAGUA",2,0,"RAIMUNDO PEREIRA DE MAGAL., AV SAO PAULO SP &  TAIPAS, ES SAO PAULO SP",-23.4806625,-46.7253209
"6257","D041301395",11325,"JULIO COLACO, RUA",NA,"",331,"","06/04/2013 06:30",2,"CO",21,3813," "," ",1,1,0,0,0,0,0,0,0,0,0,0,0,0,0,0,0,11325,"JULIO COLACO, RUA",NA,"",20,"CARRAO",2,0,"JULIO COLACO, RUA 331 SAO PAULO SP",-23.5367954,-46.5431331
"6258","D041301825",17820,"TITO, AV MAL",NA,"",2744,"","06/04/2013 06:30",2,"CO",22,2454," "," ",0,1,0,0,0,0,0,0,0,0,0,0,0,0,0,1,0,17820,"TITO, AV MAL",NA,"",53,"MOEMA",1,0,"TITO, AV MAL 2744 SAO PAULO SP",-23.4940318,-46.4191519
"6259","D041301543",19931,"WASHINGTON LUIS, AV",NA,"",1708,"","06/04/2013 06:30",2,"CT",11,3776," "," ",1,1,0,0,0,0,0,0,0,0,0,0,0,0,0,0,0,19931,"WASHINGTON LUIS, AV",NA,"",30,"GRAJAU",1,0,"WASHINGTON LUIS, AV 1708 SAO PAULO SP",-23.6538527,-46.6895788
"6260","D041301784",22167,"JOSE CARLOS HEFFNER, RUA",NA,"",51,"","06/04/2013 06:30",2,"CH",101,2446," "," ",1,0,0,0,0,0,0,0,0,0,0,1,0,0,0,0,0,22167,"JOSE CARLOS HEFFNER, RUA",NA,"",32,"IGUATEMI",1,0,"JOSE CARLOS HEFFNER, RUA 51 SAO PAULO SP",-23.7449567,-46.6844706
"6261","D041300199",17083,"RICARDO JAFET, AV DR",NA,"",1501,"","06/04/2013 06:40",2,"CT",6,2507," "," ",1,1,0,0,0,0,0,0,0,0,0,0,0,0,0,0,0,17083,"RICARDO JAFET, AV DR",NA,"",37,"JABAQUARA",2,0,"RICARDO JAFET, AV DR 1501 SAO PAULO SP",-23.5856523,-46.6184105
"6262","D041300241",3653,"BRESSER, RUA",4736,"CELSO GARCIA, AV",0,"","06/04/2013 06:45",4,"AT",12,2502," "," ",1,0,0,0,0,0,0,0,0,0,0,0,0,0,0,0,0,3653,"BRESSER, RUA",4736,"CELSO GARCIA, AV",10,"BRAS",1,0,"BRESSER, RUA SAO PAULO SP &  CELSO GARCIA, AV SAO PAULO SP",-23.5353694,-46.6103911
"6263","D041301993",22804,"FRANCISCO GODINHO, RUA",NA,"",12,"","06/04/2013 06:58",2,"CO",68,4204," "," ",2,0,0,0,0,0,0,0,0,0,0,0,0,0,0,0,0,22804,"FRANCISCO GODINHO, RUA",NA,"",50,"LIMAO",2,0,"FRANCISCO GODINHO, RUA 12 SAO PAULO SP",-23.5434879,-46.3996707
"6264","D041300828",17162,"RIO PEQUENO, AV DO",NA,"",1178,"","06/04/2013 07:10",2,"CO",51,2385," "," ",0,1,0,0,0,0,0,0,0,0,0,0,0,0,0,0,0,17162,"RIO PEQUENO, AV DO",NA,"",13,"CACHOEIRINHA",1,0,"RIO PEQUENO, AV DO 1178 SAO PAULO SP",-23.5684355,-46.7560304
"6265","D041300131",17517,"RUI BARBOSA, RUA",NA,"",22,"","06/04/2013 07:30",2,"CO",5,2698," "," ",1,1,0,0,0,0,0,0,0,0,0,0,0,0,0,0,0,17517,"RUI BARBOSA, RUA",NA,"",17,"CAMPO LIMPO",1,0,"RUI BARBOSA, RUA 22 SAO PAULO SP",-23.5582913,-46.6454516
"6266","D041302160",24338,"LUIZ IGNACIO ANHAIA MELLO, AV PROF",NA,"",8661,"","06/04/2013 07:40",2,"QM",70,1979," "," ",0,1,0,0,0,0,0,0,0,0,0,0,0,0,0,0,0,24338,"LUIZ IGNACIO ANHAIA MELLO, AV PROF",NA,"",26,"CONSOLACAO",1,0,"LUIZ IGNACIO ANHAIA MELLO, AV PROF 8661 SAO PAULO SP",-23.6024054,-46.5193969
"6267","D041301252",3771,"INAJAR DE SOUZA, AV",NA,"",4100,"","06/04/2013 07:50",2,"CO",72,2968," "," ",1,1,0,0,0,0,0,0,0,0,0,0,0,0,0,0,0,3771,"INAJAR DE SOUZA, AV",NA,"",50,"LIMAO",1,0,"INAJAR DE SOUZA, AV 4100 SAO PAULO SP",-23.4752766,-46.6704918
"6269","D041300762",34682,"CAMPO LIMPO, ES DO",NA,"",6415,"","06/04/2013 08:00",2,"QM",37,2766," "," ",0,1,0,0,0,0,0,0,0,0,0,0,0,0,0,0,0,34682,"CAMPO LIMPO, ES DO",NA,"",17,"CAMPO LIMPO",2,0,"CAMPO LIMPO, ES DO 6415 SAO PAULO SP",-23.2019463,-46.785846
"6271","D041301994",3102,"BELMIRO VALVERDE, RUA",NA,"",42,"","06/04/2013 09:42",4,"AT",68,4215," "," ",0,1,0,0,0,0,0,0,0,0,0,0,0,0,0,0,0,3102,"BELMIRO VALVERDE, RUA",NA,"",47,"LAJEADO",2,0,"BELMIRO VALVERDE, RUA 42 SAO PAULO SP",-23.5429424,-46.4111747
"6272","D041302259",3102,"BELMIRO VALVERDE, RUA",NA,"",42,"","06/04/2013 09:42",4,"AT",50,1280," "," ",0,1,0,0,0,0,0,0,0,0,0,0,0,0,0,0,0,3102,"BELMIRO VALVERDE, RUA",NA,"",47,"LAJEADO",0,1,"BELMIRO VALVERDE, RUA 42 SAO PAULO SP",-23.5429424,-46.4111747
"6273","D041301048",3637,"BRAZ LEME, AV",NA,"",3229,"","06/04/2013 10:10",2,"CO",13,3697," "," ",2,1,0,0,0,0,0,0,0,0,0,0,0,0,0,0,0,3637,"BRAZ LEME, AV",NA,"",21,"CASA VERDE",1,0,"BRAZ LEME, AV 3229 SAO PAULO SP",-23.5038989,-46.6291354
"6274","D041300943",16726,"QUEIROZ FILHO, AV",2991,"BAUMANN, RUA",0,"","06/04/2013 10:10",2,"CO",91,2253," "," ",0,1,0,0,0,0,0,0,0,0,0,1,0,0,0,0,0,2991,"BAUMANN, RUA",16726,"QUEIROZ FILHO, AV",90,"VILA LEOPOLDINA",1,0,"QUEIROZ FILHO, AV SAO PAULO SP &  BAUMANN, RUA SAO PAULO SP",-23.5372434,-46.7199853
"6275","D041301870",3933,"ITAPITANGA, RUA",NA,"",70,"","06/04/2013 10:35",4,"AT",32,2464," "," ",0,0,1,0,0,0,0,0,0,0,0,0,0,0,0,0,0,3933,"ITAPITANGA, RUA",NA,"",88,"VILA GUILHERME",1,0,"ITAPITANGA, RUA 70 SAO PAULO SP",-23.5508074,-46.4617643
"6276","D041302261",3933,"ITAPITANGA, RUA",NA,"",70,"","06/04/2013 10:35",4,"AT",63,2350," "," ",0,0,1,0,0,0,0,0,0,0,0,0,0,0,0,0,0,3933,"ITAPITANGA, RUA",NA,"",88,"VILA GUILHERME",0,1,"ITAPITANGA, RUA 70 SAO PAULO SP",-23.5508074,-46.4617643
"6278","D041301817",9806,"PIRES DO RIO, AV",NA,"",397,"","06/04/2013 11:00",4,"AT",22,1766," "," ",0,1,0,0,0,0,0,0,0,0,0,0,0,0,0,0,0,9806,"PIRES DO RIO, AV",NA,"",76,"SAO MIGUEL",1,0,"PIRES DO RIO, AV 397 SAO PAULO SP",-23.4999969,-46.4424565
"6279","D041301151",3771,"INAJAR DE SOUZA, AV",NA,"",3550,"","06/04/2013 11:10",4,"AT",28,3696," "," ",1,0,0,0,0,0,0,0,0,0,0,0,0,0,0,0,0,3771,"INAJAR DE SOUZA, AV",NA,"",50,"LIMAO",1,0,"INAJAR DE SOUZA, AV 3550 SAO PAULO SP",-23.4790572,-46.6729458
"6280","D041300242",19516,"VAUTIER, AV",NA,"",186,"","06/04/2013 11:45",4,"AT",12,2514," "," ",1,0,0,0,0,0,0,0,0,0,0,0,0,0,0,0,0,19516,"VAUTIER, AV",NA,"",25,"CIDADE TIRADENT",1,0,"VAUTIER, AV 186 SAO PAULO SP",-23.533427,-46.6218653
"6281","D041300741",16337,"ELISEU DE ALMEIDA, AV",NA,"",3200,"","06/04/2013 11:50",2,"CL",34,2772," "," ",1,1,0,0,0,0,0,0,0,0,0,0,0,0,0,0,0,16337,"ELISEU DE ALMEIDA, AV",NA,"",0,"NULL",1,0,"ELISEU DE ALMEIDA, AV 3200 SAO PAULO SP",-23.5897038,-46.7352548
"6282","D041302201",8368,"GUARAPIRANGA, AV",NA,"",621,"","06/04/2013 12:15",4,"AT",11,3821,"C"," ",0,0,1,0,0,0,0,0,0,0,0,0,0,0,0,0,0,8368,"GUARAPIRANGA, AV",NA,"",45,"JARDIM SAO LUIS",0,1,"GUARAPIRANGA, AV 621 SAO PAULO SP",-23.6738284,-46.7342969
"6283","D041300742",7500,"FRANCISCO MORATO, AV PROF",NA,"",3077,"","06/04/2013 12:26",2,"CT",34,2774," "," ",1,1,0,0,0,0,0,0,0,0,0,0,0,0,0,0,0,7500,"FRANCISCO MORATO, AV PROF",NA,"",12,"BUTANTA",1,0,"FRANCISCO MORATO, AV PROF 3077 SAO PAULO SP",-23.5888019,-46.7279854
"6284","D041301316",16838,"RAIMUNDO PEREIRA DE MAGAL., AV",NA,"",9700,"","06/04/2013 12:30",2,"CO",74,2985," "," ",3,0,0,0,0,0,0,0,0,0,0,0,0,0,0,0,0,16838,"RAIMUNDO PEREIRA DE MAGAL., AV",NA,"",31,"GUAIANASES",1,0,"RAIMUNDO PEREIRA DE MAGAL., AV 9700 SAO PAULO SP",-23.4576079,-46.7191097
"6285","D041301732",6238,"NACOES UNIDAS, AV DAS",NA,"",22540,"","06/04/2013 12:30",2,"CO",99,1572," "," ",1,1,0,0,0,0,0,0,0,0,0,0,0,0,0,0,0,13014,"MARGINAL DO RIO PINHEIROS, AV",NA,"",90,"VILA LEOPOLDINA",1,0,"NACOES UNIDAS, AV DAS 22540 SAO PAULO SP",-23.6793686,-46.6964197
"6286","D041301418",19206,"TUIUTI, RUA",NA,"",1173,"","06/04/2013 12:43",4,"AT",30,1855," "," ",1,0,0,0,0,0,0,0,0,0,0,0,0,0,0,0,0,19206,"TUIUTI, RUA",NA,"",27,"CURSINO",1,0,"TUIUTI, RUA 1173 SAO PAULO SP",-23.5357116,-46.5754106
"6287","D041302115",17269,"RODOLFO PIRANI, AV",NA,"",1021,"","06/04/2013 12:45",4,"AT",55,4605," "," ",1,0,0,0,0,0,0,0,0,0,0,0,0,0,0,0,0,17269,"RODOLFO PIRANI, AV",NA,"",55,"MORUMBI",2,0,"RODOLFO PIRANI, AV 1021 SAO PAULO SP",-23.6337159,-46.4619153
"6288","D041302137",197,"ADEMAR PEREIRA DE BARROS, AV",NA,"",10,"","06/04/2013 13:00",2,"CO",66,2230," "," ",1,1,0,0,0,0,0,0,0,0,0,0,0,0,0,0,0,197,"ADEMAR PEREIRA DE BARROS, AV",NA,"",4,"ARICANDUVA",1,0,"ADEMAR PEREIRA DE BARROS, AV 10 SAO PAULO SP",-23.5644617,-46.5126001
"6289","D041301970",13480,"MARIO FURTADO, RUA",13850,"ALDEIA MANUEL ANTONIO, AV",0,"","06/04/2013 13:15",2,"CO",65,1432," "," ",1,1,0,0,0,0,0,0,0,0,0,0,0,0,0,0,0,13480,"MARIO FURTADO, RUA",13850,"ALDEIA MANUEL ANTONIO, AV",5,"ARTUR ALVIM",1,0,"MARIO FURTADO, RUA SAO PAULO SP &  ALDEIA MANUEL ANTONIO, AV SAO PAULO SP",-23.5428372,-46.4890141
"6290","D041302019",10503,"JOAO XXIII, AV",NA,"",1560,"","06/04/2013 13:30",2,"CO",41,3455," "," ",1,1,0,0,0,0,0,0,0,0,0,0,0,0,0,0,0,10503,"JOAO XXIII, AV",NA,"",4,"ARICANDUVA",1,0,"JOAO XXIII, AV 1560 SAO PAULO SP",-23.5686794,-46.5277873
"6291","D041301684",70322,"CANDIDO JOSE XAVIER, AV",NA,"",725,"","06/04/2013 13:30",2,"CO",92,4277," "," ",1,1,0,0,0,0,0,0,0,0,0,0,0,0,0,0,0,70322,"CANDIDO JOSE XAVIER, AV",NA,"",32,"IGUATEMI",1,0,"CANDIDO JOSE XAVIER, AV 725 SAO PAULO SP",-23.6611612,-46.7574608
"6292","D041301685",21084,"JOAO FERNANDES C. NOVA JUNIOR, RUA",NA,"",769,"","06/04/2013 13:46",4,"AT",92,4293," "," ",0,0,0,0,0,0,0,1,0,0,0,0,0,0,0,0,0,21084,"JOAO FERNANDES C. NOVA JUNIOR, RUA",NA,"",29,"FREGUESIA DO O",1,0,"JOAO FERNANDES C. NOVA JUNIOR, RUA 769 SAO PAULO SP",-23.6558895,-46.7412786
"6293","D041301106",14767,"NOVA CANTAREIRA, AV",NA,"",1553,"","06/04/2013 14:00",2,"CO",20,3087," "," ",1,1,0,0,0,0,0,0,0,0,0,0,0,0,0,0,0,14767,"NOVA CANTAREIRA, AV",NA,"",83,"TREMEMBE",1,0,"NOVA CANTAREIRA, AV 1553 SAO PAULO SP",-23.48198,-46.6129058
"6294","D041301254",68478,"SEBASTIAO JOSE PEREIRA, RUA",NA,"",100,"","06/04/2013 14:29",2,"CO",70,2997," "," ",1,1,0,0,0,0,0,0,0,0,0,0,0,0,0,0,0,68478,"SEBASTIAO JOSE PEREIRA, RUA",NA,"",40,"JAGUARE",2,0,"SEBASTIAO JOSE PEREIRA, RUA 100 SAO PAULO SP",-23.4646697,-46.6759938
"6296","D041302138",9580,"ITAQUERA, AV",NA,"",4390,"","06/04/2013 14:57",2,"CH",66,2231," "," ",1,0,0,0,0,0,0,0,0,0,0,0,0,0,0,0,0,9580,"ITAQUERA, AV",NA,"",24,"CIDADE LIDER",2,0,"ITAQUERA, AV 4390 SAO PAULO SP",-23.5548437,-46.4847971
"6297","D041300488",5618,"CURSINO, AV DO",NA,"",2737,"","06/04/2013 15:12",4,"AT",83,2903," "," ",1,0,0,0,0,0,0,0,0,0,0,0,0,0,0,0,0,5618,"CURSINO, AV DO",NA,"",27,"CURSINO",1,0,"CURSINO, AV DO 2737 SAO PAULO SP",-23.625721,-46.6192067
"6298","D041301154",29027,"MIGUEL CONEJO, AV",NA,"",839,"","06/04/2013 16:00",2,"CO",28,3855," "," ",1,1,0,0,0,0,0,0,0,0,0,0,0,0,0,0,0,29027,"MIGUEL CONEJO, AV",NA,"",4,"ARICANDUVA",2,0,"MIGUEL CONEJO, AV 839 SAO PAULO SP",-23.4963964,-46.6927487
"6299","D041301600",5606,"CUPECE, AV",NA,"",3745,"","06/04/2013 16:30",2,"CL",43,3722,"C"," ",0,1,1,0,0,0,0,0,0,0,0,0,0,0,0,0,0,5606,"CUPECE, AV",NA,"",22,"CIDADE ADEMAR",1,0,"CUPECE, AV 3745 SAO PAULO SP",-23.669038,-46.6494613
"6301","D041302212",41766,"CLARA NUNES, RUA",NA,"",525,"","06/04/2013 16:32",4,"AT",72,3000," "," ",0,1,0,0,0,0,0,0,0,0,0,0,0,0,0,0,0,41766,"CLARA NUNES, RUA",NA,"",40,"JAGUARE",0,1,"CLARA NUNES, RUA 525 SAO PAULO SP",-23.4575535,-46.6850393