"","id_acidente","codloga","logradouroA","codlogb","logradouroB","alt_num","referencia","data","cod_acid","tipo_acidente","dp","numero_BO","sentido","pista","automovel","moto","onibus","caminhao","bicicleta","moto_taxi","onibus_fretado","onibus_urbano","microonibus","van","vuc","caminhonete","carreta","jipe","outros","sem_informacao","carroca","princ_a","paiA","princ_b","paiB","cod_distrito","distrito","vit_ferida","vit_morta","local","lat","lon"
"6302","D041301889",16652,"ANTONIO JOAO DE MEDEIROS, RUA",NA,"",890,"","06/04/2013 18:00",2,"CO",50,4227," "," ",1,1,0,0,0,0,0,0,0,0,0,0,0,0,0,0,0,16652,"ANTONIO JOAO DE MEDEIROS, RUA",NA,"",54,"MOOCA",2,0,"ANTONIO JOAO DE MEDEIROS, RUA 890 SAO PAULO SP",-23.5111975,-46.3971122
"6305","D041300039",4561,"CASTELO BRANCO, AV PRES",1421,"ANHAIA, RUA",0,"","06/04/2013 18:30",2,"CT",2,1912," "," ",2,0,0,0,0,0,0,0,0,0,0,0,0,0,0,0,0,1421,"ANHAIA, RUA",4561,"CASTELO BRANCO, AV PRES",9,"BOM RETIRO",2,0,"CASTELO BRANCO, AV PRES SAO PAULO SP &  ANHAIA, RUA SAO PAULO SP",-23.5216047,-46.6390428
"6306","D041301454",17824,"SAPOPEMBA, AV",NA,"",5822,"","06/04/2013 18:42",2,"CO",42,1889," "," ",1,1,0,0,0,0,0,0,0,0,0,0,0,0,0,0,0,17824,"SAPOPEMBA, AV",NA,"",33,"IPIRANGA",1,0,"SAPOPEMBA, AV 5822 SAO PAULO SP",-23.5830231,-46.5353203
"6307","D041301527",19035,"TOLEDO BARBOSA, RUA",NA,"",180,"","06/04/2013 18:53",2,"CF",81,1863," "," ",0,1,0,0,0,0,0,0,0,0,0,1,0,0,0,0,0,19035,"TOLEDO BARBOSA, RUA",NA,"",10,"BRAS",1,0,"TOLEDO BARBOSA, RUA 180 SAO PAULO SP",-23.5420484,-46.5891694
"6308","D041300666",7491,"FRANCISCO MATARAZZO, AV",NA,"",478,"","06/04/2013 19:06",4,"AT",23,2277," "," ",0,0,0,0,0,0,0,1,0,0,0,0,0,0,0,0,0,7491,"FRANCISCO MATARAZZO, AV",NA,"",6,"BARRA FUNDA",1,0,"FRANCISCO MATARAZZO, AV 478 SAO PAULO SP",-23.5295349,-46.6676651
"6309","D041301872",11542,"NORDESTINA, AV",NA,"",3550,"","06/04/2013 19:24",2,"CO",32,2489," "," ",1,1,0,0,0,0,0,0,0,0,0,0,0,0,0,0,0,11542,"NORDESTINA, AV",NA,"",76,"SAO MIGUEL",1,0,"NORDESTINA, AV 3550 SAO PAULO SP",-23.5122965,-46.42749
"6310","D041301253",18481,"SPENCER VAMPRE, RUA",NA,"",437,"","06/04/2013 19:25",4,"AT",72,2996," "," ",1,0,0,0,0,0,0,0,0,0,0,0,0,0,0,0,0,18481,"SPENCER VAMPRE, RUA",NA,"",40,"JAGUARE",1,0,"SPENCER VAMPRE, RUA 437 SAO PAULO SP",-23.4688936,-46.6740831
"6313","D041300505",5762,"DELAMARE, AV ALM",11379,"JUNTAS PROVISORIAS, AV",0,"","06/04/2013 19:30",2,"CO",95,2921," "," ",2,0,0,0,0,0,0,0,0,0,0,0,0,0,0,0,0,5762,"DELAMARE, AV ALM",11379,"JUNTAS PROVISORIAS, AV",NA,"",1,0,"DELAMARE, AV ALM SAO PAULO SP &  JUNTAS PROVISORIAS, AV SAO PAULO SP",-23.6103309,-46.5885149
"6314","D041300424",11734,"LEONARDO DA VINCI, AV",NA,"",455,"","06/04/2013 19:34",2,"CT",35,4514," "," ",3,0,0,0,0,0,0,0,0,0,0,0,0,0,0,0,0,11734,"LEONARDO DA VINCI, AV",NA,"",27,"CURSINO",1,0,"LEONARDO DA VINCI, AV 455 SAO PAULO SP",-23.637233,-46.6382783
"6316","D041300794",63190,"LICINIO DE CAMARGO, RUA CEL",NA,"",100,"","06/04/2013 19:40",2,"CO",46,3192," "," ",1,0,0,0,0,0,0,1,0,0,0,0,0,0,0,0,0,63190,"LICINIO DE CAMARGO, RUA CEL",NA,"",31,"GUAIANASES",1,0,"LICINIO DE CAMARGO, RUA CEL 100 SAO PAULO SP",-23.4903991,-46.7607563
"6317","D041301890",45771,"PAULO TAPAJOS, RUA",NA,"",1,"","06/04/2013 19:45",4,"AT",50,4261," "," ",1,0,0,0,0,0,0,0,0,0,0,0,0,0,0,0,0,45771,"PAULO TAPAJOS, RUA",NA,"",35,"ITAIM PAULISTA",1,0,"PAULO TAPAJOS, RUA 1 SAO PAULO SP",-23.5049577,-46.3775766
"6318","D041300833",1363,"JORGE WARD, RUA",NA,"",460,"","06/04/2013 19:52",2,"CO",51,3296," "," ",0,1,0,0,1,0,0,0,0,0,0,0,0,0,0,0,0,1363,"JORGE WARD, RUA",NA,"",68,"RIO PEQUENO",2,0,"JORGE WARD, RUA 460 SAO PAULO SP",-23.567499,-46.7606529
"6319","D041302213",13174,"FRANCISCO LEOPOLDO E SILVA, RUA",NA,"",185,"","06/04/2013 20:00",4,"AT",90,3532," "," ",1,0,0,0,0,0,0,0,0,0,0,0,0,0,0,0,0,13174,"FRANCISCO LEOPOLDO E SILVA, RUA",NA,"",91,"VILA MARIA",0,1,"FRANCISCO LEOPOLDO E SILVA, RUA 185 SAO PAULO SP",-23.5241001,-46.5844747
"6320","D041301480",14208,"MONTOJO, RUA",2716,"BAGNUOLO, RUA GAL",0,"","06/04/2013 20:02",2,"CO",56,2148," "," ",1,1,0,0,0,0,0,0,0,0,0,0,0,0,0,0,0,2716,"BAGNUOLO, RUA GAL",14208,"MONTOJO, RUA",95,"VILA PRUDENTE",1,0,"MONTOJO, RUA SAO PAULO SP &  BAGNUOLO, RUA GAL SAO PAULO SP",-23.5913271,-46.581305
"6321","D041300908",8000,"GIOVANNI GRONCHI, AV",NA,"",5411,"","06/04/2013 20:30",2,"SI",89,2840," "," ",0,1,0,0,0,0,0,0,0,0,0,1,0,0,0,0,0,8000,"GIOVANNI GRONCHI, AV",NA,"",55,"MORUMBI",1,0,"GIOVANNI GRONCHI, AV 5411 SAO PAULO SP",-23.6269432,-46.7353132
"6324","D041301502",15034,"ORATORIO, RUA DO",NA,"",625,"","06/04/2013 20:50",2,"CO",57,2150," "," ",1,1,0,0,0,0,0,0,0,0,0,0,0,0,0,0,0,15034,"ORATORIO, RUA DO",NA,"",16,"CAMPO GRANDE",1,0,"ORATORIO, RUA DO 625 SAO PAULO SP",-23.5588421,-46.5951246
"6325","D041301255",16051,"PENHA BRASIL, AV GAL",NA,"",493,"","06/04/2013 21:00",2,"CO",72,3005," "," ",0,1,0,0,0,0,0,0,0,0,0,0,0,0,0,0,0,16051,"PENHA BRASIL, AV GAL",NA,"",48,"LAPA",1,0,"PENHA BRASIL, AV GAL 493 SAO PAULO SP",-23.4675906,-46.6689478
"6327","D041301932",69956,"URUMBEBA, RUA",72527,"URUCURANA, RUA",0,"","06/04/2013 21:30",2,"CO",63,2490," "," ",1,1,0,0,0,0,0,0,0,0,0,0,0,0,0,0,0,69956,"URUMBEBA, RUA",72527,"URUCURANA, RUA",89,"VILA JACUI",1,0,"URUMBEBA, RUA SAO PAULO SP &  URUCURANA, RUA SAO PAULO SP",-23.4994435,-46.462989
"6328","D041300835",24365,"CELSO LAGAR, RUA",7447,"MARIA RITA BALBINO, RUA",0,"","06/04/2013 21:30",2,"CO",51,3300," "," ",1,1,0,0,0,0,0,0,0,0,0,0,0,0,0,0,0,7447,"MARIA RITA BALBINO, RUA",24365,"CELSO LAGAR, RUA",68,"RIO PEQUENO",1,0,"CELSO LAGAR, RUA SAO PAULO SP &  MARIA RITA BALBINO, RUA SAO PAULO SP",-23.5783203,-46.7595923
"6329","D041301318",16838,"RAIMUNDO PEREIRA DE MAGAL., AV",NA,"",12000,"","06/04/2013 22:59",2,"CO",74,3003," "," ",1,1,0,0,0,0,0,0,0,0,0,0,0,0,0,0,0,16838,"RAIMUNDO PEREIRA DE MAGAL., AV",NA,"",31,"GUAIANASES",3,0,"RAIMUNDO PEREIRA DE MAGAL., AV 12000 SAO PAULO SP",-23.4370345,-46.7208022
"6330","D041301640",15507,"TEOTONIO VILELA, AV SEN",NA,"",4200,"","06/04/2013 23:00",4,"AT",48,3934," "," ",0,0,0,0,0,0,0,0,0,0,0,0,0,0,0,1,0,15507,"TEOTONIO VILELA, AV SEN",NA,"",23,"CIDADE DUTRA",1,0,"TEOTONIO VILELA, AV SEN 4200 SAO PAULO SP",-23.7592241,-46.7153518
"6331","D041301019",14270,"MORVAN DIAS DE FIGUEIREDO, AV",NA,"",1700,"","06/04/2013 23:00",2,"CT",9,3107," "," ",0,0,0,2,0,0,0,0,0,0,0,0,0,0,0,0,0,29772,"MARGINAL DO RIO TIETE, AV",NA,"",0,"NULL",1,0,"MORVAN DIAS DE FIGUEIREDO, AV 1700 SAO PAULO SP",-23.5195421,-46.6149781
"6332","D041301846",13881,"MIGUEL, AV S",NA,"",4000,"","06/04/2013 23:20",2,"CO",24,3594," "," ",1,1,0,0,0,0,0,0,0,0,0,0,0,0,0,0,0,13881,"MIGUEL, AV S",NA,"",65,"PONTE RASA",1,0,"MIGUEL, AV S 4000 SAO PAULO SP",-23.5088578,-46.4949385
"6333","D041300834",16878,"RAPOSO TAVARES, VIA",NA,"",13700,"","06/04/2013 23:30",2,"SI",51,3299," "," ",1,0,0,0,0,0,0,0,0,0,0,0,0,0,0,0,0,16878,"RAPOSO TAVARES, VIA",NA,"",13,"CACHOEIRINHA",4,0,"RAPOSO TAVARES, VIA 13700 SAO PAULO SP",-23.526928,-48.464986
"6334","D041301645",16540,"DELFINO FACCHINA, RUA",NA,"",893,"","06/04/2013 23:30",2,"QM",80,1269," "," ",0,1,0,0,0,0,0,0,0,0,0,0,0,0,0,0,0,16540,"DELFINO FACCHINA, RUA",NA,"",29,"FREGUESIA DO O",1,0,"DELFINO FACCHINA, RUA 893 SAO PAULO SP",-23.6783903,-46.6512059
"6335","D041300243",4561,"CASTELO BRANCO, AV PRES",15706,"PAULO ANDRIGHETTI, RUA",0,"","07/04/2013 00:40",2,"CO",12,2539," "," ",1,1,0,0,0,0,0,0,0,0,0,0,0,0,0,0,0,4561,"CASTELO BRANCO, AV PRES",15706,"PAULO ANDRIGHETTI, RUA",57,"PARI",1,0,"CASTELO BRANCO, AV PRES SAO PAULO SP &  PAULO ANDRIGHETTI, RUA SAO PAULO SP",-23.5216047,-46.6390428
"6336","D041301785",15507,"TEOTONIO VILELA, AV SEN",NA,"",101,"","07/04/2013 01:15",4,"AT",101,2472," "," ",1,0,0,0,0,0,0,0,0,0,0,0,0,0,0,0,0,15507,"TEOTONIO VILELA, AV SEN",NA,"",23,"CIDADE DUTRA",1,0,"TEOTONIO VILELA, AV SEN 101 SAO PAULO SP",-23.7024317,-46.7012347
"6337","D041301152",3771,"INAJAR DE SOUZA, AV",7477,"FRANCISCO LOTUFO, RUA",0,"","07/04/2013 01:20",2,"CO",28,3715," "," ",1,0,0,0,1,0,0,0,0,0,0,0,0,0,0,0,0,3771,"INAJAR DE SOUZA, AV",8135,"SILVERIO DE CARVALHO, RUA",50,"LIMAO",1,0,"INAJAR DE SOUZA, AV SAO PAULO SP &  FRANCISCO LOTUFO, RUA SAO PAULO SP",-23.461436,-46.6729346
"6338","D041302079",45319,"MALMEQUER DO CAMPO, RUA",NA,"",100,"","07/04/2013 01:24",2,"CH",53,2247," "," ",0,0,0,0,0,0,0,0,0,0,0,0,0,0,0,1,0,45319,"MALMEQUER DO CAMPO, RUA",NA,"",58,"PARQUE DO CARMO",1,0,"MALMEQUER DO CAMPO, RUA 100 SAO PAULO SP",-23.5818601,-46.4532752
"6339","D041302139",74003,"MOTA COQUEIRO, RUA",NA,"",1084,"","07/04/2013 01:26",4,"AT",66,2240," "," ",0,0,0,0,0,0,0,0,0,0,0,0,0,0,0,1,0,74003,"MOTA COQUEIRO, RUA",NA,"",38,"JACANA",1,0,"MOTA COQUEIRO, RUA 1084 SAO PAULO SP",-23.5528659,-46.5132257
"6340","D041300837",16878,"RAPOSO TAVARES, VIA",NA,"",13600,"","07/04/2013 01:45",2,"CO",51,3322," "," ",0,1,0,0,0,0,0,0,0,0,0,1,0,0,0,0,0,16878,"RAPOSO TAVARES, VIA",NA,"",13,"CACHOEIRINHA",1,0,"RAPOSO TAVARES, VIA 13600 SAO PAULO SP",-23.5268462,-48.4640889
"6341","D041301242",41283,"MANUEL ANTONIO FONSECA, RUA",NA,"",65,"","07/04/2013 02:40",2,"CH",45,3019," "," ",1,0,0,0,0,0,0,0,0,0,0,0,0,0,0,0,0,41283,"MANUEL ANTONIO FONSECA, RUA",NA,"",40,"JAGUARE",2,0,"MANUEL ANTONIO FONSECA, RUA 65 SAO PAULO SP",-23.4679106,-46.6816341
"6342","D041300836",19817,"VITAL BRASIL, AV",3937,"CAMARGO, RUA",0,"","07/04/2013 03:44",2,"CO",51,3305," "," ",2,0,0,0,0,0,0,0,0,0,0,0,0,0,0,0,0,3937,"CAMARGO, RUA",19817,"VITAL BRASIL, AV",12,"BUTANTA",2,0,"VITAL BRASIL, AV SAO PAULO SP &  CAMARGO, RUA SAO PAULO SP",-23.5696565,-46.7140386
"6343","D041302140",2181,"ARICANDUVA, AV",NA,"",6650,"","07/04/2013 05:14",2,"QM",66,2249," "," ",0,1,0,0,0,0,0,0,0,0,0,0,0,0,0,0,0,2181,"ARICANDUVA, AV",NA,"",60,"PENHA",1,0,"ARICANDUVA, AV 6650 SAO PAULO SP",-23.5609771,-46.5114606
"6345","D041300591",16919,"REBOUCAS, AV",NA,"",2026,"","07/04/2013 06:03",2,"CO",14,3304," "," ",1,1,0,0,0,0,0,0,0,0,0,0,0,0,0,0,0,16919,"REBOUCAS, AV",NA,"",44,"JARDIM PAULISTA",1,0,"REBOUCAS, AV 2026 SAO PAULO SP",-23.5653491,-46.6801968
"6346","D041301049",3813,"CAETANO ALVARES, AV ENG",NA,"",3291,"","07/04/2013 06:40",2,"CT",13,3722," "," ",2,0,0,0,0,0,0,0,0,0,0,0,0,0,0,0,0,3813,"CAETANO ALVARES, AV ENG",NA,"",21,"CASA VERDE",1,0,"CAETANO ALVARES, AV ENG 3291 SAO PAULO SP",-23.4902872,-46.6554345
"6347","D041301256",15425,"CANTIDIO SAMPAIO, AV DEP",NA,"",2972,"","07/04/2013 06:40",2,"CO",72,3020," "," ",1,1,0,0,0,0,0,0,0,0,0,0,0,0,0,0,0,15425,"CANTIDIO SAMPAIO, AV DEP",NA,"",41,"JARAGUA",1,0,"CANTIDIO SAMPAIO, AV DEP 2972 SAO PAULO SP",-23.4590196,-46.6897484
"6348","D041301153",3771,"INAJAR DE SOUZA, AV",2921,"BARTHOLOMEU DO CANTO, RUA",0,"","07/04/2013 07:20",2,"CO",28,3724," "," ",1,0,0,0,0,0,0,1,0,0,0,0,0,0,0,0,0,2921,"BARTHOLOMEU DO CANTO, RUA",3771,"INAJAR DE SOUZA, AV",50,"LIMAO",1,0,"INAJAR DE SOUZA, AV SAO PAULO SP &  BARTHOLOMEU DO CANTO, RUA SAO PAULO SP",-23.461436,-46.6729346
"6349","D041300560",3185,"BENIGNO, RUA",NA,"",637,"","07/04/2013 08:20",2,"QD",97,4545," "," ",0,0,0,0,0,0,0,0,1,0,0,0,0,0,0,0,0,3185,"BENIGNO, RUA",NA,"",50,"LIMAO",1,0,"BENIGNO, RUA 637 SAO PAULO SP",-23.6621484,-46.6486283
"6350","D041300538",12193,"LUIS CARLOS BERRINI, AV ENG",8377,"GUARARAPES, RUA",0,"","07/04/2013 09:21",2,"CL",96,3542," "," ",2,0,0,0,0,0,0,0,0,0,0,0,0,0,0,0,0,8377,"GUARARAPES, RUA",12193,"LUIS CARLOS BERRINI, AV ENG",34,"ITAIM BIBI",2,0,"LUIS CARLOS BERRINI, AV ENG SAO PAULO SP &  GUARARAPES, RUA SAO PAULO SP",-23.6107873,-46.694758
"6351","D041301107",14767,"NOVA CANTAREIRA, AV",NA,"",5170,"","07/04/2013 09:35",2,"QM",20,3110," "," ",0,1,0,0,0,0,0,0,0,0,0,0,0,0,0,0,0,14767,"NOVA CANTAREIRA, AV",NA,"",83,"TREMEMBE",1,0,"NOVA CANTAREIRA, AV 5170 SAO PAULO SP",-23.4552181,-46.6144974
"6352","D041300482",28670,"CARLOS LIVIERO, AV",NA,"",1037,"","07/04/2013 10:00",2,"CO",83,866," "," ",1,1,0,0,0,0,0,0,0,0,0,0,0,0,0,0,0,28670,"CARLOS LIVIERO, AV",NA,"",21,"CASA VERDE",1,0,"CARLOS LIVIERO, AV 1037 SAO PAULO SP",-23.6475436,-46.5961498
"6353","D041300765",34682,"CAMPO LIMPO, ES DO",NA,"",5000,"","07/04/2013 11:00",2,"CT",37,2812," "," ",0,1,0,0,0,0,0,1,0,0,0,0,0,0,0,0,0,34682,"CAMPO LIMPO, ES DO",NA,"",17,"CAMPO LIMPO",1,0,"CAMPO LIMPO, ES DO 5000 SAO PAULO SP",-23.2019463,-46.785846
"6354","D041300637",1374,"ANGELINA MAFFEI VITA, RUA",NA,"",450,"","07/04/2013 12:27",2,"CO",15,3316," "," ",1,1,0,0,0,0,0,0,0,0,0,0,0,0,0,0,0,1374,"ANGELINA MAFFEI VITA, RUA",NA,"",63,"PINHEIROS",1,0,"ANGELINA MAFFEI VITA, RUA 450 SAO PAULO SP",-23.5795508,-46.6906944
"6355","D041302039",72670,"INACIO MONTEIRO, RUA",NA,"",20,"","07/04/2013 12:30",2,"QM",44,2664," "," ",0,1,0,0,0,0,0,0,0,0,0,0,0,0,0,0,0,72670,"INACIO MONTEIRO, RUA",NA,"",50,"LIMAO",1,0,"INACIO MONTEIRO, RUA 20 SAO PAULO SP",-23.5885878,-46.3818624
"6356","D041301184",19337,"ULTRAMARINO, AV",NA,"",318,"","07/04/2013 13:10",2,"CO",38,3029," "," ",1,1,0,0,0,0,0,0,0,0,0,0,0,0,0,0,0,19337,"ULTRAMARINO, AV",NA,"",8,"BELEM",1,0,"ULTRAMARINO, AV 318 SAO PAULO SP",-23.4747577,-46.6393591
"6357","D041300867",8603,"HEITOR ANTONIO EIRAS GARCIA, AV ENG",76369,"OSCARLINO ROMANO DOS SANTOS, RUA",0,"","07/04/2013 13:20",2,"CO",75,2818," "," ",1,1,0,0,0,0,0,0,0,0,0,0,0,0,0,0,0,8603,"HEITOR ANTONIO EIRAS GARCIA, AV ENG",76369,"OSCARLINO ROMANO DOS SANTOS, RUA",66,"RAPOSO TAVARES",1,0,"HEITOR ANTONIO EIRAS GARCIA, AV ENG SAO PAULO SP &  OSCARLINO ROMANO DOS SANTOS, RUA SAO PAULO SP",-23.5887336,-46.7667973
"6358","D041301472",13805,"MELO PEIXOTO, RUA",NA,"",100,"","07/04/2013 14:01",4,"AT",52,3850," "," ",1,0,0,0,0,0,0,0,0,0,0,0,0,0,0,0,0,13805,"MELO PEIXOTO, RUA",NA,"",82,"TATUAPE",1,0,"MELO PEIXOTO, RUA 100 SAO PAULO SP",-23.6807379,-46.6632793
"6359","D041301050",3813,"CAETANO ALVARES, AV ENG",NA,"",2451,"","07/04/2013 14:10",2,"CT",13,3735," "," ",2,0,0,0,0,0,0,0,0,0,0,0,0,0,0,0,0,3813,"CAETANO ALVARES, AV ENG",NA,"",21,"CASA VERDE",1,0,"CAETANO ALVARES, AV ENG 2451 SAO PAULO SP",-23.494348,-46.6600321
"6361","D041301108",43659,"DORIVAL DIAS MINHOTO, RUA PROF",NA,"",100,"","07/04/2013 15:15",2,"CO",20,3123," "," ",1,1,0,0,0,0,0,0,0,0,0,0,0,0,0,0,0,43659,"DORIVAL DIAS MINHOTO, RUA PROF",NA,"",8,"BELEM",1,0,"DORIVAL DIAS MINHOTO, RUA PROF 100 SAO PAULO SP",-23.4823817,-46.6453706
"6362","D041302177",8368,"GUARAPIRANGA, AV",NA,"",1539,"","07/04/2013 15:35",2,"CL",11,3831," "," ",1,1,0,0,0,0,0,0,0,0,0,0,0,0,0,0,0,8368,"GUARAPIRANGA, AV",NA,"",45,"JARDIM SAO LUIS",0,2,"GUARAPIRANGA, AV 1539 SAO PAULO SP",-23.6671787,-46.7273884
"6363","D041301473",27094,"SALIM FARAH MALUF, AV",4736,"CELSO GARCIA, AV",0,"","07/04/2013 16:00",2,"CL",52,3851,"B"," ",0,0,0,0,1,0,0,1,0,0,0,0,0,0,0,0,0,4736,"CELSO GARCIA, AV",27094,"SALIM FARAH MALUF, AV",8,"BELEM",1,0,"SALIM FARAH MALUF, AV SAO PAULO SP &  CELSO GARCIA, AV SAO PAULO SP",-23.5555392,-46.5773751
"6364","D041300489",6326,"ELIAS MACHADO, RUA DR",NA,"",57,"","07/04/2013 16:06",2,"CO",83,2943," "," ",1,1,0,0,0,0,0,0,0,0,0,0,0,0,0,0,0,6326,"ELIAS MACHADO, RUA DR",NA,"",21,"CASA VERDE",1,0,"ELIAS MACHADO, RUA DR 57 SAO PAULO SP",-23.6403065,-46.6105315
"6365","D041301979",21486,"PAULINO PACHECO DE MELLO, RUA",NA,"",10,"","07/04/2013 16:30",2,"CO",67,991," "," ",0,0,0,0,1,0,0,0,0,0,0,0,0,0,0,1,0,21486,"PAULINO PACHECO DE MELLO, RUA",NA,"",50,"LIMAO",1,0,"PAULINO PACHECO DE MELLO, RUA 10 SAO PAULO SP",-23.5209046,-46.4137401
"6367","D041300766",78774,"MARCIO AKIRA MIURA, RUA",NA,"",160,"","07/04/2013 16:51",4,"AT",37,2833," "," ",0,0,0,0,0,0,0,0,0,0,0,0,0,0,0,1,0,78774,"MARCIO AKIRA MIURA, RUA",NA,"",29,"FREGUESIA DO O",1,0,"MARCIO AKIRA MIURA, RUA 160 SAO PAULO SP",-23.6428585,-46.7474496
"6369","D041301661",41532,"OLGA BENARIO, RUA",NA,"",1,"","07/04/2013 17:25",2,"CO",85,2049," "," ",0,1,1,0,0,0,0,0,0,0,0,0,0,0,0,0,0,41532,"OLGA BENARIO, RUA",NA,"",40,"JAGUARE",1,0,"OLGA BENARIO, RUA 1 SAO PAULO SP",-23.4627078,-46.6814255
"6371","D041300744",7500,"FRANCISCO MORATO, AV PROF",21626,"HEITOR BASTOS TIGRE, RUA MIN",0,"","07/04/2013 18:30",2,"CO",34,2825," "," ",1,1,0,0,0,0,0,0,0,0,0,0,0,0,0,0,0,7500,"FRANCISCO MORATO, AV PROF",21626,"HEITOR BASTOS TIGRE, RUA MIN",96,"VILA SONIA",1,0,"FRANCISCO MORATO, AV PROF SAO PAULO SP &  HEITOR BASTOS TIGRE, RUA MIN SAO PAULO SP",-23.5789486,-46.7103326
"6372","D041300099",16028,"PEIXOTO GOMIDE, RUA",4120,"CANECA, RUA FREI",0,"","07/04/2013 20:10",4,"AT",4,2769," "," ",0,1,0,0,0,0,0,0,0,0,0,0,0,0,0,0,0,4120,"CANECA, RUA FREI",16028,"PEIXOTO GOMIDE, RUA",26,"CONSOLACAO",1,0,"PEIXOTO GOMIDE, RUA SAO PAULO SP &  CANECA, RUA FREI SAO PAULO SP",-23.5582226,-46.6551955
"6374","D041301958",46539,"CAMPANELLA ANTONIO, RUA",NA,"",1602,"","07/04/2013 21:15",2,"CT",64,3635," "," ",1,1,0,0,0,0,0,0,0,0,0,0,0,0,0,0,0,46539,"CAMPANELLA ANTONIO, RUA",NA,"",28,"ERMELINO MATARA",1,0,"CAMPANELLA ANTONIO, RUA 1602 SAO PAULO SP",-23.4983335,-46.4813063
"6375","D041302005",15165,"OSVALDO DE OLIVEIRA, AV PROF",NA,"",437,"","07/04/2013 22:00",2,"QD",103,2529," "," ",0,0,0,0,0,0,0,0,1,0,0,0,0,0,0,0,0,15165,"OSVALDO DE OLIVEIRA, AV PROF",NA,"",51,"MANDAQUI",1,0,"OSVALDO DE OLIVEIRA, AV PROF 437 SAO PAULO SP",-23.5425733,-46.4297166
"6376","D041300767",74182,"CARDOSO MOREIRA, RUA",67351,"NELSON BRISSAC, RUA",0,"","07/04/2013 22:00",2,"CO",37,2869," "," ",1,1,0,0,0,0,0,0,0,0,0,0,0,0,0,0,0,67351,"NELSON BRISSAC, RUA",74182,"CARDOSO MOREIRA, RUA",17,"CAMPO LIMPO",1,0,"CARDOSO MOREIRA, RUA SAO PAULO SP &  NELSON BRISSAC, RUA SAO PAULO SP",-23.6303682,-46.7588777
"6377","D041300893",8155,"GOULART DE OLIVEIRA, RUA",NA,"",100,"","07/04/2013 22:53",2,"CH",87,3218," "," ",0,1,0,0,0,0,0,0,0,0,0,0,0,0,0,1,0,8155,"GOULART DE OLIVEIRA, RUA",NA,"",29,"FREGUESIA DO O",1,0,"GOULART DE OLIVEIRA, RUA 100 SAO PAULO SP",-23.4714044,-46.7090109
"6378","D041300200",14317,"MUNIZ DE SOUSA, RUA",NA,"",971,"","07/04/2013 23:41",4,"AT",6,2579," "," ",0,0,0,0,0,0,0,0,0,0,0,0,0,0,0,1,0,14317,"MUNIZ DE SOUSA, RUA",NA,"",12,"BUTANTA",1,0,"MUNIZ DE SOUSA, RUA 971 SAO PAULO SP",-23.5713232,-46.6281087
"6379","D041302217",14317,"MUNIZ DE SOUSA, RUA",NA,"",971,"","07/04/2013 23:41",4,"AT",14,3380," "," ",0,0,0,0,0,0,0,0,0,0,0,0,0,0,0,1,0,14317,"MUNIZ DE SOUSA, RUA",NA,"",12,"BUTANTA",0,1,"MUNIZ DE SOUSA, RUA 971 SAO PAULO SP",-23.5713232,-46.6281087
"6380","D041300312",6013,"DOMINGOS DE MORAIS, RUA",3502,"BORGES LAGOA, RUA",0,"","07/04/2013 23:45",2,"CF",16,4572," "," ",1,1,0,0,0,0,0,0,0,0,0,1,0,0,0,0,0,3502,"BORGES LAGOA, RUA",6013,"DOMINGOS DE MORAIS, RUA",92,"VILA MARIANA",1,0,"DOMINGOS DE MORAIS, RUA SAO PAULO SP &  BORGES LAGOA, RUA SAO PAULO SP",-23.591806,-46.6362643
"6382","D041302054",9044,"RAGUEB CHOHFI, AV",NA,"",1395,"","08/04/2013 00:56",2,"CT",49,4676," "," ",2,0,0,0,0,0,0,0,0,0,0,0,0,0,0,0,0,9044,"RAGUEB CHOHFI, AV",NA,"",32,"IGUATEMI",3,0,"RAGUEB CHOHFI, AV 1395 SAO PAULO SP",-23.6003016,-46.4702065
"6383","D041301959",10249,"JOAO DE MIRANDA, RUA",NA,"",100,"","08/04/2013 01:30",2,"QM",64,3637," "," ",0,1,0,0,0,0,0,0,0,0,0,0,0,0,0,0,0,10249,"JOAO DE MIRANDA, RUA",NA,"",53,"MOEMA",1,0,"JOAO DE MIRANDA, RUA 100 SAO PAULO SP",-23.523713,-46.4459526
"6384","D041301914",2429,"ASSIS RIBEIRO, RUA DR",NA,"",8428,"","08/04/2013 05:20",4,"AT",62,1389," "," ",0,0,0,0,0,0,0,0,0,0,0,0,0,0,1,0,0,2429,"ASSIS RIBEIRO, RUA DR",NA,"",28,"ERMELINO MATARA",1,0,"ASSIS RIBEIRO, RUA DR 8428 SAO PAULO SP",-23.4856011,-46.4814139
"6385","D041301613",6334,"ELLIS MAAS, AV",NA,"",583,"","08/04/2013 06:37",2,"CO",47,4347," "," ",0,1,0,0,0,0,0,0,0,0,0,1,0,0,0,0,0,6334,"ELLIS MAAS, AV",NA,"",19,"CAPAO REDONDO",1,0,"ELLIS MAAS, AV 583 SAO PAULO SP",-23.6652472,-46.770605
"6386","D041300864",16878,"RAPOSO TAVARES, VIA",NA,"",16000,"","08/04/2013 06:40",2,"TB",75,1530," "," ",0,0,0,0,0,0,0,0,1,0,0,0,0,0,0,0,0,16878,"RAPOSO TAVARES, VIA",NA,"",13,"CACHOEIRINHA",1,0,"RAPOSO TAVARES, VIA 16000 SAO PAULO SP",-23.5223375,-48.4879815