"","id_acidente","codloga","logradouroA","codlogb","logradouroB","alt_num","referencia","data","cod_acid","tipo_acidente","dp","numero_BO","sentido","pista","automovel","moto","onibus","caminhao","bicicleta","moto_taxi","onibus_fretado","onibus_urbano","microonibus","van","vuc","caminhonete","carreta","jipe","outros","sem_informacao","carroca","princ_a","paiA","princ_b","paiB","cod_distrito","distrito","vit_ferida","vit_morta","local","lat","lon"
"6387","D041300313",66,"ABRAAO DE MORAIS, AV PROF",4843,"CHAGAS SANTOS, RUA GAL",0,"","08/04/2013 07:00",2,"CT",16,4579," "," ",0,1,0,0,0,0,0,0,0,0,0,0,0,1,0,0,0,66,"ABRAAO DE MORAIS, AV PROF",4843,"CHAGAS SANTOS, RUA GAL",79,"SAUDE",2,0,"ABRAAO DE MORAIS, AV PROF SAO PAULO SP &  CHAGAS SANTOS, RUA GAL SAO PAULO SP",-23.6072122,-46.6270066
"6388","D041300550",2235,"ARMANDO DE ARRUDA PEREIRA, AV ENG",8041,"GODOFREDO BRAGA, RUA",0,"","08/04/2013 07:00",4,"AT",97,997," "," ",0,1,0,0,0,0,0,0,0,0,0,0,0,0,0,0,0,2235,"ARMANDO DE ARRUDA PEREIRA, AV ENG",8041,"GODOFREDO BRAGA, RUA",37,"JABAQUARA",3,0,"ARMANDO DE ARRUDA PEREIRA, AV ENG SAO PAULO SP &  GODOFREDO BRAGA, RUA SAO PAULO SP",-23.6342719,-46.6414387
"6389","D041300281",12165,"LUIS ANTONIO, AV BRIG",6651,"ESTADOS UNIDOS, RUA",0,"","08/04/2013 07:10",2,"CO",78,2779," "," ",0,1,0,0,0,0,0,0,0,0,0,1,0,0,0,0,0,10629,"ESTENIO ALBUQUERQUE LIMA, AV MAL",12165,"LUIS ANTONIO, AV BRIG",53,"MOEMA",1,0,"LUIS ANTONIO, AV BRIG SAO PAULO SP &  ESTADOS UNIDOS, RUA SAO PAULO SP",-23.5699897,-46.6512614
"6390","D041302216",12165,"LUIS ANTONIO, AV BRIG",6651,"ESTADOS UNIDOS, RUA",0,"","08/04/2013 07:10",2,"CO",14,3370," "," ",1,1,0,0,0,0,0,0,0,0,0,0,0,0,0,0,0,10629,"ESTENIO ALBUQUERQUE LIMA, AV MAL",12165,"LUIS ANTONIO, AV BRIG",53,"MOEMA",0,1,"LUIS ANTONIO, AV BRIG SAO PAULO SP &  ESTADOS UNIDOS, RUA SAO PAULO SP",-23.5699897,-46.6512614
"6392","D041300592",6897,"FARIA LIMA, AV BRIG",6819,"EUSEBIO MATOSO, AV",0,"","08/04/2013 07:25",2,"QM",14,3335," "," ",0,1,0,0,0,0,0,0,0,0,0,0,0,0,0,0,0,6897,"FARIA LIMA, AV BRIG",16919,"REBOUCAS, AV",63,"PINHEIROS",1,0,"FARIA LIMA, AV BRIG SAO PAULO SP &  EUSEBIO MATOSO, AV SAO PAULO SP",-23.5786046,-46.685823
"6393","D041301411",34122,"MELO FREIRE, RUA",NA,"",10,"","08/04/2013 07:30",2,"QM",30,1092,"C"," ",0,1,0,0,0,0,0,0,0,0,0,0,0,0,0,0,0,34122,"MELO FREIRE, RUA",NA,"",27,"CURSINO",1,0,"MELO FREIRE, RUA 10 SAO PAULO SP",-23.6994297,-46.6346992
"6394","D041301234",75398,"TOMAS RABELO E SILVA, AV",NA,"",300,"","08/04/2013 07:30",2,"CO",45,830," "," ",1,1,0,0,0,0,0,0,0,0,0,0,0,0,0,0,0,75398,"TOMAS RABELO E SILVA, AV",NA,"",0,"NULL",1,0,"TOMAS RABELO E SILVA, AV 300 SAO PAULO SP",-23.473935,-46.7026849
"6395","D041300910",13014,"MARGINAL DO RIO PINHEIROS, AV",NA,"",1000,"","08/04/2013 07:42",4,"AT",89,2849," "," ",0,0,1,0,0,0,0,0,0,0,0,0,0,0,0,0,0,13014,"MARGINAL DO RIO PINHEIROS, AV",NA,"",40,"JAGUARE",1,0,"MARGINAL DO RIO PINHEIROS, AV 1000 SAO PAULO SP",-23.6153281,-46.8446469
"6396","D041300481",13915,"MIGUEL ESTEFANO, AV",NA,"",2533,"","08/04/2013 07:43",2,"CO",83,848," "," ",1,1,0,0,0,0,0,0,0,0,0,0,0,0,0,0,0,13915,"MIGUEL ESTEFANO, AV",NA,"",27,"CURSINO",1,0,"MIGUEL ESTEFANO, AV 2533 SAO PAULO SP",-23.6351696,-46.6271933
"6397","D041301349",18724,"TARUMA, AV",NA,"",34,"","08/04/2013 07:45",4,"AT",10,3873," "," ",1,0,0,0,0,0,0,0,0,0,0,0,0,0,0,0,0,18724,"TARUMA, AV",NA,"",41,"JARAGUA",1,0,"TARUMA, AV 34 SAO PAULO SP",-23.5078385,-46.5262245
"6398","D041301672",29819,"ANTONIO RAMOS, RUA",NA,"",147,"","08/04/2013 08:10",4,"AT",92,2208," "," ",0,1,0,0,0,0,0,0,0,0,0,0,0,0,0,0,0,29819,"ANTONIO RAMOS, RUA",NA,"",53,"MOEMA",1,0,"ANTONIO RAMOS, RUA 147 SAO PAULO SP",-23.6261033,-46.4730348
"6399","D041300939",16726,"QUEIROZ FILHO, AV",NA,"",984,"","08/04/2013 08:20",2,"CO",91,1857," "," ",0,2,0,0,0,0,0,0,0,0,0,0,0,0,0,0,0,16726,"QUEIROZ FILHO, AV",NA,"",14,"CAMBUCI",1,0,"QUEIROZ FILHO, AV 984 SAO PAULO SP",-23.6722368,-46.5044783
"6401","D041301281",6224,"EDU CHAVES, AV",NA,"",587,"","08/04/2013 08:54",4,"AT",73,3585,"B"," ",1,0,0,0,0,0,0,0,0,0,0,0,0,0,0,0,0,6224,"EDU CHAVES, AV",NA,"",38,"JACANA",1,0,"EDU CHAVES, AV 587 SAO PAULO SP",-23.4726556,-46.5714599
"6402","D041301051",19884,"VOLUNTARIOS DA PATRIA, RUA",NA,"",3000,"","08/04/2013 09:00",2,"CO",13,3761,"B"," ",1,1,0,0,0,0,0,0,0,0,0,0,0,0,0,0,0,19884,"VOLUNTARIOS DA PATRIA, RUA",NA,"",8,"BELEM",1,0,"VOLUNTARIOS DA PATRIA, RUA 3000 SAO PAULO SP",-23.4937754,-46.6261576
"6404","D041301707",34276,"EMERICO RICHTER, AV",NA,"",200,"","08/04/2013 09:15",2,"CT",98,1578," "," ",1,1,0,0,0,0,0,0,0,0,0,0,0,0,0,0,0,34276,"EMERICO RICHTER, AV",NA,"",29,"FREGUESIA DO O",1,0,"EMERICO RICHTER, AV 200 SAO PAULO SP",-23.6971314,-46.673423
"6405","D041300909",7180,"FLAVIO AMERICO MAURANO, RUA DR",NA,"",966,"","08/04/2013 09:30",2,"SI",89,2847," "," ",1,1,0,0,0,0,0,0,0,0,0,0,0,0,0,0,0,7180,"FLAVIO AMERICO MAURANO, RUA DR",NA,"",55,"MORUMBI",1,0,"FLAVIO AMERICO MAURANO, RUA DR 966 SAO PAULO SP",-23.611972,-46.7218899
"6407","D041301839",13881,"MIGUEL, AV S",NA,"",2959,"","08/04/2013 09:58",2,"CO",24,1813," "," ",2,0,0,0,0,0,0,0,0,0,0,0,0,0,0,0,0,13881,"MIGUEL, AV S",NA,"",65,"PONTE RASA",1,0,"MIGUEL, AV S 2959 SAO PAULO SP",-23.5108602,-46.5027188
"6408","D041301951",3994,"CAMPANELLA, AV",NA,"",566,"","08/04/2013 10:00",2,"CO",64,2902," "," ",2,0,0,0,0,0,0,0,0,0,0,1,0,0,0,0,0,3994,"CAMPANELLA, AV",NA,"",36,"ITAQUERA",1,0,"CAMPANELLA, AV 566 SAO PAULO SP",-23.5364955,-46.4690669
"6409","D041300518",6238,"NACOES UNIDAS, AV DAS",65100,"JOEL CARLOS BORGES, RUA",0,"","08/04/2013 10:00",2,"CO",96,1589," "," ",0,2,0,0,0,0,0,0,0,0,0,0,0,0,0,0,0,6238,"NACOES UNIDAS, AV DAS",65100,"JOEL CARLOS BORGES, RUA",34,"ITAIM BIBI",1,0,"NACOES UNIDAS, AV DAS SAO PAULO SP &  JOEL CARLOS BORGES, RUA SAO PAULO SP",-23.5735935,-46.7008864
"6410","D041300565",4781,"CERRO CORA, RUA",NA,"",1645,"","08/04/2013 10:26",2,"CO",7,2229," "," ",1,1,0,0,0,0,0,0,0,0,0,0,0,0,0,0,0,4781,"CERRO CORA, RUA",NA,"",48,"LAPA",1,0,"CERRO CORA, RUA 1645 SAO PAULO SP",-23.5357795,-46.7105693
"6411","D041300412",36098,"AFFONSO D'ESCRAGNOLLE TAUNAY, AV",NA,"",508,"","08/04/2013 10:30",2,"CO",35,3082," "," ",1,1,0,0,0,0,0,0,0,0,0,0,0,0,0,0,0,36098,"AFFONSO D'ESCRAGNOLLE TAUNAY, AV",NA,"",24,"CIDADE LIDER",1,0,"AFFONSO D'ESCRAGNOLLE TAUNAY, AV 508 SAO PAULO SP",-23.6294696,-46.6389741
"6412","D041300993",10622,"JOAQUINA RAMALHO, AV",NA,"",1,"","08/04/2013 10:38",2,"CO",9,2053," "," ",1,0,0,0,0,0,0,0,1,0,0,0,0,0,0,0,0,10622,"JOAQUINA RAMALHO, AV",NA,"",88,"VILA GUILHERME",1,0,"JOAQUINA RAMALHO, AV 1 SAO PAULO SP",-23.5162456,-46.6086666
"6413","D041301596",75949,"LUIS CARLOS PARANA, RUA",NA,"",214,"","08/04/2013 10:43",2,"CH",43,1325," "," ",1,1,0,0,0,0,0,0,0,0,0,0,0,0,0,0,0,75949,"LUIS CARLOS PARANA, RUA",NA,"",29,"FREGUESIA DO O",1,0,"LUIS CARLOS PARANA, RUA 214 SAO PAULO SP",-23.6592333,-46.6686721
"6414","D041300882",161,"ADAO PEREIRA, AV CABO",NA,"",455,"","08/04/2013 11:00",2,"CO",87,1827," "," ",2,1,0,0,0,0,0,0,0,0,0,0,0,0,0,0,0,161,"ADAO PEREIRA, AV CABO",NA,"",64,"PIRITUBA",1,0,"ADAO PEREIRA, AV CABO 455 SAO PAULO SP",-23.4838324,-46.7169762
"6416","D041300776",74754,"AGUAS CLARAS DO SUL, RUA",74283,"CARLOS SANTOS XAVIER DE MORAES, RUA",0,"","08/04/2013 11:50",2,"CO",46,1676," "," ",1,1,0,0,0,0,0,0,0,0,0,0,0,0,0,0,0,74283,"CARLOS SANTOS XAVIER DE MORAES, RUA",74754,"AGUAS CLARAS DO SUL, RUA",62,"PERUS",1,0,"AGUAS CLARAS DO SUL, RUA SAO PAULO SP &  CARLOS SANTOS XAVIER DE MORAES, RUA SAO PAULO SP",-23.407628,-46.756488
"6417","D041300456",3460,"BOMBEIROS, RUA DOS",NA,"",60,"","08/04/2013 12:19",4,"AT",36,1748," "," ",1,0,0,0,0,0,0,0,0,0,0,0,0,0,0,0,0,3460,"BOMBEIROS, RUA DOS",NA,"",53,"MOEMA",1,0,"BOMBEIROS, RUA DOS 60 SAO PAULO SP",-23.5738508,-46.6542121
"6418","D041301968",12156,"LUIZ AYRES, RUA DR",NA,"",3000,"","08/04/2013 12:21",2,"CO",65,1189,"B"," ",0,1,0,0,0,0,0,0,0,0,0,1,0,0,0,0,0,12156,"LUIZ AYRES, RUA DR",NA,"",5,"ARTUR ALVIM",1,0,"LUIZ AYRES, RUA DR 3000 SAO PAULO SP",-23.5433392,-46.4766538
"6419","D041301481",19708,"VILA EMA, AV",NA,"",568,"","08/04/2013 12:30",2,"CO",56,2189," "," ",2,1,0,0,0,0,0,0,0,0,0,0,0,0,0,0,0,19708,"VILA EMA, AV",NA,"",26,"CONSOLACAO",1,0,"VILA EMA, AV 568 SAO PAULO SP",-23.5798411,-46.5709248
"6420","D041301615",6334,"ELLIS MAAS, AV",NA,"",2506,"","08/04/2013 12:30",2,"QD",47,4536," "," ",0,0,0,0,0,0,0,1,0,0,0,0,0,0,0,0,0,6334,"ELLIS MAAS, AV",NA,"",19,"CAPAO REDONDO",1,0,"ELLIS MAAS, AV 2506 SAO PAULO SP",-23.6606408,-46.7679491
"6421","D041300282",12165,"LUIS ANTONIO, AV BRIG",NA,"",3388,"","08/04/2013 12:44",2,"CO",78,2788," "," ",1,0,0,0,0,0,0,0,0,0,0,1,0,0,0,0,0,12165,"LUIS ANTONIO, AV BRIG",NA,"",7,"BELA VISTA",1,0,"LUIS ANTONIO, AV BRIG 3388 SAO PAULO SP",-23.5749754,-46.6567468
"6422","D041300775",34671,"RAIMUNDO MAGALHAES, RUA",NA,"",14315,"","08/04/2013 13:00",2,"CO",46,1669," "," ",2,0,0,0,0,0,0,0,0,0,0,0,0,0,0,0,0,34671,"RAIMUNDO MAGALHAES, RUA",NA,"",53,"MOEMA",2,0,"RAIMUNDO MAGALHAES, RUA 14315 SAO PAULO SP",-23.4107244,-46.7349616
"6423","D041301437",4502,"CARRAO, AV CONS",6825,"EVANGELINA, RUA",0,"","08/04/2013 13:00",2,"CO",31,1978," "," ",1,1,0,0,0,0,0,0,0,0,0,0,0,0,0,0,0,4502,"CARRAO, AV CONS",6825,"EVANGELINA, RUA",20,"CARRAO",1,0,"CARRAO, AV CONS SAO PAULO SP &  EVANGELINA, RUA SAO PAULO SP",-23.5458958,-46.5434081
"6424","D041301052",4533,"CASA VERDE, AV",NA,"",677,"","08/04/2013 13:30",2,"CO",13,3774," "," ",3,0,0,0,0,0,0,0,0,0,0,0,0,0,0,0,0,4533,"CASA VERDE, AV",NA,"",45,"JARDIM SAO LUIS",1,0,"CASA VERDE, AV 677 SAO PAULO SP",-23.5003783,-46.6494143
"6426","D041302243",2429,"ASSIS RIBEIRO, RUA DR",NA,"",8454,"","08/04/2013 14:50",4,"AT",62,1403,"B"," ",0,0,1,0,0,0,0,0,0,0,0,0,0,0,0,0,0,2429,"ASSIS RIBEIRO, RUA DR",NA,"",28,"ERMELINO MATARA",0,1,"ASSIS RIBEIRO, RUA DR 8454 SAO PAULO SP",-23.4852604,-46.4797721
"6427","D041301915",2429,"ASSIS RIBEIRO, RUA DR",NA,"",8454,"","08/04/2013 14:50",4,"AT",62,1403," "," ",0,0,0,1,0,0,0,0,0,0,0,0,0,0,0,0,0,2429,"ASSIS RIBEIRO, RUA DR",NA,"",28,"ERMELINO MATARA",1,0,"ASSIS RIBEIRO, RUA DR 8454 SAO PAULO SP",-23.4852604,-46.4797721
"6428","D041301544",4777,"CERQUEIRA CESAR, RUA",NA,"",202,"","08/04/2013 15:00",4,"AT",11,3878," "," ",0,0,1,0,0,0,0,0,0,0,0,0,0,0,0,0,0,4777,"CERQUEIRA CESAR, RUA",NA,"",72,"SANTO AMARO",1,0,"CERQUEIRA CESAR, RUA 202 SAO PAULO SP",-23.6496953,-46.7085172
"6429","D041302158",15032,"ORATORIO, AV DO",NA,"",4917,"","08/04/2013 15:09",2,"SI",70,1902," "," ",0,2,0,0,0,0,0,0,0,0,0,0,0,0,0,0,0,15032,"ORATORIO, AV DO",NA,"",26,"CONSOLACAO",1,0,"ORATORIO, AV DO 4917 SAO PAULO SP",-23.6030343,-46.5273147
"6431","D041300344",14705,"SAUDE, RUA NSRA DA",17356,"ROMAO PUIGGARI, RUA",0,"","08/04/2013 16:20",2,"CO",26,2976," "," ",1,1,0,0,0,0,0,0,0,0,0,0,0,0,0,0,0,14705,"SAUDE, RUA NSRA DA",17356,"ROMAO PUIGGARI, RUA",69,"SACOMA",1,0,"SAUDE, RUA NSRA DA SAO PAULO SP &  ROMAO PUIGGARI, RUA SAO PAULO SP",-23.6227193,-46.6131443
"6432","D041300444",10630,"PEDRO ALVARES CABRAL, AV",57,"ABILIO SOARES, RUA",0,"","08/04/2013 16:20",4,"AT",36,1570," "," ",0,1,0,0,0,0,0,0,0,0,0,0,0,0,0,0,0,57,"ABILIO SOARES, RUA",10630,"PEDRO ALVARES CABRAL, AV",53,"MOEMA",1,0,"PEDRO ALVARES CABRAL, AV SAO PAULO SP &  ABILIO SOARES, RUA SAO PAULO SP",-23.582408,-46.6572821
"6433","D041301217",8538,"GUSTAVO ADOLFO, AV",NA,"",777,"","08/04/2013 16:36",2,"CL",39,3624," "," ",0,0,1,0,1,0,0,0,0,0,0,0,0,0,0,0,0,8538,"GUSTAVO ADOLFO, AV",NA,"",94,"VILA MEDEIROS",1,0,"GUSTAVO ADOLFO, AV 777 SAO PAULO SP",-23.4817923,-46.5919084
"6434","D041301709",2522,"AUGUSTO DE CASTRO, AV",NA,"",503,"","08/04/2013 17:30",4,"AT",98,3820," "," ",0,0,1,0,0,0,0,0,0,0,0,0,0,0,0,0,0,2522,"AUGUSTO DE CASTRO, AV",NA,"",22,"CIDADE ADEMAR",1,0,"AUGUSTO DE CASTRO, AV 503 SAO PAULO SP",-23.6891664,-46.6633156
"6435","D041301888",45755,"VIRGILIO CAMPELO, RUA PE",NA,"",94,"","08/04/2013 18:00",4,"AT",50,2789," "," ",0,0,0,0,0,0,0,0,1,0,0,0,0,0,0,0,0,45755,"VIRGILIO CAMPELO, RUA PE",NA,"",35,"ITAIM PAULISTA",1,0,"VIRGILIO CAMPELO, RUA PE 94 SAO PAULO SP",-23.50576,-46.3769021
"6436","D041300011",8029,"GLORIA, RUA DA",NA,"",150,"","08/04/2013 18:06",4,"AT",1,2848," "," ",1,0,0,0,0,0,0,0,0,0,0,0,0,0,0,0,0,8029,"GLORIA, RUA DA",NA,"",49,"LIBERDADE",1,0,"GLORIA, RUA DA 150 SAO PAULO SP",-23.5545395,-46.6343506
"6437","D041300283",15656,"PAULISTA, AV",NA,"",648,"","08/04/2013 18:14",2,"CO",78,2805," "," ",1,0,0,0,0,0,0,1,0,0,0,0,0,0,0,0,0,15656,"PAULISTA, AV",NA,"",7,"BELA VISTA",2,0,"PAULISTA, AV 648 SAO PAULO SP",-23.5671736,-46.6492537
"6439","D041300134",18618,"TAMANDARE, RUA",NA,"",655,"","08/04/2013 18:40",4,"AT",5,2808," "," ",1,0,0,0,0,0,0,0,0,0,0,0,0,0,0,0,0,18618,"TAMANDARE, RUA",NA,"",49,"LIBERDADE",1,0,"TAMANDARE, RUA 655 SAO PAULO SP",-23.5645782,-46.6353548
"6442","D041300668",4248,"CARDOSO DE ALMEIDA, RUA",NA,"",1165,"","08/04/2013 19:00",4,"AT",23,2333," "," ",1,0,0,0,0,0,0,0,0,0,0,0,0,0,0,0,0,4248,"CARDOSO DE ALMEIDA, RUA",NA,"",61,"PERDIZES",1,0,"CARDOSO DE ALMEIDA, RUA 1165 SAO PAULO SP",-23.5407079,-46.6703504
"6443","D041300838",17162,"RIO PEQUENO, AV DO",11022,"JOSE JOAQUIM SEABRA, AV",0,"","08/04/2013 19:00",4,"AT",51,3374," "," ",0,1,0,0,0,0,0,0,0,0,0,0,0,0,0,0,0,11022,"JOSE JOAQUIM SEABRA, AV",17162,"RIO PEQUENO, AV DO",68,"RIO PEQUENO",1,0,"RIO PEQUENO, AV DO SAO PAULO SP &  JOSE JOAQUIM SEABRA, AV SAO PAULO SP",-23.5627974,-46.746682
"6444","D041301282",1632,"ANTONIO CESAR NETO, AV",21376,"MICHEL OUCHANA, RUA",0,"","08/04/2013 19:08",2,"CO",73,3622,"C"," ",1,1,0,0,0,0,0,0,0,0,0,0,0,0,0,0,0,1632,"ANTONIO CESAR NETO, AV",21376,"MICHEL OUCHANA, RUA",38,"JACANA",1,0,"ANTONIO CESAR NETO, AV SAO PAULO SP &  MICHEL OUCHANA, RUA SAO PAULO SP",-23.4575374,-46.583038
"6447","D041300244",5567,"CRUZEIRO DO SUL, AV",NA,"",238,"","08/04/2013 19:35",4,"AT",12,2613," "," ",1,0,0,0,0,0,0,0,0,0,0,0,0,0,0,0,0,5567,"CRUZEIRO DO SUL, AV",NA,"",5,"ARTUR ALVIM",1,0,"CRUZEIRO DO SUL, AV 238 SAO PAULO SP",-23.5297198,-46.6253001
"6448","D041301283",6224,"EDU CHAVES, AV",NA,"",752,"","08/04/2013 19:40",2,"CO",73,3629,"B"," ",0,1,0,0,1,0,0,0,0,0,0,0,0,0,0,0,0,6224,"EDU CHAVES, AV",NA,"",38,"JACANA",3,0,"EDU CHAVES, AV 752 SAO PAULO SP",-23.4741064,-46.5707072
"6449","D041301350",13177,"MARIA CARLOTA, RUA",NA,"",788,"","08/04/2013 19:41",4,"AT",10,3904," "," ",0,1,0,0,0,0,0,0,0,0,0,0,0,0,0,0,0,13177,"MARIA CARLOTA, RUA",NA,"",60,"PENHA",1,0,"MARIA CARLOTA, RUA 788 SAO PAULO SP",-23.528539,-46.5280344
"6450","D041302244",13177,"MARIA CARLOTA, RUA",NA,"",788,"","08/04/2013 19:41",4,"AT",10,3910," "," ",0,1,0,0,0,0,0,0,0,0,0,0,0,0,0,0,0,13177,"MARIA CARLOTA, RUA",NA,"",60,"PENHA",0,1,"MARIA CARLOTA, RUA 788 SAO PAULO SP",-23.528539,-46.5280344
"6451","D041301984",78261,"BALTAZAR BARROSO, RUA",NA,"",11,"","08/04/2013 20:00",4,"AT",68,1102," "," ",0,0,0,0,0,0,0,0,0,0,0,1,0,0,0,0,0,78261,"BALTAZAR BARROSO, RUA",NA,"",50,"LIMAO",1,0,"BALTAZAR BARROSO, RUA 11 SAO PAULO SP",-23.5295176,-46.4267798
"6452","D041301545",15300,"PAIS DA SILVA, RUA",NA,"",23,"","08/04/2013 20:07",2,"CO",11,3883," "," ",1,0,0,0,0,0,0,0,0,0,0,1,0,0,0,0,0,15300,"PAIS DA SILVA, RUA",NA,"",29,"FREGUESIA DO O",1,0,"PAIS DA SILVA, RUA 23 SAO PAULO SP",-23.6325288,-46.7064903
"6453","D041301546",222,"ADOLFO PINHEIRO, AV",NA,"",1800,"","08/04/2013 20:25",2,"CO",11,3887," "," ",1,0,0,0,0,0,0,1,0,0,0,0,0,0,0,0,0,222,"ADOLFO PINHEIRO, AV",NA,"",72,"SANTO AMARO",1,0,"ADOLFO PINHEIRO, AV 1800 SAO PAULO SP",-23.6386534,-46.6961462
"6454","D041301053",17832,"SAGUAIRU, RUA",10458,"JOAO RUDGE, RUA",0,"","08/04/2013 20:30",2,"CO",13,3790," "," ",1,1,0,0,0,0,0,0,0,0,0,0,0,0,0,0,0,10458,"JOAO RUDGE, RUA",17832,"SAGUAIRU, RUA",21,"CASA VERDE",1,0,"SAGUAIRU, RUA SAO PAULO SP &  JOAO RUDGE, RUA SAO PAULO SP",-23.5092964,-46.6531503
"6455","D041300006",11649,"LAVAPES, RUA DO",8029,"GLORIA, RUA DA",0,"","08/04/2013 21:11",2,"CO",1,2617," "," ",0,0,0,0,1,0,0,1,0,0,0,0,0,0,0,0,0,3699,"BUENO DE ANDRADE, RUA",11649,"LAVAPES, RUA DO",49,"LIBERDADE",1,0,"LAVAPES, RUA DO SAO PAULO SP &  GLORIA, RUA DA SAO PAULO SP",-23.5614377,-46.6264296
"6456","D041302116",17824,"SAPOPEMBA, AV",NA,"",17700,"","08/04/2013 21:34",4,"AT",55,4739," "," ",0,0,0,0,0,0,0,0,0,0,0,0,0,0,0,1,0,17824,"SAPOPEMBA, AV",NA,"",33,"IPIRANGA",1,0,"SAPOPEMBA, AV 17700 SAO PAULO SP",-23.6215086,-46.4518318
"6457","D041302165",36333,"CAIO JULIO CESAR, RUA",NA,"",66,"","08/04/2013 21:57",2,"CO",70,3551," "," ",1,1,0,0,0,0,0,0,0,0,0,0,0,0,0,0,0,36333,"CAIO JULIO CESAR, RUA",NA,"",56,"PARELHEIROS",1,0,"CAIO JULIO CESAR, RUA 66 SAO PAULO SP",-23.6206287,-46.507292
"6458","D041301374",15304,"PAES DE BARROS, AV",NA,"",2900,"","08/04/2013 22:03",4,"AT",18,2198," "," ",0,0,0,0,0,0,0,1,0,0,0,0,0,0,0,0,0,15304,"PAES DE BARROS, AV",NA,"",16,"CAMPO GRANDE",1,0,"PAES DE BARROS, AV 2900 SAO PAULO SP",-23.5760969,-46.5873234
"6461","D041301209",15630,"AGUAS DE SAO PEDRO, AV",NA,"",520,"","08/04/2013 22:30",2,"CH",39,1652," "," ",2,0,0,0,0,0,0,0,0,0,0,0,0,0,0,0,0,15630,"AGUAS DE SAO PEDRO, AV",NA,"",71,"SANTANA",1,0,"AGUAS DE SAO PEDRO, AV 520 SAO PAULO SP",-23.4875579,-46.6119785
"6463","D041300133",13619,"MARTINIANO DE CARVALHO, RUA",10342,"JOAO JULIAO, RUA",0,"","08/04/2013 23:56",4,"AT",5,2812," "," ",1,0,0,0,0,0,0,0,0,0,0,0,0,0,0,0,0,945,"AMADEU AMARAL, PCA",19154,"TREZE DE MAIO, RUA",7,"BELA VISTA",1,0,"MARTINIANO DE CARVALHO, RUA SAO PAULO SP &  JOAO JULIAO, RUA SAO PAULO SP",-23.5689849,-46.6398198
"6465","D041301906",4696,"BERNARDO DE CHAVES CABRAL, RUA",NA,"",447,"","09/04/2013 05:20",2,"SI",59,4469," "," ",0,1,0,0,0,0,0,0,0,0,0,0,0,0,0,1,0,4696,"BERNARDO DE CHAVES CABRAL, RUA",NA,"",43,"JARDIM HELENA",1,0,"BERNARDO DE CHAVES CABRAL, RUA 447 SAO PAULO SP",-23.4921063,-46.4014408
"6466","D041301657",15507,"TEOTONIO VILELA, AV SEN",NA,"",6500,"","09/04/2013 05:30",2,"SI",85,1846," "," ",1,1,0,0,0,0,0,0,0,0,0,0,0,0,0,0,0,15507,"TEOTONIO VILELA, AV SEN",NA,"",23,"CIDADE DUTRA",1,0,"TEOTONIO VILELA, AV SEN 6500 SAO PAULO SP",-23.759278,-46.7153532
"6468","D041301257",15425,"CANTIDIO SAMPAIO, AV DEP",NA,"",2470,"","09/04/2013 06:40",4,"AT",72,3093," "," ",0,0,0,0,0,0,0,1,0,0,0,0,0,0,0,0,0,15425,"CANTIDIO SAMPAIO, AV DEP",NA,"",41,"JARAGUA",1,0,"CANTIDIO SAMPAIO, AV DEP 2470 SAO PAULO SP",-23.4596366,-46.6853553
"6469","D041301351",43777,"CARVALHO PINTO, AV GOV",15490,"PARATIJI, RUA",0,"","09/04/2013 06:45",4,"AT",10,3915,"C"," ",1,1,0,0,0,0,0,0,0,0,0,0,0,0,0,0,0,15490,"PARATIJI, RUA",43777,"CARVALHO PINTO, AV GOV",60,"PENHA",1,0,"CARVALHO PINTO, AV GOV SAO PAULO SP &  PARATIJI, RUA SAO PAULO SP",-23.5149544,-46.5203738
"6470","D041300852",20507,"CANDIDO FONTOURA, RUA",NA,"",764,"","09/04/2013 06:48",2,"CO",75,1215," "," ",0,2,0,0,0,0,0,0,0,0,0,0,0,0,0,0,0,20507,"CANDIDO FONTOURA, RUA",NA,"",13,"CACHOEIRINHA",2,0,"CANDIDO FONTOURA, RUA 764 SAO PAULO SP",-23.5837057,-46.7925839
"6471","D041301499",906,"ALVARO RAMOS, AV",10924,"JOSE DO BARREIRO, RUA S",0,"","09/04/2013 07:11",2,"CO",57,1409," "," ",1,1,0,0,0,0,0,0,0,0,0,0,0,0,0,0,0,906,"ALVARO RAMOS, AV",10924,"JOSE DO BARREIRO, RUA S",8,"BELEM",1,0,"ALVARO RAMOS, AV SAO PAULO SP &  JOSE DO BARREIRO, RUA S SAO PAULO SP",-23.5475494,-46.5829937
"6472","D041300986",14270,"MORVAN DIAS DE FIGUEIREDO, AV",NA,"",2801,"","09/04/2013 07:15",4,"AT",9,1361," "," ",0,0,0,0,0,0,0,0,0,0,0,1,0,0,0,0,0,29772,"MARGINAL DO RIO TIETE, AV",NA,"",0,"NULL",1,0,"MORVAN DIAS DE FIGUEIREDO, AV 2801 SAO PAULO SP",-23.5220739,-46.6031496
"6473","D041301447",19708,"VILA EMA, AV",NA,"",2650,"","09/04/2013 07:30",2,"CO",42,1267," "," ",1,2,0,0,0,0,0,0,0,0,0,0,0,0,0,0,0,19708,"VILA EMA, AV",NA,"",26,"CONSOLACAO",1,0,"VILA EMA, AV 2650 SAO PAULO SP",-23.5823006,-46.5513155