"","id_acidente","codloga","logradouroA","codlogb","logradouroB","alt_num","referencia","data","cod_acid","tipo_acidente","dp","numero_BO","sentido","pista","automovel","moto","onibus","caminhao","bicicleta","moto_taxi","onibus_fretado","onibus_urbano","microonibus","van","vuc","caminhonete","carreta","jipe","outros","sem_informacao","carroca","princ_a","paiA","princ_b","paiB","cod_distrito","distrito","vit_ferida","vit_morta","local","lat","lon"
"6475","D041301338",43777,"CARVALHO PINTO, AV GOV",4128,"CANGAIBA, AV",0,"","09/04/2013 07:30",4,"AT",10,3044," "," ",0,1,0,0,0,0,0,0,0,0,0,0,0,0,0,0,0,4128,"CANGAIBA, AV",43777,"CARVALHO PINTO, AV GOV",NA,"",1,0,"CARVALHO PINTO, AV GOV SAO PAULO SP &  CANGAIBA, AV SAO PAULO SP",-23.5149544,-46.5203738
"6476","D041301840",43777,"CARVALHO PINTO, AV GOV",4128,"CANGAIBA, AV",0,"","09/04/2013 07:30",4,"AT",24,3020," "," ",0,1,0,0,0,0,0,0,0,0,0,0,0,0,0,0,0,4128,"CANGAIBA, AV",43777,"CARVALHO PINTO, AV GOV",NA,"",1,0,"CARVALHO PINTO, AV GOV SAO PAULO SP &  CANGAIBA, AV SAO PAULO SP",-23.5149544,-46.5203738
"6477","D041301445",18741,"TAUBATE, RUA",NA,"",1321,"","09/04/2013 07:40",2,"CO",31,900024," "," ",1,1,0,0,0,0,0,0,0,0,0,0,0,0,0,0,0,18741,"TAUBATE, RUA",NA,"",20,"CARRAO",1,0,"TAUBATE, RUA 1321 SAO PAULO SP",-23.5613676,-46.5355662
"6478","D041301054",17799,"SANTOS DUMONT, AV",NA,"",2000,"","09/04/2013 07:50",2,"CL",13,3799,"C"," ",1,1,0,0,0,0,0,0,0,0,0,0,0,0,0,0,0,17799,"SANTOS DUMONT, AV",NA,"",15,"CAMPO BELO",1,0,"SANTOS DUMONT, AV 2000 SAO PAULO SP",-23.4642864,-46.4684746
"6480","D041302159",22275,"LUIS JULIANI, RUA",62188,"BERNARDINO FERRAZ, RUA",0,"","09/04/2013 07:59",2,"CO",70,1923," "," ",1,1,0,0,0,0,0,0,0,0,0,0,0,0,0,0,0,22275,"LUIS JULIANI, RUA",62188,"BERNARDINO FERRAZ, RUA",NA,"",2,0,"LUIS JULIANI, RUA SAO PAULO SP &  BERNARDINO FERRAZ, RUA SAO PAULO SP",-23.6179978,-46.5069564
"6482","D041300374",19931,"WASHINGTON LUIS, AV",NA,"",6286,"","09/04/2013 08:06",2,"SI",27,900068," "," ",0,1,0,0,0,0,0,0,0,0,0,0,0,0,0,1,0,19931,"WASHINGTON LUIS, AV",NA,"",30,"GRAJAU",1,0,"WASHINGTON LUIS, AV 6286 SAO PAULO SP",-23.6283979,-46.6627218
"6483","D041301109",19884,"VOLUNTARIOS DA PATRIA, RUA",NA,"",4816,"","09/04/2013 08:22",2,"CL",20,3178," "," ",1,1,0,0,0,0,0,0,0,0,0,0,0,0,0,0,0,19884,"VOLUNTARIOS DA PATRIA, RUA",NA,"",8,"BELEM",1,0,"VOLUNTARIOS DA PATRIA, RUA 4816 SAO PAULO SP",-23.4796769,-46.6325075
"6484","D041300778",1429,"ANHANGUERA, VIA",NA,"",22700,"","09/04/2013 08:30",2,"CO",46,1688," "," ",1,1,0,0,0,0,0,0,0,0,0,0,0,0,0,0,0,1429,"ANHANGUERA, VIA",NA,"",73,"SAO DOMINGOS",1,0,"ANHANGUERA, VIA 22700 SAO PAULO SP",-23.4900941,-46.7665396
"6486","D041301933",13881,"MIGUEL, AV S",NA,"",4500,"","09/04/2013 08:45",2,"CT",63,2587," "," ",0,1,0,0,0,0,0,0,0,0,0,1,0,0,0,0,0,13881,"MIGUEL, AV S",NA,"",65,"PONTE RASA",1,0,"MIGUEL, AV S 4500 SAO PAULO SP",-23.5075538,-46.4899129
"6487","D041301170",20087,"ZUMKELLER, AV",NA,"",980,"","09/04/2013 10:00",2,"CO",38,1821," "," ",2,0,0,0,0,0,0,0,0,0,0,0,0,0,0,0,0,20087,"ZUMKELLER, AV",NA,"",8,"BELEM",1,0,"ZUMKELLER, AV 980 SAO PAULO SP",-23.471967,-46.6372596
"6490","D041300388",22399,"CASIMIRO DE ABREU, RUA",15593,"PAIAGUAS, RUA",0,"","09/04/2013 10:51",2,"CO",27,3631," "," ",2,0,0,0,0,0,0,0,0,0,0,0,0,0,0,0,0,15593,"PAIAGUAS, RUA",22399,"CASIMIRO DE ABREU, RUA",15,"CAMPO BELO",1,0,"CASIMIRO DE ABREU, RUA SAO PAULO SP &  PAIAGUAS, RUA SAO PAULO SP",-23.5359881,-46.6154211
"6491","D041301235",34562,"JOAO PAULO I, AV",NA,"",1771,"","09/04/2013 11:00",2,"CO",45,858," "," ",1,1,0,0,0,0,0,0,0,0,0,0,0,0,0,0,0,34562,"JOAO PAULO I, AV",NA,"",4,"ARICANDUVA",1,0,"JOAO PAULO I, AV 1771 SAO PAULO SP",-23.478009,-46.6853566
"6492","D041301734",9220,"INTERLAGOS, AV",NA,"",3455,"","09/04/2013 11:08",2,"CO",99,1599," "," ",0,0,0,1,0,0,0,0,0,0,0,1,0,0,0,0,0,9220,"INTERLAGOS, AV",NA,"",16,"CAMPO GRANDE",1,0,"INTERLAGOS, AV 3455 SAO PAULO SP",-23.6803737,-46.6871657
"6493","D041300719",7500,"FRANCISCO MORATO, AV PROF",NA,"",5200,"","09/04/2013 11:40",2,"SI",34,2178," "," ",1,1,0,0,0,0,0,0,0,0,0,0,0,0,0,0,0,7500,"FRANCISCO MORATO, AV PROF",NA,"",12,"BUTANTA",2,0,"FRANCISCO MORATO, AV PROF 5200 SAO PAULO SP",-23.6008882,-46.7428419
"6494","D041301617",17772,"SANT'ANNA, AV COMEN",NA,"",600,"","09/04/2013 11:40",2,"CO",47,4707,"C"," ",1,1,0,0,0,0,0,0,0,0,0,0,0,0,0,0,0,17772,"SANT'ANNA, AV COMEN",NA,"",29,"FREGUESIA DO O",1,0,"SANT'ANNA, AV COMEN 600 SAO PAULO SP",-23.5186813,-46.6999583
"6495","D041300626",16919,"REBOUCAS, AV",8919,"IBIAPINOPOLIS, RUA",0,"","09/04/2013 11:40",2,"CO",15,1749," "," ",1,1,0,0,0,0,0,0,0,0,0,0,0,0,0,0,0,8919,"IBIAPINOPOLIS, RUA",16919,"REBOUCAS, AV",63,"PINHEIROS",1,0,"REBOUCAS, AV SAO PAULO SP &  IBIAPINOPOLIS, RUA SAO PAULO SP",-23.5666153,-46.6829404
"6496","D041300257",3674,"BROTERO, RUA CONS",NA,"",993,"","09/04/2013 11:58",2,"OU",77,1485," "," ",1,0,0,0,0,0,0,0,0,0,0,0,0,0,0,0,0,3674,"BROTERO, RUA CONS",NA,"",70,"SANTA CECILIA",1,0,"BROTERO, RUA CONS 993 SAO PAULO SP",-23.5351009,-46.6602078
"6497","D041300292",15372,"PAMPLONA, RUA",NA,"",9999,"","09/04/2013 12:00",4,"AT",78,3080," "," ",1,0,0,0,0,0,0,0,0,0,0,0,0,0,0,0,0,15372,"PAMPLONA, RUA",NA,"",17,"CAMPO LIMPO",1,0,"PAMPLONA, RUA 9999 SAO PAULO SP",-23.5702153,-46.6600469
"6498","D041300519",17475,"ROUXINOL, AV",NA,"",115,"","09/04/2013 12:01",4,"AT",96,1606," "," ",1,0,0,0,0,0,0,0,0,0,0,0,0,0,0,0,0,17475,"ROUXINOL, AV",NA,"",24,"CIDADE LIDER",1,0,"ROUXINOL, AV 115 SAO PAULO SP",-23.601182,-46.6729931
"6499","D041300473",17991,"SENA MADUREIRA, RUA",NA,"",1980,"","09/04/2013 12:30",2,"CO",36,4660," "," ",1,1,0,0,0,0,0,0,0,0,0,1,0,0,0,0,0,17991,"SENA MADUREIRA, RUA",NA,"",9,"BOM RETIRO",1,0,"SENA MADUREIRA, RUA 1980 SAO PAULO SP",-23.5923301,-46.648588
"6500","D041301597",5606,"CUPECE, AV",NA,"",4927,"","09/04/2013 12:51",4,"AT",43,1341," "," ",0,1,0,0,0,0,0,0,0,0,0,0,0,0,0,0,0,5606,"CUPECE, AV",NA,"",22,"CIDADE ADEMAR",1,0,"CUPECE, AV 4927 SAO PAULO SP",-23.6773255,-46.6414819
"6501","D041300096",2619,"AVARE, RUA",NA,"",105,"","09/04/2013 12:52",2,"QM",4,2621," "," ",0,1,0,0,0,0,0,0,0,0,0,0,0,0,0,0,0,2619,"AVARE, RUA",NA,"",92,"VILA MARIANA",1,0,"AVARE, RUA 105 SAO PAULO SP",-23.6763261,-46.8044512
"6502","D041301284",9066,"IMBIRAS, RUA",NA,"",777,"","09/04/2013 12:55",2,"CO",73,3642," "," ",1,1,0,0,0,0,0,0,0,0,0,0,0,0,0,0,0,9066,"IMBIRAS, RUA",NA,"",83,"TREMEMBE",1,0,"IMBIRAS, RUA 777 SAO PAULO SP",-23.4597564,-46.5937346
"6503","D041300221",16870,"RANGEL PESTANA, AV",NA,"",2131,"","09/04/2013 13:00",4,"AT",12,1992," "," ",0,1,0,0,0,0,0,0,0,0,0,0,0,0,0,0,0,16870,"RANGEL PESTANA, AV",NA,"",1,"AGUA RASA",1,0,"RANGEL PESTANA, AV 2131 SAO PAULO SP",-23.5419788,-46.6150221
"6504","D041300657",3876,"CAIOVAA, RUA",3880,"CAIUBI, RUA",0,"","09/04/2013 13:00",2,"SI",23,1929," "," ",0,1,0,0,0,0,0,0,0,0,0,0,0,0,0,0,0,3876,"CAIOVAA, RUA",3880,"CAIUBI, RUA",61,"PERDIZES",1,0,"CAIOVAA, RUA SAO PAULO SP &  CAIUBI, RUA SAO PAULO SP",-23.5450275,-46.6884733
"6505","D041302011",10503,"JOAO XXIII, AV",NA,"",1464,"","09/04/2013 13:20",2,"CO",41,1873," "," ",1,1,0,0,0,0,0,0,0,0,0,0,0,0,0,0,0,10503,"JOAO XXIII, AV",NA,"",4,"ARICANDUVA",1,0,"JOAO XXIII, AV 1464 SAO PAULO SP",-23.5692399,-46.5281037
"6506","D041300695",1232,"ANASTACIO, AV DO",2204,"ARISTIDES MALHEIROS, RUA",0,"","09/04/2013 13:35",2,"CO",33,3271," "," ",1,0,0,0,0,0,0,0,0,0,0,1,0,0,0,0,0,1232,"ANASTACIO, AV DO",2204,"ARISTIDES MALHEIROS, RUA",73,"SAO DOMINGOS",1,0,"ANASTACIO, AV DO SAO PAULO SP &  ARISTIDES MALHEIROS, RUA SAO PAULO SP",-23.5067904,-46.7337138
"6507","D041300389",10918,"JOSE DINIZ, AV VER",NA,"",100,"","09/04/2013 13:42",2,"CO",27,3639," "," ",1,1,0,0,0,0,0,0,0,0,0,0,0,0,0,0,0,10918,"JOSE DINIZ, AV VER",NA,"",15,"CAMPO BELO",1,0,"JOSE DINIZ, AV VER 100 SAO PAULO SP",-23.6402811,-46.6966511
"6508","D041300390",12453,"PASCAL, RUA",20036,"ZACARIAS DE GOIS, RUA",0,"","09/04/2013 13:56",2,"SI",27,3641," "," ",1,1,0,0,0,0,0,0,0,0,0,0,0,0,0,0,0,12453,"PASCAL, RUA",20036,"ZACARIAS DE GOIS, RUA",15,"CAMPO BELO",1,0,"PASCAL, RUA SAO PAULO SP &  ZACARIAS DE GOIS, RUA SAO PAULO SP",-23.620606,-46.6718117
"6509","D041301973",9580,"ITAQUERA, AV",NA,"",6742,"","09/04/2013 14:30",2,"CO",65,2315," "," ",1,1,0,0,0,0,0,0,0,0,0,0,0,0,0,0,0,9580,"ITAQUERA, AV",NA,"",24,"CIDADE LIDER",1,0,"ITAQUERA, AV 6742 SAO PAULO SP",-23.5516521,-46.4641369
"6510","D041300944",12436,"MACEDO SOARES, AV EMB",NA,"",6000,"","09/04/2013 14:40",2,"CO",91,2352," "," ",0,1,0,1,0,0,0,0,0,0,0,0,0,0,0,0,0,29772,"MARGINAL DO RIO TIETE, AV",NA,"",48,"LAPA",1,0,"MACEDO SOARES, AV EMB 6000 SAO PAULO SP",-23.5184652,-46.7431323
"6511","D041301787",15507,"TEOTONIO VILELA, AV SEN",NA,"",3323,"","09/04/2013 15:17",2,"CL",101,2538," "," ",1,1,0,0,0,0,0,0,0,0,0,0,0,0,0,0,0,15507,"TEOTONIO VILELA, AV SEN",NA,"",23,"CIDADE DUTRA",2,0,"TEOTONIO VILELA, AV SEN 3323 SAO PAULO SP",-23.7292713,-46.698676
"6512","D041300720",14267,"MORUMBI, AV",NA,"",445,"","09/04/2013 15:45",2,"CH",34,2164," "," ",2,0,0,0,0,0,0,0,0,0,0,0,0,0,0,0,0,14267,"MORUMBI, AV",NA,"",55,"MORUMBI",1,0,"MORUMBI, AV 445 SAO PAULO SP",-23.5789234,-46.7059728
"6514","D041301082",14270,"MORVAN DIAS DE FIGUEIREDO, AV",NA,"",3535,"","09/04/2013 17:15",2,"CT",19,1370," "," ",0,1,0,0,0,0,0,1,0,0,0,0,0,0,0,0,0,29772,"MARGINAL DO RIO TIETE, AV",NA,"",0,"NULL",1,0,"MORVAN DIAS DE FIGUEIREDO, AV 3535 SAO PAULO SP",-23.5248939,-46.5986011
"6515","D041301673",33246,"MANUEL BORDALO PINHEIRO, RUA",75170,"MARIA AMELIA GOUVEIA ANDRE, RUA",0,"","09/04/2013 17:27",2,"CL",92,2260," "," ",1,1,0,0,0,0,0,0,0,0,0,0,0,0,0,0,0,33246,"MANUEL BORDALO PINHEIRO, RUA",75170,"MARIA AMELIA GOUVEIA ANDRE, RUA",45,"JARDIM SAO LUIS",2,0,"MANUEL BORDALO PINHEIRO, RUA SAO PAULO SP &  MARIA AMELIA GOUVEIA ANDRE, RUA SAO PAULO SP",-23.6587972,-46.7567189
"6516","D041300839",11022,"JOSE JOAQUIM SEABRA, AV",NA,"",905,"","09/04/2013 17:30",4,"AT",51,3412," "," ",0,0,0,0,0,0,0,0,0,0,0,1,0,0,0,0,0,11022,"JOSE JOAQUIM SEABRA, AV",NA,"",68,"RIO PEQUENO",1,0,"JOSE JOAQUIM SEABRA, AV 905 SAO PAULO SP",-23.5709673,-46.7533578
"6517","D041300263",9646,"ITU, RUA BRA DE",NA,"",352,"","09/04/2013 18:00",2,"CO",77,1987," "," ",1,1,0,0,0,0,0,0,0,0,0,0,0,0,0,0,0,9646,"ITU, RUA BRA DE",NA,"",70,"SANTA CECILIA",1,0,"ITU, RUA BRA DE 352 SAO PAULO SP",-23.5395908,-46.6563809
"6518","D041301905",70660,"FAVEIRA PEQUENA, RUA",NA,"",195,"","09/04/2013 18:10",4,"AT",59,4375," "," ",1,0,0,0,0,0,0,0,0,0,0,0,0,0,0,0,0,70660,"FAVEIRA PEQUENA, RUA",NA,"",53,"MOEMA",4,0,"FAVEIRA PEQUENA, RUA 195 SAO PAULO SP",-23.508499,-46.4151322
"6519","D041300150",8419,"GUARULHOS, AV",NA,"",3200,"","09/04/2013 18:15",2,"CT",5,4759," "," ",1,1,0,0,0,0,0,0,0,0,0,0,0,0,0,0,0,8419,"GUARULHOS, AV",NA,"",41,"JARAGUA",1,0,"GUARULHOS, AV 3200 SAO PAULO SP",-23.4952718,-46.54853
"6520","D041301847",42369,"AIRTON SENNA DA SILVA, VIA",NA,"",17000,"","09/04/2013 18:25",2,"CO",24,3732," "," ",1,1,0,0,0,0,0,0,0,0,0,0,0,0,0,0,0,42369,"AIRTON SENNA DA SILVA, VIA",NA,"",18,"CANGAIBA",1,0,"AIRTON SENNA DA SILVA, VIA 17000 SAO PAULO SP",-23.4811723,-46.5029865
"6521","D041302117",9589,"ADELIA CHOHFI, AV",NA,"",97,"","09/04/2013 18:30",2,"CH",55,4776," "," ",0,0,0,0,0,0,0,0,0,0,0,1,0,0,0,0,0,9589,"ADELIA CHOHFI, AV",NA,"",75,"SAO MATEUS",2,0,"ADELIA CHOHFI, AV 97 SAO PAULO SP",-23.6142571,-46.4758241
"6522","D041302245",2729,"BAIA GRANDE, RUA",NA,"",525,"","09/04/2013 18:30",2,"CT",56,2230," "," ",2,1,0,0,0,0,0,0,0,0,0,0,0,0,0,0,0,2729,"BAIA GRANDE, RUA",NA,"",95,"VILA PRUDENTE",0,1,"BAIA GRANDE, RUA 525 SAO PAULO SP",-23.6005693,-46.5707552
"6524","D041300966",5309,"CORIFEU DE AZEVEDO MARQUES, AV",9836,"JAGUARE, AV",0,"","09/04/2013 18:50",2,"CO",93,2324," "," ",1,1,0,0,0,0,0,0,0,0,0,0,0,0,0,0,0,5309,"CORIFEU DE AZEVEDO MARQUES, AV",9836,"JAGUARE, AV",55,"MORUMBI",1,0,"CORIFEU DE AZEVEDO MARQUES, AV SAO PAULO SP &  JAGUARE, AV SAO PAULO SP",-23.5597707,-46.7472778
"6525","D041300525",21514,"ROQUE PETRONI JUNIOR, AV",NA,"",1089,"","09/04/2013 19:10",2,"CO",96,1793," "," ",0,2,0,0,0,0,0,0,0,0,0,0,0,0,0,0,0,21514,"ROQUE PETRONI JUNIOR, AV",NA,"",30,"GRAJAU",1,0,"ROQUE PETRONI JUNIOR, AV 1089 SAO PAULO SP",-23.6234844,-46.6989223
"6526","D041301686",60492,"GABRIEL FAURE, RUA",NA,"",54,"","09/04/2013 19:30",4,"AT",92,4436," "," ",1,0,0,0,0,0,0,0,0,0,0,0,0,0,0,0,0,60492,"GABRIEL FAURE, RUA",NA,"",32,"IGUATEMI",2,0,"GABRIEL FAURE, RUA 54 SAO PAULO SP",-23.6588963,-46.736659
"6527","D041301500",7033,"FERNANDO FALCAO, RUA",5574,"CUIABA, RUA",0,"","09/04/2013 19:30",2,"CO",57,1442," "," ",1,0,0,0,0,0,0,0,0,0,0,1,0,0,0,0,0,5574,"CUIABA, RUA",7033,"FERNANDO FALCAO, RUA",54,"MOOCA",1,0,"FERNANDO FALCAO, RUA SAO PAULO SP &  CUIABA, RUA SAO PAULO SP",-23.5595324,-46.5866332
"6528","D041300745",3937,"CAMARGO, RUA",19817,"VITAL BRASIL, AV",0,"","09/04/2013 20:00",2,"CO",34,2898," "," ",2,0,0,0,0,0,0,0,0,0,0,0,0,0,0,0,0,3937,"CAMARGO, RUA",19817,"VITAL BRASIL, AV",12,"BUTANTA",1,0,"CAMARGO, RUA SAO PAULO SP &  VITAL BRASIL, AV SAO PAULO SP",-23.5725715,-46.7097559
"6529","D041302142",9580,"ITAQUERA, AV",NA,"",8000,"","09/04/2013 20:11",2,"CO",66,2336," "," ",0,0,0,0,1,0,0,0,0,0,0,1,0,0,0,0,0,9580,"ITAQUERA, AV",NA,"",24,"CIDADE LIDER",1,0,"ITAQUERA, AV 8000 SAO PAULO SP",-23.5418096,-46.4578546
"6530","D041300593",15321,"PAIS LEME, RUA",NA,"",524,"","09/04/2013 20:17",4,"AT",14,3411," "," ",1,0,0,0,0,0,0,0,0,0,0,0,0,0,0,0,0,15321,"PAIS LEME, RUA",NA,"",69,"SACOMA",1,0,"PAIS LEME, RUA 524 SAO PAULO SP",-23.5681151,-46.7015375
"6531","D041300314",3523,"BOSQUE DA SAUDE, AV",NA,"",1430,"","09/04/2013 20:30",2,"CO",16,4684," "," ",0,1,0,0,0,0,0,0,0,0,0,0,0,0,0,1,0,3523,"BOSQUE DA SAUDE, AV",NA,"",27,"CURSINO",1,0,"BOSQUE DA SAUDE, AV 1430 SAO PAULO SP",-23.6136672,-46.6250926
"6532","D041302141",66596,"MORUBIXABA, RUA",NA,"",255,"","09/04/2013 20:30",2,"CO",66,2327," "," ",0,1,1,0,0,0,0,0,0,0,0,0,0,0,0,0,0,66596,"MORUBIXABA, RUA",NA,"",38,"JACANA",1,0,"MORUBIXABA, RUA 255 SAO PAULO SP",-23.5608593,-46.4806806
"6533","D041300425",7882,"GEORGE CORBISIER, AV ENG",NA,"",1651,"","09/04/2013 21:40",2,"CO",35,4688,"B"," ",1,0,0,0,1,0,0,0,0,0,0,0,0,0,0,0,0,7882,"GEORGE CORBISIER, AV ENG",NA,"",37,"JABAQUARA",1,0,"GEORGE CORBISIER, AV ENG 1651 SAO PAULO SP",-23.6510627,-46.6473656
"6535","D041302246",46936,"JACU-PESSEGO/NOVA TRABALHADORE, AV",64721,"FLOR DE SEDA, RUA",0,"","09/04/2013 22:25",4,"AT",63,2606,"C"," ",0,0,0,1,0,0,0,0,0,0,0,0,0,0,0,0,0,46936,"JACU-PESSEGO/NOVA TRABALHADORE, AV",64721,"FLOR DE SEDA, RUA",89,"VILA JACUI",0,1,"JACU-PESSEGO/NOVA TRABALHADORE, AV SAO PAULO SP &  FLOR DE SEDA, RUA SAO PAULO SP",-23.5754203,-46.4449094
"6539","D041301518",4736,"CELSO GARCIA, AV",3072,"BELEM, RUA",0,"","09/04/2013 23:30",2,"CL",81,1022," "," ",1,1,0,0,0,0,0,0,0,0,0,0,0,0,0,0,0,3072,"BELEM, RUA",4736,"CELSO GARCIA, AV",8,"BELEM",1,0,"CELSO GARCIA, AV SAO PAULO SP &  BELEM, RUA SAO PAULO SP",-23.5359522,-46.5717652
"6540","D041301285",9512,"ITAMONTE, RUA",6224,"EDU CHAVES, AV",0,"","09/04/2013 23:45",2,"CO",73,3671," "," ",1,1,0,0,0,0,0,0,0,0,0,0,0,0,0,0,0,6224,"EDU CHAVES, AV",9512,"ITAMONTE, RUA",38,"JACANA",2,0,"ITAMONTE, RUA SAO PAULO SP &  EDU CHAVES, AV SAO PAULO SP",-23.4891779,-46.5786137
"6543","D041301985",63234,"JOAO GOMES DE FARIAS, RUA",67863,"MARIA AMELIA DE ASSUNCAO, RUA",0,"","10/04/2013 05:10",4,"AT",68,1111," "," ",1,0,0,0,0,0,0,0,0,0,0,0,0,0,0,0,0,63234,"JOAO GOMES DE FARIAS, RUA",67863,"MARIA AMELIA DE ASSUNCAO, RUA",NA,"",1,0,"JOAO GOMES DE FARIAS, RUA SAO PAULO SP &  MARIA AMELIA DE ASSUNCAO, RUA SAO PAULO SP",-23.5305827,-46.4214255
"6544","D041300759",34682,"CAMPO LIMPO, ES DO",7500,"FRANCISCO MORATO, AV PROF",0,"","10/04/2013 05:40",2,"QM",37,2191," "," ",0,1,0,0,0,0,0,0,0,0,0,0,0,0,0,0,0,7500,"FRANCISCO MORATO, AV PROF",34682,"CAMPO LIMPO, ES DO",NA,"",2,0,"CAMPO LIMPO, ES DO SAO PAULO SP &  FRANCISCO MORATO, AV PROF SAO PAULO SP",-23.2019463,-46.785846
"6545","D041301483",27018,"JACINTO MENEZES PALHARES, AV",NA,"",87,"","10/04/2013 06:40",2,"CF",56,2238," "," ",1,1,0,0,0,0,0,0,0,0,0,0,0,0,0,0,0,27018,"JACINTO MENEZES PALHARES, AV",NA,"",26,"CONSOLACAO",2,0,"JACINTO MENEZES PALHARES, AV 87 SAO PAULO SP",-23.5833967,-46.5655505
"6546","D041301346",43777,"CARVALHO PINTO, AV GOV",5545,"CRUBIXA, RUA",0,"","10/04/2013 06:48",4,"AT",10,3761," "," ",0,1,0,0,0,0,0,0,0,0,0,0,0,0,0,1,0,5545,"CRUBIXA, RUA",43777,"CARVALHO PINTO, AV GOV",18,"CANGAIBA",2,0,"CARVALHO PINTO, AV GOV SAO PAULO SP &  CRUBIXA, RUA SAO PAULO SP",-23.5149544,-46.5203738
"6547","D041300222",5567,"CRUZEIRO DO SUL, AV",NA,"",144,"","10/04/2013 06:50",2,"SI",12,2003," "," ",1,1,0,0,0,0,0,0,0,0,0,0,0,0,0,0,0,5567,"CRUZEIRO DO SUL, AV",NA,"",5,"ARTUR ALVIM",1,0,"CRUZEIRO DO SUL, AV 144 SAO PAULO SP",-23.5306504,-46.6254553
"6548","D041301644",42148,"BRUNO TAUT, RUA",NA,"",1512,"","10/04/2013 07:00",2,"CO",80,1226," "," ",0,0,0,0,1,0,0,0,0,0,0,1,0,0,0,0,0,42148,"BRUNO TAUT, RUA",NA,"",22,"CIDADE ADEMAR",1,0,"BRUNO TAUT, RUA 1512 SAO PAULO SP",-23.6872901,-46.670255
"6554","D041301223",6450,"EMILIO CARLOS, AV DEP",NA,"",2400,"","10/04/2013 09:00",2,"CO",40,1194," "," ",1,1,0,0,0,0,0,0,0,0,0,0,0,0,0,0,0,6450,"EMILIO CARLOS, AV DEP",NA,"",50,"LIMAO",1,0,"EMILIO CARLOS, AV DEP 2400 SAO PAULO SP",-23.4863849,-46.6752413
"6555","D041300378",24507,"LINO DE MORAES LEME, AV DR",31498,"ROBERTO MARINHO - ANT AGUA ESP, AV JORN",0,"","10/04/2013 09:00",2,"CO",27,3179," "," ",1,1,0,0,0,0,0,0,0,0,0,0,0,0,0,0,0,24507,"LINO DE MORAES LEME, AV DR",31498,"ROBERTO MARINHO - ANT AGUA ESP, AV JORN",15,"CAMPO BELO",1,0,"LINO DE MORAES LEME, AV DR SAO PAULO SP &  ROBERTO MARINHO - ANT AGUA ESP, AV JORN SAO PAULO SP",-23.6412649,-46.6657886
"6556","D041300883",16838,"RAIMUNDO PEREIRA DE MAGAL., AV",NA,"",5000,"","10/04/2013 09:22",2,"CT",87,1867," "," ",1,0,0,1,0,0,0,0,0,0,0,0,0,0,0,0,0,16838,"RAIMUNDO PEREIRA DE MAGAL., AV",NA,"",31,"GUAIANASES",1,0,"RAIMUNDO PEREIRA DE MAGAL., AV 5000 SAO PAULO SP",-23.4867171,-46.7259774
"6557","D041301055",9078,"IMIRIM, AV",13116,"IBIRATINGA, RUA",0,"","10/04/2013 09:40",2,"CO",13,3854," "," ",1,1,0,0,0,0,0,0,0,0,0,0,0,0,0,0,0,9078,"IMIRIM, AV",13116,"IBIRATINGA, RUA",71,"SANTANA",2,0,"IMIRIM, AV SAO PAULO SP &  IBIRATINGA, RUA SAO PAULO SP",-23.4763933,-46.6630839
"6558","D041300446",19583,"VERGUEIRO, RUA",NA,"",1946,"","10/04/2013 09:58",4,"AT",36,1602," "," ",0,1,0,0,0,0,0,0,0,0,0,0,0,0,0,0,0,19583,"VERGUEIRO, RUA",NA,"",33,"IPIRANGA",1,0,"VERGUEIRO, RUA 1946 SAO PAULO SP",-23.5793453,-46.6398489
"6559","D041301064",14242,"MOREIRA DE BARROS, RUA CONS",NA,"",437,"","10/04/2013 10:00",2,"QM",13,4125," "," ",0,1,0,0,0,0,0,0,0,0,0,0,0,0,0,0,0,14242,"MOREIRA DE BARROS, RUA CONS",NA,"",0,"NULL",1,0,"MOREIRA DE BARROS, RUA CONS 437 SAO PAULO SP",-23.4961486,-46.6297486
"6560","D041301547",10270,"JOAO DIAS, AV",NA,"",10,"","10/04/2013 10:00",2,"CO",11,3949," "," ",0,2,0,0,0,0,0,0,0,0,0,0,0,0,0,0,0,10270,"JOAO DIAS, AV",NA,"",72,"SANTO AMARO",1,0,"JOAO DIAS, AV 10 SAO PAULO SP",-23.6444973,-46.7311571
"6561","D041300445",19583,"VERGUEIRO, RUA",11922,"LINS DE VASCONCELOS, AV",0,"","10/04/2013 10:30",4,"AT",36,1597," "," ",0,0,0,0,0,0,0,0,0,0,0,1,0,0,0,0,0,11922,"LINS DE VASCONCELOS, AV",19583,"VERGUEIRO, RUA",92,"VILA MARIANA",1,0,"VERGUEIRO, RUA SAO PAULO SP &  LINS DE VASCONCELOS, AV SAO PAULO SP",-23.6104332,-46.6085751
"6562","D041301735",7917,"GERALDO SANT'ANA, AV SARG",NA,"",650,"","10/04/2013 10:31",2,"CO",99,1618,"C"," ",0,1,0,0,0,0,0,0,0,0,0,1,0,0,0,0,0,7917,"GERALDO SANT'ANA, AV SARG",NA,"",16,"CAMPO GRANDE",1,0,"GERALDO SANT'ANA, AV SARG 650 SAO PAULO SP",-23.663432,-46.6846517
"6563","D041301818",1100,"AMERICO GOMES DA COSTA, RUA",NA,"",98,"","10/04/2013 11:25",2,"CO",22,1845," "," ",1,1,0,0,0,0,0,0,0,0,0,0,0,0,0,0,0,1100,"AMERICO GOMES DA COSTA, RUA",NA,"",76,"SAO MIGUEL",1,0,"AMERICO GOMES DA COSTA, RUA 98 SAO PAULO SP",-23.4945159,-46.4407252