"","id_acidente","codloga","logradouroA","codlogb","logradouroB","alt_num","referencia","data","cod_acid","tipo_acidente","dp","numero_BO","sentido","pista","automovel","moto","onibus","caminhao","bicicleta","moto_taxi","onibus_fretado","onibus_urbano","microonibus","van","vuc","caminhonete","carreta","jipe","outros","sem_informacao","carroca","princ_a","paiA","princ_b","paiB","cod_distrito","distrito","vit_ferida","vit_morta","local","lat","lon"
"6564","D041300994",5567,"CRUZEIRO DO SUL, AV",NA,"",2500,"","10/04/2013 11:40",2,"CO",9,2129," "," ",4,0,0,0,0,0,0,0,0,0,0,1,0,0,0,0,0,5567,"CRUZEIRO DO SUL, AV",NA,"",5,"ARTUR ALVIM",3,0,"CRUZEIRO DO SUL, AV 2500 SAO PAULO SP",-23.5084407,-46.6247752
"6565","D041300997",20089,"ZUQUIM, RUA DR",NA,"",408,"","10/04/2013 11:45",4,"AT",9,2143," "," ",0,0,0,0,0,0,0,1,0,0,0,0,0,0,0,0,0,20089,"ZUQUIM, RUA DR",NA,"",8,"BELEM",1,0,"ZUQUIM, RUA DR 408 SAO PAULO SP",-23.5018663,-46.6223639
"6566","D041300551",2235,"ARMANDO DE ARRUDA PEREIRA, AV ENG",NA,"",4658,"","10/04/2013 11:50",4,"AT",97,1029,"C"," ",1,0,0,0,0,0,0,0,0,0,0,0,0,0,0,0,0,2235,"ARMANDO DE ARRUDA PEREIRA, AV ENG",NA,"",37,"JABAQUARA",1,0,"ARMANDO DE ARRUDA PEREIRA, AV ENG 4658 SAO PAULO SP",-23.6659633,-46.6380256
"6567","D041302124",3900,"ABETO, RUA",NA,"",22,"","10/04/2013 12:00",4,"AT",66,1634," "," ",1,0,0,0,0,0,0,0,0,0,0,0,0,0,0,0,0,3900,"ABETO, RUA",NA,"",24,"CIDADE LIDER",1,0,"ABETO, RUA 22 SAO PAULO SP",-23.5586575,-46.5091902
"6568","D041302108",70248,"MIGUEL FERREIRA DE MELO, RUA",NA,"",9,"","10/04/2013 12:00",4,"AT",55,1490," "," ",0,1,0,0,0,0,0,0,0,0,0,0,0,0,0,0,0,70248,"MIGUEL FERREIRA DE MELO, RUA",NA,"",55,"MORUMBI",1,0,"MIGUEL FERREIRA DE MELO, RUA 9 SAO PAULO SP",-23.629252,-46.44448
"6569","D041300995",12926,"MARCILIO FRANCO, RUA CEL",NA,"",813,"","10/04/2013 12:20",2,"CO",9,2138," "," ",1,0,0,0,1,0,0,0,0,0,0,0,0,0,0,0,0,12926,"MARCILIO FRANCO, RUA CEL",NA,"",88,"VILA GUILHERME",1,0,"MARCILIO FRANCO, RUA CEL 813 SAO PAULO SP",-23.4993245,-46.6035484
"6570","D041301891",62716,"FERNANDO PACHECO JORDAO, AV",NA,"",1058,"","10/04/2013 12:36",2,"CO",50,4409," "," ",0,0,0,1,1,0,0,0,0,0,0,0,0,0,0,0,0,62716,"FERNANDO PACHECO JORDAO, AV",NA,"",54,"MOOCA",1,0,"FERNANDO PACHECO JORDAO, AV 1058 SAO PAULO SP",-23.5018736,-46.3804173
"6571","D041300285",17240,"ROCHA AZEVEDO, AL MIN",9642,"ITU, AL",0,"","10/04/2013 12:41",2,"CO",78,2866,"C"," ",1,1,0,0,0,0,0,0,0,0,0,0,0,0,0,0,0,9642,"ITU, AL",17240,"ROCHA AZEVEDO, AL MIN",44,"JARDIM PAULISTA",1,0,"ROCHA AZEVEDO, AL MIN SAO PAULO SP &  ITU, AL SAO PAULO SP",-23.5622434,-46.6602925
"6572","D041302012",37398,"FELICIO PEREIRA, RUA",NA,"",40,"","10/04/2013 12:44",2,"SI",41,1902," "," ",1,1,0,0,0,0,0,0,0,0,0,0,0,0,0,0,0,37398,"FELICIO PEREIRA, RUA",NA,"",27,"CURSINO",1,0,"FELICIO PEREIRA, RUA 40 SAO PAULO SP",-23.5708862,-46.5294854
"6573","D041301182",9078,"IMIRIM, AV",NA,"",3200,"","10/04/2013 13:00",2,"CO",38,1846," "," ",1,0,0,0,1,0,0,0,0,0,0,0,0,0,0,0,0,9078,"IMIRIM, AV",NA,"",71,"SANTANA",1,0,"IMIRIM, AV 3200 SAO PAULO SP",-23.4801156,-46.6567936
"6574","D041301582",37764,"ALESSANDRO BURI, RUA",NA,"",357,"","10/04/2013 13:15",4,"AT",25,955," "," ",0,0,0,0,0,0,0,0,1,0,0,0,0,0,0,0,0,37764,"ALESSANDRO BURI, RUA",NA,"",76,"SAO MIGUEL",1,0,"ALESSANDRO BURI, RUA 357 SAO PAULO SP",-23.8260233,-46.7315448
"6575","D041300223",16870,"RANGEL PESTANA, AV",NA,"",2163,"","10/04/2013 13:24",2,"CO",12,2023," "," ",0,0,1,0,0,0,0,0,0,0,0,0,0,0,0,0,0,16870,"RANGEL PESTANA, AV",NA,"",1,"AGUA RASA",1,0,"RANGEL PESTANA, AV 2163 SAO PAULO SP",-23.5418159,-46.6147629
"6576","D041301225",15188,"OTAVIANO ALVES DE LIMA, AV",NA,"",1580,"","10/04/2013 14:00",2,"CO",40,1202," "," ",1,1,0,0,0,0,0,0,0,0,0,0,0,0,0,0,0,29772,"MARGINAL DO RIO TIETE, AV",NA,"",23,"CIDADE DUTRA",1,0,"OTAVIANO ALVES DE LIMA, AV 1580 SAO PAULO SP",-23.5077128,-46.6914536
"6578","D041300393",5956,"DIVINO SALVADOR, AV",NA,"",398,"","10/04/2013 14:55",2,"CO",27,3727," "," ",1,1,0,0,0,0,0,0,0,0,0,0,0,0,0,0,0,5956,"DIVINO SALVADOR, AV",NA,"",53,"MOEMA",1,0,"DIVINO SALVADOR, AV 398 SAO PAULO SP",-23.6064598,-46.6579883
"6579","D041301848",2429,"ASSIS RIBEIRO, RUA DR",NA,"",100,"","10/04/2013 15:00",2,"CO",24,3782," "," ",0,2,0,0,0,0,0,0,0,0,0,0,0,0,0,0,0,2429,"ASSIS RIBEIRO, RUA DR",NA,"",28,"ERMELINO MATARA",1,0,"ASSIS RIBEIRO, RUA DR 100 SAO PAULO SP",-23.5093971,-46.549669
"6580","D041301736",6238,"NACOES UNIDAS, AV DAS",NA,"",21313,"","10/04/2013 15:14",2,"CO",99,1624," "," ",1,1,0,0,0,0,0,0,0,0,0,0,0,0,0,0,0,13014,"MARGINAL DO RIO PINHEIROS, AV",NA,"",90,"VILA LEOPOLDINA",1,0,"NACOES UNIDAS, AV DAS 21313 SAO PAULO SP",-23.6676157,-46.7053442
"6581","D041301210",12716,"MANUEL GAYA, RUA",NA,"",258,"","10/04/2013 15:28",2,"CO",39,1689,"C"," ",0,2,0,0,0,0,0,0,0,0,0,0,0,0,0,0,0,12716,"MANUEL GAYA, RUA",NA,"",83,"TREMEMBE",1,0,"MANUEL GAYA, RUA 258 SAO PAULO SP",-23.4667274,-46.5953593
"6582","D041300165",544,"ALCANTARA MACHADO, VD",NA,"",800,"","10/04/2013 16:07",2,"CO",8,2672," "," ",0,1,0,0,0,0,0,0,0,0,0,0,0,0,0,0,0,543,"ALCANTARA MACHADO, AV",NA,"",10,"BRAS",2,0,"ALCANTARA MACHADO, VD 800 SAO PAULO SP",-23.5529282,-46.6165823
"6583","D041301921",13881,"MIGUEL, AV S",NA,"",4710,"","10/04/2013 16:40",4,"AT",62,3774," "," ",0,1,0,0,0,0,0,0,0,0,0,0,0,0,0,0,0,13881,"MIGUEL, AV S",NA,"",65,"PONTE RASA",1,0,"MIGUEL, AV S 4710 SAO PAULO SP",-23.5075133,-46.4880036
"6585","D041300721",12502,"MAGALHAES DE CASTRO, AV",NA,"",12000,"","10/04/2013 17:30",2,"CO",34,2214," "," ",0,2,0,0,0,0,0,0,0,0,0,0,0,0,0,0,0,13014,"MARGINAL DO RIO PINHEIROS, AV",NA,"",12,"BUTANTA",1,0,"MAGALHAES DE CASTRO, AV 12000 SAO PAULO SP",-23.612792,-46.7009294
"6586","D041302125",11830,"LIDER, AV",NA,"",1700,"","10/04/2013 18:00",2,"CO",66,1695," "," ",1,1,0,0,0,0,0,0,0,0,0,0,0,0,0,0,0,11830,"LIDER, AV",NA,"",24,"CIDADE LIDER",1,0,"LIDER, AV 1700 SAO PAULO SP",-23.5560308,-46.4784922
"6587","D041301876",5745,"DAVID DOMINGUES FERREIRA, AV",NA,"",10,"","10/04/2013 18:00",2,"QM",32,2762," "," ",0,1,0,0,0,0,0,0,0,0,0,0,0,0,0,0,0,5745,"DAVID DOMINGUES FERREIRA, AV",NA,"",36,"ITAQUERA",1,0,"DAVID DOMINGUES FERREIRA, AV 10 SAO PAULO SP",-23.5352138,-46.4536721
"6589","D041300040",4561,"CASTELO BRANCO, AV PRES",1421,"ANHAIA, RUA",0,"","10/04/2013 18:50",2,"CO",2,2020," "," ",1,1,0,0,0,0,0,0,0,0,0,0,0,0,0,0,0,1421,"ANHAIA, RUA",4561,"CASTELO BRANCO, AV PRES",9,"BOM RETIRO",1,0,"CASTELO BRANCO, AV PRES SAO PAULO SP &  ANHAIA, RUA SAO PAULO SP",-23.5216047,-46.6390428
"6590","D041300658",16463,"POMPEIA, AV",NA,"",327,"","10/04/2013 19:30",2,"QM",23,1936," "," ",0,1,0,0,0,0,0,0,0,0,0,0,0,0,0,0,0,16463,"POMPEIA, AV",NA,"",19,"CAPAO REDONDO",1,0,"POMPEIA, AV 327 SAO PAULO SP",-23.535544,-46.6886542
"6591","D041300542",6238,"NACOES UNIDAS, AV DAS",NA,"",2552,"","10/04/2013 19:32",2,"SI",96,3705," "," ",0,2,0,0,0,0,0,0,0,0,0,0,0,0,0,0,0,13014,"MARGINAL DO RIO PINHEIROS, AV",NA,"",90,"VILA LEOPOLDINA",2,0,"NACOES UNIDAS, AV DAS 2552 SAO PAULO SP",-23.6791599,-46.6961185
"6592","D041300135",15656,"PAULISTA, AV",9546,"ITAPEVA, RUA",0,"","10/04/2013 19:45",2,"CT",5,2897,"C"," ",1,1,0,0,0,0,0,0,0,0,0,0,0,0,0,0,0,9546,"ITAPEVA, RUA",15656,"PAULISTA, AV",NA,"",1,0,"PAULISTA, AV SAO PAULO SP &  ITAPEVA, RUA SAO PAULO SP",-23.5625897,-46.6549244
"6593","D041302055",46191,"SINHA MOCA, TR",NA,"",346,"","10/04/2013 19:51",2,"CO",49,4815," "," ",1,0,0,0,1,0,0,0,0,0,0,0,0,0,0,0,0,46191,"SINHA MOCA, TR",NA,"",32,"IGUATEMI",1,0,"SINHA MOCA, TR 346 SAO PAULO SP",-23.6093454,-46.4522323
"6594","D041301974",12156,"LUIZ AYRES, RUA DR",NA,"",100,"","10/04/2013 20:00",2,"CL",65,3748," "," ",1,0,1,0,0,0,0,0,0,0,0,0,0,0,0,0,0,12156,"LUIZ AYRES, RUA DR",NA,"",5,"ARTUR ALVIM",1,0,"LUIZ AYRES, RUA DR 100 SAO PAULO SP",-23.5320953,-46.5007163
"6595","D041301020",12926,"MARCILIO FRANCO, RUA CEL",NA,"",163,"","10/04/2013 20:00",2,"CO",9,3241,"C"," ",1,1,0,0,0,0,0,0,0,0,0,0,0,0,0,0,0,12926,"MARCILIO FRANCO, RUA CEL",NA,"",88,"VILA GUILHERME",1,0,"MARCILIO FRANCO, RUA CEL 163 SAO PAULO SP",-23.4982021,-46.609781
"6596","D041301827",8240,"GUACHOS, AV DOS",8528,"GUPEVA, RUA",0,"","10/04/2013 20:00",2,"CO",22,2637," "," ",1,1,0,0,0,0,0,0,0,0,0,0,0,0,0,0,0,8240,"GUACHOS, AV DOS",8528,"GUPEVA, RUA",86,"VILA CURUCA",1,0,"GUACHOS, AV DOS SAO PAULO SP &  GUPEVA, RUA SAO PAULO SP",-23.5003634,-46.4232929
"6597","D041300264",14750,"NOTHMANN, AL",5098,"CLEVELAND, AL",0,"","10/04/2013 20:00",4,"AT",77,2019," "," ",1,0,0,0,0,0,0,0,0,0,0,0,0,0,0,0,0,5098,"CLEVELAND, AL",14750,"NOTHMANN, AL",70,"SANTA CECILIA",1,0,"NOTHMANN, AL SAO PAULO SP &  CLEVELAND, AL SAO PAULO SP",-23.5343632,-46.6488075
"6598","D041300669",16463,"POMPEIA, AV",4889,"CHICO, RUA PDE",0,"","10/04/2013 20:20",2,"CT",23,2386," "," ",0,1,0,0,0,0,0,0,0,0,0,0,0,0,0,1,0,4889,"CHICO, RUA PDE",16463,"POMPEIA, AV",61,"PERDIZES",1,0,"POMPEIA, AV SAO PAULO SP &  CHICO, RUA PDE SAO PAULO SP",-23.5459378,-46.6910742
"6599","D041301638",15507,"TEOTONIO VILELA, AV SEN",NA,"",1823,"","10/04/2013 20:50",4,"AT",48,2576," "," ",0,1,0,0,0,0,0,0,0,0,0,0,0,0,0,0,0,15507,"TEOTONIO VILELA, AV SEN",NA,"",23,"CIDADE DUTRA",1,0,"TEOTONIO VILELA, AV SEN 1823 SAO PAULO SP",-23.7176011,-46.698839
"6600","D041302182",15507,"TEOTONIO VILELA, AV SEN",NA,"",1823,"","10/04/2013 20:50",4,"AT",35,3230,"C"," ",0,1,0,0,0,0,0,0,0,0,0,0,0,0,0,0,0,15507,"TEOTONIO VILELA, AV SEN",NA,"",23,"CIDADE DUTRA",1,1,"TEOTONIO VILELA, AV SEN 1823 SAO PAULO SP",-23.7176011,-46.698839
"6601","D041300391",19692,"VIEIRA DE MORAIS, RUA",11526,"REPUBLICA DO IRAQUE, RUA",0,"","10/04/2013 21:27",2,"SI",27,3708," "," ",2,0,0,0,0,0,0,0,0,0,0,0,0,0,0,0,0,11526,"REPUBLICA DO IRAQUE, RUA",19692,"VIEIRA DE MORAIS, RUA",15,"CAMPO BELO",1,0,"VIEIRA DE MORAIS, RUA SAO PAULO SP &  REPUBLICA DO IRAQUE, RUA SAO PAULO SP",-23.6269251,-46.6646216
"6602","D041300911",18561,"LUIZ MIGLIANO, RUA DR",NA,"",923,"","10/04/2013 21:45",2,"SI",89,2934," "," ",1,1,0,0,0,0,0,0,0,0,0,0,0,0,0,0,0,18561,"LUIZ MIGLIANO, RUA DR",NA,"",0,"NULL",1,0,"LUIZ MIGLIANO, RUA DR 923 SAO PAULO SP",-23.6125227,-46.743014
"6603","D041301503",9593,"ITAQUERI, RUA",4014,"CAMPINEIROS, RUA DOS",0,"","10/04/2013 22:38",2,"CO",57,2260," "," ",1,1,0,0,0,0,0,0,0,0,0,0,0,0,0,0,0,4014,"CAMPINEIROS, RUA DOS",9593,"ITAQUERI, RUA",54,"MOOCA",1,0,"ITAQUERI, RUA SAO PAULO SP &  CAMPINEIROS, RUA DOS SAO PAULO SP",-23.5534559,-46.5859799
"6605","D041300166",6642,"ESTADO, AV DO",14805,"ALBERTO LION, PCA",0,"","10/04/2013 23:08",2,"CT",8,2690," "," ",3,0,0,0,0,0,0,0,0,0,0,0,0,0,0,0,0,6642,"ESTADO, AV DO",14805,"ALBERTO LION, PCA",14,"CAMBUCI",1,0,"ESTADO, AV DO SAO PAULO SP &  ALBERTO LION, PCA SAO PAULO SP",-23.5635869,-46.6112253
"6606","D041301982",7175,"FLAMINGO, AV",NA,"",4,"","10/04/2013 23:30",2,"QD",67,1971," "," ",0,0,0,0,0,0,0,1,0,0,0,0,0,0,0,0,0,7175,"FLAMINGO, AV",NA,"",86,"VILA CURUCA",1,0,"FLAMINGO, AV 4 SAO PAULO SP",-23.5088711,-46.4227878
"6607","D041300570",19600,"VESPASIANO, RUA",5072,"CLELIA, RUA",0,"","10/04/2013 23:41",2,"CL",7,2393," "," ",1,0,0,0,0,0,0,0,0,0,0,1,0,0,0,0,0,5072,"CLELIA, RUA",19600,"VESPASIANO, RUA",48,"LAPA",2,0,"VESPASIANO, RUA SAO PAULO SP &  CLELIA, RUA SAO PAULO SP",-23.5339697,-46.6948277
"6608","D041300201",17083,"RICARDO JAFET, AV DR",14449,"NAZARE, AV",0,"","11/04/2013 00:00",2,"CL",6,2689," "," ",1,0,0,0,0,0,0,0,0,0,0,1,0,0,0,0,0,14211,"MONUMENTO, PCA",17083,"RICARDO JAFET, AV DR",33,"IPIRANGA",1,0,"RICARDO JAFET, AV DR SAO PAULO SP &  NAZARE, AV SAO PAULO SP",-23.5816552,-46.6139053
"6609","D041300912",7180,"FLAVIO AMERICO MAURANO, RUA DR",13536,"MARIQUITA JULIAO, RUA DONA",0,"","11/04/2013 01:23",2,"SI",89,2960," "," ",0,1,0,0,0,0,0,0,0,0,0,1,0,0,0,0,0,7180,"FLAVIO AMERICO MAURANO, RUA DR",19804,"VIRIATO CORREIA, RUA",55,"MORUMBI",1,0,"FLAVIO AMERICO MAURANO, RUA DR SAO PAULO SP &  MARIQUITA JULIAO, RUA DONA SAO PAULO SP",-23.6113223,-46.7188336
"6610","D041300697",14350,"MUTINGA, AV",3340,"BETIM PAIS LEME, RUA",0,"","11/04/2013 01:42",4,"AT",33,3345," "," ",0,0,0,0,0,0,0,1,0,0,0,0,0,0,0,0,0,3340,"BETIM PAIS LEME, RUA",14350,"MUTINGA, AV",39,"JAGUARA",1,0,"MUTINGA, AV SAO PAULO SP &  BETIM PAIS LEME, RUA SAO PAULO SP",-23.5012655,-46.7553287
"6611","D041300546",8376,"GUARARAPES, RUA",NA,"",75,"","11/04/2013 02:00",2,"CO",96,4443," "," ",1,1,0,0,0,0,0,0,0,0,0,0,0,0,0,0,0,8376,"GUARARAPES, RUA",NA,"",48,"LAPA",1,0,"GUARARAPES, RUA 75 SAO PAULO SP",-23.6134961,-46.679238
"6613","D041302081",6927,"HARRY DANHENBERG, RUA",12891,"MARCELINA, RUA STA",0,"","11/04/2013 03:34",2,"CO",53,2363," "," ",1,1,0,0,0,0,0,0,0,0,0,0,0,0,0,0,0,6927,"HARRY DANHENBERG, RUA",12891,"MARCELINA, RUA STA",58,"PARQUE DO CARMO",1,0,"HARRY DANHENBERG, RUA SAO PAULO SP &  MARCELINA, RUA STA SAO PAULO SP",-23.6220341,-46.5693528
"6616","D041301449",5425,"COSTA BARROS, RUA",NA,"",1695,"","11/04/2013 06:40",4,"AT",42,1307," "," ",0,0,1,0,0,0,0,0,0,0,0,0,0,0,0,0,0,5425,"COSTA BARROS, RUA",NA,"",95,"VILA PRUDENTE",1,0,"COSTA BARROS, RUA 1695 SAO PAULO SP",-23.599872,-46.5513628
"6617","D041301849",10025,"JAIME TORRES, AV",NA,"",516,"","11/04/2013 06:40",2,"CH",24,3794," "," ",0,1,0,0,0,0,0,0,0,0,0,0,0,0,0,0,0,10025,"JAIME TORRES, AV",NA,"",65,"PONTE RASA",2,0,"JAIME TORRES, AV 516 SAO PAULO SP",-23.51835,-46.5066374
"6618","D041300392",19100,"BANDEIRANTES, AV DOS",NA,"",100,"","11/04/2013 07:00",2,"CL",27,3717," "," ",1,1,0,0,0,0,0,0,0,0,0,0,0,0,0,0,0,19100,"BANDEIRANTES, AV DOS",NA,"",24,"CIDADE LIDER",1,0,"BANDEIRANTES, AV DOS 100 SAO PAULO SP",-23.5981528,-46.6888223
"6620","D041300224",19681,"VIDAL DE NEGREIROS, RUA",NA,"",240,"","11/04/2013 07:30",2,"CH",12,2030," "," ",2,1,0,0,0,0,0,0,0,0,0,0,0,0,0,0,0,19681,"VIDAL DE NEGREIROS, RUA",NA,"",25,"CIDADE TIRADENT",1,0,"VIDAL DE NEGREIROS, RUA 240 SAO PAULO SP",-23.5291916,-46.6233234
"6621","D041300710",33234,"MARGINAL DIREITA DO TIETE, AV",NA,"",7207,"","11/04/2013 07:30",2,"CO",33,3878," "," ",2,2,0,0,0,0,0,0,0,0,0,0,0,0,0,0,0,29772,"MARGINAL DO RIO TIETE, AV",NA,"",39,"JAGUARA",2,0,"MARGINAL DIREITA DO TIETE, AV 7207 SAO PAULO SP",-23.5168255,-46.7414906
"6623","D041301424",1967,"APUCARANA, RUA",6440,"EMILIA MARENGO, RUA",0,"","11/04/2013 07:40",2,"CO",30,2014,"C"," ",1,1,0,0,0,0,0,0,0,0,0,0,0,0,0,0,0,1967,"APUCARANA, RUA",6440,"EMILIA MARENGO, RUA",82,"TATUAPE",2,0,"APUCARANA, RUA SAO PAULO SP &  EMILIA MARENGO, RUA SAO PAULO SP",-23.5412961,-46.5647692
"6624","D041301850",98965,"CALIM EID, AV",NA,"",2447,"","11/04/2013 07:55",2,"CO",24,3797," "," ",0,1,0,0,0,0,0,0,0,0,0,0,0,0,0,0,0,98965,"CALIM EID, AV",NA,"",60,"PENHA",1,0,"CALIM EID, AV 2447 SAO PAULO SP",-23.5257132,-46.4910728
"6626","D041301306",42220,"USHIKICHI KAMYIA, RUA",NA,"",3500,"","11/04/2013 08:10",4,"AT",73,900043," "," ",0,0,0,0,1,0,0,0,0,0,0,0,0,0,0,0,0,42220,"USHIKICHI KAMYIA, RUA",NA,"",38,"JACANA",1,0,"USHIKICHI KAMYIA, RUA 3500 SAO PAULO SP",-23.4383593,-46.5664378
"6629","D041301819",11542,"NORDESTINA, AV",NA,"",88,"","11/04/2013 09:00",4,"AT",22,1851," "," ",0,1,0,0,0,0,0,0,0,0,0,0,0,0,0,0,0,11542,"NORDESTINA, AV",NA,"",76,"SAO MIGUEL",1,0,"NORDESTINA, AV 88 SAO PAULO SP",-23.4942688,-46.4433627
"6630","D041300998",6856,"EZEQUIEL FREIRE, RUA",12501,"MAGALHAES, RUA ALF",0,"","11/04/2013 09:30",2,"CO",9,2165," "," ",0,1,0,0,0,0,0,0,0,0,0,1,0,0,0,0,0,6856,"EZEQUIEL FREIRE, RUA",12501,"MAGALHAES, RUA ALF",71,"SANTANA",1,0,"EZEQUIEL FREIRE, RUA SAO PAULO SP &  MAGALHAES, RUA ALF SAO PAULO SP",-23.5029107,-46.6235844
"6631","D041301258",3771,"INAJAR DE SOUZA, AV",NA,"",5696,"","11/04/2013 09:45",4,"AT",72,3165," "," ",0,1,0,0,0,0,0,0,0,0,0,0,0,0,0,0,0,3771,"INAJAR DE SOUZA, AV",NA,"",50,"LIMAO",1,0,"INAJAR DE SOUZA, AV 5696 SAO PAULO SP",-23.4668883,-46.6700981
"6633","D041302056",9044,"RAGUEB CHOHFI, AV",NA,"",4609,"","11/04/2013 10:10",4,"AT",49,4837," "," ",0,1,0,0,0,0,0,0,0,0,0,0,0,0,0,0,0,9044,"RAGUEB CHOHFI, AV",NA,"",32,"IGUATEMI",1,0,"RAGUEB CHOHFI, AV 4609 SAO PAULO SP",-23.5947514,-46.4410614
"6634","D041301902",63999,"LAGOA CAJUBA, RUA",NA,"",272,"","11/04/2013 10:30",2,"CH",59,1420," "," ",0,0,0,0,0,0,0,0,1,0,0,0,0,0,0,0,0,63999,"LAGOA CAJUBA, RUA",NA,"",53,"MOEMA",9,0,"LAGOA CAJUBA, RUA 272 SAO PAULO SP",-23.508795,-46.4075964
"6635","D041300413",31674,"HUGO BEOLCHI, AV DR",31954,"DANTE DELMANTO, VD",0,"","11/04/2013 10:30",2,"CT",35,3182," "," ",1,1,0,0,0,0,0,0,0,0,0,0,0,0,0,0,0,31674,"HUGO BEOLCHI, AV DR",31954,"DANTE DELMANTO, VD",NA,"",1,0,"HUGO BEOLCHI, AV DR SAO PAULO SP &  DANTE DELMANTO, VD SAO PAULO SP",-23.6321387,-46.6415842
"6636","D041301171",15426,"PARADA PINTO, AV",4271,"CARIOBA, RUA",0,"","11/04/2013 10:40",2,"CO",38,1862," "," ",1,0,0,1,0,0,0,0,0,0,0,0,0,0,0,0,0,4271,"CARIOBA, RUA",15426,"PARADA PINTO, AV",51,"MANDAQUI",2,0,"PARADA PINTO, AV SAO PAULO SP &  CARIOBA, RUA SAO PAULO SP",-23.4694786,-46.6646692
"6637","D041300168",4543,"CASSANDOCA, AV",NA,"",68,"","11/04/2013 11:00",2,"CO",8,2701," "," ",1,1,0,0,0,0,0,0,0,0,0,0,0,0,0,0,0,4543,"CASSANDOCA, AV",NA,"",54,"MOOCA",1,0,"CASSANDOCA, AV 68 SAO PAULO SP",-23.5501826,-46.5956496
"6638","D041300660",4561,"CASTELO BRANCO, AV PRES",20071,"ZIMON LEIRNER, RUA",0,"","11/04/2013 11:26",2,"CO",23,1983," "," ",2,0,0,0,0,0,0,0,0,0,0,0,0,0,0,0,0,4561,"CASTELO BRANCO, AV PRES",20071,"ZIMON LEIRNER, RUA",6,"BARRA FUNDA",3,0,"CASTELO BRANCO, AV PRES SAO PAULO SP &  ZIMON LEIRNER, RUA SAO PAULO SP",-23.5216047,-46.6390428
"6640","D041302219",14350,"MUTINGA, AV",3340,"BETIM PAIS LEME, RUA",0,"","11/04/2013 11:42",4,"AT",33,3345," "," ",0,0,1,0,0,0,0,0,0,0,0,0,0,0,0,0,0,3340,"BETIM PAIS LEME, RUA",14350,"MUTINGA, AV",39,"JAGUARA",0,1,"MUTINGA, AV SAO PAULO SP &  BETIM PAIS LEME, RUA SAO PAULO SP",-23.5012655,-46.7553287
"6643","D041300169",4543,"CASSANDOCA, AV",NA,"",103,"","11/04/2013 13:20",4,"AT",8,2703," "," ",1,0,0,0,0,0,0,0,0,0,0,0,0,0,0,0,0,4543,"CASSANDOCA, AV",NA,"",54,"MOOCA",1,0,"CASSANDOCA, AV 103 SAO PAULO SP",-23.5503227,-46.5953666
"6644","D041300286",15656,"PAULISTA, AV",8562,"HADDOCK LOBO, RUA",0,"","11/04/2013 13:33",2,"CO",78,2896," "," ",0,2,0,0,0,0,0,0,0,0,0,0,0,0,0,0,0,8562,"HADDOCK LOBO, RUA",15656,"PAULISTA, AV",44,"JARDIM PAULISTA",1,0,"PAULISTA, AV SAO PAULO SP &  HADDOCK LOBO, RUA SAO PAULO SP",-23.5625897,-46.6549244
"6646","D041301820",11542,"NORDESTINA, AV",NA,"",1211,"","11/04/2013 13:40",2,"CL",22,1861," "," ",1,0,0,0,0,0,0,0,0,0,0,1,0,0,0,0,0,11542,"NORDESTINA, AV",NA,"",76,"SAO MIGUEL",1,0,"NORDESTINA, AV 1211 SAO PAULO SP",-23.5386273,-46.4146794
"6648","D041300396",19100,"BANDEIRANTES, AV DOS",NA,"",4495,"","11/04/2013 14:00",2,"CT",27,3744," "," ",0,1,0,0,0,0,0,0,0,0,0,1,0,0,0,0,0,19100,"BANDEIRANTES, AV DOS",NA,"",24,"CIDADE LIDER",2,0,"BANDEIRANTES, AV DOS 4495 SAO PAULO SP",-23.6194419,-46.6571875
"6649","D041300015",4342,"CARLOS DE SOUSA NAZARE, RUA",NA,"",523,"","11/04/2013 14:00",4,"AT",1,2980," "," ",0,0,0,0,0,0,0,0,0,0,0,1,0,0,0,0,0,4342,"CARLOS DE SOUSA NAZARE, RUA",NA,"",80,"SE",1,0,"CARLOS DE SOUSA NAZARE, RUA 523 SAO PAULO SP",-23.5400287,-46.6291877
"6650","D041302027",10503,"JOAO XXIII, AV",NA,"",2026,"","11/04/2013 14:04",2,"CL",41,900009," "," ",1,1,0,0,0,0,0,0,0,0,0,0,0,0,0,0,0,10503,"JOAO XXIII, AV",NA,"",4,"ARICANDUVA",1,0,"JOAO XXIII, AV 2026 SAO PAULO SP",-23.5654544,-46.525143
"6651","D041301678",8368,"GUARAPIRANGA, AV",NA,"",2500,"","11/04/2013 14:15",2,"CO",92,2545," "," ",1,1,0,0,0,0,0,0,0,0,0,0,0,0,0,0,0,8368,"GUARAPIRANGA, AV",NA,"",45,"JARDIM SAO LUIS",1,0,"GUARAPIRANGA, AV 2500 SAO PAULO SP",-23.6853438,-46.7424391
"6652","D041302143",2181,"ARICANDUVA, AV",75435,"ARRAIAS DO ARAGUAIA, AV",0,"","11/04/2013 14:30",2,"SI",66,2379," "," ",0,1,0,0,0,0,0,0,0,0,0,0,0,0,0,1,0,2181,"ARICANDUVA, AV",75435,"ARRAIAS DO ARAGUAIA, AV",75,"SAO MATEUS",1,0,"ARICANDUVA, AV SAO PAULO SP &  ARRAIAS DO ARAGUAIA, AV SAO PAULO SP",-23.5479783,-46.5260893