"","id_acidente","codloga","logradouroA","codlogb","logradouroB","alt_num","referencia","data","cod_acid","tipo_acidente","dp","numero_BO","sentido","pista","automovel","moto","onibus","caminhao","bicicleta","moto_taxi","onibus_fretado","onibus_urbano","microonibus","van","vuc","caminhonete","carreta","jipe","outros","sem_informacao","carroca","princ_a","paiA","princ_b","paiB","cod_distrito","distrito","vit_ferida","vit_morta","local","lat","lon"
"6738","D041301406",27094,"SALIM FARAH MALUF, AV",NA,"",3117,"","12/04/2013 15:33",2,"CL",29,979," "," ",1,1,0,0,0,0,0,0,0,0,0,0,0,0,0,0,0,27094,"SALIM FARAH MALUF, AV",NA,"",82,"TATUAPE",1,0,"SALIM FARAH MALUF, AV 3117 SAO PAULO SP",-23.556716,-46.5771006
"6739","D041302013",17135,"RIO DAS PEDRAS, AV",NA,"",219,"","12/04/2013 15:44",4,"AT",41,1947," "," ",0,1,0,0,0,0,0,0,0,0,0,0,0,0,0,0,0,17135,"RIO DAS PEDRAS, AV",NA,"",27,"CURSINO",2,0,"RIO DAS PEDRAS, AV 219 SAO PAULO SP",-23.577076,-46.5036001
"6740","D041301553",19931,"WASHINGTON LUIS, AV",NA,"",2455,"","12/04/2013 15:45",2,"CO",11,4054," "," ",1,0,0,1,0,0,0,0,0,0,0,0,0,0,0,0,0,19931,"WASHINGTON LUIS, AV",NA,"",30,"GRAJAU",1,0,"WASHINGTON LUIS, AV 2455 SAO PAULO SP",-23.6520206,-46.6815183
"6741","D041300999",11747,"LEONCIO DE MAGALHAES, AV",NA,"",171,"","12/04/2013 15:53",2,"CO",9,2184," "," ",1,1,0,0,0,0,0,0,0,0,0,0,0,0,0,0,0,11747,"LEONCIO DE MAGALHAES, AV",NA,"",71,"SANTANA",1,0,"LEONCIO DE MAGALHAES, AV 171 SAO PAULO SP",-23.4993153,-46.6154479
"6742","D041301680",35858,"GUIDO CALOI, AV",NA,"",99999,"","12/04/2013 16:00",2,"TB",92,2771," "," ",0,1,0,0,0,0,0,0,0,0,0,0,0,0,0,0,0,35858,"GUIDO CALOI, AV",NA,"",32,"IGUATEMI",1,0,"GUIDO CALOI, AV 99999 SAO PAULO SP",-23.6527574,-46.7254469
"6743","D041300484",15239,"OURIVES, AV DOS",NA,"",259,"","12/04/2013 16:15",4,"AT",83,890," "," ",0,1,0,0,0,0,0,0,0,0,0,0,0,0,0,0,0,15239,"OURIVES, AV DOS",NA,"",21,"CASA VERDE",1,0,"OURIVES, AV DOS 259 SAO PAULO SP",-23.6539008,-46.611765
"6744","D041301354",4736,"CELSO GARCIA, AV",NA,"",5143,"","12/04/2013 17:00",4,"AT",10,4066," "," ",0,0,0,0,0,0,0,1,0,0,0,0,0,0,0,0,0,4736,"CELSO GARCIA, AV",NA,"",82,"TATUAPE",1,0,"CELSO GARCIA, AV 5143 SAO PAULO SP",-23.5327476,-46.5630844
"6745","D041301459",11050,"JOSE MACEDO, RUA",NA,"",732,"","12/04/2013 17:30",2,"CT",42,2317," "," ",0,0,1,0,0,0,0,0,0,0,0,1,0,0,0,0,0,11050,"JOSE MACEDO, RUA",NA,"",74,"SAO LUCAS",1,0,"JOSE MACEDO, RUA 732 SAO PAULO SP",-23.5955255,-46.5552351
"6746","D041300970",6101,"DRACENA, AV",NA,"",500,"","12/04/2013 17:30",4,"AT",93,2436," "," ",0,0,0,0,0,0,0,0,0,0,0,0,0,0,0,1,0,6101,"DRACENA, AV",NA,"",40,"JAGUARE",1,0,"DRACENA, AV 500 SAO PAULO SP",-23.5416877,-46.7470295
"6747","D041300638",6897,"FARIA LIMA, AV BRIG",NA,"",2941,"","12/04/2013 18:00",4,"AT",15,3530,"B"," ",0,1,0,0,0,0,0,0,0,0,0,0,0,0,0,0,0,6897,"FARIA LIMA, AV BRIG",NA,"",63,"PINHEIROS",1,0,"FARIA LIMA, AV BRIG 2941 SAO PAULO SP",-23.5815326,-46.6841698
"6748","D041300202",15967,"PEDRO I, AV DOM",NA,"",920,"","12/04/2013 18:00",4,"AT",6,2748," "," ",0,1,0,0,0,0,0,0,0,0,0,0,0,0,0,0,0,15967,"PEDRO I, AV DOM",NA,"",12,"BUTANTA",2,0,"PEDRO I, AV DOM 920 SAO PAULO SP",-23.5734627,-46.6110984
"6749","D041300969",6101,"DRACENA, AV",NA,"",70,"","12/04/2013 18:10",4,"AT",93,2414," "," ",1,0,0,0,0,0,0,0,0,0,0,0,0,0,0,0,0,6101,"DRACENA, AV",NA,"",40,"JAGUARE",1,0,"DRACENA, AV 70 SAO PAULO SP",-23.5391678,-46.744797
"6750","D041301375",4732,"CELSO DE AZEVEDO MARQUES, RUA",NA,"",361,"","12/04/2013 18:20",2,"CO",18,2310," "," ",0,1,0,0,0,0,0,0,0,0,0,0,0,0,0,1,0,4732,"CELSO DE AZEVEDO MARQUES, RUA",NA,"",44,"JARDIM PAULISTA",1,0,"CELSO DE AZEVEDO MARQUES, RUA 361 SAO PAULO SP",-23.5683104,-46.5948912
"6751","D041300639",12710,"MANUEL GUEDES, RUA",18552,"TABAPUA, RUA",0,"","12/04/2013 18:59",2,"CF",15,3531," "," ",1,1,0,0,0,0,0,0,0,0,0,0,0,0,0,0,0,12710,"MANUEL GUEDES, RUA",18552,"TABAPUA, RUA",34,"ITAIM BIBI",1,0,"MANUEL GUEDES, RUA SAO PAULO SP &  TABAPUA, RUA SAO PAULO SP",-23.5830696,-46.6793625
"6753","D041301155",12645,"MANUEL CORREIA, RUA",1665,"ANTONIO DE COUROS, RUA",0,"","12/04/2013 19:20",2,"CO",28,3937," "," ",3,0,0,0,0,0,0,0,0,0,0,0,0,0,0,0,0,1665,"ANTONIO DE COUROS, RUA",12645,"MANUEL CORREIA, RUA",29,"FREGUESIA DO O",1,0,"MANUEL CORREIA, RUA SAO PAULO SP &  ANTONIO DE COUROS, RUA SAO PAULO SP",-23.4940382,-46.6883025
"6755","D041300464",11922,"LINS DE VASCONCELOS, AV",NA,"",3300,"","12/04/2013 20:29",2,"CT",36,3757," "," ",1,0,0,0,0,0,0,0,0,0,0,1,0,0,0,0,0,11922,"LINS DE VASCONCELOS, AV",NA,"",92,"VILA MARIANA",1,0,"LINS DE VASCONCELOS, AV 3300 SAO PAULO SP",-23.5887657,-46.6326884
"6756","D041301960",99890,"ARBELA, RUA",NA,"",299,"","12/04/2013 20:30",4,"AT",64,3878," "," ",0,0,0,0,0,0,0,0,0,0,0,0,0,0,0,1,0,99890,"ARBELA, RUA",NA,"",36,"ITAQUERA",1,0,"ARBELA, RUA 299 SAO PAULO SP",-23.525853,-46.4700267
"6757","D041301601",5606,"CUPECE, AV",NA,"",2603,"","12/04/2013 21:03",2,"CO",43,3959," "," ",0,1,0,0,0,0,0,0,0,0,0,1,0,0,0,0,0,5606,"CUPECE, AV",NA,"",22,"CIDADE ADEMAR",1,0,"CUPECE, AV 2603 SAO PAULO SP",-23.6644511,-46.6595906
"6758","D041300170",1307,"ANDRE DE LEAO, RUA",NA,"",298,"","12/04/2013 21:22",2,"CO",8,2753," "," ",1,1,0,0,0,0,0,0,0,0,0,0,0,0,0,0,0,1307,"ANDRE DE LEAO, RUA",NA,"",10,"BRAS",1,0,"ANDRE DE LEAO, RUA 298 SAO PAULO SP",-23.6653719,-46.7178407
"6759","D041301185",9078,"IMIRIM, AV",NA,"",2708,"","12/04/2013 21:25",2,"CL",38,3218," "," ",1,1,0,0,0,0,0,0,0,0,0,0,0,0,0,0,0,9078,"IMIRIM, AV",NA,"",71,"SANTANA",1,0,"IMIRIM, AV 2708 SAO PAULO SP",-23.4833585,-46.6539885
"6761","D041301186",78227,"ARAUJO CASTRO, RUA DR",NA,"",465,"","12/04/2013 22:07",4,"AT",38,3226," "," ",1,0,0,0,0,0,0,0,0,0,0,0,0,0,0,0,0,78227,"ARAUJO CASTRO, RUA DR",NA,"",8,"BELEM",1,0,"ARAUJO CASTRO, RUA DR 465 SAO PAULO SP",-23.4617468,-46.6633436
"6762","D041300571",10635,"JOHN HARRISON, RUA",NA,"",10,"","12/04/2013 22:30",2,"CO",7,2441," "," ",0,0,1,0,0,0,0,1,0,0,0,0,0,0,0,0,0,10635,"JOHN HARRISON, RUA",NA,"",48,"LAPA",4,0,"JOHN HARRISON, RUA 10 SAO PAULO SP",-23.5206844,-46.7006698
"6763","D041301111",11999,"LARIVAL GEA SANCHES, RUA",351,"AGUA FRIA, AV",0,"","12/04/2013 22:30",2,"CO",20,3312," "," ",1,0,1,0,0,0,0,0,0,0,0,0,0,0,0,0,0,351,"AGUA FRIA, AV",835,"ALTINOPOLIS, RUA",71,"SANTANA",1,0,"LARIVAL GEA SANCHES, RUA SAO PAULO SP &  AGUA FRIA, AV SAO PAULO SP",-23.4796691,-46.6262898
"6764","D041301751",7917,"GERALDO SANT'ANA, AV SARG",NA,"",1064,"","12/04/2013 22:40",4,"AT",99,4061," "," ",1,0,0,0,0,0,0,0,0,0,0,0,0,0,0,0,0,7917,"GERALDO SANT'ANA, AV SARG",NA,"",16,"CAMPO GRANDE",1,0,"GERALDO SANT'ANA, AV SARG 1064 SAO PAULO SP",-23.6639005,-46.6807456
"6765","D041300276",15656,"PAULISTA, AV",NA,"",266,"","12/04/2013 23:00",2,"CO",78,2417," "," ",1,1,0,0,0,0,0,0,0,0,0,0,0,0,0,0,0,15656,"PAULISTA, AV",NA,"",7,"BELA VISTA",1,0,"PAULISTA, AV 266 SAO PAULO SP",-23.5695519,-46.6463766
"6766","D041300597",7061,"FERNAO DIAS, VIA",NA,"",640,"","12/04/2013 23:20",4,"AT",14,3543," "," ",0,0,1,0,0,0,0,0,0,0,0,0,0,0,0,0,0,7061,"FERNAO DIAS, VIA",NA,"",38,"JACANA",1,0,"FERNAO DIAS, VIA 640 SAO PAULO SP",-23.5667778,-46.6956213
"6767","D041301486",24338,"LUIZ IGNACIO ANHAIA MELLO, AV PROF",NA,"",2330,"","12/04/2013 23:44",2,"CH",56,2325," "," ",1,0,0,0,0,0,0,0,0,0,0,0,0,0,0,0,0,24338,"LUIZ IGNACIO ANHAIA MELLO, AV PROF",NA,"",26,"CONSOLACAO",1,0,"LUIZ IGNACIO ANHAIA MELLO, AV PROF 2330 SAO PAULO SP",-23.5830234,-46.569437
"6768","D041300043",4561,"CASTELO BRANCO, AV PRES",NA,"",5200,"","12/04/2013 23:50",4,"AT",2,2083," "," ",0,0,0,0,0,0,0,0,0,0,0,0,0,0,0,1,0,29772,"MARGINAL DO RIO TIETE, AV",NA,"",6,"BARRA FUNDA",1,0,"CASTELO BRANCO, AV PRES 5200 SAO PAULO SP",-23.5210651,-46.6419183
"6770","D041300287",2497,"AUGUSTA, RUA",NA,"",2177,"","13/04/2013 00:18",4,"AT",78,2913," "," ",0,1,0,0,0,0,0,0,0,0,0,0,0,0,0,0,0,2497,"AUGUSTA, RUA",NA,"",26,"CONSOLACAO",2,0,"AUGUSTA, RUA 2177 SAO PAULO SP",-23.561121,-46.6632171
"6771","D041301554",222,"ADOLFO PINHEIRO, AV",3041,"BELA VISTA, RUA",0,"","13/04/2013 00:24",2,"CO",11,4064," "," ",2,0,0,0,0,0,0,0,0,0,0,0,0,0,0,0,0,222,"ADOLFO PINHEIRO, AV",999,"SANTO AMARO, AV",72,"SANTO AMARO",2,0,"ADOLFO PINHEIRO, AV SAO PAULO SP &  BELA VISTA, RUA SAO PAULO SP",-23.6416691,-46.6982672
"6772","D041301156",9420,"ITABERABA, AV",34562,"JOAO PAULO I, AV",0,"","13/04/2013 00:26",2,"CO",28,3944,"B"," ",0,0,0,1,0,0,0,1,0,0,0,0,0,0,0,0,0,9420,"ITABERABA, AV",34562,"JOAO PAULO I, AV",29,"FREGUESIA DO O",2,0,"ITABERABA, AV SAO PAULO SP &  JOAO PAULO I, AV SAO PAULO SP",-23.4770771,-46.6806019
"6773","D041300598",8578,"HARMONIA, RUA",16686,"PURPURINA, RUA",0,"","13/04/2013 00:28",2,"QM",14,3545," "," ",0,1,0,0,0,0,0,0,0,0,0,0,0,0,0,0,0,8578,"HARMONIA, RUA",16686,"PURPURINA, RUA",63,"PINHEIROS",1,0,"HARMONIA, RUA SAO PAULO SP &  PURPURINA, RUA SAO PAULO SP",-23.5555876,-46.6877492
"6774","D041300106",5245,"CONSOLACAO, RUA DA",1497,"ANTONIA DE QUEIROS, RUA DONA",0,"","13/04/2013 01:07",2,"CH",4,2959," "," ",1,0,0,0,0,0,0,0,0,0,0,0,0,0,0,0,0,1497,"ANTONIA DE QUEIROS, RUA DONA",5245,"CONSOLACAO, RUA DA",26,"CONSOLACAO",1,0,"CONSOLACAO, RUA DA SAO PAULO SP &  ANTONIA DE QUEIROS, RUA DONA SAO PAULO SP",-23.5471579,-46.6469857
"6775","D041301460",5425,"COSTA BARROS, RUA",NA,"",2570,"","13/04/2013 01:25",2,"CH",42,2323," "," ",0,1,0,1,0,0,0,0,0,0,0,0,0,0,0,0,0,5425,"COSTA BARROS, RUA",NA,"",95,"VILA PRUDENTE",2,0,"COSTA BARROS, RUA 2570 SAO PAULO SP",-23.6017506,-46.5432184
"6776","D041300914",13014,"MARGINAL DO RIO PINHEIROS, AV",NA,"",15,"","13/04/2013 02:00",2,"CT",89,3026," "," ",2,0,0,0,0,0,0,0,0,0,0,0,0,0,0,0,0,13014,"MARGINAL DO RIO PINHEIROS, AV",NA,"",40,"JAGUARE",2,0,"MARGINAL DO RIO PINHEIROS, AV 15 SAO PAULO SP",-23.5666266,-46.6848529
"6778","D041302058",73217,"DIOGO GARCIA, RUA",NA,"",21,"","13/04/2013 02:52",4,"AT",49,4952," "," ",0,0,0,0,0,0,0,0,0,0,0,0,0,0,0,1,0,73217,"DIOGO GARCIA, RUA",NA,"",55,"MORUMBI",1,0,"DIOGO GARCIA, RUA 21 SAO PAULO SP",-23.5985632,-46.4548961
"6780","D041301467",5425,"COSTA BARROS, RUA",11050,"JOSE MACEDO, RUA",0,"","13/04/2013 04:10",2,"QM",42,900036," "," ",0,1,0,0,0,0,0,0,0,0,0,0,0,0,0,0,0,5425,"COSTA BARROS, RUA",11050,"JOSE MACEDO, RUA",95,"VILA PRUDENTE",2,0,"COSTA BARROS, RUA SAO PAULO SP &  JOSE MACEDO, RUA SAO PAULO SP",-23.6047674,-46.5502522
"6781","D041300427",4596,"CATARINA, AV STA",9878,"FRANKLIN MAGALHAES, RUA",0,"","13/04/2013 04:12",2,"CO",35,4844," "," ",2,0,0,0,0,0,0,0,0,0,0,0,0,0,0,0,0,4596,"CATARINA, AV STA",9878,"FRANKLIN MAGALHAES, RUA",37,"JABAQUARA",2,0,"CATARINA, AV STA SAO PAULO SP &  FRANKLIN MAGALHAES, RUA SAO PAULO SP",-23.6478165,-46.6624038
"6783","D041301487",27094,"SALIM FARAH MALUF, AV",NA,"",4254,"","13/04/2013 04:50",2,"CT",56,2333," "," ",2,1,0,0,0,0,0,0,0,0,0,0,0,0,0,0,0,27094,"SALIM FARAH MALUF, AV",NA,"",82,"TATUAPE",1,0,"SALIM FARAH MALUF, AV 4254 SAO PAULO SP",-23.566704,-46.5748486
"6784","D041300400",19100,"BANDEIRANTES, AV DOS",NA,"",2040,"","13/04/2013 06:00",2,"QM",27,3800," "," ",0,1,0,0,0,0,0,0,0,0,0,0,0,0,0,0,0,19100,"BANDEIRANTES, AV DOS",NA,"",24,"CIDADE LIDER",1,0,"BANDEIRANTES, AV DOS 2040 SAO PAULO SP",-23.6079973,-46.6777528
"6785","D041300913",43866,"COLEGIO PIO XII, RUA",NA,"",600,"","13/04/2013 07:00",2,"CH",89,3024," "," ",1,0,0,0,0,0,0,0,0,0,0,0,0,0,0,0,0,43866,"COLEGIO PIO XII, RUA",NA,"",85,"VILA ANDRADE",1,0,"COLEGIO PIO XII, RUA 600 SAO PAULO SP",-23.6197998,-46.7141487
"6786","D041301218",9978,"JARDIM JAPAO, AV",NA,"",491,"","13/04/2013 07:01",2,"CO",39,3809," "," ",1,1,0,0,0,0,0,0,0,0,0,0,0,0,0,0,0,9978,"JARDIM JAPAO, AV",NA,"",94,"VILA MEDEIROS",1,0,"JARDIM JAPAO, AV 491 SAO PAULO SP",-23.4858351,-46.5785672
"6787","D041300203",18847,"TERESA CRISTINA, AV",NA,"",800,"","13/04/2013 07:28",2,"QM",6,2766," "," ",0,1,0,0,0,0,0,0,0,0,0,0,0,0,0,0,0,18847,"TERESA CRISTINA, AV",NA,"",12,"BUTANTA",1,0,"TERESA CRISTINA, AV 800 SAO PAULO SP",-23.5765784,-46.6092928
"6788","D041300399",8944,"IBIRAPUERA, AV",4882,"CHIBARAS, AV",0,"","13/04/2013 07:39",2,"CO",27,3797," "," ",1,1,0,0,0,0,0,0,0,0,0,0,0,0,0,0,0,7682,"GABRIEL DE REZENDE PASSOS, AV MIN",8944,"IBIRAPUERA, AV",53,"MOEMA",1,0,"IBIRAPUERA, AV SAO PAULO SP &  CHIBARAS, AV SAO PAULO SP",-23.6014353,-46.6601288
"6790","D041300671",12197,"LUIZ CARLOS MESQUITA, PCA",6471,"SAO VICENTE, AV MARQ DE",0,"","13/04/2013 08:35",2,"CO",23,2450," "," ",2,0,0,0,0,0,0,0,0,0,0,0,0,0,0,0,0,6471,"SAO VICENTE, AV MARQ DE",12197,"LUIZ CARLOS MESQUITA, PCA",6,"BARRA FUNDA",1,0,"LUIZ CARLOS MESQUITA, PCA SAO PAULO SP &  SAO VICENTE, AV MARQ DE SAO PAULO SP",-23.5208298,-46.6677981
"6791","D041301088",8478,"GUILHERME COTCHING, AV",1719,"ANTONIO FONSECA, RUA",0,"","13/04/2013 08:40",2,"CO",19,3332," "," ",1,0,0,0,0,0,0,0,0,0,0,1,0,0,0,0,0,1719,"ANTONIO FONSECA, RUA",8478,"GUILHERME COTCHING, AV",91,"VILA MARIA",1,0,"GUILHERME COTCHING, AV SAO PAULO SP &  ANTONIO FONSECA, RUA SAO PAULO SP",-23.5186365,-46.5897343
"6794","D041301022",6099,"DOZE DE SETEMBRO, RUA",1711,"ANTONIO FERRAZ, RUA CEL",0,"","13/04/2013 10:00",2,"CO",9,3333," "," ",1,1,0,0,0,0,0,0,0,0,0,0,0,0,0,0,0,1711,"ANTONIO FERRAZ, RUA CEL",6099,"DOZE DE SETEMBRO, RUA",88,"VILA GUILHERME",1,0,"DOZE DE SETEMBRO, RUA SAO PAULO SP &  ANTONIO FERRAZ, RUA CEL SAO PAULO SP",-23.5161826,-46.6096317
"6795","D041301630",5165,"MERCANTEIS, RUA DOS",NA,"",251,"","13/04/2013 10:35",4,"AT",47,5337," "," ",1,0,0,0,0,0,0,0,0,0,0,0,0,0,0,0,0,5165,"MERCANTEIS, RUA DOS",NA,"",19,"CAPAO REDONDO",1,0,"MERCANTEIS, RUA DOS 251 SAO PAULO SP",-23.6700778,-46.7771542
"6796","D041301922",13881,"MIGUEL, AV S",NA,"",4260,"","13/04/2013 11:24",2,"CO",62,3909," "," ",1,1,0,0,0,0,0,0,0,0,0,0,0,0,0,0,0,13881,"MIGUEL, AV S",NA,"",65,"PONTE RASA",1,0,"MIGUEL, AV S 4260 SAO PAULO SP",-23.5080332,-46.4921965
"6797","D041302166",75331,"MOCAMBOS, RUA",NA,"",212,"","13/04/2013 11:30",4,"AT",70,3796," "," ",0,0,0,1,0,0,0,0,0,0,0,0,0,0,0,0,0,75331,"MOCAMBOS, RUA",NA,"",56,"PARELHEIROS",1,0,"MOCAMBOS, RUA 212 SAO PAULO SP",-23.6146097,-46.5168233
"6799","D041301649",20048,"YERVANT KISSAJIKIAN, AV",NA,"",1633,"","13/04/2013 14:22",4,"AT",80,3986," "," ",1,0,0,0,0,0,0,0,0,0,0,0,0,0,0,0,0,20048,"YERVANT KISSAJIKIAN, AV",NA,"",29,"FREGUESIA DO O",1,0,"YERVANT KISSAJIKIAN, AV 1633 SAO PAULO SP",-23.6737653,-46.6646226
"6800","D041301213",5558,"CRUZ DE MALTA, RUA",NA,"",837,"","13/04/2013 15:30",2,"CF",39,1854,"B"," ",2,0,0,0,0,0,0,0,0,0,0,0,0,0,0,0,0,5558,"CRUZ DE MALTA, RUA",NA,"",84,"TUCURUVI",1,0,"CRUZ DE MALTA, RUA 837 SAO PAULO SP",-23.4844025,-46.5998336
"6801","D041301112",14767,"NOVA CANTAREIRA, AV",NA,"",360,"","13/04/2013 15:40",2,"CH",20,3348," "," ",0,0,1,0,0,0,0,0,0,0,0,0,0,0,0,0,0,14767,"NOVA CANTAREIRA, AV",NA,"",83,"TREMEMBE",5,0,"NOVA CANTAREIRA, AV 360 SAO PAULO SP",-23.4873765,-46.6210728
"6802","D041301157",5947,"EDGAR FACO, AV GAL",NA,"",1758,"","13/04/2013 16:30",4,"AT",28,3987," "," ",1,0,0,0,0,0,0,0,0,0,0,0,0,0,0,0,0,5947,"EDGAR FACO, AV GAL",NA,"",64,"PIRITUBA",1,0,"EDGAR FACO, AV GAL 1758 SAO PAULO SP",-23.4909083,-46.7098997
"6804","D041301602",5606,"CUPECE, AV",NA,"",4210,"","13/04/2013 17:05",4,"AT",43,3995,"B"," ",0,0,0,0,0,0,0,1,0,0,0,0,0,0,0,0,0,5606,"CUPECE, AV",NA,"",22,"CIDADE ADEMAR",1,0,"CUPECE, AV 4210 SAO PAULO SP",-23.6720862,-46.6453866
"6806","D041300021",16725,"QUEIROS, AV SEN",NA,"",484,"","13/04/2013 17:30",4,"AT",1,3079," "," ",2,0,0,0,0,0,0,0,0,0,0,0,0,0,0,0,0,16725,"QUEIROS, AV SEN",NA,"",9,"BOM RETIRO",1,0,"QUEIROS, AV SEN 484 SAO PAULO SP",-23.5397838,-46.6315198
"6807","D041301260",15425,"CANTIDIO SAMPAIO, AV DEP",NA,"",1158,"","13/04/2013 17:40",4,"AT",72,3264,"B"," ",0,1,0,0,0,0,0,0,0,0,0,0,0,0,0,0,0,15425,"CANTIDIO SAMPAIO, AV DEP",NA,"",41,"JARAGUA",1,0,"CANTIDIO SAMPAIO, AV DEP 1158 SAO PAULO SP",-23.4674588,-46.6782035
"6808","D041300573",4781,"CERRO CORA, RUA",NA,"",685,"","13/04/2013 18:00",2,"QM",7,2467," "," ",0,1,0,0,0,0,0,0,0,0,0,0,0,0,0,0,0,4781,"CERRO CORA, RUA",NA,"",48,"LAPA",1,0,"CERRO CORA, RUA 685 SAO PAULO SP",-23.5403801,-46.7038205
"6810","D041301616",14305,"LUIS DE OLIVEIRA, RUA",NA,"",307,"","13/04/2013 18:48",4,"AT",47,4642," "," ",0,0,0,0,0,0,0,0,0,0,0,1,0,0,0,0,0,14305,"LUIS DE OLIVEIRA, RUA",NA,"",29,"FREGUESIA DO O",1,0,"LUIS DE OLIVEIRA, RUA 307 SAO PAULO SP",-23.6790762,-46.7893119
"6811","D041300506",43154,"TANCREDO NEVES, AV PRES",NA,"",100,"","13/04/2013 19:24",2,"CT",95,3143," "," ",1,1,0,0,0,0,0,0,0,0,0,0,0,0,0,0,0,43154,"TANCREDO NEVES, AV PRES",NA,"",18,"CANGAIBA",1,0,"TANCREDO NEVES, AV PRES 100 SAO PAULO SP",-23.6058734,-46.6052496
"6812","D041301690",35281,"ALDEIA DE JOANES, RUA",NA,"",415,"","13/04/2013 19:30",2,"SI",92,4647," "," ",1,0,0,0,0,0,0,0,0,0,0,1,0,0,0,0,0,35281,"ALDEIA DE JOANES, RUA",NA,"",29,"FREGUESIA DO O",2,0,"ALDEIA DE JOANES, RUA 415 SAO PAULO SP",-23.6601833,-46.7304913
"6813","D041301158",13605,"MARTINELLI, AV COMEN",29026,"ROSAS DE OURO, RUA",0,"","13/04/2013 19:30",2,"CO",28,3988," "," ",1,1,0,0,0,0,0,0,0,0,0,0,0,0,0,0,0,13605,"MARTINELLI, AV COMEN",75682,"FREIRE CISNEIRO, RUA DR",50,"LIMAO",1,0,"MARTINELLI, AV COMEN SAO PAULO SP &  ROSAS DE OURO, RUA SAO PAULO SP",-23.5186813,-46.6999583
"6814","D041301355",4128,"CANGAIBA, AV",NA,"",130,"","13/04/2013 19:37",4,"AT",10,4105," "," ",0,1,0,0,0,0,0,0,0,0,0,0,0,0,0,0,0,4128,"CANGAIBA, AV",NA,"",18,"CANGAIBA",1,0,"CANGAIBA, AV 130 SAO PAULO SP",-23.5185543,-46.5462923
"6815","D041300771",5914,"DIOGO MARTINS, RUA",NA,"",572,"","13/04/2013 20:00",2,"CO",37,6045," "," ",1,1,0,0,0,0,0,0,0,0,0,0,0,0,0,0,0,5914,"DIOGO MARTINS, RUA",NA,"",17,"CAMPO LIMPO",1,0,"DIOGO MARTINS, RUA 572 SAO PAULO SP",-23.627187,-46.7560582
"6816","D041300204",2624,"AVELINDA, RUA DONA",3658,"BRIGIDA, RUA DONA",0,"","13/04/2013 20:18",2,"CO",6,2787," "," ",3,0,0,0,0,0,0,0,0,0,0,0,0,0,0,0,0,2624,"AVELINDA, RUA DONA",3658,"BRIGIDA, RUA DONA",92,"VILA MARIANA",2,0,"AVELINDA, RUA DONA SAO PAULO SP &  BRIGIDA, RUA DONA SAO PAULO SP",-23.5859418,-46.6305642
"6817","D041301923",75311,"FIGUEIRA DA POLINESIA, RUA",NA,"",67,"","13/04/2013 21:00",2,"CO",62,3932," "," ",2,0,0,0,0,0,0,0,0,0,0,0,0,0,0,0,0,75311,"FIGUEIRA DA POLINESIA, RUA",NA,"",49,"LIBERDADE",2,0,"FIGUEIRA DA POLINESIA, RUA 67 SAO PAULO SP",-23.4882447,-46.4757785
"6818","D041301113",11277,"IMACULADA, RUA",NA,"",171,"","13/04/2013 21:10",2,"CH",20,3354," "," ",1,0,0,0,0,0,0,0,0,0,0,0,0,0,0,0,0,11277,"IMACULADA, RUA",NA,"",71,"SANTANA",2,0,"IMACULADA, RUA 171 SAO PAULO SP",-23.4878103,-46.6365991
"6819","D041300246",10177,"JOAO BOEMER, RUA",4736,"CELSO GARCIA, AV",0,"","13/04/2013 21:30",4,"AT",12,2789," "," ",1,0,0,0,0,0,0,0,0,0,0,0,0,0,0,0,0,4736,"CELSO GARCIA, AV",10177,"JOAO BOEMER, RUA",8,"BELEM",1,0,"JOAO BOEMER, RUA SAO PAULO SP &  CELSO GARCIA, AV SAO PAULO SP",-23.5312342,-46.6130982
"6820","D041301975",12156,"LUIZ AYRES, RUA DR",NA,"",2500,"","13/04/2013 22:06",2,"CT",65,3925," "," ",2,0,0,0,0,0,0,0,0,0,0,0,0,0,0,0,0,12156,"LUIZ AYRES, RUA DR",NA,"",5,"ARTUR ALVIM",1,0,"LUIZ AYRES, RUA DR 2500 SAO PAULO SP",-23.5422396,-46.4814708
"6821","D041301287",42220,"USHIKICHI KAMYIA, RUA",NA,"",1118,"","13/04/2013 22:30",2,"CO",73,3835," "," ",2,1,0,0,0,0,0,0,0,0,0,0,0,0,0,0,0,42220,"USHIKICHI KAMYIA, RUA",NA,"",38,"JACANA",1,0,"USHIKICHI KAMYIA, RUA 1118 SAO PAULO SP",-23.4389595,-46.5724728
"6822","D041300772",99949,"CARLOS CALDEIRA FILHO, AV",NA,"",2000,"","13/04/2013 23:00",2,"CO",37,3052," "," ",4,0,0,1,0,0,0,0,0,0,0,0,0,0,0,0,0,99949,"CARLOS CALDEIRA FILHO, AV",NA,"",19,"CAPAO REDONDO",1,0,"CARLOS CALDEIRA FILHO, AV 2000 SAO PAULO SP",-23.6453033,-46.7506118
"6823","D041301711",9997,"JOSE SILVIO DE CAMARGO, RUA DR",852,"ALVARENGA, ES DO",0,"","13/04/2013 23:03",4,"AT",98,4185," "," ",0,0,0,0,0,0,0,0,0,0,0,0,0,0,0,1,0,852,"ALVARENGA, ES DO",9997,"JOSE SILVIO DE CAMARGO, RUA DR",59,"PEDREIRA",1,0,"JOSE SILVIO DE CAMARGO, RUA DR SAO PAULO SP &  ALVARENGA, ES DO SAO PAULO SP",-23.7107829,-46.6314777