"","id_acidente","codloga","logradouroA","codlogb","logradouroB","alt_num","referencia","data","cod_acid","tipo_acidente","dp","numero_BO","sentido","pista","automovel","moto","onibus","caminhao","bicicleta","moto_taxi","onibus_fretado","onibus_urbano","microonibus","van","vuc","caminhonete","carreta","jipe","outros","sem_informacao","carroca","princ_a","paiA","princ_b","paiB","cod_distrito","distrito","vit_ferida","vit_morta","local","lat","lon"
"6906","D041302270",35449,"BANDEIRANTES, VIA DOS",NA,"",25800,"","15/04/2013 07:43",2,"CL",46,1775," "," ",0,1,0,1,0,0,0,0,0,0,0,0,0,0,0,0,0,35449,"BANDEIRANTES, VIA DOS",NA,"",64,"PIRITUBA",0,1,"BANDEIRANTES, VIA DOS 25800 SAO PAULO SP",-23.5962255,-46.6921266
"6908","D041301237",34562,"JOAO PAULO I, AV",NA,"",2000,"","15/04/2013 08:00",4,"AT",45,915,"C"," ",1,0,0,0,0,0,0,0,0,0,0,0,0,0,0,0,0,34562,"JOAO PAULO I, AV",NA,"",4,"ARICANDUVA",1,0,"JOAO PAULO I, AV 2000 SAO PAULO SP",-23.4758,-46.6845783
"6909","D041300561",24491,"IMIGRANTES, VIA DOS",NA,"",10,"","15/04/2013 08:01",2,"CO",97,900010," "," ",2,1,0,0,0,0,0,0,0,0,0,0,0,0,0,0,0,24491,"IMIGRANTES, VIA DOS",NA,"",NA,"",1,0,"IMIGRANTES, VIA DOS 10 SAO PAULO SP",-23.4467952,-46.6890093
"6910","D041301737",13035,"MIGUEL YUNES, RUA",9220,"INTERLAGOS, AV",0,"","15/04/2013 08:15",2,"CO",99,1669," "," ",2,1,0,0,0,0,0,0,0,0,0,0,0,0,0,0,0,6238,"NACOES UNIDAS, AV DAS",9220,"INTERLAGOS, AV",16,"CAMPO GRANDE",1,0,"MIGUEL YUNES, RUA SAO PAULO SP &  INTERLAGOS, AV SAO PAULO SP",-23.6949288,-46.6794691
"6911","D041301674",10270,"JOAO DIAS, AV",NA,"",3685,"","15/04/2013 08:40",2,"CO",92,2365," "," ",1,1,0,0,0,0,0,0,0,0,0,0,0,0,0,0,0,10270,"JOAO DIAS, AV",NA,"",72,"SANTO AMARO",1,0,"JOAO DIAS, AV 3685 SAO PAULO SP",-23.6437886,-46.7353212
"6913","D041302034",15569,"PASSAGEM FUNDA, RUA DA",NA,"",300,"","15/04/2013 09:00",2,"CO",44,2289," "," ",1,1,0,0,0,0,0,0,0,0,0,0,0,0,0,0,0,15569,"PASSAGEM FUNDA, RUA DA",NA,"",50,"LIMAO",1,0,"PASSAGEM FUNDA, RUA DA 300 SAO PAULO SP",-23.5554153,-46.4127167
"6915","D041300725",19461,"VALERIO, AV S",4447,"CARMEN SCIGLIANO, RUA PROFA",0,"","15/04/2013 09:16",2,"SI",34,2279," "," ",1,1,0,0,0,0,0,0,0,0,0,0,0,0,0,0,0,4447,"CARMEN SCIGLIANO, RUA PROFA",19461,"VALERIO, AV S",NA,"",1,0,"VALERIO, AV S SAO PAULO SP &  CARMEN SCIGLIANO, RUA PROFA SAO PAULO SP",-23.5828258,-46.7026391
"6916","D041300726",14267,"MORUMBI, AV",12495,"MADUREIRA, RUA PDE",0,"","15/04/2013 09:45",2,"CT",34,2280," "," ",2,0,0,0,0,0,0,0,0,0,0,0,0,0,0,0,0,12495,"MADUREIRA, RUA PDE",14267,"MORUMBI, AV",55,"MORUMBI",1,0,"MORUMBI, AV SAO PAULO SP &  MADUREIRA, RUA PDE SAO PAULO SP",-23.5871012,-46.7059801
"6917","D041301059",19884,"VOLUNTARIOS DA PATRIA, RUA",NA,"",1442,"","15/04/2013 10:40",2,"CL",13,4050," "," ",1,1,0,0,0,0,0,0,0,0,0,0,0,0,0,0,0,19884,"VOLUNTARIOS DA PATRIA, RUA",NA,"",8,"BELEM",1,0,"VOLUNTARIOS DA PATRIA, RUA 1442 SAO PAULO SP",-23.5077457,-46.6261958
"6919","D041301908",17820,"TITO, AV MAL",NA,"",3404,"","15/04/2013 11:00",4,"AT",59,4654," "," ",0,0,0,0,0,0,0,1,0,0,0,0,0,0,0,0,0,17820,"TITO, AV MAL",NA,"",53,"MOEMA",1,0,"TITO, AV MAL 3404 SAO PAULO SP",-23.4949379,-46.4126669
"6920","D041302060",24428,"FORTE DO LEME, AV",NA,"",936,"","15/04/2013 11:30",2,"CO",49,5110," "," ",0,1,0,0,0,0,0,0,0,0,0,1,0,0,0,0,0,24428,"FORTE DO LEME, AV",NA,"",51,"MANDAQUI",1,0,"FORTE DO LEME, AV 936 SAO PAULO SP",-23.6060772,-46.4690157
"6921","D041302127",9580,"ITAQUERA, AV",NA,"",1276,"","15/04/2013 12:00",2,"CL",66,1707," "," ",1,1,0,0,0,0,0,0,0,0,0,0,0,0,0,0,0,9580,"ITAQUERA, AV",NA,"",24,"CIDADE LIDER",1,0,"ITAQUERA, AV 1276 SAO PAULO SP",-23.5516475,-46.5123348
"6922","D041301916",2429,"ASSIS RIBEIRO, RUA DR",NA,"",8402,"","15/04/2013 12:50",2,"CO",62,1527,"C"," ",1,1,0,0,0,0,0,0,0,0,0,0,0,0,0,0,0,2429,"ASSIS RIBEIRO, RUA DR",NA,"",28,"ERMELINO MATARA",1,0,"ASSIS RIBEIRO, RUA DR 8402 SAO PAULO SP",-23.4857269,-46.4825485
"6923","D041301789",3509,"BELMIRA MARIN, AV DONA",NA,"",1043,"","15/04/2013 13:00",4,"AT",101,2714," "," ",0,1,0,0,0,0,0,0,0,0,0,0,0,0,0,0,0,3509,"BELMIRA MARIN, AV DONA",NA,"",30,"GRAJAU",1,0,"BELMIRA MARIN, AV DONA 1043 SAO PAULO SP",-23.739403,-46.691545
"6924","D041300569",2573,"AURELIA, RUA",6922,"FAUSTOLO, RUA",0,"","15/04/2013 13:05",2,"CO",7,2383," "," ",1,1,0,0,0,0,0,0,0,0,0,0,0,0,0,0,0,2573,"AURELIA, RUA",6922,"FAUSTOLO, RUA",48,"LAPA",1,0,"AURELIA, RUA SAO PAULO SP &  FAUSTOLO, RUA SAO PAULO SP",-23.5365542,-46.6978323
"6927","D041300499",5762,"DELAMARE, AV ALM",NA,"",3000,"","15/04/2013 13:49",2,"CO",95,1791," "," ",1,1,0,0,0,0,0,0,0,0,0,0,0,0,0,0,0,5762,"DELAMARE, AV ALM",NA,"",33,"IPIRANGA",1,0,"DELAMARE, AV ALM 3000 SAO PAULO SP",-23.6106679,-46.586097
"6929","D041300436",57,"ABILIO SOARES, RUA",21344,"MARIO KOZEL FILHO, AV SARG",0,"","15/04/2013 15:20",2,"CT",36,106," "," ",1,0,0,0,0,0,0,0,0,0,0,1,0,0,0,0,0,57,"ABILIO SOARES, RUA",21344,"MARIO KOZEL FILHO, AV SARG",53,"MOEMA",1,0,"ABILIO SOARES, RUA SAO PAULO SP &  MARIO KOZEL FILHO, AV SARG SAO PAULO SP",-23.577059,-46.6504268
"6930","D041301114",60848,"EDUARDO VICENTE NASSER, RUA",NA,"",427,"","15/04/2013 15:30",2,"CH",20,3413," "," ",1,0,0,0,0,0,0,0,0,0,0,0,0,0,0,0,0,60848,"EDUARDO VICENTE NASSER, RUA",NA,"",22,"CIDADE ADEMAR",1,0,"EDUARDO VICENTE NASSER, RUA 427 SAO PAULO SP",-23.4680997,-46.6104897
"6931","D041300289",15656,"PAULISTA, AV",NA,"",900,"","15/04/2013 15:32",2,"CO",78,3036," "," ",1,1,0,0,0,0,0,0,0,0,0,1,0,0,0,0,0,15656,"PAULISTA, AV",NA,"",7,"BELA VISTA",1,0,"PAULISTA, AV 900 SAO PAULO SP",-23.5650422,-46.6510771
"6932","D041301142",3771,"INAJAR DE SOUZA, AV",NA,"",2725,"","15/04/2013 16:00",2,"OU",28,2005," "," ",0,1,0,0,0,0,0,0,0,0,0,0,0,0,0,0,0,3771,"INAJAR DE SOUZA, AV",NA,"",50,"LIMAO",1,0,"INAJAR DE SOUZA, AV 2725 SAO PAULO SP",-23.4832651,-46.6791913
"6933","D041301956",8911,"IBIRANHEM, RUA",NA,"",100,"","15/04/2013 16:00",2,"CO",64,3362," "," ",1,1,0,0,0,0,0,0,0,0,0,0,0,0,0,0,0,8911,"IBIRANHEM, RUA",NA,"",5,"ARTUR ALVIM",1,0,"IBIRANHEM, RUA 100 SAO PAULO SP",-23.5287505,-46.4828517
"6934","D041301357",4723,"CELINA, RUA",NA,"",43,"","15/04/2013 16:30",4,"AT",10,4204," "," ",0,0,0,0,0,0,0,0,0,0,0,1,0,0,0,0,0,4723,"CELINA, RUA",NA,"",60,"PENHA",2,0,"CELINA, RUA 43 SAO PAULO SP",-23.5301431,-46.5306604
"6935","D041301377",332,"AGOSTINHO LATTARI, RUA",NA,"",100,"","15/04/2013 16:30",2,"CT",18,2409," "," ",1,1,0,1,0,0,0,0,0,0,0,0,0,0,0,0,0,332,"AGOSTINHO LATTARI, RUA",NA,"",54,"MOOCA",1,0,"AGOSTINHO LATTARI, RUA 100 SAO PAULO SP",-23.5761454,-46.5907751
"6936","D041301556",3216,"BENTO BRANCO DE ANDRADE FILHO, RUA",35347,"ANTONIO FAGGION, RUA ENG",0,"","15/04/2013 16:50",2,"CO",11,4180," "," ",1,1,0,0,0,0,0,0,0,0,0,0,0,0,0,0,0,3216,"BENTO BRANCO DE ANDRADE FILHO, RUA",21852,"BIAGIO RIVELLINO, RUA",72,"SANTO AMARO",1,0,"BENTO BRANCO DE ANDRADE FILHO, RUA SAO PAULO SP &  ANTONIO FAGGION, RUA ENG SAO PAULO SP",-23.6485197,-46.7224202
"6937","D041302128",64010,"FIGUEIRA DA BARBARIA, RUA",NA,"",270,"","15/04/2013 16:55",2,"CF",66,1712," "," ",1,1,0,0,0,0,0,0,0,0,0,0,0,0,0,0,0,64010,"FIGUEIRA DA BARBARIA, RUA",NA,"",38,"JACANA",1,0,"FIGUEIRA DA BARBARIA, RUA 270 SAO PAULO SP",-23.5577518,-46.4923604
"6938","D041302038",16494,"MIGUEL ACHIOLE DA FONCECA, AV",NA,"",1707,"","15/04/2013 17:00",2,"CO",44,2515," "," ",1,1,0,0,0,0,0,0,0,0,0,0,0,0,0,0,0,16494,"MIGUEL ACHIOLE DA FONCECA, AV",NA,"",50,"LIMAO",1,0,"MIGUEL ACHIOLE DA FONCECA, AV 1707 SAO PAULO SP",-23.559784,-46.4057395
"6939","D041300044",18993,"TIRADENTES, AV",NA,"",300,"","15/04/2013 17:40",4,"AT",2,2157,"B"," ",0,1,0,0,0,0,0,0,0,0,0,0,0,0,0,0,0,18993,"TIRADENTES, AV",NA,"",9,"BOM RETIRO",3,0,"TIRADENTES, AV 300 SAO PAULO SP",-23.5331755,-46.6326812
"6941","D041300172",18070,"SERRA DE JAIRE, RUA",NA,"",319,"","15/04/2013 18:30",4,"AT",8,2837," "," ",1,0,0,0,0,0,0,0,0,0,0,0,0,0,0,0,0,18070,"SERRA DE JAIRE, RUA",NA,"",10,"BRAS",2,0,"SERRA DE JAIRE, RUA 319 SAO PAULO SP",-23.546138,-46.5872835
"6942","D041301529",11981,"LOPES COUTINHO, RUA",15524,"PARNAIBA, RUA VISC DE",0,"","15/04/2013 18:30",4,"AT",81,2091," "," ",1,0,0,0,0,0,0,0,0,0,0,0,0,0,0,0,0,11981,"LOPES COUTINHO, RUA",15524,"PARNAIBA, RUA VISC DE",8,"BELEM",1,0,"LOPES COUTINHO, RUA SAO PAULO SP &  PARNAIBA, RUA VISC DE SAO PAULO SP",-23.5427472,-46.6017891
"6943","D041300894",63165,"CECILIA CALOVINI, RUA",NA,"",116,"","15/04/2013 18:45",4,"AT",87,3476," "," ",0,0,0,0,0,0,0,0,0,0,0,0,0,0,0,1,0,63165,"CECILIA CALOVINI, RUA",NA,"",4,"ARICANDUVA",1,0,"CECILIA CALOVINI, RUA 116 SAO PAULO SP",-23.4814906,-46.7162426
"6944","D041301190",13374,"MARIANA CALIGIORI RONCHETTI, AV",13148,"MARIA ANTONIA MARTINS, AV",0,"","15/04/2013 18:50",2,"CO",38,3339," "," ",1,0,0,1,0,0,0,0,0,0,0,0,0,0,0,0,0,13148,"MARIA ANTONIA MARTINS, AV",13374,"MARIANA CALIGIORI RONCHETTI, AV",13,"CACHOEIRINHA",1,0,"MARIANA CALIGIORI RONCHETTI, AV SAO PAULO SP &  MARIA ANTONIA MARTINS, AV SAO PAULO SP",-23.4640006,-46.6549868
"6945","D041301488",26966,"JOSE JERAISSATI, RUA",18638,"TAMIRIM, RUA",0,"","15/04/2013 18:53",2,"CL",56,2405," "," ",1,1,0,0,0,0,0,0,0,0,0,0,0,0,0,0,0,18638,"TAMIRIM, RUA",26966,"JOSE JERAISSATI, RUA",95,"VILA PRUDENTE",1,0,"JOSE JERAISSATI, RUA SAO PAULO SP &  TAMIRIM, RUA SAO PAULO SP",-23.5934876,-46.5607232
"6946","D041301935",64140,"ANTONIO LOUZADA ANTUNES, AV",NA,"",259,"","15/04/2013 19:00",2,"QD",63,2865," "," ",0,0,1,0,0,0,0,0,0,0,0,0,0,0,0,0,0,64140,"ANTONIO LOUZADA ANTUNES, AV",NA,"",53,"MOEMA",1,0,"ANTONIO LOUZADA ANTUNES, AV 259 SAO PAULO SP",-23.5022498,-46.464841
"6947","D041301062",4533,"CASA VERDE, AV",1359,"ANGELICA, RUA SOROR",0,"","15/04/2013 19:00",2,"CO",13,4080," "," ",1,0,0,0,1,0,0,0,0,0,0,0,0,0,0,0,0,1359,"ANGELICA, RUA SOROR",4533,"CASA VERDE, AV",21,"CASA VERDE",1,0,"CASA VERDE, AV SAO PAULO SP &  ANGELICA, RUA SOROR SAO PAULO SP",-23.5065329,-46.6665841
"6948","D041301115",17990,"SENA, RUA",19780,"VIRGILIA R. A. DE C. PINTO, AV PROFA",0,"","15/04/2013 19:10",2,"CO",20,3425," "," ",1,0,0,0,1,0,0,0,0,0,0,0,0,0,0,0,0,1386,"ANGELO BORTOLO, AV VER",19780,"VIRGILIA R. A. DE C. PINTO, AV PROFA",84,"TUCURUVI",1,0,"SENA, RUA SAO PAULO SP &  VIRGILIA R. A. DE C. PINTO, AV PROFA SAO PAULO SP",-23.462371,-46.6048087
"6949","D041302021",60009,"LAURO XERFAN, AV",NA,"",632,"","15/04/2013 19:29",2,"CO",41,3815," "," ",0,1,0,0,0,0,0,0,0,0,0,1,0,0,0,0,0,60009,"LAURO XERFAN, AV",NA,"",27,"CURSINO",1,0,"LAURO XERFAN, AV 632 SAO PAULO SP",-23.590141,-46.5175004
"6950","D041300701",21629,"ELISIO CORDEIRO DE SIQUEIRA, AV",NA,"",1272,"","15/04/2013 19:40",2,"CO",33,3469," "," ",0,1,0,0,0,0,0,0,0,0,0,1,0,0,0,0,0,21629,"ELISIO CORDEIRO DE SIQUEIRA, AV",NA,"",31,"GUAIANASES",2,0,"ELISIO CORDEIRO DE SIQUEIRA, AV 1272 SAO PAULO SP",-23.4949424,-46.7464217
"6951","D041301189",14242,"MOREIRA DE BARROS, RUA CONS",NA,"",2390,"","15/04/2013 19:45",2,"CF",38,3338," "," ",1,1,0,0,0,0,0,0,0,0,0,0,0,0,0,0,0,14242,"MOREIRA DE BARROS, RUA CONS",NA,"",0,"NULL",2,0,"MOREIRA DE BARROS, RUA CONS 2390 SAO PAULO SP",-23.4840487,-46.6421115
"6952","D041302022",17135,"RIO DAS PEDRAS, AV",75433,"LATINOS, AV DOS",0,"","15/04/2013 20:00",2,"CO",41,3822," "," ",0,1,1,0,0,0,0,0,0,0,0,0,0,0,0,0,0,17135,"RIO DAS PEDRAS, AV",75433,"LATINOS, AV DOS",NA,"",1,0,"RIO DAS PEDRAS, AV SAO PAULO SP &  LATINOS, AV DOS SAO PAULO SP",-23.5630062,-46.5152683
"6953","D041302223",27099,"DUTRA, VIA PRES",NA,"",2391,"","15/04/2013 20:00",4,"AT",20,3422," "," ",0,0,0,1,0,0,0,0,0,0,0,0,0,0,0,0,0,27099,"DUTRA, VIA PRES",NA,"",36,"ITAQUERA",0,1,"DUTRA, VIA PRES 2391 SAO PAULO SP",-23.5044136,-46.5682811
"6957","D041301691",1903,"ANTUNES DOS SANTOS, RUA COMEN",NA,"",1363,"","15/04/2013 21:04",4,"AT",92,4742," "," ",1,0,0,0,0,0,0,0,0,0,0,0,0,0,0,0,0,1903,"ANTUNES DOS SANTOS, RUA COMEN",NA,"",45,"JARDIM SAO LUIS",1,0,"ANTUNES DOS SANTOS, RUA COMEN 1363 SAO PAULO SP",-23.6707261,-46.7605208
"6958","D041300799",1427,"ANHANGUERA, RUA",NA,"",21800,"","15/04/2013 21:50",2,"CO",46,3478," "," ",1,0,0,1,0,0,0,0,0,0,0,1,0,0,0,0,0,1427,"ANHANGUERA, RUA",NA,"",70,"SANTA CECILIA",3,0,"ANHANGUERA, RUA 21800 SAO PAULO SP",-23.4900941,-46.7665396
"6961","D041301000",5567,"CRUZEIRO DO SUL, AV",NA,"",2345,"","16/04/2013 05:30",2,"CO",9,2241," "," ",1,1,0,0,0,0,0,0,0,0,0,0,0,0,0,0,0,5567,"CRUZEIRO DO SUL, AV",NA,"",5,"ARTUR ALVIM",1,0,"CRUZEIRO DO SUL, AV 2345 SAO PAULO SP",-23.5105048,-46.6251435
"6962","D041301116",10945,"JOSE ERMIRIO DE MORAES, AV SEN",NA,"",860,"","16/04/2013 06:15",2,"CH",20,3430,"C"," ",1,0,0,0,0,0,0,0,0,0,0,0,0,0,0,0,0,10945,"JOSE ERMIRIO DE MORAES, AV SEN",NA,"",83,"TREMEMBE",2,0,"JOSE ERMIRIO DE MORAES, AV SEN 860 SAO PAULO SP",-23.447956,-46.6150584
"6964","D041301063",19884,"VOLUNTARIOS DA PATRIA, RUA",NA,"",499,"","16/04/2013 06:55",4,"AT",13,4088,"B"," ",0,1,0,0,0,0,0,0,0,0,0,0,0,0,0,0,0,19884,"VOLUNTARIOS DA PATRIA, RUA",NA,"",8,"BELEM",1,0,"VOLUNTARIOS DA PATRIA, RUA 499 SAO PAULO SP",-23.5160357,-46.6270661
"6965","D041300673",6188,"EDGARD THEOTONIO SANTANA, RUA DR",NA,"",206,"","16/04/2013 06:55",4,"AT",23,2565," "," ",1,0,0,0,0,0,0,0,0,0,0,0,0,0,0,0,0,6188,"EDGARD THEOTONIO SANTANA, RUA DR",NA,"",35,"ITAIM PAULISTA",1,0,"EDGARD THEOTONIO SANTANA, RUA DR 206 SAO PAULO SP",-23.5174329,-46.6745311
"6966","D041302153",98857,"JIM BACKUS, RUA",NA,"",5,"","16/04/2013 07:10",4,"AT",69,3834," "," ",0,0,0,0,0,0,0,0,0,0,0,1,0,0,0,0,0,98857,"JIM BACKUS, RUA",NA,"",78,"SAPOPEMBA",2,0,"JIM BACKUS, RUA 5 SAO PAULO SP",-23.6199333,-46.486303
"6967","D041301085",27099,"DUTRA, VIA PRES",NA,"",33,"","16/04/2013 07:30",2,"CH",19,2193," "," ",1,0,0,0,0,0,0,0,0,0,0,0,0,0,0,0,0,27099,"DUTRA, VIA PRES",NA,"",36,"ITAQUERA",1,0,"DUTRA, VIA PRES 33 SAO PAULO SP",-23.4258549,-46.4044596
"6968","D041301086",1930,"NADIR DIAS DE FIGUEIREDO, AV",8478,"GUILHERME COTCHING, AV",0,"","16/04/2013 07:30",2,"QM",19,2199," "," ",0,1,0,0,0,0,0,0,0,0,0,0,0,0,0,0,0,1930,"NADIR DIAS DE FIGUEIREDO, AV",8478,"GUILHERME COTCHING, AV",91,"VILA MARIA",1,0,"NADIR DIAS DE FIGUEIREDO, AV SAO PAULO SP &  GUILHERME COTCHING, AV SAO PAULO SP",-23.5165802,-46.5952224
"6969","D041300781",1429,"ANHANGUERA, VIA",NA,"",22900,"","16/04/2013 08:20",2,"QM",46,1810," "," ",0,1,0,0,0,0,0,0,0,0,0,0,0,0,0,0,0,1429,"ANHANGUERA, VIA",NA,"",73,"SAO DOMINGOS",2,0,"ANHANGUERA, VIA 22900 SAO PAULO SP",-23.4900941,-46.7665396
"6970","D041301557",18119,"CANCIONEIRO POPULAR, RUA",NA,"",10,"","16/04/2013 08:25",2,"CO",11,4204,"B"," ",1,1,0,0,0,0,0,0,0,0,0,0,0,0,0,0,0,18119,"CANCIONEIRO POPULAR, RUA",NA,"",30,"GRAJAU",1,0,"CANCIONEIRO POPULAR, RUA 10 SAO PAULO SP",-23.6318625,-46.6959188
"6971","D041300226",6642,"ESTADO, AV DO",NA,"",100,"","16/04/2013 08:40",2,"CO",12,2115," "," ",0,2,0,0,0,0,0,0,0,0,0,0,0,0,0,0,0,6642,"ESTADO, AV DO",NA,"",9,"BOM RETIRO",2,0,"ESTADO, AV DO 100 SAO PAULO SP",-23.5416624,-46.6286643
"6972","D041300727",7500,"FRANCISCO MORATO, AV PROF",NA,"",2385,"","16/04/2013 09:15",4,"AT",34,2315," "," ",0,1,0,0,0,0,0,0,0,0,0,0,0,0,0,0,0,7500,"FRANCISCO MORATO, AV PROF",NA,"",12,"BUTANTA",3,0,"FRANCISCO MORATO, AV PROF 2385 SAO PAULO SP",-23.585824,-46.7220367
"6973","D041300856",16878,"RAPOSO TAVARES, VIA",NA,"",14500,"","16/04/2013 09:30",2,"CO",75,1808," "," ",1,1,0,0,0,0,0,0,0,0,0,1,0,0,0,0,0,16878,"RAPOSO TAVARES, VIA",NA,"",13,"CACHOEIRINHA",2,0,"RAPOSO TAVARES, VIA 14500 SAO PAULO SP",-23.5268695,-48.4720814
"6975","D041301358",19320,"UICO, RUA",NA,"",265,"","16/04/2013 09:45",2,"CT",10,4261," "," ",2,0,0,0,0,0,0,0,0,0,0,0,0,0,0,0,0,19320,"UICO, RUA",NA,"",3,"ANHANGUERA",1,0,"UICO, RUA 265 SAO PAULO SP",-23.5215147,-46.5238077
"6976","D041301558",999,"SANTO AMARO, AV",NA,"",6800,"","16/04/2013 09:56",4,"AT",11,4206,"B"," ",0,1,0,0,0,0,0,0,0,0,0,0,0,0,0,0,0,999,"SANTO AMARO, AV",NA,"",34,"ITAIM BIBI",2,0,"SANTO AMARO, AV 6800 SAO PAULO SP",-23.6399604,-46.6981701
"6977","D041300152",6642,"ESTADO, AV DO",9831,"JAGUARA, RUA BR DE",0,"","16/04/2013 10:46",2,"CO",8,219," "," ",0,1,0,0,0,0,0,0,0,0,0,1,0,0,0,0,0,6642,"ESTADO, AV DO",9831,"JAGUARA, RUA BR DE",14,"CAMBUCI",1,0,"ESTADO, AV DO SAO PAULO SP &  JAGUARA, RUA BR DE SAO PAULO SP",-23.5635869,-46.6112253
"6978","D041300078",8255,"GUAIANASES, RUA",19847,"VITORIA, RUA",0,"","16/04/2013 11:00",2,"CT",3,3102," "," ",2,1,0,0,0,0,0,0,0,0,0,0,0,0,0,0,0,8255,"GUAIANASES, RUA",19847,"VITORIA, RUA",67,"REPUBLICA",1,0,"GUAIANASES, RUA SAO PAULO SP &  VITORIA, RUA SAO PAULO SP",-23.5352172,-46.6446121
"6979","D041300857",16878,"RAPOSO TAVARES, VIA",NA,"",15500,"","16/04/2013 11:00",2,"QM",75,1311," "," ",0,1,0,0,0,0,0,0,0,0,0,0,0,0,0,0,0,16878,"RAPOSO TAVARES, VIA",NA,"",13,"CACHOEIRINHA",1,0,"RAPOSO TAVARES, VIA 15500 SAO PAULO SP",-23.5237089,-48.4831886
"6980","D041301289",13133,"MARIA AMALIA LOPES AZEVEDO, RUA",NA,"",3461,"","16/04/2013 11:20",4,"AT",73,3942," "," ",1,0,0,0,0,0,0,0,0,0,0,0,0,0,0,0,0,13133,"MARIA AMALIA LOPES AZEVEDO, RUA",NA,"",83,"TREMEMBE",1,0,"MARIA AMALIA LOPES AZEVEDO, RUA 3461 SAO PAULO SP",-23.4564007,-46.5937627
"6981","D041300450",19583,"VERGUEIRO, RUA",NA,"",2515,"","16/04/2013 11:40",4,"AT",36,1700," "," ",0,1,0,0,0,0,0,0,0,0,0,0,0,0,0,0,0,19583,"VERGUEIRO, RUA",NA,"",33,"IPIRANGA",1,0,"VERGUEIRO, RUA 2515 SAO PAULO SP",-23.583704,-46.6367688
"6982","D041300820",5309,"CORIFEU DE AZEVEDO MARQUES, AV",NA,"",152,"","16/04/2013 12:00",2,"CO",51,1743," "," ",0,0,0,0,1,0,0,0,0,0,0,0,0,0,0,1,0,5309,"CORIFEU DE AZEVEDO MARQUES, AV",NA,"",12,"BUTANTA",1,0,"CORIFEU DE AZEVEDO MARQUES, AV 152 SAO PAULO SP",-23.5695639,-46.716297
"6983","D041300403",16675,"ANTONIO DE MACEDO SOARES, RUA",16356,"OTAVIO TARQUINIO DE SOUSA, RUA",0,"","16/04/2013 12:30",4,"AT",27,3929," "," ",1,0,0,0,0,0,0,0,0,0,0,0,0,0,0,0,0,16356,"OTAVIO TARQUINIO DE SOUSA, RUA",16675,"ANTONIO DE MACEDO SOARES, RUA",15,"CAMPO BELO",1,0,"ANTONIO DE MACEDO SOARES, RUA SAO PAULO SP &  OTAVIO TARQUINIO DE SOUSA, RUA SAO PAULO SP",-23.6191755,-46.6725158
"6984","D041300124",12165,"LUIS ANTONIO, AV BRIG",NA,"",2200,"","16/04/2013 12:50",4,"AT",5,2032,"B"," ",0,0,1,0,0,0,0,0,0,0,0,0,0,0,0,0,0,12165,"LUIS ANTONIO, AV BRIG",NA,"",7,"BELA VISTA",1,0,"LUIS ANTONIO, AV BRIG 2200 SAO PAULO SP",-23.5671224,-46.6487313
"6985","D041301117",18151,"SEZEFREDO FAGUNDES, AV CEL",NA,"",3198,"","16/04/2013 12:50",2,"CO",20,3440,"C"," ",0,1,0,0,1,0,0,0,0,0,0,0,0,0,0,0,0,18151,"SEZEFREDO FAGUNDES, AV CEL",NA,"",22,"CIDADE ADEMAR",3,0,"SEZEFREDO FAGUNDES, AV CEL 3198 SAO PAULO SP",-23.4514097,-46.6006019
"6986","D041301692",67948,"CLOTILDE ORSOLINI MORANA, RUA",NA,"",91,"","16/04/2013 13:00",4,"AT",92,4780," "," ",0,0,0,0,0,0,0,0,0,0,0,0,0,0,0,1,0,67948,"CLOTILDE ORSOLINI MORANA, RUA",NA,"",29,"FREGUESIA DO O",1,0,"CLOTILDE ORSOLINI MORANA, RUA 91 SAO PAULO SP",-23.6665007,-46.7664523
"6987","D041301311",63364,"RODRIGO HENRIQUES, RUA GOV",NA,"",22,"","16/04/2013 13:18",4,"AT",74,1656," "," ",0,0,0,0,0,0,0,0,0,0,0,1,0,0,0,0,0,63364,"RODRIGO HENRIQUES, RUA GOV",NA,"",40,"JAGUARE",1,0,"RODRIGO HENRIQUES, RUA GOV 22 SAO PAULO SP",-23.4318082,-46.7125349
"6988","D041301118",13133,"MARIA AMALIA LOPES AZEVEDO, RUA",68,"FRANCISCO AMOS CONNOR, RUA PDE",0,"","16/04/2013 13:20",2,"CO",20,3446," "," ",1,0,0,0,1,0,0,0,0,0,0,0,0,0,0,0,0,68,"FRANCISCO AMOS CONNOR, RUA PDE",13133,"MARIA AMALIA LOPES AZEVEDO, RUA",83,"TREMEMBE",1,0,"MARIA AMALIA LOPES AZEVEDO, RUA SAO PAULO SP &  FRANCISCO AMOS CONNOR, RUA PDE SAO PAULO SP",-23.4584963,-46.6105009
"6989","D041300404",19100,"BANDEIRANTES, AV DOS",10201,"JOAO CARLOS MALLET, RUA",0,"","16/04/2013 13:30",2,"CO",27,3931," "," ",0,1,0,0,0,0,0,0,0,0,0,1,0,0,0,0,0,14050,"MIRUNA, AV",19100,"BANDEIRANTES, AV DOS",79,"SAUDE",1,0,"BANDEIRANTES, AV DOS SAO PAULO SP &  JOAO CARLOS MALLET, RUA SAO PAULO SP",-23.6016317,-46.6827292