"","id_acidente","codloga","logradouroA","codlogb","logradouroB","alt_num","referencia","data","cod_acid","tipo_acidente","dp","numero_BO","sentido","pista","automovel","moto","onibus","caminhao","bicicleta","moto_taxi","onibus_fretado","onibus_urbano","microonibus","van","vuc","caminhonete","carreta","jipe","outros","sem_informacao","carroca","princ_a","paiA","princ_b","paiB","cod_distrito","distrito","vit_ferida","vit_morta","local","lat","lon"
"7082","D041300354",8944,"IBIRAPUERA, AV",NA,"",3420,"","17/04/2013 18:20",4,"AT",27,3993," "," ",0,1,0,0,0,0,0,0,0,0,0,0,0,0,0,0,0,8944,"IBIRAPUERA, AV",NA,"",53,"MOEMA",1,0,"IBIRAPUERA, AV 3420 SAO PAULO SP",-23.6112103,-46.6695306
"7083","D041300429",36098,"AFFONSO D'ESCRAGNOLLE TAUNAY, AV",NA,"",730,"","17/04/2013 18:30",2,"CO",35,5102," "," ",1,1,0,0,0,0,0,0,0,0,0,0,0,0,0,0,0,36098,"AFFONSO D'ESCRAGNOLLE TAUNAY, AV",NA,"",24,"CIDADE LIDER",1,0,"AFFONSO D'ESCRAGNOLLE TAUNAY, AV 730 SAO PAULO SP",-23.6294696,-46.6389741
"7085","D041301821",10785,"JOSE ARTUR NOVA, AV DR",NA,"",1250,"","17/04/2013 18:50",2,"QM",22,1972," "," ",0,1,0,0,0,0,0,0,0,0,0,0,0,0,0,0,0,10785,"JOSE ARTUR NOVA, AV DR",NA,"",43,"JARDIM HELENA",1,0,"JOSE ARTUR NOVA, AV DR 1250 SAO PAULO SP",-23.4843256,-46.4343982
"7086","D041301378",11265,"JUVENTUS, RUA",NA,"",695,"","17/04/2013 19:00",4,"AT",18,2456," "," ",0,1,0,0,0,0,0,0,0,0,0,0,0,0,0,0,0,11265,"JUVENTUS, RUA",NA,"",54,"MOOCA",2,0,"JUVENTUS, RUA 695 SAO PAULO SP",-23.5727951,-46.5887896
"7087","D041300205",18618,"TAMANDARE, RUA",NA,"",997,"","17/04/2013 19:17",2,"CH",6,2921," "," ",1,1,0,0,0,0,0,0,0,0,0,0,0,0,0,0,0,18618,"TAMANDARE, RUA",NA,"",49,"LIBERDADE",1,0,"TAMANDARE, RUA 997 SAO PAULO SP",-23.5668978,-46.6373468
"7090","D041301370",19833,"VITOANTONIO DEL VECCHIO, RUA",NA,"",150,"","17/04/2013 19:50",4,"AT",18,674," "," ",1,0,0,0,0,0,0,0,0,0,0,0,0,0,0,0,0,19833,"VITOANTONIO DEL VECCHIO, RUA",NA,"",33,"IPIRANGA",2,0,"VITOANTONIO DEL VECCHIO, RUA 150 SAO PAULO SP",-23.5713547,-46.5902319
"7091","D041302167",1163,"ANA CLARA, RUA",NA,"",282,"","17/04/2013 20:00",2,"CH",70,3906," "," ",0,0,0,0,0,0,0,0,0,0,0,1,0,0,0,0,0,1163,"ANA CLARA, RUA",NA,"",74,"SAO LUCAS",1,0,"ANA CLARA, RUA 282 SAO PAULO SP",-23.6110667,-46.5307832
"7092","D041301191",15426,"PARADA PINTO, AV",64361,"SAID SAAD, RUA",0,"","17/04/2013 22:27",2,"CL",38,3404," "," ",0,1,0,0,0,0,0,1,0,0,0,0,0,0,0,0,0,15426,"PARADA PINTO, AV",64361,"SAID SAAD, RUA",13,"CACHOEIRINHA",1,0,"PARADA PINTO, AV SAO PAULO SP &  SAID SAAD, RUA SAO PAULO SP",-23.4694786,-46.6646692
"7093","D041301588",18519,"SUMARE, AV",NA,"",2500,"","17/04/2013 22:40",2,"CO",25,2805," "," ",1,1,0,0,0,0,0,0,0,0,0,0,0,0,0,0,0,18519,"SUMARE, AV",NA,"",61,"PERDIZES",2,0,"SUMARE, AV 2500 SAO PAULO SP",-23.5558759,-46.6625126
"7096","D041301791",70004,"JOSE JULIO MENDES, RUA",3509,"BELMIRA MARIN, AV DONA",0,"","17/04/2013 23:30",2,"CO",101,2804," "," ",0,2,0,0,0,0,0,0,0,0,0,0,0,0,0,0,0,3509,"BELMIRA MARIN, AV DONA",70004,"JOSE JULIO MENDES, RUA",30,"GRAJAU",1,0,"JOSE JULIO MENDES, RUA SAO PAULO SP &  BELMIRA MARIN, AV DONA SAO PAULO SP",-23.7518701,-46.6795917
"7097","D041301792",76317,"GONCALO SOARES DE FRANCA, RUA",NA,"",144,"","18/04/2013 00:56",2,"CT",101,2807," "," ",1,1,0,0,0,0,0,0,0,0,0,0,0,0,0,0,0,76317,"GONCALO SOARES DE FRANCA, RUA",NA,"",32,"IGUATEMI",1,0,"GONCALO SOARES DE FRANCA, RUA 144 SAO PAULO SP",-23.7387028,-46.7096729
"7098","D041300206",15967,"PEDRO I, AV DOM",NA,"",100,"","18/04/2013 01:35",2,"CT",6,2924,"B"," ",1,1,0,0,0,0,0,0,0,0,0,0,0,0,0,0,0,15967,"PEDRO I, AV DOM",NA,"",12,"BUTANTA",1,0,"PEDRO I, AV DOM 100 SAO PAULO SP",-23.565778,-46.6119397
"7099","D041300543",999,"SANTO AMARO, AV",19295,"HELIO PELEGRINO, AV",0,"","18/04/2013 03:11",2,"CH",96,3998,"C"," ",1,0,0,0,0,0,0,0,0,0,0,0,0,0,0,0,0,999,"SANTO AMARO, AV",19295,"HELIO PELEGRINO, AV",34,"ITAIM BIBI",2,0,"SANTO AMARO, AV SAO PAULO SP &  HELIO PELEGRINO, AV SAO PAULO SP",-23.614288,-46.6791208
"7100","D041300731",7500,"FRANCISCO MORATO, AV PROF",NA,"",4511,"","18/04/2013 05:30",2,"QM",34,2368," "," ",0,1,0,0,0,0,0,0,0,0,0,0,0,0,0,0,0,7500,"FRANCISCO MORATO, AV PROF",NA,"",12,"BUTANTA",1,0,"FRANCISCO MORATO, AV PROF 4511 SAO PAULO SP",-23.5957901,-46.7391093
"7101","D041301598",5606,"CUPECE, AV",NA,"",4037,"","18/04/2013 06:00",2,"QM",43,1485," "," ",0,1,0,0,0,0,0,0,0,0,0,0,0,0,0,0,0,5606,"CUPECE, AV",NA,"",22,"CIDADE ADEMAR",2,0,"CUPECE, AV 4037 SAO PAULO SP",-23.6706968,-46.647004
"7102","D041300023",15984,"PEDRO II, PQ DOM",NA,"",928,"","18/04/2013 06:12",4,"AT",1,3164," "," ",1,0,0,0,0,0,0,0,0,0,0,0,0,0,0,0,0,15984,"PEDRO II, PQ DOM",NA,"",1,"AGUA RASA",1,0,"PEDRO II, PQ DOM 928 SAO PAULO SP",-23.5482725,-46.6299344
"7103","D041300917",13014,"MARGINAL DO RIO PINHEIROS, AV",NA,"",99,"","18/04/2013 06:30",2,"CO",89,3107," "," ",1,1,0,0,0,0,0,0,0,0,0,0,0,0,0,0,0,13014,"MARGINAL DO RIO PINHEIROS, AV",NA,"",40,"JAGUARE",1,0,"MARGINAL DO RIO PINHEIROS, AV 99 SAO PAULO SP",-23.4410506,-46.5760447
"7105","D041301489",1111,"AMERICO VESPUCCI, RUA",4654,"CAVOUR, RUA",0,"","18/04/2013 07:00",2,"CO",56,2471," "," ",2,0,0,0,0,0,0,0,0,0,0,0,0,0,0,0,0,1111,"AMERICO VESPUCCI, RUA",4654,"CAVOUR, RUA",95,"VILA PRUDENTE",1,0,"AMERICO VESPUCCI, RUA SAO PAULO SP &  CAVOUR, RUA SAO PAULO SP",-23.5837284,-46.5787406
"7106","D041301660",15507,"TEOTONIO VILELA, AV SEN",NA,"",4987,"","18/04/2013 07:20",2,"CO",85,2027," "," ",0,1,0,1,0,0,0,0,0,0,0,0,0,0,0,0,0,15507,"TEOTONIO VILELA, AV SEN",NA,"",23,"CIDADE DUTRA",1,0,"TEOTONIO VILELA, AV SEN 4987 SAO PAULO SP",-23.741543,-46.7059172
"7108","D041301999",10152,"JOAO BATISTA CONTI, AV PROF",12097,"LUCILA CERQUEIRA, RUA PROFA",0,"","18/04/2013 07:30",2,"CO",103,1610," "," ",0,1,0,0,0,0,0,0,0,0,0,0,0,0,0,1,0,10152,"JOAO BATISTA CONTI, AV PROF",12097,"LUCILA CERQUEIRA, RUA PROFA",46,"JOSE BONIFACIO",1,0,"JOAO BATISTA CONTI, AV PROF SAO PAULO SP &  LUCILA CERQUEIRA, RUA PROFA SAO PAULO SP",-23.5509054,-46.4372431
"7109","D041300318",14653,"NOGUEIRA MARTINS, RUA DR",3802,"CACIQUES, RUA DOS",0,"","18/04/2013 08:25",2,"CO",16,5115," "," ",1,0,0,0,0,0,0,0,0,0,0,1,0,0,0,0,0,3802,"CACIQUES, RUA DOS",14653,"NOGUEIRA MARTINS, RUA DR",79,"SAUDE",1,0,"NOGUEIRA MARTINS, RUA DR SAO PAULO SP &  CACIQUES, RUA DOS SAO PAULO SP",-23.6149871,-46.633338
"7110","D041300355",999,"SANTO AMARO, AV",31498,"ROBERTO MARINHO - ANT AGUA ESP, AV JORN",0,"","18/04/2013 09:00",2,"CO",27,4008," "," ",1,0,0,0,1,0,0,0,0,0,0,0,0,0,0,0,0,999,"SANTO AMARO, AV",31498,"ROBERTO MARINHO - ANT AGUA ESP, AV JORN",34,"ITAIM BIBI",1,0,"SANTO AMARO, AV SAO PAULO SP &  ROBERTO MARINHO - ANT AGUA ESP, AV JORN SAO PAULO SP",-23.614288,-46.6791208
"7111","D041301369",6371,"ELISABETH DE ROBIANO, AV CDSSA",NA,"",5220,"","18/04/2013 09:00",2,"CO",10,4975," "," ",1,1,0,0,0,0,0,0,0,0,0,0,0,0,0,0,0,29772,"MARGINAL DO RIO TIETE, AV",NA,"",82,"TATUAPE",1,0,"ELISABETH DE ROBIANO, AV CDSSA 5220 SAO PAULO SP",-23.5076424,-46.5495997
"7112","D041300563",2235,"ARMANDO DE ARRUDA PEREIRA, AV ENG",NA,"",4186,"","18/04/2013 09:00",4,"AT",97,900011," "," ",0,1,0,0,0,0,0,0,0,0,0,0,0,0,0,0,0,2235,"ARMANDO DE ARRUDA PEREIRA, AV ENG",NA,"",37,"JABAQUARA",1,0,"ARMANDO DE ARRUDA PEREIRA, AV ENG 4186 SAO PAULO SP",-23.6615305,-46.6375282
"7113","D041300920",18561,"LUIZ MIGLIANO, RUA DR",66282,"JOSE COIMBRA, RUA",0,"","18/04/2013 09:05",2,"SI",89,3211," "," ",1,1,0,0,0,0,0,0,0,0,0,0,0,0,0,0,0,18561,"LUIZ MIGLIANO, RUA DR",66282,"JOSE COIMBRA, RUA",85,"VILA ANDRADE",1,0,"LUIZ MIGLIANO, RUA DR SAO PAULO SP &  JOSE COIMBRA, RUA SAO PAULO SP",-23.6227182,-46.7383492
"7114","D041300972",13604,"CANDIDO MOTTA FILHO, AV DR",NA,"",183,"","18/04/2013 09:15",2,"CO",93,2534," "," ",1,1,0,0,0,0,0,0,0,0,0,0,0,0,0,0,0,13604,"CANDIDO MOTTA FILHO, AV DR",NA,"",68,"RIO PEQUENO",1,0,"CANDIDO MOTTA FILHO, AV DR 183 SAO PAULO SP",-23.5571227,-46.7515854
"7117","D041300552",24491,"IMIGRANTES, VIA DOS",NA,"",10,"","18/04/2013 09:30",2,"CO",97,1102," "," ",1,1,0,0,0,0,0,0,0,0,0,0,0,0,0,0,0,24491,"IMIGRANTES, VIA DOS",NA,"",NA,"",1,0,"IMIGRANTES, VIA DOS 10 SAO PAULO SP",-23.4467952,-46.6890093
"7118","D041301373",9382,"ISABEL DIAS, RUA",15034,"ORATORIO, RUA DO",0,"","18/04/2013 09:40",2,"CO",18,1556," "," ",2,0,0,0,0,0,0,0,0,0,0,0,0,0,0,0,0,9382,"ISABEL DIAS, RUA",15034,"ORATORIO, RUA DO",54,"MOOCA",1,0,"ISABEL DIAS, RUA SAO PAULO SP &  ORATORIO, RUA DO SAO PAULO SP",-23.5674979,-46.5886563
"7119","D041302062",13671,"MATEO BEI, AV",NA,"",2773,"","18/04/2013 10:11",4,"AT",49,5243," "," ",1,0,0,0,0,0,0,0,0,0,0,0,0,0,0,0,0,13671,"MATEO BEI, AV",NA,"",75,"SAO MATEUS",1,0,"MATEO BEI, AV 2773 SAO PAULO SP",-23.6054575,-46.4799718
"7120","D041302129",2181,"ARICANDUVA, AV",NA,"",5700,"","18/04/2013 10:12",2,"CT",66,1756," "," ",0,0,0,0,0,0,0,0,0,0,0,2,0,0,0,0,0,2181,"ARICANDUVA, AV",NA,"",60,"PENHA",1,0,"ARICANDUVA, AV 5700 SAO PAULO SP",-23.5610659,-46.5113559
"7121","D041300173",543,"ALCANTARA MACHADO, AV",8798,"HIPODROMO, RUA",0,"","18/04/2013 10:16",4,"AT",8,2935," "," ",1,0,0,0,0,0,0,0,0,0,0,0,0,0,0,0,0,543,"ALCANTARA MACHADO, AV",8798,"HIPODROMO, RUA",54,"MOOCA",1,0,"ALCANTARA MACHADO, AV SAO PAULO SP &  HIPODROMO, RUA SAO PAULO SP",-23.5528151,-46.613419
"7122","D041300228",19516,"VAUTIER, AV",NA,"",111,"","18/04/2013 10:20",4,"AT",12,2160," "," ",0,0,0,1,0,0,0,0,0,0,0,0,0,0,0,0,0,19516,"VAUTIER, AV",NA,"",25,"CIDADE TIRADENT",1,0,"VAUTIER, AV 111 SAO PAULO SP",-23.5340685,-46.6220964
"7123","D041301490",24338,"LUIZ IGNACIO ANHAIA MELLO, AV PROF",NA,"",1432,"","18/04/2013 10:30",2,"CT",56,2477," "," ",1,0,0,0,0,0,0,0,0,0,0,1,0,0,0,0,0,24338,"LUIZ IGNACIO ANHAIA MELLO, AV PROF",NA,"",26,"CONSOLACAO",1,0,"LUIZ IGNACIO ANHAIA MELLO, AV PROF 1432 SAO PAULO SP",-23.586192,-46.5896986
"7125","D041300193",15967,"PEDRO I, AV DOM",9148,"INDEPENDENCIA (CAMBUCI), RUA DA",0,"","18/04/2013 11:19",2,"CO",6,1843," "," ",2,0,0,0,0,0,0,0,0,0,0,0,0,0,0,0,0,9148,"INDEPENDENCIA (CAMBUCI), RUA DA",15967,"PEDRO I, AV DOM",14,"CAMBUCI",2,0,"PEDRO I, AV DOM SAO PAULO SP &  INDEPENDENCIA (CAMBUCI), RUA DA SAO PAULO SP",-23.5771805,-46.6103202
"7128","D041300661",6471,"SAO VICENTE, AV MARQ DE",15038,"ORDEM E PROGRESSO, AV",0,"","18/04/2013 12:00",2,"CO",23,2052," "," ",1,1,0,0,0,0,0,0,0,0,0,0,0,0,0,0,0,6471,"SAO VICENTE, AV MARQ DE",12197,"LUIZ CARLOS MESQUITA, PCA",6,"BARRA FUNDA",1,0,"SAO VICENTE, AV MARQ DE SAO PAULO SP &  ORDEM E PROGRESSO, AV SAO PAULO SP",-23.518671,-46.6777488
"7129","D041301675",21983,"CRISTIANIA, RUA",NA,"",13,"","18/04/2013 12:31",4,"AT",92,2445," "," ",1,0,0,0,0,0,0,0,0,0,0,0,0,0,0,0,0,21983,"CRISTIANIA, RUA",NA,"",32,"IGUATEMI",1,0,"CRISTIANIA, RUA 13 SAO PAULO SP",-23.6726868,-46.752711
"7131","D041300174",543,"ALCANTARA MACHADO, AV",NA,"",4188,"","18/04/2013 12:49",2,"CO",8,2937," "," ",0,1,0,0,0,0,0,0,0,0,0,1,0,0,0,0,0,543,"ALCANTARA MACHADO, AV",NA,"",10,"BRAS",1,0,"ALCANTARA MACHADO, AV 4188 SAO PAULO SP",-23.5431085,-46.5856858
"7132","D041302063",2577,"AURELIANO DA SILVA ARRUDA, RUA DR",6983,"FELIPPO CORDELLI, RUA",0,"","18/04/2013 13:00",4,"AT",49,5250," "," ",0,0,0,0,0,0,0,0,0,0,0,1,0,0,0,0,0,2577,"AURELIANO DA SILVA ARRUDA, RUA DR",66249,"JOSINO MENDES DE A. FREIRE, RUA",NA,"",1,0,"AURELIANO DA SILVA ARRUDA, RUA DR SAO PAULO SP &  FELIPPO CORDELLI, RUA SAO PAULO SP",-23.5997169,-46.4849575
"7133","D041301852",679,"ALFREDO BEVILAQUA, RUA MAEST",NA,"",310,"","18/04/2013 13:00",4,"AT",24,4131," "," ",0,1,0,0,0,0,0,0,0,0,0,0,0,0,0,0,0,679,"ALFREDO BEVILAQUA, RUA MAEST",NA,"",60,"PENHA",1,0,"ALFREDO BEVILAQUA, RUA MAEST 310 SAO PAULO SP",-23.5191898,-46.4948391
"7134","D041301212",8538,"GUSTAVO ADOLFO, AV",NA,"",2420,"","18/04/2013 13:13",2,"CO",39,1818," "," ",2,0,0,0,1,0,0,0,0,0,0,0,0,0,0,0,0,8538,"GUSTAVO ADOLFO, AV",NA,"",94,"VILA MEDEIROS",1,0,"GUSTAVO ADOLFO, AV 2420 SAO PAULO SP",-23.4891625,-46.5786571
"7135","D041301407",27094,"SALIM FARAH MALUF, AV",NA,"",6000,"","18/04/2013 13:30",2,"CO",29,1022," "," ",0,1,0,2,0,0,0,0,0,0,0,0,0,0,0,0,0,27094,"SALIM FARAH MALUF, AV",NA,"",82,"TATUAPE",1,0,"SALIM FARAH MALUF, AV 6000 SAO PAULO SP",-23.5818524,-46.572458
"7136","D041302187",222,"ADOLFO PINHEIRO, AV",NA,"",520,"","18/04/2013 13:32",4,"AT",11,4299," "," ",0,0,1,0,0,0,0,0,0,0,0,0,0,0,0,0,0,222,"ADOLFO PINHEIRO, AV",NA,"",72,"SANTO AMARO",0,1,"ADOLFO PINHEIRO, AV 520 SAO PAULO SP",-23.6528351,-46.7059809
"7137","D041300331",11379,"JUNTAS PROVISORIAS, AV",NA,"",295,"","18/04/2013 13:50",2,"CO",17,2211," "," ",1,0,0,0,1,0,0,0,0,0,0,0,0,0,0,0,0,11379,"JUNTAS PROVISORIAS, AV",NA,"",95,"VILA PRUDENTE",1,0,"JUNTAS PROVISORIAS, AV 295 SAO PAULO SP",-23.5895152,-46.5977919
"7138","D041300194",11922,"LINS DE VASCONCELOS, AV",NA,"",543,"","18/04/2013 13:50",2,"CO",6,1849," "," ",1,1,0,0,0,0,0,0,0,0,0,0,0,0,0,0,0,11922,"LINS DE VASCONCELOS, AV",NA,"",92,"VILA MARIANA",1,0,"LINS DE VASCONCELOS, AV 543 SAO PAULO SP",-23.5680272,-46.6216718
"7139","D041300921",61245,"JOSE RAMON URTIZA, RUA",NA,"",1000,"","18/04/2013 14:20",2,"SI",89,3219," "," ",2,0,0,0,0,0,0,0,0,0,0,0,0,0,0,0,0,61245,"JOSE RAMON URTIZA, RUA",NA,"",29,"FREGUESIA DO O",1,0,"JOSE RAMON URTIZA, RUA 1000 SAO PAULO SP",-23.6340395,-46.7285274
"7140","D041302100",99236,"MOISES DE CORENA, RUA",NA,"",1479,"","18/04/2013 14:22",2,"CO",54,2194,"C"," ",1,1,0,0,0,0,0,0,0,0,0,0,0,0,0,0,0,99236,"MOISES DE CORENA, RUA",NA,"",25,"CIDADE TIRADENT",1,0,"MOISES DE CORENA, RUA 1479 SAO PAULO SP",-23.5947511,-46.3969122
"7142","D041301211",11321,"JULIO BUONO, AV",NA,"",1300,"","18/04/2013 15:00",4,"AT",39,1814," "," ",0,0,0,0,0,0,0,0,0,0,0,1,0,0,0,0,0,11321,"JULIO BUONO, AV",NA,"",94,"VILA MEDEIROS",1,0,"JULIO BUONO, AV 1300 SAO PAULO SP",-23.4881881,-46.5938247
"7143","D041302230",11321,"JULIO BUONO, AV",NA,"",1300,"","18/04/2013 15:00",4,"AT",20,370," "," ",1,0,0,0,0,0,0,0,0,0,0,0,0,0,0,0,0,11321,"JULIO BUONO, AV",NA,"",94,"VILA MEDEIROS",0,1,"JULIO BUONO, AV 1300 SAO PAULO SP",-23.4881881,-46.5938247
"7144","D041300662",10899,"JOSE DE FREITAS GUIMARAES, RUA",19101,"TRAIPU, RUA",0,"","18/04/2013 15:15",2,"CO",23,2153," "," ",1,1,0,0,0,0,0,0,0,0,0,0,0,0,0,0,0,10899,"JOSE DE FREITAS GUIMARAES, RUA",19101,"TRAIPU, RUA",NA,"",1,0,"JOSE DE FREITAS GUIMARAES, RUA SAO PAULO SP &  TRAIPU, RUA SAO PAULO SP",-23.5435568,-46.6708593
"7145","D041300175",18703,"TAQUARI, RUA",NA,"",941,"","18/04/2013 15:20",4,"AT",8,2941," "," ",1,0,0,0,0,0,0,0,0,0,0,0,0,0,0,0,0,18703,"TAQUARI, RUA",NA,"",10,"BRAS",1,0,"TAQUARI, RUA 941 SAO PAULO SP",-23.548831,-46.5952519
"7146","D041300490",13915,"MIGUEL ESTEFANO, AV",NA,"",2022,"","18/04/2013 15:30",2,"SI",83,3368," "," ",1,1,0,0,0,0,0,0,0,0,0,0,0,0,0,0,0,13915,"MIGUEL ESTEFANO, AV",NA,"",27,"CURSINO",1,0,"MIGUEL ESTEFANO, AV 2022 SAO PAULO SP",-23.6306847,-46.6275879
"7147","D041300025",7610,"FREDERICO ALVARENGA, RUA",NA,"",304,"","18/04/2013 15:30",4,"AT",1,3192," "," ",1,0,0,0,0,0,0,0,0,0,0,0,0,0,0,0,0,7610,"FREDERICO ALVARENGA, RUA",NA,"",80,"SE",1,0,"FREDERICO ALVARENGA, RUA 304 SAO PAULO SP",-23.5515199,-46.6280422
"7148","D041301003",20089,"ZUQUIM, RUA DR",12501,"MAGALHAES, RUA ALF",0,"","18/04/2013 15:38",4,"AT",9,2306," "," ",0,1,0,0,0,0,0,0,0,0,0,0,0,0,0,0,0,2455,"ATALIBA LEONEL, AV GAL",20089,"ZUQUIM, RUA DR",71,"SANTANA",1,0,"ZUQUIM, RUA DR SAO PAULO SP &  MAGALHAES, RUA ALF SAO PAULO SP",-23.491972,-46.6247361
"7150","D041301333",11073,"JOSE MARIA FERNANDES, AV",NA,"",41,"","18/04/2013 16:00",2,"CH",90,4038," "," ",0,1,0,0,0,0,0,0,0,0,0,1,0,0,0,0,0,11073,"JOSE MARIA FERNANDES, AV",NA,"",91,"VILA MARIA",1,0,"JOSE MARIA FERNANDES, AV 41 SAO PAULO SP",-23.5159637,-46.5681036
"7151","D041300013",18556,"TABATINGUERA, RUA",NA,"",506,"","18/04/2013 16:25",4,"AT",1,2950," "," ",1,0,0,0,0,0,0,0,0,0,0,0,0,0,0,0,0,18556,"TABATINGUERA, RUA",NA,"",1,"AGUA RASA",2,0,"TABATINGUERA, RUA 506 SAO PAULO SP",-23.5523342,-46.628103
"7152","D041300922",13014,"MARGINAL DO RIO PINHEIROS, AV",NA,"",5220,"","18/04/2013 18:00",2,"CO",89,3223," "," ",1,1,0,0,0,0,0,0,0,0,0,0,0,0,0,0,0,13014,"MARGINAL DO RIO PINHEIROS, AV",NA,"",40,"JAGUARE",1,0,"MARGINAL DO RIO PINHEIROS, AV 5220 SAO PAULO SP",-23.5563633,-46.6619688
"7153","D041301561",999,"SANTO AMARO, AV",NA,"",1300,"","18/04/2013 18:10",4,"AT",11,4306," "," ",0,1,0,0,0,0,0,0,0,0,0,0,0,0,0,0,0,999,"SANTO AMARO, AV",NA,"",34,"ITAIM BIBI",1,0,"SANTO AMARO, AV 1300 SAO PAULO SP",-23.5955401,-46.673285
"7154","D041300949",5885,"DIOGENES RIBEIRO DE LIMA, AV",NA,"",3356,"","18/04/2013 18:10",2,"CO",91,2599," "," ",1,1,0,0,0,0,0,0,0,0,0,0,0,0,0,0,0,5885,"DIOGENES RIBEIRO DE LIMA, AV",NA,"",2,"ALTO DE PINHEIR",1,0,"DIOGENES RIBEIRO DE LIMA, AV 3356 SAO PAULO SP",-23.5312642,-46.7193585
"7155","D041300114",2812,"BARATA RIBEIRO, RUA",NA,"",91,"","18/04/2013 18:19",2,"CO",4,3123," "," ",1,1,0,0,0,0,0,0,0,0,0,0,0,0,0,0,0,2812,"BARATA RIBEIRO, RUA",NA,"",7,"BELA VISTA",1,0,"BARATA RIBEIRO, RUA 91 SAO PAULO SP",-23.5560225,-46.6511796
"7156","D041300067",16593,"PRESTES MAIA, AV",NA,"",241,"","18/04/2013 18:20",2,"CL",3,2207," "," ",2,1,0,0,0,0,0,0,0,0,0,0,0,0,0,0,0,16593,"PRESTES MAIA, AV",NA,"",9,"BOM RETIRO",1,0,"PRESTES MAIA, AV 241 SAO PAULO SP",-23.5423501,-46.6350853
"7157","D041301650",14587,"NICOLAU RESENDE, AV",NA,"",39,"","18/04/2013 18:30",4,"AT",80,4165," "," ",1,0,0,0,0,0,0,0,0,0,0,0,0,0,0,0,0,14587,"NICOLAU RESENDE, AV",NA,"",29,"FREGUESIA DO O",1,0,"NICOLAU RESENDE, AV 39 SAO PAULO SP",-23.6710255,-46.6771866
"7158","D041301362",2429,"ASSIS RIBEIRO, RUA DR",NA,"",876,"","18/04/2013 18:45",4,"AT",10,4381," "," ",0,0,1,0,0,0,0,0,0,0,0,0,0,0,0,0,0,2429,"ASSIS RIBEIRO, RUA DR",NA,"",28,"ERMELINO MATARA",1,0,"ASSIS RIBEIRO, RUA DR 876 SAO PAULO SP",-23.5080097,-46.5426495
"7159","D041300430",32522,"FRANCISCO DE PAULA Q. RIBEIRO, AV",NA,"",342,"","18/04/2013 19:10",2,"CO",35,5152," "," ",1,1,0,0,0,0,0,0,0,0,0,0,0,0,0,0,0,32522,"FRANCISCO DE PAULA Q. RIBEIRO, AV",NA,"",42,"JARDIM ANGELA",1,0,"FRANCISCO DE PAULA Q. RIBEIRO, AV 342 SAO PAULO SP",-23.6494942,-46.6425819
"7160","D041300749",12502,"MAGALHAES DE CASTRO, AV",NA,"",1286,"","18/04/2013 19:33",2,"SI",34,3226," "," ",1,1,0,0,0,0,0,0,0,0,0,0,0,0,0,0,0,13014,"MARGINAL DO RIO PINHEIROS, AV",NA,"",12,"BUTANTA",1,0,"MAGALHAES DE CASTRO, AV 1286 SAO PAULO SP",-23.5686706,-46.7040911
"7162","D041302083",13294,"MARIA LUIZA AMERICANO, AV",11830,"LIDER, AV",0,"","18/04/2013 19:55",2,"QD",53,2606," "," ",0,0,1,0,0,0,0,0,0,0,0,0,0,0,0,0,0,11830,"LIDER, AV",13294,"MARIA LUIZA AMERICANO, AV",24,"CIDADE LIDER",3,0,"MARIA LUIZA AMERICANO, AV SAO PAULO SP &  LIDER, AV SAO PAULO SP",-23.5790785,-46.4814067
"7163","D041301793",3509,"BELMIRA MARIN, AV DONA",NA,"",1801,"","18/04/2013 19:58",2,"SI",101,2832," "," ",0,2,0,0,0,0,0,0,0,0,0,0,0,0,0,0,0,3509,"BELMIRA MARIN, AV DONA",NA,"",30,"GRAJAU",1,0,"BELMIRA MARIN, AV DONA 1801 SAO PAULO SP",-23.7454471,-46.6891421
"7165","D041301023",2455,"ATALIBA LEONEL, AV GAL",NA,"",1949,"","18/04/2013 20:36",2,"QM",9,3516," "," ",0,1,0,0,0,0,0,0,0,0,0,0,0,0,0,0,0,2455,"ATALIBA LEONEL, AV GAL",NA,"",88,"VILA GUILHERME",1,0,"ATALIBA LEONEL, AV GAL 1949 SAO PAULO SP",-23.4982631,-46.6116189
"7166","D041301961",20809,"PANTANAIS DO MATO GROSSO, RUA",NA,"",1,"","18/04/2013 21:00",4,"AT",64,4116," "," ",0,0,0,0,0,0,0,0,0,0,0,0,0,0,0,1,0,20809,"PANTANAIS DO MATO GROSSO, RUA",NA,"",53,"MOEMA",1,0,"PANTANAIS DO MATO GROSSO, RUA 1 SAO PAULO SP",-23.5201504,-46.4587736
"7167","D041301291",98937,"ALEXANDRE POLINSKI, RUA",NA,"",115,"","18/04/2013 21:07",2,"CP",73,4043," "," ",1,0,0,0,0,0,0,0,0,0,0,0,0,0,0,0,0,98937,"ALEXANDRE POLINSKI, RUA",NA,"",83,"TREMEMBE",1,0,"ALEXANDRE POLINSKI, RUA 115 SAO PAULO SP",-23.4364484,-46.5817211
"7168","D041302186",38494,"FUNCIONARIOS PUBLICOS, AV DOS",NA,"",144,"","18/04/2013 21:15",2,"CO",47,4904," "," ",1,1,0,0,0,0,0,0,0,0,0,0,0,0,0,0,0,38494,"FUNCIONARIOS PUBLICOS, AV DOS",NA,"",32,"IGUATEMI",1,1,"FUNCIONARIOS PUBLICOS, AV DOS 144 SAO PAULO SP",-23.7320738,-46.7851498