"","id_acidente","codloga","logradouroA","codlogb","logradouroB","alt_num","referencia","data","cod_acid","tipo_acidente","dp","numero_BO","sentido","pista","automovel","moto","onibus","caminhao","bicicleta","moto_taxi","onibus_fretado","onibus_urbano","microonibus","van","vuc","caminhonete","carreta","jipe","outros","sem_informacao","carroca","princ_a","paiA","princ_b","paiB","cod_distrito","distrito","vit_ferida","vit_morta","local","lat","lon"
"7169","D041300466",10630,"PEDRO ALVARES CABRAL, AV",NA,"",100,"","18/04/2013 21:36",2,"CT",36,4042," "," ",1,1,0,0,0,0,0,0,0,0,0,0,0,0,0,0,0,10630,"PEDRO ALVARES CABRAL, AV",NA,"",53,"MOEMA",1,0,"PEDRO ALVARES CABRAL, AV 100 SAO PAULO SP",-23.5347454,-46.6259872
"7170","D041301024",11257,"JOVITA, RUA",6110,"DUARTE DE AZEVEDO, RUA",0,"","18/04/2013 22:40",2,"CO",9,3520," "," ",1,1,0,0,0,0,0,0,0,0,0,0,0,0,0,0,0,6110,"DUARTE DE AZEVEDO, RUA",11257,"JOVITA, RUA",71,"SANTANA",1,0,"JOVITA, RUA SAO PAULO SP &  DUARTE DE AZEVEDO, RUA SAO PAULO SP",-23.5017116,-46.6212294
"7171","D041300249",8359,"GUARANTA, RUA",4561,"CASTELO BRANCO, AV PRES",0,"","18/04/2013 23:25",2,"CT",12,2958," "," ",1,1,0,0,0,0,0,0,0,0,0,0,0,0,0,0,0,4561,"CASTELO BRANCO, AV PRES",8359,"GUARANTA, RUA",57,"PARI",1,0,"GUARANTA, RUA SAO PAULO SP &  CASTELO BRANCO, AV PRES SAO PAULO SP",-23.5257321,-46.6134442
"7172","D041300115",5245,"CONSOLACAO, RUA DA",15468,"PARANAGUA, RUA MARQ DE",0,"","18/04/2013 23:27",2,"CH",4,3128," "," ",1,1,0,0,0,0,0,0,0,0,0,0,0,0,0,0,0,5245,"CONSOLACAO, RUA DA",15468,"PARANAGUA, RUA MARQ DE",26,"CONSOLACAO",1,0,"CONSOLACAO, RUA DA SAO PAULO SP &  PARANAGUA, RUA MARQ DE SAO PAULO SP",-23.5471579,-46.6469857
"7173","D041300356",14531,"NHAMBIQUARAS, AL DOS",121,"ACOCE, AV",0,"","18/04/2013 23:58",2,"SI",27,4041," "," ",2,0,0,0,0,0,0,0,0,0,0,0,0,0,0,0,0,121,"ACOCE, AV",14531,"NHAMBIQUARAS, AL DOS",53,"MOEMA",1,0,"NHAMBIQUARAS, AL DOS SAO PAULO SP &  ACOCE, AV SAO PAULO SP",-23.6008685,-46.6535551
"7174","D041300601",16919,"REBOUCAS, AV",NA,"",1729,"","19/04/2013 01:42",2,"QM",14,3810," "," ",0,1,0,0,0,0,0,0,0,0,0,0,0,0,0,0,0,16919,"REBOUCAS, AV",NA,"",44,"JARDIM PAULISTA",1,0,"REBOUCAS, AV 1729 SAO PAULO SP",-23.5640909,-46.6774025
"7175","D041301451",24338,"LUIZ IGNACIO ANHAIA MELLO, AV PROF",NA,"",4500,"","19/04/2013 02:00",2,"CT",42,1411," "," ",1,1,0,0,0,0,0,0,0,0,0,0,0,0,0,0,0,24338,"LUIZ IGNACIO ANHAIA MELLO, AV PROF",NA,"",26,"CONSOLACAO",1,0,"LUIZ IGNACIO ANHAIA MELLO, AV PROF 4500 SAO PAULO SP",-23.5836828,-46.5515532
"7177","D041301620",17772,"SANT'ANNA, AV COMEN",NA,"",679,"","19/04/2013 05:35",2,"CO",47,4921," "," ",1,1,0,0,0,0,0,0,0,0,0,0,0,0,0,0,0,17772,"SANT'ANNA, AV COMEN",NA,"",29,"FREGUESIA DO O",1,0,"SANT'ANNA, AV COMEN 679 SAO PAULO SP",-23.5186813,-46.6999583
"7179","D041300924",8000,"GIOVANNI GRONCHI, AV",NA,"",3065,"","19/04/2013 06:30",2,"CO",89,3239," "," ",0,1,0,0,0,0,0,0,1,0,0,0,0,0,0,0,0,8000,"GIOVANNI GRONCHI, AV",NA,"",55,"MORUMBI",1,0,"GIOVANNI GRONCHI, AV 3065 SAO PAULO SP",-23.6085695,-46.7259257
"7180","D041302016",2878,"BARREIRA GRANDE, AV DA",63250,"ROQUE RICCIARDI, RUA",0,"","19/04/2013 06:30",2,"CF",41,2050," "," ",1,1,0,0,0,0,0,0,0,0,0,0,0,0,0,0,0,2878,"BARREIRA GRANDE, AV DA",5263,"CONTADORES, AL DOS",78,"SAPOPEMBA",2,0,"BARREIRA GRANDE, AV DA SAO PAULO SP &  ROQUE RICCIARDI, RUA SAO PAULO SP",-23.5850458,-46.5249226
"7182","D041300923",8483,"GUILHERME DUMONT VILARES, AV DR",66299,"JOSE DE OLIVEIRA COELHO, RUA",0,"","19/04/2013 06:50",2,"CO",89,3237," "," ",0,0,0,0,0,0,0,0,0,0,0,2,0,0,0,0,0,8483,"GUILHERME DUMONT VILARES, AV DR",63087,"CHARLES SPENCER CHAPLIN, RUA",85,"VILA ANDRADE",1,0,"GUILHERME DUMONT VILARES, AV DR SAO PAULO SP &  JOSE DE OLIVEIRA COELHO, RUA SAO PAULO SP",-23.6206538,-46.7398092
"7184","D041300176",6642,"ESTADO, AV DO",1196,"ANA NERI, RUA DONA",0,"","19/04/2013 07:45",2,"CH",8,2963," "," ",1,0,0,0,0,0,0,0,0,0,0,0,0,0,0,0,0,1196,"ANA NERI, RUA DONA",6642,"ESTADO, AV DO",14,"CAMBUCI",1,0,"ESTADO, AV DO SAO PAULO SP &  ANA NERI, RUA DONA SAO PAULO SP",-23.5635869,-46.6112253
"7186","D041300229",18993,"TIRADENTES, AV",6642,"ESTADO, AV DO",0,"","19/04/2013 08:07",4,"AT",12,2191," "," ",0,1,0,0,0,0,0,0,0,0,0,0,0,0,0,0,0,6642,"ESTADO, AV DO",18993,"TIRADENTES, AV",9,"BOM RETIRO",2,0,"TIRADENTES, AV SAO PAULO SP &  ESTADO, AV DO SAO PAULO SP",-23.5295824,-46.6315552
"7187","D041300045",17060,"RIBEIRO DE LIMA, RUA",18993,"TIRADENTES, AV",0,"","19/04/2013 08:11",2,"CO",2,2215," "," ",0,3,0,0,0,0,0,0,0,0,0,0,0,0,0,0,0,10485,"JOAO TEODORO, RUA",18993,"TIRADENTES, AV",9,"BOM RETIRO",2,0,"RIBEIRO DE LIMA, RUA SAO PAULO SP &  TIRADENTES, AV SAO PAULO SP",-23.5318876,-46.6349236
"7188","D041302111",17824,"SAPOPEMBA, AV",NA,"",25826,"","19/04/2013 08:13",2,"SI",55,1601," "," ",2,0,0,0,0,0,0,0,0,0,0,0,0,0,0,0,0,17824,"SAPOPEMBA, AV",NA,"",33,"IPIRANGA",1,0,"SAPOPEMBA, AV 25826 SAO PAULO SP",-23.6228321,-46.4438559
"7190","D041302064",9044,"RAGUEB CHOHFI, AV",NA,"",2110,"","19/04/2013 08:30",2,"CO",49,5279," "," ",2,0,0,0,0,0,0,0,0,0,0,0,0,0,0,0,0,9044,"RAGUEB CHOHFI, AV",NA,"",32,"IGUATEMI",1,0,"RAGUEB CHOHFI, AV 2110 SAO PAULO SP",-23.5986814,-46.4638426
"7191","D041300925",18561,"LUIZ MIGLIANO, RUA DR",NA,"",644,"","19/04/2013 09:00",2,"CO",89,3241," "," ",3,0,0,0,0,0,0,0,0,0,0,0,0,0,0,0,0,18561,"LUIZ MIGLIANO, RUA DR",NA,"",0,"NULL",2,0,"LUIZ MIGLIANO, RUA DR 644 SAO PAULO SP",-23.6200015,-46.7425347
"7192","D041300527",19100,"BANDEIRANTES, AV DOS",NA,"",551,"","19/04/2013 09:54",2,"CO",96,1811," "," ",1,1,0,0,0,0,0,0,0,0,0,0,0,0,0,0,0,19100,"BANDEIRANTES, AV DOS",NA,"",24,"CIDADE LIDER",1,0,"BANDEIRANTES, AV DOS 551 SAO PAULO SP",-23.5980964,-46.6874005
"7193","D041300357",10918,"JOSE DINIZ, AV VER",NA,"",3530,"","19/04/2013 10:11",2,"CO",27,4054," "," ",1,1,0,0,0,0,0,0,0,0,0,0,0,0,0,0,0,10918,"JOSE DINIZ, AV VER",NA,"",15,"CAMPO BELO",1,0,"JOSE DINIZ, AV VER 3530 SAO PAULO SP",-23.6171713,-46.6748738
"7194","D041300586",928,"ALVILANDIA, RUA",NA,"",150,"","19/04/2013 11:00",2,"CO",14,3022," "," ",0,1,0,0,0,0,0,0,0,0,0,1,0,0,0,0,0,928,"ALVILANDIA, RUA",NA,"",2,"ALTO DE PINHEIR",1,0,"ALVILANDIA, RUA 150 SAO PAULO SP",-23.5457963,-46.7047152
"7195","D041301120",18151,"SEZEFREDO FAGUNDES, AV CEL",NA,"",2185,"","19/04/2013 11:30",4,"AT",20,3535," "," ",0,0,0,0,0,0,0,0,0,0,0,0,0,0,0,1,0,18151,"SEZEFREDO FAGUNDES, AV CEL",NA,"",22,"CIDADE ADEMAR",1,0,"SEZEFREDO FAGUNDES, AV CEL 2185 SAO PAULO SP",-23.460052,-46.6026088
"7196","D041302168",11287,"JUIZ DE FORA, RUA",NA,"",999,"","19/04/2013 11:40",4,"AT",70,3973," "," ",1,0,0,0,0,0,0,0,0,0,0,0,0,0,0,0,0,11287,"JUIZ DE FORA, RUA",NA,"",78,"SAPOPEMBA",1,0,"JUIZ DE FORA, RUA 999 SAO PAULO SP",-23.5962498,-46.5361487
"7197","D041300358",10412,"JOAO PEDRO CARDOSO, AV",NA,"",533,"","19/04/2013 12:08",4,"AT",27,4059," "," ",0,1,0,0,0,0,0,0,0,0,0,0,0,0,0,0,0,10412,"JOAO PEDRO CARDOSO, AV",NA,"",15,"CAMPO BELO",1,0,"JOAO PEDRO CARDOSO, AV 533 SAO PAULO SP",-23.6373676,-46.6577643
"7198","D041300319",4473,"CARNEIRO DA CUNHA, RUA",NA,"",155,"","19/04/2013 12:21",4,"AT",16,5182," "," ",0,0,0,0,0,0,0,0,0,0,0,0,0,0,0,1,0,4473,"CARNEIRO DA CUNHA, RUA",NA,"",79,"SAUDE",1,0,"CARNEIRO DA CUNHA, RUA 155 SAO PAULO SP",-23.6147392,-46.6375014
"7199","D041301321",65058,"JOSE GERVASIO SOUZA, RUA",15425,"CANTIDIO SAMPAIO, AV DEP",0,"","19/04/2013 13:30",4,"AT",74,3485," "," ",0,0,0,0,0,0,0,0,1,0,0,0,0,0,0,0,0,15425,"CANTIDIO SAMPAIO, AV DEP",65058,"JOSE GERVASIO SOUZA, RUA",11,"BRASILANDIA",1,0,"JOSE GERVASIO SOUZA, RUA SAO PAULO SP &  CANTIDIO SAMPAIO, AV DEP SAO PAULO SP",-23.4429007,-46.7090587
"7200","D041301371",11265,"JUVENTUS, RUA",10855,"ROBERTO UGOLINI, RUA COMEN",0,"","19/04/2013 13:30",2,"CO",18,689," "," ",1,1,0,0,0,0,0,0,0,0,0,0,0,0,0,0,0,10855,"ROBERTO UGOLINI, RUA COMEN",11265,"JUVENTUS, RUA",54,"MOOCA",1,0,"JUVENTUS, RUA SAO PAULO SP &  ROBERTO UGOLINI, RUA COMEN SAO PAULO SP",-23.5711444,-46.5904864
"7202","D041300528",19204,"TUIM, RUA",8193,"GRAUNA, RUA",0,"","19/04/2013 14:00",2,"SI",96,1823," "," ",2,0,0,0,0,0,0,0,0,0,0,0,0,0,0,0,0,8193,"GRAUNA, RUA",19204,"TUIM, RUA",53,"MOEMA",1,0,"TUIM, RUA SAO PAULO SP &  GRAUNA, RUA SAO PAULO SP",-23.6008589,-46.6696701
"7203","D041302112",17824,"SAPOPEMBA, AV",NA,"",14000,"","19/04/2013 14:15",2,"QM",55,1610," "," ",0,1,0,0,0,0,0,0,0,0,0,0,0,0,0,0,0,17824,"SAPOPEMBA, AV",NA,"",33,"IPIRANGA",1,0,"SAPOPEMBA, AV 14000 SAO PAULO SP",-23.6122846,-46.4733595
"7204","D041300230",5567,"CRUZEIRO DO SUL, AV",16006,"PEDRO VICENTE, RUA",0,"","19/04/2013 14:27",4,"AT",12,2204," "," ",0,0,0,0,0,0,0,0,0,0,0,1,0,0,0,0,0,5567,"CRUZEIRO DO SUL, AV",16006,"PEDRO VICENTE, RUA",57,"PARI",1,0,"CRUZEIRO DO SUL, AV SAO PAULO SP &  PEDRO VICENTE, RUA SAO PAULO SP",-23.5073033,-46.6250321
"7206","D041300177",6642,"ESTADO, AV DO",NA,"",6000,"","19/04/2013 15:00",2,"CT",8,2971," "," ",1,1,0,0,0,0,0,0,0,0,0,0,0,0,0,0,0,6642,"ESTADO, AV DO",NA,"",9,"BOM RETIRO",1,0,"ESTADO, AV DO 6000 SAO PAULO SP",-23.5713277,-46.6044714
"7207","D041300027",6642,"ESTADO, AV DO",NA,"",4467,"","19/04/2013 15:22",4,"AT",1,3229," "," ",0,0,0,1,0,0,0,0,0,0,0,0,0,0,0,0,0,6642,"ESTADO, AV DO",NA,"",9,"BOM RETIRO",1,0,"ESTADO, AV DO 4467 SAO PAULO SP",-23.5475371,-46.6291954
"7208","D041301831",17820,"TITO, AV MAL",NA,"",2003,"","19/04/2013 15:30",2,"CO",22,2436," "," ",1,1,0,0,0,0,0,0,0,0,0,0,0,0,0,0,0,17820,"TITO, AV MAL",NA,"",53,"MOEMA",1,0,"TITO, AV MAL 2003 SAO PAULO SP",-23.494686,-46.4271682
"7209","D041301292",9066,"IMBIRAS, RUA",NA,"",750,"","19/04/2013 16:00",2,"CO",73,4077,"B"," ",1,1,0,0,0,0,0,0,0,0,0,0,0,0,0,0,0,9066,"IMBIRAS, RUA",NA,"",83,"TREMEMBE",1,0,"IMBIRAS, RUA 750 SAO PAULO SP",-23.4599477,-46.5936638
"7210","D041301603",5606,"CUPECE, AV",NA,"",2700,"","19/04/2013 16:05",2,"CO",43,4198," "," ",1,1,0,0,0,0,0,0,0,0,0,0,0,0,0,0,0,5606,"CUPECE, AV",NA,"",22,"CIDADE ADEMAR",1,0,"CUPECE, AV 2700 SAO PAULO SP",-23.6650121,-46.6588804
"7211","D041301521",4804,"CESARIO ALVIM, RUA",NA,"",105,"","19/04/2013 16:17",4,"AT",81,1118," "," ",0,1,0,0,0,0,0,0,0,0,0,0,0,0,0,0,0,4804,"CESARIO ALVIM, RUA",NA,"",8,"BELEM",2,0,"CESARIO ALVIM, RUA 105 SAO PAULO SP",-23.539391,-46.6035249
"7212","D041301267",15425,"CANTIDIO SAMPAIO, AV DEP",NA,"",3735,"","19/04/2013 16:20",2,"QD",72,3484," "," ",0,0,1,0,0,0,0,0,0,0,0,0,0,0,0,0,0,15425,"CANTIDIO SAMPAIO, AV DEP",NA,"",41,"JARAGUA",1,0,"CANTIDIO SAMPAIO, AV DEP 3735 SAO PAULO SP",-23.4543426,-46.6965081
"7213","D041300359",14050,"MIRUNA, AV",NA,"",570,"","19/04/2013 16:33",4,"AT",27,4072," "," ",1,0,0,0,0,0,0,0,0,0,0,0,0,0,0,0,0,14050,"MIRUNA, AV",NA,"",79,"SAUDE",1,0,"MIRUNA, AV 570 SAO PAULO SP",-23.6144129,-46.6618445
"7214","D041300195",15993,"PEDRO SEVERIANO, RUA DR",11794,"LEOPOLDO MIGUEZ, RUA",0,"","19/04/2013 16:39",2,"CO",6,1880," "," ",1,1,0,0,0,0,0,0,0,0,0,0,0,0,0,0,0,11794,"LEOPOLDO MIGUEZ, RUA",15993,"PEDRO SEVERIANO, RUA DR",14,"CAMBUCI",2,0,"PEDRO SEVERIANO, RUA DR SAO PAULO SP &  LEOPOLDO MIGUEZ, RUA SAO PAULO SP",-23.5553408,-46.6248627
"7215","D041301969",34654,"WALDEMAR TIETZ, AV",NA,"",633,"","19/04/2013 16:54",4,"AT",65,1353," "," ",1,0,0,0,0,0,0,0,0,0,0,0,0,0,0,0,0,34654,"WALDEMAR TIETZ, AV",NA,"",38,"JACANA",1,0,"WALDEMAR TIETZ, AV 633 SAO PAULO SP",-23.5503923,-46.4881524
"7216","D041300467",2394,"ASCENDINO REIS, AV PROF",14531,"NHAMBIQUARAS, AL DOS",0,"","19/04/2013 17:12",2,"CL",36,4082," "," ",1,0,0,0,0,0,0,0,0,0,0,1,0,0,0,0,0,2394,"ASCENDINO REIS, AV PROF",8560,"HABERBECK BRANDAO, RUA DR",53,"MOEMA",2,0,"ASCENDINO REIS, AV PROF SAO PAULO SP &  NHAMBIQUARAS, AL DOS SAO PAULO SP",-23.5970269,-46.6505025
"7217","D041301676",10270,"JOAO DIAS, AV",NA,"",3790,"","19/04/2013 17:20",4,"AT",92,2466," "," ",1,0,0,0,0,0,0,0,0,0,0,0,0,0,0,0,0,10270,"JOAO DIAS, AV",NA,"",72,"SANTO AMARO",1,0,"JOAO DIAS, AV 3790 SAO PAULO SP",-23.6438845,-46.7313919
"7218","D041301604",5606,"CUPECE, AV",NA,"",4177,"","19/04/2013 17:30",2,"CO",43,4205," "," ",0,1,1,0,0,0,0,0,0,0,0,0,0,0,0,0,0,5606,"CUPECE, AV",NA,"",22,"CIDADE ADEMAR",1,0,"CUPECE, AV 4177 SAO PAULO SP",-23.6718911,-46.645353
"7219","D041301363",4128,"CANGAIBA, AV",NA,"",3500,"","19/04/2013 17:45",4,"AT",10,4417," "," ",0,1,0,0,0,0,0,0,0,0,0,0,0,0,0,0,0,4128,"CANGAIBA, AV",NA,"",18,"CANGAIBA",1,0,"CANGAIBA, AV 3500 SAO PAULO SP",-23.5061388,-46.523129
"7220","D041302085",6927,"HARRY DANHENBERG, RUA",NA,"",1100,"","19/04/2013 17:58",2,"CO",53,2641," "," ",1,1,0,0,0,0,0,0,0,0,0,0,0,0,0,0,0,6927,"HARRY DANHENBERG, RUA",NA,"",24,"CIDADE LIDER",1,0,"HARRY DANHENBERG, RUA 1100 SAO PAULO SP",-22.8215079,-47.2707709
"7223","D041301713",7672,"GABRIEL ALVES, RUA",NA,"",292,"","19/04/2013 18:30",4,"AT",98,4200," "," ",0,0,0,0,0,0,0,0,0,0,0,1,0,0,0,0,0,7672,"GABRIEL ALVES, RUA",NA,"",22,"CIDADE ADEMAR",1,0,"GABRIEL ALVES, RUA 292 SAO PAULO SP",-23.6841164,-46.6405444
"7224","D041301621",14527,"NILTON MACHADO DE BARROS, RUA",NA,"",69,"","19/04/2013 18:37",4,"AT",47,4960," "," ",0,1,0,0,0,0,0,0,0,0,0,0,0,0,0,0,0,14527,"NILTON MACHADO DE BARROS, RUA",NA,"",29,"FREGUESIA DO O",1,0,"NILTON MACHADO DE BARROS, RUA 69 SAO PAULO SP",-23.6703655,-46.7955365
"7226","D041301832",15465,"PARANACITY, RUA",7566,"FRANCISCO TANCREDI, RUA DR",0,"","19/04/2013 18:49",2,"CO",22,2938," "," ",2,0,0,0,0,0,0,0,0,0,0,0,0,0,0,0,0,7566,"FRANCISCO TANCREDI, RUA DR",15465,"PARANACITY, RUA",43,"JARDIM HELENA",1,0,"PARANACITY, RUA SAO PAULO SP &  FRANCISCO TANCREDI, RUA DR SAO PAULO SP",-23.4892583,-46.4294937
"7227","D041301712",5606,"CUPECE, AV",NA,"",5500,"","19/04/2013 19:00",2,"CO",98,4195," "," ",1,1,0,0,0,0,0,0,0,0,0,0,0,0,0,0,0,5606,"CUPECE, AV",NA,"",22,"CIDADE ADEMAR",1,0,"CUPECE, AV 5500 SAO PAULO SP",-23.6813174,-46.6384712
"7228","D041301695",10270,"JOAO DIAS, AV",13357,"MARIA COELHO AGUIAR, AV",0,"","19/04/2013 19:10",2,"CO",92,4956," "," ",0,1,0,0,0,0,0,0,0,0,0,1,0,0,0,0,0,10270,"JOAO DIAS, AV",13357,"MARIA COELHO AGUIAR, AV",45,"JARDIM SAO LUIS",2,0,"JOAO DIAS, AV SAO PAULO SP &  MARIA COELHO AGUIAR, AV SAO PAULO SP",-23.6448965,-46.7188468
"7229","D041300371",19931,"WASHINGTON LUIS, AV",NA,"",6800,"","19/04/2013 19:40",2,"QM",27,4417," "," ",0,1,0,0,0,0,0,0,0,0,0,0,0,0,0,0,0,19931,"WASHINGTON LUIS, AV",NA,"",30,"GRAJAU",1,0,"WASHINGTON LUIS, AV 6800 SAO PAULO SP",-23.6243229,-46.6615057
"7230","D041301121",17990,"SENA, RUA",19780,"VIRGILIA R. A. DE C. PINTO, AV PROFA",0,"","19/04/2013 19:45",2,"CO",20,3545," "," ",1,1,0,0,0,0,0,0,0,0,0,0,0,0,0,0,0,1386,"ANGELO BORTOLO, AV VER",19780,"VIRGILIA R. A. DE C. PINTO, AV PROFA",84,"TUCURUVI",1,0,"SENA, RUA SAO PAULO SP &  VIRGILIA R. A. DE C. PINTO, AV PROFA SAO PAULO SP",-23.462371,-46.6048087
"7231","D041301962",7344,"FRANCISCO ALARICO BERGAMO, RUA",NA,"",1,"","19/04/2013 19:54",2,"CO",64,4162," "," ",0,0,0,0,1,0,0,0,1,0,0,0,0,0,0,0,0,7344,"FRANCISCO ALARICO BERGAMO, RUA",NA,"",36,"ITAQUERA",1,0,"FRANCISCO ALARICO BERGAMO, RUA 1 SAO PAULO SP",-23.5302876,-46.4527298
"7232","D041302263",17820,"TITO, AV MAL",NA,"",4131,"","19/04/2013 20:20",4,"AT",50,4874,"B"," ",1,0,0,0,0,0,0,0,0,0,0,0,0,0,0,0,0,17820,"TITO, AV MAL",NA,"",53,"MOEMA",1,1,"TITO, AV MAL 4131 SAO PAULO SP",-23.4949389,-46.40511
"7233","D041301936",46936,"JACU-PESSEGO/NOVA TRABALHADORE, AV",13881,"MIGUEL, AV S",0,"","19/04/2013 20:30",2,"CO",63,2943," "," ",1,0,0,1,0,0,0,0,0,0,0,0,0,0,0,0,0,13881,"MIGUEL, AV S",46936,"JACU-PESSEGO/NOVA TRABALHADORE, AV",89,"VILA JACUI",2,0,"JACU-PESSEGO/NOVA TRABALHADORE, AV SAO PAULO SP &  MIGUEL, AV S SAO PAULO SP",-23.5754203,-46.4449094
"7234","D041300927",8483,"GUILHERME DUMONT VILARES, AV DR",NA,"",2009,"","19/04/2013 21:00",2,"CF",89,3293," "," ",0,1,0,0,0,0,0,0,1,0,0,0,0,0,0,0,0,8483,"GUILHERME DUMONT VILARES, AV DR",NA,"",85,"VILA ANDRADE",1,0,"GUILHERME DUMONT VILARES, AV DR 2009 SAO PAULO SP",-23.6224722,-46.738411
"7235","D041302086",60675,"AFONSO DE SAMPAIO E SOUSA, AV",NA,"",1562,"","19/04/2013 21:16",4,"AT",53,2646," "," ",0,0,0,0,0,0,0,0,0,0,0,0,0,0,0,1,0,60675,"AFONSO DE SAMPAIO E SOUSA, AV",NA,"",51,"MANDAQUI",1,0,"AFONSO DE SAMPAIO E SOUSA, AV 1562 SAO PAULO SP",-23.5708306,-46.4700904
"7236","D041302103",37159,"WILMA FLOR, RUA",NA,"",95,"","19/04/2013 21:30",2,"QV",54,5318," "," ",1,0,0,0,0,0,0,0,0,0,0,0,0,0,0,0,0,37159,"WILMA FLOR, RUA",NA,"",50,"LIMAO",2,0,"WILMA FLOR, RUA 95 SAO PAULO SP",-23.5733734,-46.3947008
"7237","D041301293",8320,"GUAPIRA, AV",NA,"",2215,"","19/04/2013 21:30",4,"AT",73,4091," "," ",0,1,0,0,0,0,0,0,0,0,0,0,0,0,0,0,0,8320,"GUAPIRA, AV",NA,"",38,"JACANA",2,0,"GUAPIRA, AV 2215 SAO PAULO SP",-23.4703719,-46.5853784
"7238","D041301160",6361,"ELISIO TEIXEIRA LEITE, AV",NA,"",441,"","19/04/2013 21:33",2,"CO",28,4251," "," ",1,1,0,0,0,0,0,0,0,0,0,0,0,0,0,0,0,6361,"ELISIO TEIXEIRA LEITE, AV",NA,"",29,"FREGUESIA DO O",1,0,"ELISIO TEIXEIRA LEITE, AV 441 SAO PAULO SP",-23.4890177,-46.6974542
"7239","D041300829",21498,"JOSE MARIA ALKMIN, AV PROF",NA,"",1411,"","19/04/2013 21:40",2,"CO",51,2572," "," ",1,1,0,0,0,0,0,0,0,0,0,0,0,0,0,0,0,21498,"JOSE MARIA ALKMIN, AV PROF",NA,"",13,"CACHOEIRINHA",1,0,"JOSE MARIA ALKMIN, AV PROF 1411 SAO PAULO SP",-23.5835446,-46.7513035
"7240","D041301696",39762,"MARGARIDA FATIMA B. GONCALVES, RUA",NA,"",214,"","19/04/2013 21:45",2,"CO",92,4963," "," ",1,1,0,0,0,0,0,0,0,0,0,0,0,0,0,0,0,39762,"MARGARIDA FATIMA B. GONCALVES, RUA",NA,"",32,"IGUATEMI",1,0,"MARGARIDA FATIMA B. GONCALVES, RUA 214 SAO PAULO SP",-23.663146,-46.7328514
"7241","D041301265",3771,"INAJAR DE SOUZA, AV",NA,"",5476,"","19/04/2013 22:30",4,"AT",72,3467," "," ",0,0,0,0,0,0,0,0,0,0,0,1,0,0,0,0,0,3771,"INAJAR DE SOUZA, AV",NA,"",50,"LIMAO",1,0,"INAJAR DE SOUZA, AV 5476 SAO PAULO SP",-23.463179,-46.6723788
"7242","D041300687",15188,"OTAVIANO ALVES DE LIMA, AV",NA,"",99,"","19/04/2013 23:27",2,"QM",33,2633," "," ",0,1,0,0,0,0,0,0,0,0,0,0,0,0,0,0,0,29772,"MARGINAL DO RIO TIETE, AV",NA,"",23,"CIDADE DUTRA",2,0,"OTAVIANO ALVES DE LIMA, AV 99 SAO PAULO SP",-23.5077262,-46.6913918
"7243","D041301491",8955,"IBITIRAMA, RUA",NA,"",1991,"","19/04/2013 23:41",2,"CT",56,2448," "," ",1,1,0,0,0,0,0,0,0,0,0,0,0,0,0,0,0,8955,"IBITIRAMA, RUA",NA,"",95,"VILA PRUDENTE",1,0,"IBITIRAMA, RUA 1991 SAO PAULO SP",-23.596732,-46.5772506
"7244","D041302169",24338,"LUIZ IGNACIO ANHAIA MELLO, AV PROF",NA,"",9123,"","19/04/2013 23:54",2,"CO",70,3994," "," ",0,2,0,0,0,0,0,0,0,0,0,0,0,0,0,0,0,24338,"LUIZ IGNACIO ANHAIA MELLO, AV PROF",NA,"",26,"CONSOLACAO",2,0,"LUIZ IGNACIO ANHAIA MELLO, AV PROF 9123 SAO PAULO SP",-23.6027755,-46.5160541
"7246","D041301429",9572,"ITAPURA, RUA",34122,"MELO FREIRE, RUA",0,"","20/04/2013 00:30",2,"CO",30,2217," "," ",1,1,0,0,0,0,0,0,0,0,0,0,0,0,0,0,0,9572,"ITAPURA, RUA",34122,"MELO FREIRE, RUA",82,"TATUAPE",1,0,"ITAPURA, RUA SAO PAULO SP &  MELO FREIRE, RUA SAO PAULO SP",-23.5454198,-46.5662715
"7247","D041300360",1314,"ANTONIO COMPARATO, RUA",NA,"",47,"","20/04/2013 01:14",2,"CH",27,4088," "," ",1,0,0,0,0,0,0,0,0,0,0,0,0,0,0,0,0,1314,"ANTONIO COMPARATO, RUA",NA,"",15,"CAMPO BELO",1,0,"ANTONIO COMPARATO, RUA 47 SAO PAULO SP",-23.6136754,-46.6703833
"7248","D041300675",13464,"MARIO DE ANDRADE, RUA",NA,"",100,"","20/04/2013 01:27",4,"AT",23,2636,"B"," ",1,0,0,0,0,0,0,0,0,0,0,0,0,0,0,0,0,13464,"MARIO DE ANDRADE, RUA",NA,"",70,"SANTA CECILIA",1,0,"MARIO DE ANDRADE, RUA 100 SAO PAULO SP",-23.5306698,-46.6595359
"7249","D041301470",13805,"MELO PEIXOTO, RUA",NA,"",99,"","20/04/2013 01:45",2,"CT",52,1239," "," ",1,1,0,0,0,0,0,0,0,0,0,0,0,0,0,0,0,13805,"MELO PEIXOTO, RUA",NA,"",82,"TATUAPE",1,0,"MELO PEIXOTO, RUA 99 SAO PAULO SP",-23.539077,-46.5727765