"","id_acidente","codloga","logradouroA","codlogb","logradouroB","alt_num","referencia","data","cod_acid","tipo_acidente","dp","numero_BO","sentido","pista","automovel","moto","onibus","caminhao","bicicleta","moto_taxi","onibus_fretado","onibus_urbano","microonibus","van","vuc","caminhonete","carreta","jipe","outros","sem_informacao","carroca","princ_a","paiA","princ_b","paiB","cod_distrito","distrito","vit_ferida","vit_morta","local","lat","lon"
"7252","D041301714",20048,"YERVANT KISSAJIKIAN, AV",NA,"",3677,"","20/04/2013 03:00",2,"CH",98,4215," "," ",0,1,0,0,0,0,0,0,0,0,0,0,0,0,0,0,0,20048,"YERVANT KISSAJIKIAN, AV",NA,"",29,"FREGUESIA DO O",1,0,"YERVANT KISSAJIKIAN, AV 3677 SAO PAULO SP",-23.6848177,-46.6486288
"7253","D041300686",14350,"MUTINGA, AV",NA,"",2205,"","20/04/2013 04:00",4,"AT",33,2118," "," ",1,0,0,0,0,0,0,0,0,0,0,0,0,0,0,0,0,14350,"MUTINGA, AV",NA,"",64,"PIRITUBA",1,0,"MUTINGA, AV 2205 SAO PAULO SP",-23.4857567,-46.7462313
"7254","D041302074",14350,"MUTINGA, AV",NA,"",2205,"","20/04/2013 04:00",4,"AT",53,2118," "," ",0,0,0,0,0,0,0,0,0,0,0,0,0,0,0,1,0,14350,"MUTINGA, AV",NA,"",64,"PIRITUBA",1,0,"MUTINGA, AV 2205 SAO PAULO SP",-23.4857567,-46.7462313
"7255","D041300116",5245,"CONSOLACAO, RUA DA",13632,"MARTINS FONTES, RUA",0,"","20/04/2013 04:00",2,"CO",4,3167," "," ",1,0,0,0,0,0,0,0,0,0,0,0,0,0,0,1,0,5245,"CONSOLACAO, RUA DA",19996,"XAVIER DE TOLEDO, RUA CEL",67,"REPUBLICA",1,0,"CONSOLACAO, RUA DA SAO PAULO SP &  MARTINS FONTES, RUA SAO PAULO SP",-23.5471579,-46.6469857
"7256","D041301398",2181,"ARICANDUVA, AV",19221,"TUMUCUMAQUE, RUA",0,"","20/04/2013 04:30",2,"CL",21,4445,"B"," ",2,0,0,0,0,0,0,0,0,0,0,0,0,0,0,0,0,2181,"ARICANDUVA, AV",19221,"TUMUCUMAQUE, RUA",20,"CARRAO",2,0,"ARICANDUVA, AV SAO PAULO SP &  TUMUCUMAQUE, RUA SAO PAULO SP",-23.5479783,-46.5260893
"7258","D041301879",46936,"JACU-PESSEGO/NOVA TRABALHADORE, AV",18803,"TEODORO, RUA S",0,"","20/04/2013 05:00",4,"AT",32,2968," "," ",1,0,0,0,0,0,0,0,0,0,0,0,0,0,0,0,0,16173,"PESSEGO, ES DO",46936,"JACU-PESSEGO/NOVA TRABALHADORE, AV",58,"PARQUE DO CARMO",1,0,"JACU-PESSEGO/NOVA TRABALHADORE, AV SAO PAULO SP &  TEODORO, RUA S SAO PAULO SP",-23.5754203,-46.4449094
"7259","D041301397",1702,"ANTONIO ESTEVAO DE CARVALHO, AV",NA,"",1588,"","20/04/2013 05:30",2,"CT",21,4440,"B"," ",1,1,0,0,0,0,0,0,0,0,0,0,0,0,0,0,0,1702,"ANTONIO ESTEVAO DE CARVALHO, AV",NA,"",93,"VILA MATILDE",1,0,"ANTONIO ESTEVAO DE CARVALHO, AV 1588 SAO PAULO SP",-23.5282742,-46.506535
"7260","D041302228",14767,"NOVA CANTAREIRA, AV",NA,"",1249,"","20/04/2013 05:40",4,"AT",20,3561,"B"," ",2,0,0,0,0,0,0,0,0,0,0,0,0,0,0,0,0,14767,"NOVA CANTAREIRA, AV",NA,"",83,"TREMEMBE",1,1,"NOVA CANTAREIRA, AV 1249 SAO PAULO SP",-23.483951,-46.6145072
"7265","D041301836",14975,"OLIVEIRA FREIRE, AV",NA,"",120,"","20/04/2013 07:00",4,"AT",22,2981," "," ",0,0,0,0,0,0,0,0,0,0,0,0,0,0,0,1,0,14975,"OLIVEIRA FREIRE, AV",NA,"",53,"MOEMA",1,0,"OLIVEIRA FREIRE, AV 120 SAO PAULO SP",-23.4844372,-46.4233164
"7266","D041301835",2396,"ASCENSO FERNANDES, RUA",NA,"",10,"","20/04/2013 07:00",4,"AT",22,2971," "," ",1,0,0,0,0,0,0,0,0,0,0,0,0,0,0,0,0,2396,"ASCENSO FERNANDES, RUA",NA,"",43,"JARDIM HELENA",1,0,"ASCENSO FERNANDES, RUA 10 SAO PAULO SP",-23.4819471,-46.4238556
"7268","D041301364",25957,"ARICANDUVA, PTE",NA,"",200,"","20/04/2013 07:38",2,"CL",10,4438," "," ",2,0,1,0,0,0,0,0,0,0,0,0,0,0,0,0,0,25957,"ARICANDUVA, PTE",NA,"",3,"ANHANGUERA",1,0,"ARICANDUVA, PTE 200 SAO PAULO SP",-23.6004368,-46.5192677
"7269","D041302189",15425,"CANTIDIO SAMPAIO, AV DEP",NA,"",4555,"","20/04/2013 07:51",2,"CF",47,5035," "," ",1,1,0,0,0,0,0,0,0,0,0,0,0,0,0,0,0,15425,"CANTIDIO SAMPAIO, AV DEP",NA,"",41,"JARAGUA",0,1,"CANTIDIO SAMPAIO, AV DEP 4555 SAO PAULO SP",-23.4461044,-46.7048419
"7270","D041301266",15425,"CANTIDIO SAMPAIO, AV DEP",NA,"",4999,"","20/04/2013 07:51",2,"CO",72,3479," "," ",1,1,0,0,0,0,0,0,0,0,0,0,0,0,0,0,0,15425,"CANTIDIO SAMPAIO, AV DEP",NA,"",41,"JARAGUA",1,0,"CANTIDIO SAMPAIO, AV DEP 4999 SAO PAULO SP",-23.4435089,-46.7054953
"7271","D041301492",15275,"PACHECO E CHAVES, RUA CAP",NA,"",540,"","20/04/2013 08:12",2,"CL",56,2505," "," ",1,1,0,0,0,0,0,0,0,0,0,0,0,0,0,0,0,15275,"PACHECO E CHAVES, RUA CAP",NA,"",26,"CONSOLACAO",1,0,"PACHECO E CHAVES, RUA CAP 540 SAO PAULO SP",-23.5819088,-46.5910586
"7272","D041301860",46936,"JACU-PESSEGO/NOVA TRABALHADORE, AV",10152,"JOAO BATISTA CONTI, AV PROF",0,"","20/04/2013 08:30",2,"CT",32,1687," "," ",1,0,0,0,0,0,0,0,0,1,0,0,0,0,0,0,0,10152,"JOAO BATISTA CONTI, AV PROF",46936,"JACU-PESSEGO/NOVA TRABALHADORE, AV",36,"ITAQUERA",1,0,"JACU-PESSEGO/NOVA TRABALHADORE, AV SAO PAULO SP &  JOAO BATISTA CONTI, AV PROF SAO PAULO SP",-23.5754203,-46.4449094
"7273","D041301192",44645,"DIREITOS HUMANOS, AV",NA,"",800,"","20/04/2013 08:40",2,"QM",38,3477," "," ",0,1,0,0,0,0,0,0,0,0,0,0,0,0,0,0,0,44645,"DIREITOS HUMANOS, AV",NA,"",8,"BELEM",1,0,"DIREITOS HUMANOS, AV 800 SAO PAULO SP",-23.4828945,-46.6483034
"7274","D041300801",16838,"RAIMUNDO PEREIRA DE MAGAL., AV",NA,"",15222,"","20/04/2013 08:48",2,"CP",46,3646," "," ",0,0,0,1,0,0,0,0,0,0,0,0,0,0,0,0,0,16838,"RAIMUNDO PEREIRA DE MAGAL., AV",NA,"",31,"GUAIANASES",1,0,"RAIMUNDO PEREIRA DE MAGAL., AV 15222 SAO PAULO SP",-23.4084604,-46.7348285
"7276","D041300046",10019,"JAVAES, RUA",7216,"FLORES, RUA GAL",0,"","20/04/2013 09:00",2,"CO",2,2262," "," ",1,0,0,1,0,0,0,0,0,0,0,0,0,0,0,0,0,4561,"CASTELO BRANCO, AV PRES",10019,"JAVAES, RUA",9,"BOM RETIRO",2,0,"JAVAES, RUA SAO PAULO SP &  FLORES, RUA GAL SAO PAULO SP",-23.5224065,-46.6460753
"7277","D041302145",74846,"EUCARIDIUM, RUA",NA,"",82,"","20/04/2013 09:05",2,"CO",66,2697," "," ",0,1,0,0,0,0,0,0,0,0,0,1,0,0,0,0,0,74846,"EUCARIDIUM, RUA",NA,"",0,"NULL",1,0,"EUCARIDIUM, RUA 82 SAO PAULO SP",-23.5626188,-46.4912599
"7278","D041301833",11542,"NORDESTINA, AV",NA,"",159,"","20/04/2013 09:26",2,"CO",22,2958," "," ",1,1,0,0,0,0,0,0,0,0,0,0,0,0,0,0,0,11542,"NORDESTINA, AV",NA,"",76,"SAO MIGUEL",1,0,"NORDESTINA, AV 159 SAO PAULO SP",-23.494795,-46.4429974
"7280","D041300338",7746,"GAMA LOBO, RUA",NA,"",1100,"","20/04/2013 09:30",2,"SI",17,9226," "," ",2,0,0,0,0,0,0,0,0,0,0,0,0,0,0,0,0,7746,"GAMA LOBO, RUA",NA,"",33,"IPIRANGA",2,0,"GAMA LOBO, RUA 1100 SAO PAULO SP",-23.593563,-46.6125436
"7282","D041302065",9044,"RAGUEB CHOHFI, AV",NA,"",4850,"","20/04/2013 10:30",2,"CO",49,5342," "," ",1,1,0,0,0,0,0,0,0,0,0,0,0,0,0,0,0,9044,"RAGUEB CHOHFI, AV",NA,"",32,"IGUATEMI",2,0,"RAGUEB CHOHFI, AV 4850 SAO PAULO SP",-23.5954101,-46.4391676
"7283","D041300934",21125,"JOAO SUSSUMU HIRATA, RUA DEP",61669,"ITAPAIUNA, RUA",0,"","20/04/2013 10:30",2,"CO",89,3508," "," ",1,0,0,0,1,0,0,0,0,0,0,0,0,0,0,0,0,21125,"JOAO SUSSUMU HIRATA, RUA DEP",61669,"ITAPAIUNA, RUA",85,"VILA ANDRADE",1,0,"JOAO SUSSUMU HIRATA, RUA DEP SAO PAULO SP &  ITAPAIUNA, RUA SAO PAULO SP",-23.6288323,-46.7319356
"7284","D041300870",21975,"ANGELO APARECIDO DOS S.DIAS, RUA",NA,"",46,"","20/04/2013 10:50",4,"AT",75,3287," "," ",1,0,0,0,0,0,0,0,0,0,0,0,0,0,0,0,0,21975,"ANGELO APARECIDO DOS S.DIAS, RUA",NA,"",0,"NULL",1,0,"ANGELO APARECIDO DOS S.DIAS, RUA 46 SAO PAULO SP",-23.5902245,-46.782549
"7288","D041301193",9078,"IMIRIM, AV",NA,"",4491,"","20/04/2013 11:45",2,"CO",38,3492," "," ",1,1,0,0,0,0,0,0,0,0,0,0,0,0,0,0,0,9078,"IMIRIM, AV",NA,"",71,"SANTANA",1,0,"IMIRIM, AV 4491 SAO PAULO SP",-23.4745816,-46.6663855
"7289","D041301067",14242,"MOREIRA DE BARROS, RUA CONS",NA,"",1505,"","20/04/2013 11:52",2,"QM",13,4273," "," ",0,1,0,0,0,0,0,0,0,0,0,0,0,0,0,0,0,14242,"MOREIRA DE BARROS, RUA CONS",NA,"",0,"NULL",1,0,"MOREIRA DE BARROS, RUA CONS 1505 SAO PAULO SP",-23.489246,-46.6365467
"7290","D041301269",15425,"CANTIDIO SAMPAIO, AV DEP",NA,"",2003,"","20/04/2013 12:00",2,"CO",72,3523," "," ",1,1,0,0,0,0,0,0,0,0,0,0,0,0,0,0,0,15425,"CANTIDIO SAMPAIO, AV DEP",NA,"",41,"JARAGUA",1,0,"CANTIDIO SAMPAIO, AV DEP 2003 SAO PAULO SP",-23.4626466,-46.6836152
"7291","D041300926",9153,"JANGADAS, RUA DAS",NA,"",10,"","20/04/2013 12:15",4,"AT",89,3289," "," ",0,1,0,0,0,0,0,0,0,0,0,0,0,0,0,0,0,9153,"JANGADAS, RUA DAS",NA,"",0,"NULL",1,0,"JANGADAS, RUA DAS 10 SAO PAULO SP",-23.6175781,-46.7267625
"7293","D041301123",10945,"JOSE ERMIRIO DE MORAES, AV SEN",NA,"",2211,"","20/04/2013 12:52",2,"CO",20,3577," "," ",1,0,0,0,1,0,0,0,0,0,0,0,0,0,0,0,0,10945,"JOSE ERMIRIO DE MORAES, AV SEN",NA,"",83,"TREMEMBE",1,0,"JOSE ERMIRIO DE MORAES, AV SEN 2211 SAO PAULO SP",-23.4369145,-46.6189359
"7294","D041300676",15270,"PACAEMBU, AV",NA,"",10,"","20/04/2013 13:00",2,"CH",23,2655," "," ",1,1,0,0,0,0,0,0,0,0,0,0,0,0,0,0,0,15270,"PACAEMBU, AV",NA,"",19,"CAPAO REDONDO",1,0,"PACAEMBU, AV 10 SAO PAULO SP",-23.5711657,-46.6443032
"7296","D041301981",7175,"FLAMINGO, AV",NA,"",500,"","20/04/2013 13:00",4,"AT",67,1245," "," ",0,0,0,0,0,0,0,0,0,0,0,1,0,0,0,0,0,7175,"FLAMINGO, AV",NA,"",86,"VILA CURUCA",1,0,"FLAMINGO, AV 500 SAO PAULO SP",-23.5122061,-46.4199629
"7297","D041300141",4347,"CARLOS DO PINHAL, RUA S",NA,"",306,"","20/04/2013 13:40",4,"AT",5,3187," "," ",1,0,0,0,0,0,0,0,0,0,0,0,0,0,0,0,0,4347,"CARLOS DO PINHAL, RUA S",NA,"",7,"BELA VISTA",1,0,"CARLOS DO PINHAL, RUA S 306 SAO PAULO SP",-23.5646276,-46.6504898
"7298","D041301379",15304,"PAES DE BARROS, AV",NA,"",2800,"","20/04/2013 13:40",2,"CO",18,2526," "," ",1,0,0,0,0,0,0,1,0,0,0,0,0,0,0,0,0,15304,"PAES DE BARROS, AV",NA,"",16,"CAMPO GRANDE",2,0,"PAES DE BARROS, AV 2800 SAO PAULO SP",-23.575402,-46.5873709
"7299","D041301622",4975,"HENRIQUE SAM MINDLIN, RUA",NA,"",600,"","20/04/2013 14:00",2,"CO",47,4966," "," ",1,1,0,0,0,0,0,0,0,0,0,0,0,0,0,0,0,4975,"HENRIQUE SAM MINDLIN, RUA",NA,"",19,"CAPAO REDONDO",1,0,"HENRIQUE SAM MINDLIN, RUA 600 SAO PAULO SP",-23.6789609,-46.7804556
"7301","D041300361",26500,"VICENTE RAO, AV PROF.",19931,"WASHINGTON LUIS, AV",0,"","20/04/2013 14:19",2,"CO",27,4111," "," ",1,1,0,0,0,0,0,0,0,0,0,0,0,0,0,0,0,19931,"WASHINGTON LUIS, AV",26500,"VICENTE RAO, AV PROF.",72,"SANTO AMARO",1,0,"VICENTE RAO, AV PROF. SAO PAULO SP &  WASHINGTON LUIS, AV SAO PAULO SP",-23.6435945,-46.6729476
"7302","D041300843",16878,"RAPOSO TAVARES, VIA",NA,"",13900,"","20/04/2013 14:30",2,"CT",51,3841," "," ",2,0,0,0,0,0,0,0,0,0,0,0,0,0,0,0,0,16878,"RAPOSO TAVARES, VIA",NA,"",13,"CACHOEIRINHA",1,0,"RAPOSO TAVARES, VIA 13900 SAO PAULO SP",-23.5270962,-48.466788
"7303","D041301122",19884,"VOLUNTARIOS DA PATRIA, RUA",NA,"",3900,"","20/04/2013 14:30",2,"QM",20,3574," "," ",0,1,0,0,0,0,0,0,0,0,0,0,0,0,0,0,0,19884,"VOLUNTARIOS DA PATRIA, RUA",NA,"",8,"BELEM",1,0,"VOLUNTARIOS DA PATRIA, RUA 3900 SAO PAULO SP",-23.4861381,-46.6277865
"7304","D041301925",21253,"AGUIA DE HAIA, AV",NA,"",3600,"","20/04/2013 14:30",2,"CO",62,4198," "," ",0,1,0,0,0,0,0,0,0,0,0,1,0,0,0,0,0,21253,"AGUIA DE HAIA, AV",NA,"",0,"NULL",1,0,"AGUIA DE HAIA, AV 3600 SAO PAULO SP",-23.5141941,-46.476642
"7305","D041301025",15630,"AGUAS DE SAO PEDRO, AV",NA,"",47,"","20/04/2013 15:00",2,"CO",9,3576," "," ",2,1,0,0,0,0,0,0,0,0,0,0,0,0,0,0,0,15630,"AGUAS DE SAO PEDRO, AV",NA,"",71,"SANTANA",1,0,"AGUAS DE SAO PEDRO, AV 47 SAO PAULO SP",-23.4856527,-46.6160546
"7306","D041301194",9170,"INES, AV STA",NA,"",2610,"","20/04/2013 15:00",2,"CO",38,3500," "," ",1,0,0,0,0,0,0,1,0,0,0,0,0,0,0,0,0,9170,"INES, AV STA",NA,"",51,"MANDAQUI",4,0,"INES, AV STA 2610 SAO PAULO SP",-23.4621621,-46.6383258
"7307","D041301334",14270,"MORVAN DIAS DE FIGUEIREDO, AV",NA,"",18000,"","20/04/2013 15:10",2,"CO",90,4113,"R"," ",1,1,0,0,0,0,0,0,0,0,0,0,0,0,0,0,0,29772,"MARGINAL DO RIO TIETE, AV",NA,"",0,"NULL",1,0,"MORVAN DIAS DE FIGUEIREDO, AV 18000 SAO PAULO SP",-23.5256147,-46.571432
"7308","D041301268",3771,"INAJAR DE SOUZA, AV",NA,"",4000,"","20/04/2013 15:24",4,"AT",72,3498," "," ",0,1,0,0,0,0,0,0,0,0,0,0,0,0,0,0,0,3771,"INAJAR DE SOUZA, AV",NA,"",50,"LIMAO",2,0,"INAJAR DE SOUZA, AV 4000 SAO PAULO SP",-23.4756685,-46.6711963
"7309","D041300250",6642,"ESTADO, AV DO",10485,"JOAO TEODORO, RUA",0,"","20/04/2013 15:33",4,"AT",12,3011," "," ",1,0,0,0,0,0,0,0,0,0,0,0,0,0,0,0,0,6642,"ESTADO, AV DO",10485,"JOAO TEODORO, RUA",9,"BOM RETIRO",1,0,"ESTADO, AV DO SAO PAULO SP &  JOAO TEODORO, RUA SAO PAULO SP",-23.5635869,-46.6112253
"7310","D041302006",10152,"JOAO BATISTA CONTI, AV PROF",NA,"",1400,"","20/04/2013 15:45",2,"CL",103,2984," "," ",2,0,0,0,0,0,0,0,0,0,0,0,0,0,0,0,0,10152,"JOAO BATISTA CONTI, AV PROF",NA,"",46,"JOSE BONIFACIO",2,0,"JOAO BATISTA CONTI, AV PROF 1400 SAO PAULO SP",-23.5515545,-46.4403654
"7311","D041300602",2149,"ARCOVERDE, RUA CARD",7301,"FRADIQUE COUTINHO, RUA",0,"","20/04/2013 17:30",2,"CO",14,3849," "," ",2,0,0,0,0,0,0,0,0,0,0,0,0,0,0,0,0,2149,"ARCOVERDE, RUA CARD",7301,"FRADIQUE COUTINHO, RUA",63,"PINHEIROS",2,0,"ARCOVERDE, RUA CARD SAO PAULO SP &  FRADIQUE COUTINHO, RUA SAO PAULO SP",-23.5692822,-46.694879
"7312","D041300294",7691,"GABRIEL MONTEIRO DA SILVA, AL",6775,"EUGENIO LEITE, RUA CON",0,"","20/04/2013 17:45",2,"CO",78,3196," "," ",1,1,0,0,0,0,0,0,0,0,0,0,0,0,0,0,0,6775,"EUGENIO LEITE, RUA CON",7691,"GABRIEL MONTEIRO DA SILVA, AL",63,"PINHEIROS",1,0,"GABRIEL MONTEIRO DA SILVA, AL SAO PAULO SP &  EUGENIO LEITE, RUA CON SAO PAULO SP",-23.574341,-46.6853256
"7316","D041301652",20048,"YERVANT KISSAJIKIAN, AV",NA,"",1645,"","20/04/2013 18:00",2,"CO",80,42448," "," ",1,1,0,0,0,0,0,0,0,0,0,0,0,0,0,0,0,20048,"YERVANT KISSAJIKIAN, AV",NA,"",29,"FREGUESIA DO O",1,0,"YERVANT KISSAJIKIAN, AV 1645 SAO PAULO SP",-23.6738434,-46.6641906
"7317","D041302118",17824,"SAPOPEMBA, AV",NA,"",16500,"","20/04/2013 18:00",2,"CO",55,5372," "," ",1,1,0,0,0,0,0,0,0,0,0,0,0,0,0,0,0,17824,"SAPOPEMBA, AV",NA,"",33,"IPIRANGA",1,0,"SAPOPEMBA, AV 16500 SAO PAULO SP",-23.6225925,-46.4470516
"7318","D041301145",5947,"EDGAR FACO, AV GAL",28906,"MANOEL BARBOSA, RUA",0,"","20/04/2013 18:00",4,"AT",28,2259," "," ",0,0,0,0,1,0,0,0,0,0,0,0,0,0,0,0,0,5947,"EDGAR FACO, AV GAL",28906,"MANOEL BARBOSA, RUA",64,"PIRITUBA",2,0,"EDGAR FACO, AV GAL SAO PAULO SP &  MANOEL BARBOSA, RUA SAO PAULO SP",-23.4986333,-46.7070233
"7320","D041301295",3199,"BENJAMIN PEREIRA, RUA",NA,"",222,"","20/04/2013 18:50",2,"CF",73,4119,"B"," ",1,1,0,0,0,0,0,0,0,0,0,0,0,0,0,0,0,3199,"BENJAMIN PEREIRA, RUA",NA,"",38,"JACANA",1,0,"BENJAMIN PEREIRA, RUA 222 SAO PAULO SP",-23.4686641,-46.591311
"7323","D041301322",15425,"CANTIDIO SAMPAIO, AV DEP",NA,"",5000,"","20/04/2013 19:57",4,"AT",74,3511," "," ",1,0,0,0,0,0,0,0,0,0,0,0,0,0,0,0,0,15425,"CANTIDIO SAMPAIO, AV DEP",NA,"",41,"JARAGUA",1,0,"CANTIDIO SAMPAIO, AV DEP 5000 SAO PAULO SP",-23.4434899,-46.7054647
"7325","D041301229",4496,"CAROLINA SOARES, RUA",NA,"",347,"","20/04/2013 20:00",2,"CO",40,4290," "," ",1,1,0,0,0,0,0,0,0,0,0,0,0,0,0,0,0,4496,"CAROLINA SOARES, RUA",NA,"",50,"LIMAO",1,0,"CAROLINA SOARES, RUA 347 SAO PAULO SP",-23.5007917,-46.6700103
"7326","D041302252",34500,"IGUATEMI, AV",NA,"",3168,"","20/04/2013 20:12",4,"AT",49,5379,"B"," ",0,1,0,0,0,0,0,0,0,0,0,0,0,0,0,0,0,34500,"IGUATEMI, AV",NA,"",50,"LIMAO",0,1,"IGUATEMI, AV 3168 SAO PAULO SP",-23.5753852,-46.4161092
"7327","D041300557",17346,"ROLINHAS, RUA DAS",NA,"",330,"","20/04/2013 20:24",4,"AT",97,3401," "," ",0,0,0,0,0,0,0,0,0,0,0,1,0,0,0,0,0,17346,"ROLINHAS, RUA DAS",NA,"",42,"JARDIM ANGELA",1,0,"ROLINHAS, RUA DAS 330 SAO PAULO SP",-23.6563552,-46.6419073
"7328","D041302130",9580,"ITAQUERA, AV",NA,"",3000,"","20/04/2013 20:25",4,"AT",66,1795," "," ",0,0,0,0,0,0,0,0,0,0,0,0,0,0,0,1,0,9580,"ITAQUERA, AV",NA,"",24,"CIDADE LIDER",1,0,"ITAQUERA, AV 3000 SAO PAULO SP",-23.5493994,-46.5032745
"7329","D041300320",5618,"CURSINO, AV DO",12966,"MARCOS FERNANDES, RUA",0,"","20/04/2013 20:51",4,"AT",16,5252," "," ",0,0,0,0,0,0,0,0,0,0,0,0,0,0,0,1,0,5618,"CURSINO, AV DO",12966,"MARCOS FERNANDES, RUA",27,"CURSINO",1,0,"CURSINO, AV DO SAO PAULO SP &  MARCOS FERNANDES, RUA SAO PAULO SP",-23.6106139,-46.6176401
"7330","D041300270",10101,"JOAO, AV S",1162,"ANA CINTRA, RUA",0,"","20/04/2013 20:52",4,"AT",77,2270," "," ",0,0,0,0,0,0,0,1,0,0,0,0,0,0,0,0,0,1162,"ANA CINTRA, RUA",10101,"JOAO, AV S",70,"SANTA CECILIA",1,0,"JOAO, AV S SAO PAULO SP &  ANA CINTRA, RUA SAO PAULO SP",-23.54057,-46.6434402
"7331","D041301753",6238,"NACOES UNIDAS, AV DAS",9220,"INTERLAGOS, AV",0,"","20/04/2013 21:00",2,"CO",99,4402," "," ",1,1,0,0,0,0,0,0,0,0,0,0,0,0,0,0,0,6238,"NACOES UNIDAS, AV DAS",9220,"INTERLAGOS, AV",16,"CAMPO GRANDE",1,0,"NACOES UNIDAS, AV DAS SAO PAULO SP &  INTERLAGOS, AV SAO PAULO SP",-23.5735935,-46.7008864
"7332","D041300056",18993,"TIRADENTES, AV",17060,"RIBEIRO DE LIMA, RUA",0,"","20/04/2013 21:00",2,"CO",2,2393," "," ",1,0,0,0,0,0,0,0,0,0,0,1,0,0,0,0,0,10485,"JOAO TEODORO, RUA",18993,"TIRADENTES, AV",9,"BOM RETIRO",1,0,"TIRADENTES, AV SAO PAULO SP &  RIBEIRO DE LIMA, RUA SAO PAULO SP",-23.5295824,-46.6315552
"7333","D041300307",5618,"CURSINO, AV DO",NA,"",1900,"","20/04/2013 21:20",2,"QM",16,41367," "," ",1,1,0,0,0,0,0,0,0,0,0,0,0,0,0,0,0,5618,"CURSINO, AV DO",NA,"",27,"CURSINO",1,0,"CURSINO, AV DO 1900 SAO PAULO SP",-23.6188117,-46.6194592
"7334","D041300975",9836,"JAGUARE, AV",NA,"",1600,"","20/04/2013 21:30",4,"AT",93,2666," "," ",0,0,0,0,0,0,0,0,0,0,0,0,0,0,0,1,0,9836,"JAGUARE, AV",NA,"",40,"JAGUARE",1,0,"JAGUARE, AV 1600 SAO PAULO SP",-23.5480658,-46.7369246
"7336","D041300332",3454,"BOM PASTOR, RUA",11670,"LEAIS PAULISTANOS, RUA",0,"","20/04/2013 21:30",4,"AT",17,2256," "," ",1,0,0,0,0,0,0,0,0,0,0,0,0,0,0,0,0,3454,"BOM PASTOR, RUA",11670,"LEAIS PAULISTANOS, RUA",33,"IPIRANGA",1,0,"BOM PASTOR, RUA SAO PAULO SP &  LEAIS PAULISTANOS, RUA SAO PAULO SP",-23.5910882,-46.6070284
"7337","D041301195",9078,"IMIRIM, AV",NA,"",2687,"","20/04/2013 22:00",4,"AT",38,3514," "," ",1,0,0,0,0,0,0,0,0,0,0,0,0,0,0,0,0,9078,"IMIRIM, AV",NA,"",71,"SANTANA",1,0,"IMIRIM, AV 2687 SAO PAULO SP",-23.4837068,-46.6537678
"7338","D041301564",222,"ADOLFO PINHEIRO, AV",35439,"DEODORO, RUA MAL",0,"","20/04/2013 22:50",2,"CO",11,4406,"C"," ",2,0,0,0,0,0,0,0,0,0,0,0,0,0,0,0,0,222,"ADOLFO PINHEIRO, AV",35439,"DEODORO, RUA MAL",72,"SANTO AMARO",2,0,"ADOLFO PINHEIRO, AV SAO PAULO SP &  DEODORO, RUA MAL SAO PAULO SP",-23.6416691,-46.6982672
"7340","D041300321",66,"ABRAAO DE MORAIS, AV PROF",6347,"ELISA SILVEIRA, RUA",0,"","21/04/2013 00:30",2,"CO",16,5261," "," ",2,0,0,0,0,0,0,0,0,0,0,0,0,0,0,0,0,66,"ABRAAO DE MORAIS, AV PROF",6347,"ELISA SILVEIRA, RUA",79,"SAUDE",2,0,"ABRAAO DE MORAIS, AV PROF SAO PAULO SP &  ELISA SILVEIRA, RUA SAO PAULO SP",-23.6072122,-46.6270066
"7341","D041301715",1391,"ANGELO CRISTIANINI, AV",NA,"",957,"","21/04/2013 00:55",4,"AT",98,4253," "," ",0,1,0,0,0,0,0,0,0,0,0,0,0,0,0,0,0,1391,"ANGELO CRISTIANINI, AV",NA,"",22,"CIDADE ADEMAR",1,0,"ANGELO CRISTIANINI, AV 957 SAO PAULO SP",-23.6876352,-46.6410278
"7342","D041300976",831,"ALTINO, AV PRES",NA,"",500,"","21/04/2013 01:30",4,"AT",93,2672," "," ",0,0,0,0,0,0,0,0,0,0,0,0,0,0,0,1,0,831,"ALTINO, AV PRES",NA,"",40,"JAGUARE",1,0,"ALTINO, AV PRES 500 SAO PAULO SP",-23.5512716,-46.7487975
"7344","D041301779",38629,"XAMBORES, RUA DOS",NA,"",560,"","21/04/2013 02:30",2,"OU",100,5151," "," ",0,1,0,0,0,0,0,0,0,0,0,0,0,0,0,0,0,38629,"XAMBORES, RUA DOS",NA,"",32,"IGUATEMI",1,0,"XAMBORES, RUA DOS 560 SAO PAULO SP",-23.7132679,-46.7764794
"7345","D041301937",9086,"IMPERADOR, RUA DO",NA,"",3320,"","21/04/2013 03:00",2,"CH",63,3015," "," ",3,0,0,0,0,0,0,0,0,0,0,0,0,0,0,0,0,9086,"IMPERADOR, RUA DO",NA,"",88,"VILA GUILHERME",1,0,"IMPERADOR, RUA DO 3320 SAO PAULO SP",-23.5195042,-46.4703581
"7346","D041300895",15626,"PAULA FERREIRA, AV",NA,"",1500,"","21/04/2013 03:31",2,"CH",87,3669," "," ",1,0,0,0,0,0,0,0,0,0,0,0,0,0,0,0,0,15626,"PAULA FERREIRA, AV",NA,"",64,"PIRITUBA",1,0,"PAULA FERREIRA, AV 1500 SAO PAULO SP",-23.4978018,-46.7112092
"7347","D041302144",17135,"RIO DAS PEDRAS, AV",NA,"",3200,"","21/04/2013 03:47",2,"CH",66,2681," "," ",1,0,0,0,0,0,0,0,0,0,0,0,0,0,0,0,0,17135,"RIO DAS PEDRAS, AV",NA,"",27,"CURSINO",2,0,"RIO DAS PEDRAS, AV 3200 SAO PAULO SP",-23.5804138,-46.5016534