"","id_acidente","codloga","logradouroA","codlogb","logradouroB","alt_num","referencia","data","cod_acid","tipo_acidente","dp","numero_BO","sentido","pista","automovel","moto","onibus","caminhao","bicicleta","moto_taxi","onibus_fretado","onibus_urbano","microonibus","van","vuc","caminhonete","carreta","jipe","outros","sem_informacao","carroca","princ_a","paiA","princ_b","paiB","cod_distrito","distrito","vit_ferida","vit_morta","local","lat","lon"
"7349","D041301853",13881,"MIGUEL, AV S",NA,"",5333,"","21/04/2013 05:00",2,"CO",24,4228," "," ",1,0,0,0,0,0,0,0,0,0,0,1,0,0,0,0,0,13881,"MIGUEL, AV S",NA,"",65,"PONTE RASA",1,0,"MIGUEL, AV S 5333 SAO PAULO SP",-23.5071379,-46.4818624
"7350","D041300643",5175,"COLOMBIA, RUA",8225,"GROENLANDIA, RUA",0,"","21/04/2013 05:00",2,"SI",15,3863," "," ",2,0,0,0,0,0,0,0,0,0,0,0,0,0,0,0,0,5175,"COLOMBIA, RUA",8225,"GROENLANDIA, RUA",44,"JARDIM PAULISTA",2,0,"COLOMBIA, RUA SAO PAULO SP &  GROENLANDIA, RUA SAO PAULO SP",-23.5693484,-46.6719364
"7351","D041300047",6642,"ESTADO, AV DO",17799,"SANTOS DUMONT, AV",0,"","21/04/2013 05:15",2,"CO",2,2274,"B"," ",2,0,0,0,0,0,0,0,0,0,0,0,0,0,0,0,0,6642,"ESTADO, AV DO",17799,"SANTOS DUMONT, AV",9,"BOM RETIRO",1,0,"ESTADO, AV DO SAO PAULO SP &  SANTOS DUMONT, AV SAO PAULO SP",-23.5635869,-46.6112253
"7352","D041300677",7491,"FRANCISCO MATARAZZO, AV",NA,"",1752,"","21/04/2013 05:30",2,"CO",23,2677," "," ",1,1,0,0,0,0,0,0,0,0,0,0,0,0,0,0,0,7491,"FRANCISCO MATARAZZO, AV",NA,"",6,"BARRA FUNDA",1,0,"FRANCISCO MATARAZZO, AV 1752 SAO PAULO SP",-23.525491,-46.6794613
"7353","D041300322",8432,"GUATAS, AL DOS",16200,"PIASSANGUABA, AV",0,"","21/04/2013 05:55",2,"CL",16,5270," "," ",2,0,0,0,0,0,0,0,0,0,0,0,0,0,0,0,0,8432,"GUATAS, AL DOS",16200,"PIASSANGUABA, AV",79,"SAUDE",1,0,"GUATAS, AL DOS SAO PAULO SP &  PIASSANGUABA, AV SAO PAULO SP",-23.6150729,-46.6450708
"7354","D041302066",98822,"SUBURBANA FLOR, TR",NA,"",28,"","21/04/2013 06:15",4,"AT",49,5388," "," ",0,1,0,0,0,0,0,0,0,0,0,0,0,0,0,0,0,98822,"SUBURBANA FLOR, TR",NA,"",75,"SAO MATEUS",1,0,"SUBURBANA FLOR, TR 28 SAO PAULO SP",-23.6113639,-46.4487023
"7355","D041302202",999,"SANTO AMARO, AV",22176,"JOAO CASTALDI OU DOS EUCALIPTO, AV",0,"","21/04/2013 06:22",2,"CH",96,4132,"C"," ",1,0,0,0,0,0,0,0,0,0,0,0,0,0,0,0,0,999,"SANTO AMARO, AV",22176,"JOAO CASTALDI OU DOS EUCALIPTO, AV",34,"ITAIM BIBI",0,1,"SANTO AMARO, AV SAO PAULO SP &  JOAO CASTALDI OU DOS EUCALIPTO, AV SAO PAULO SP",-23.614288,-46.6791208
"7356","D041302188",37956,"LIGACAO, EST DE",NA,"",173,"","21/04/2013 06:26",2,"CH",101,2905," "," ",2,0,0,0,0,0,0,0,0,0,0,0,0,0,0,0,0,37956,"LIGACAO, EST DE",NA,"",30,"GRAJAU",1,1,"LIGACAO, EST DE 173 SAO PAULO SP",-23.4360798,-46.7753358
"7357","D041301794",3509,"BELMIRA MARIN, AV DONA",NA,"",4000,"","21/04/2013 06:29",2,"CO",101,2903," "," ",1,1,0,0,0,0,0,0,0,0,0,0,0,0,0,0,0,3509,"BELMIRA MARIN, AV DONA",NA,"",30,"GRAJAU",1,0,"BELMIRA MARIN, AV DONA 4000 SAO PAULO SP",-23.7552125,-46.6777888
"7358","D041300251",6642,"ESTADO, AV DO",10485,"JOAO TEODORO, RUA",0,"","21/04/2013 06:33",4,"AT",12,3026," "," ",1,0,0,0,0,0,0,0,0,0,0,0,0,0,0,0,0,6642,"ESTADO, AV DO",10485,"JOAO TEODORO, RUA",9,"BOM RETIRO",1,0,"ESTADO, AV DO SAO PAULO SP &  JOAO TEODORO, RUA SAO PAULO SP",-23.5635869,-46.6112253
"7361","D041301196",27965,"GEORGE CHAHESTIAN, RUA",NA,"",222,"","21/04/2013 10:20",2,"CH",38,3524," "," ",1,0,0,0,0,0,0,0,0,0,0,0,0,0,0,0,0,27965,"GEORGE CHAHESTIAN, RUA",NA,"",8,"BELEM",1,0,"GEORGE CHAHESTIAN, RUA 222 SAO PAULO SP",-23.4821635,-46.6505748
"7362","D041301795",3509,"BELMIRA MARIN, AV DONA",NA,"",3350,"","21/04/2013 10:40",2,"CO",101,2945," "," ",1,1,0,0,0,0,0,0,0,0,0,0,0,0,0,0,0,3509,"BELMIRA MARIN, AV DONA",NA,"",30,"GRAJAU",2,0,"BELMIRA MARIN, AV DONA 3350 SAO PAULO SP",-23.7530727,-46.682144
"7363","D041300929",4010,"PASQUALE GALLUPI, RUA",NA,"",795,"","21/04/2013 11:00",4,"AT",89,3325," "," ",0,0,0,0,0,0,0,0,0,0,0,0,0,0,0,1,0,4010,"PASQUALE GALLUPI, RUA",NA,"",55,"MORUMBI",1,0,"PASQUALE GALLUPI, RUA 795 SAO PAULO SP",-23.6151707,-46.7263231
"7364","D041300142",17517,"RUI BARBOSA, RUA",NA,"",618,"","21/04/2013 11:39",4,"AT",5,3210,"C"," ",1,0,0,0,0,0,0,0,0,0,0,0,0,0,0,0,0,17517,"RUI BARBOSA, RUA",NA,"",17,"CAMPO LIMPO",1,0,"RUI BARBOSA, RUA 618 SAO PAULO SP",-23.561014,-46.6451838
"7365","D041300736",855,"ALVARENGA, RUA",14267,"MORUMBI, AV",0,"","21/04/2013 11:40",2,"SI",34,2537," "," ",2,0,0,0,0,0,0,0,0,0,0,0,0,0,0,0,0,855,"ALVARENGA, RUA",14663,"NORDESTINO, RUA",55,"MORUMBI",1,0,"ALVARENGA, RUA SAO PAULO SP &  MORUMBI, AV SAO PAULO SP",-23.56847,-46.7117265
"7366","D041300457",10630,"PEDRO ALVARES CABRAL, AV",33470,"NABIA ABDALA CHOHFI, RUA",0,"","21/04/2013 11:50",2,"CO",36,1781," "," ",1,1,0,0,0,0,0,0,0,0,0,0,0,0,0,0,0,10630,"PEDRO ALVARES CABRAL, AV",12651,"MANUEL DA NOBREGA, RUA",53,"MOEMA",2,0,"PEDRO ALVARES CABRAL, AV SAO PAULO SP &  NABIA ABDALA CHOHFI, RUA SAO PAULO SP",-23.582408,-46.6572821
"7367","D041300271",4012,"CAMPINAS, RUA BR DE",8023,"GLETE, AL",0,"","21/04/2013 13:07",4,"AT",77,2283," "," ",1,0,0,0,0,0,0,0,0,0,0,0,0,0,0,0,0,4012,"CAMPINAS, RUA BR DE",8023,"GLETE, AL",70,"SANTA CECILIA",1,0,"CAMPINAS, RUA BR DE SAO PAULO SP &  GLETE, AL SAO PAULO SP",-23.5353721,-46.6480818
"7368","D041301697",8368,"GUARAPIRANGA, AV",NA,"",350,"","21/04/2013 13:47",2,"CO",92,5017," "," ",0,2,0,0,0,0,0,0,0,0,0,0,0,0,0,0,0,8368,"GUARAPIRANGA, AV",NA,"",45,"JARDIM SAO LUIS",1,0,"GUARAPIRANGA, AV 350 SAO PAULO SP",-23.6715975,-46.7345646
"7369","D041300252",4736,"CELSO GARCIA, AV",NA,"",243,"","21/04/2013 13:49",2,"QM",12,3042," "," ",0,1,0,0,0,0,0,0,0,0,0,0,0,0,0,0,0,4736,"CELSO GARCIA, AV",NA,"",82,"TATUAPE",1,0,"CELSO GARCIA, AV 243 SAO PAULO SP",-23.5395432,-46.6100406
"7371","D041301323",22589,"AURELIO BRASIL RIBEIRO, RUA",NA,"",603,"","21/04/2013 14:20",4,"AT",74,3539," "," ",1,0,0,0,0,0,0,0,0,0,0,0,0,0,0,0,0,22589,"AURELIO BRASIL RIBEIRO, RUA",NA,"",40,"JAGUARE",1,0,"AURELIO BRASIL RIBEIRO, RUA 603 SAO PAULO SP",-23.4556129,-46.7021458
"7372","D041302028",2878,"BARREIRA GRANDE, AV DA",75435,"ARRAIAS DO ARAGUAIA, AV",0,"","21/04/2013 14:30",2,"CO",41,900043," "," ",2,0,0,0,0,0,0,0,0,0,0,0,0,0,0,0,0,2878,"BARREIRA GRANDE, AV DA",75435,"ARRAIAS DO ARAGUAIA, AV",78,"SAPOPEMBA",2,0,"BARREIRA GRANDE, AV DA SAO PAULO SP &  ARRAIAS DO ARAGUAIA, AV SAO PAULO SP",-23.5850458,-46.5249226
"7373","D041302041",4349,"CARLOS DOURADO, RUA CEL",NA,"",30,"","21/04/2013 15:15",4,"AT",44,2703," "," ",1,0,0,0,0,0,0,0,0,0,0,0,0,0,0,0,0,4349,"CARLOS DOURADO, RUA CEL",NA,"",50,"LIMAO",1,0,"CARLOS DOURADO, RUA CEL 30 SAO PAULO SP",-23.5543714,-46.4141629
"7374","D041301463",8181,"GRANITO, RUA",NA,"",159,"","21/04/2013 15:30",4,"AT",42,2577," "," ",1,1,0,0,0,0,0,0,0,0,0,0,0,0,0,0,0,8181,"GRANITO, RUA",NA,"",95,"VILA PRUDENTE",2,0,"GRANITO, RUA 159 SAO PAULO SP",-23.6088654,-46.5553527
"7375","D041301244",8409,"JOAQUIM FERREIRA DA ROCHA, RUA",NA,"",1186,"","21/04/2013 15:50",4,"AT",45,3537," "," ",2,0,0,0,0,0,0,0,0,0,0,0,0,0,0,0,0,8409,"JOAQUIM FERREIRA DA ROCHA, RUA",NA,"",11,"BRASILANDIA",1,0,"JOAQUIM FERREIRA DA ROCHA, RUA 1186 SAO PAULO SP",-23.4649433,-46.6940573
"7376","D041300068",16861,"RAMOS DE AZEVEDO, PCA",NA,"",131,"","21/04/2013 16:15",4,"AT",3,2286," "," ",0,0,0,0,0,0,0,0,0,0,0,0,0,0,0,1,0,16861,"RAMOS DE AZEVEDO, PCA",NA,"",7,"BELA VISTA",1,0,"RAMOS DE AZEVEDO, PCA 131 SAO PAULO SP",-23.5453952,-46.6391791
"7377","D041301493",7497,"FRANCISCO MESQUITA, AV DR",8955,"IBITIRAMA, RUA",0,"","21/04/2013 16:25",2,"CO",56,2570," "," ",2,1,0,0,0,0,0,0,0,0,0,0,0,0,0,0,0,7497,"FRANCISCO MESQUITA, AV DR",8955,"IBITIRAMA, RUA",95,"VILA PRUDENTE",1,0,"FRANCISCO MESQUITA, AV DR SAO PAULO SP &  IBITIRAMA, RUA SAO PAULO SP",-23.5924005,-46.5851483
"7378","D041301938",9086,"IMPERADOR, RUA DO",NA,"",3009,"","21/04/2013 16:30",2,"CO",63,3033," "," ",2,0,0,0,0,0,0,0,0,0,0,0,0,0,0,0,0,9086,"IMPERADOR, RUA DO",NA,"",88,"VILA GUILHERME",2,0,"IMPERADOR, RUA DO 3009 SAO PAULO SP",-23.5192544,-46.4736116
"7379","D041302132",3900,"ABETO, RUA",NA,"",227,"","21/04/2013 17:00",4,"AT",66,1849," "," ",0,1,0,0,0,0,0,0,0,0,0,0,0,0,0,0,0,3900,"ABETO, RUA",NA,"",24,"CIDADE LIDER",3,0,"ABETO, RUA 227 SAO PAULO SP",-23.5581667,-46.5072748
"7381","D041301296",6224,"EDU CHAVES, AV",NA,"",420,"","21/04/2013 18:00",2,"CO",73,4146," "," ",1,0,0,0,1,0,0,0,0,0,0,0,0,0,0,0,0,6224,"EDU CHAVES, AV",NA,"",38,"JACANA",1,0,"EDU CHAVES, AV 420 SAO PAULO SP",-23.4715243,-46.5722583
"7382","D041300468",14517,"NETO DE ARAUJO, RUA DR",NA,"",222,"","21/04/2013 18:00",2,"CO",36,4367," "," ",1,1,0,0,0,0,0,0,0,0,0,0,0,0,0,0,0,14517,"NETO DE ARAUJO, RUA DR",NA,"",9,"BOM RETIRO",1,0,"NETO DE ARAUJO, RUA DR 222 SAO PAULO SP",-23.587346,-46.6328265
"7384","D041301963",9806,"PIRES DO RIO, AV",17160,"RIO PARANA, RUA",0,"","21/04/2013 18:20",2,"CO",64,4244," "," ",1,1,0,0,0,0,0,0,0,0,0,0,0,0,0,0,0,9806,"PIRES DO RIO, AV",19800,"VIRGINIA DE MIRANDA, RUA",76,"SAO MIGUEL",1,0,"PIRES DO RIO, AV SAO PAULO SP &  RIO PARANA, RUA SAO PAULO SP",-23.5173451,-46.443657
"7385","D041302023",3852,"CIPRIANO RODRIGUES, AV",NA,"",141,"","21/04/2013 19:00",2,"CH",41,4076," "," ",1,0,0,0,0,0,0,0,0,0,0,0,0,0,0,0,0,3852,"CIPRIANO RODRIGUES, AV",NA,"",4,"ARICANDUVA",1,0,"CIPRIANO RODRIGUES, AV 141 SAO PAULO SP",-23.5763534,-46.5212359
"7386","D041301124",351,"AGUA FRIA, AV",NA,"",999,"","21/04/2013 19:30",2,"QM",20,3613," "," ",1,1,0,0,0,0,0,0,0,0,0,0,0,0,0,0,0,351,"AGUA FRIA, AV",NA,"",71,"SANTANA",1,0,"AGUA FRIA, AV 999 SAO PAULO SP",-23.479908,-46.6220622
"7389","D041301754",13035,"MIGUEL YUNES, RUA",NA,"",1,"","21/04/2013 22:20",2,"CO",99,4428," "," ",1,1,0,0,0,0,0,0,0,0,0,0,0,0,0,0,0,13035,"MIGUEL YUNES, RUA",NA,"",16,"CAMPO GRANDE",1,0,"MIGUEL YUNES, RUA 1 SAO PAULO SP",-23.6842473,-46.6916315
"7390","D041300930",8000,"GIOVANNI GRONCHI, AV",NA,"",5091,"","21/04/2013 22:25",2,"CL",89,3339," "," ",0,1,0,0,0,0,0,0,0,0,0,1,0,0,0,0,0,8000,"GIOVANNI GRONCHI, AV",NA,"",55,"MORUMBI",1,0,"GIOVANNI GRONCHI, AV 5091 SAO PAULO SP",-23.6246611,-46.7340026
"7391","D041300871",16878,"RAPOSO TAVARES, VIA",NA,"",16500,"","21/04/2013 22:30",2,"CT",75,3336," "," ",2,0,0,0,0,0,0,0,0,0,0,0,0,0,0,0,0,16878,"RAPOSO TAVARES, VIA",NA,"",13,"CACHOEIRINHA",1,0,"RAPOSO TAVARES, VIA 16500 SAO PAULO SP",-23.520952,-48.4927693
"7392","D041302024",10503,"JOAO XXIII, AV",NA,"",1130,"","21/04/2013 22:30",2,"CO",41,4082," "," ",2,0,0,0,0,0,0,0,0,0,0,0,0,0,0,0,0,10503,"JOAO XXIII, AV",NA,"",4,"ARICANDUVA",2,0,"JOAO XXIII, AV 1130 SAO PAULO SP",-23.5711212,-46.5312832
"7393","D041301221",2458,"ATALIBA VIEIRA, RUA",6799,"EURICO SODRE, RUA",0,"","21/04/2013 23:26",2,"CO",39,4161," "," ",1,1,0,0,0,0,0,0,0,0,0,0,0,0,0,0,0,2458,"ATALIBA VIEIRA, RUA",6799,"EURICO SODRE, RUA",94,"VILA MEDEIROS",1,0,"ATALIBA VIEIRA, RUA SAO PAULO SP &  EURICO SODRE, RUA SAO PAULO SP",-23.4910319,-46.5825542
"7395","D041301222",8923,"IBICARAI, RUA",8320,"GUAPIRA, AV",0,"","21/04/2013 23:40",2,"CO",39,4162," "," ",1,1,0,0,0,0,0,0,0,0,0,0,0,0,0,0,0,8320,"GUAPIRA, AV",8923,"IBICARAI, RUA",84,"TUCURUVI",1,0,"IBICARAI, RUA SAO PAULO SP &  GUAPIRA, AV SAO PAULO SP",-23.4729316,-46.5915287
"7396","D041300897",161,"ADAO PEREIRA, AV CABO",NA,"",519,"","21/04/2013 23:55",2,"CL",87,3700," "," ",0,1,0,0,0,0,0,0,0,0,0,0,0,0,0,1,0,161,"ADAO PEREIRA, AV CABO",NA,"",64,"PIRITUBA",1,0,"ADAO PEREIRA, AV CABO 519 SAO PAULO SP",-23.4833723,-46.7174399
"7397","D041300885",14741,"MIGUEL DE CASTRO, RUA",NA,"",326,"","22/04/2013 00:05",2,"CO",87,2095," "," ",1,1,0,0,0,0,0,0,0,0,0,0,0,0,0,0,0,14741,"MIGUEL DE CASTRO, RUA",NA,"",64,"PIRITUBA",1,0,"MIGUEL DE CASTRO, RUA 326 SAO PAULO SP",-23.4821949,-46.719426
"7398","D041300896",161,"ADAO PEREIRA, AV CABO",NA,"",50,"","22/04/2013 00:10",2,"CH",87,3699," "," ",1,0,0,0,0,0,0,0,0,0,0,0,0,0,0,0,0,161,"ADAO PEREIRA, AV CABO",NA,"",64,"PIRITUBA",1,0,"ADAO PEREIRA, AV CABO 50 SAO PAULO SP",-23.4867562,-46.7149404
"7399","D041301911",17820,"TITO, AV MAL",NA,"",4579,"","22/04/2013 01:49",2,"CO",59,900051," "," ",2,0,0,0,0,0,0,0,0,0,0,0,0,0,0,0,0,17820,"TITO, AV MAL",NA,"",53,"MOEMA",1,0,"TITO, AV MAL 4579 SAO PAULO SP",-23.4965088,-46.4014739
"7400","D041302253",7742,"CATLEIAS, RUA",NA,"",1989,"","22/04/2013 02:12",2,"QV",24,4250," "," ",1,0,0,0,0,0,0,0,0,0,0,0,0,0,0,0,0,7742,"CATLEIAS, RUA",NA,"",53,"MOEMA",0,1,"CATLEIAS, RUA 1989 SAO PAULO SP",-23.4916194,-46.4537399
"7401","D041301646",20048,"YERVANT KISSAJIKIAN, AV",NA,"",200,"","22/04/2013 04:30",2,"CF",80,1411," "," ",1,0,0,0,0,0,0,0,0,0,0,1,0,0,0,0,0,20048,"YERVANT KISSAJIKIAN, AV",NA,"",29,"FREGUESIA DO O",4,0,"YERVANT KISSAJIKIAN, AV 200 SAO PAULO SP",-23.6663089,-46.6763714
"7403","D041301452",19708,"VILA EMA, AV",NA,"",2629,"","22/04/2013 05:20",2,"CO",42,1439,"B"," ",1,1,0,0,0,0,0,0,0,0,0,0,0,0,0,0,0,19708,"VILA EMA, AV",NA,"",26,"CONSOLACAO",1,0,"VILA EMA, AV 2629 SAO PAULO SP",-23.5821481,-46.5514556
"7405","D041301724",98942,"DAVIDE PEREZ, RUA",NA,"",100,"","22/04/2013 05:50",2,"CO",98,5488," "," ",0,1,0,0,0,0,0,0,1,0,0,0,0,0,0,0,0,98942,"DAVIDE PEREZ, RUA",NA,"",59,"PEDREIRA",1,0,"DAVIDE PEREZ, RUA 100 SAO PAULO SP",-23.7049415,-46.650906
"7406","D041301083",28370,"CARMOPOLIS DE MINAS, RUA",13008,"MAGARINOS TORRES, RUA",0,"","22/04/2013 06:00",2,"CO",19,1526," "," ",0,1,0,0,0,0,0,1,0,0,0,0,0,0,0,0,0,13008,"MAGARINOS TORRES, RUA",28370,"CARMOPOLIS DE MINAS, RUA",91,"VILA MARIA",2,0,"CARMOPOLIS DE MINAS, RUA SAO PAULO SP &  MAGARINOS TORRES, RUA SAO PAULO SP",-23.5209619,-46.5849127
"7407","D041300196",14317,"MUNIZ DE SOUSA, RUA",NA,"",992,"","22/04/2013 06:11",4,"AT",6,1897," "," ",1,0,0,0,0,0,0,0,0,0,0,0,0,0,0,0,0,14317,"MUNIZ DE SOUSA, RUA",NA,"",12,"BUTANTA",1,0,"MUNIZ DE SOUSA, RUA 992 SAO PAULO SP",-23.5714616,-46.6283369
"7408","D041301599",5606,"CUPECE, AV",NA,"",3436,"","22/04/2013 06:15",4,"AT",43,1533,"C"," ",1,0,0,0,0,0,0,0,0,0,0,0,0,0,0,0,0,5606,"CUPECE, AV",NA,"",22,"CIDADE ADEMAR",1,0,"CUPECE, AV 3436 SAO PAULO SP",-23.6680379,-46.6522627
"7409","D041301988",62943,"MANUEL SETUBAL, RUA",12996,"MARGARIDA CRISTINA BAUMANN, RUA",0,"","22/04/2013 06:25",4,"AT",68,1223,"C"," ",0,1,0,0,0,0,0,0,0,0,0,0,0,0,0,0,0,12996,"MARGARIDA CRISTINA BAUMANN, RUA",62943,"MANUEL SETUBAL, RUA",47,"LAJEADO",1,0,"MANUEL SETUBAL, RUA SAO PAULO SP &  MARGARIDA CRISTINA BAUMANN, RUA SAO PAULO SP",-23.5290428,-46.4310434
"7411","D041301239",34562,"JOAO PAULO I, AV",NA,"",1700,"","22/04/2013 06:50",2,"CL",45,971," "," ",0,1,0,0,0,0,0,0,1,0,0,0,0,0,0,0,0,34562,"JOAO PAULO I, AV",NA,"",4,"ARICANDUVA",1,0,"JOAO PAULO I, AV 1700 SAO PAULO SP",-23.4791035,-46.6857072
"7413","D041301939",46936,"JACU-PESSEGO/NOVA TRABALHADORE, AV",NA,"",100,"","22/04/2013 07:50",2,"CT",63,3054," "," ",0,1,0,0,0,0,0,0,0,0,0,1,0,0,0,0,0,46936,"JACU-PESSEGO/NOVA TRABALHADORE, AV",NA,"",46,"JOSE BONIFACIO",1,0,"JACU-PESSEGO/NOVA TRABALHADORE, AV 100 SAO PAULO SP",-23.5318107,-46.4561889
"7415","D041300821",24356,"PAULO RIBEIRO COELHO, RUA DR",33515,"JOSE FILIPE DA SILVA, RUA",0,"","22/04/2013 08:06",2,"SI",51,1809," "," ",1,1,0,0,0,0,0,0,0,0,0,0,0,0,0,0,0,24354,"DOMENICO MARTINELLI, AV",24356,"PAULO RIBEIRO COELHO, RUA DR",68,"RIO PEQUENO",1,0,"PAULO RIBEIRO COELHO, RUA DR SAO PAULO SP &  JOSE FILIPE DA SILVA, RUA SAO PAULO SP",-23.5801122,-46.7608642
"7417","D041300603",7617,"FREDERICO HERMAN JUNIOR, AV PROF",NA,"",345,"","22/04/2013 09:00",2,"CO",14,3896," "," ",1,1,0,0,0,0,0,0,0,0,0,0,0,0,0,0,0,7617,"FREDERICO HERMAN JUNIOR, AV PROF",NA,"",63,"PINHEIROS",1,0,"FREDERICO HERMAN JUNIOR, AV PROF 345 SAO PAULO SP",-23.561177,-46.7017701
"7418","D041300931",61245,"JOSE RAMON URTIZA, RUA",NA,"",768,"","22/04/2013 09:40",2,"SI",89,3347," "," ",2,0,0,0,0,0,0,0,0,0,0,0,0,0,0,0,0,61245,"JOSE RAMON URTIZA, RUA",NA,"",29,"FREGUESIA DO O",1,0,"JOSE RAMON URTIZA, RUA 768 SAO PAULO SP",-23.6336971,-46.7319231
"7419","D041300362",10918,"JOSE DINIZ, AV VER",NA,"",2020,"","22/04/2013 10:10",2,"CT",27,4163," "," ",2,0,0,0,0,0,0,0,0,0,0,0,0,0,0,0,0,10918,"JOSE DINIZ, AV VER",NA,"",15,"CAMPO BELO",1,0,"JOSE DINIZ, AV VER 2020 SAO PAULO SP",-23.6268334,-46.6838561
"7420","D041301522",5448,"COTEGIPE, RUA CONS",16931,"REDENCAO, RUA",0,"","22/04/2013 10:22",2,"CO",81,1126," "," ",2,0,0,0,0,0,0,0,0,0,0,0,0,0,0,0,0,5448,"COTEGIPE, RUA CONS",16931,"REDENCAO, RUA",8,"BELEM",1,0,"COTEGIPE, RUA CONS SAO PAULO SP &  REDENCAO, RUA SAO PAULO SP",-23.5381953,-46.5916171
"7421","D041300886",15626,"PAULA FERREIRA, AV",NA,"",1718,"","22/04/2013 10:30",2,"SI",87,2115," "," ",1,1,0,0,0,0,0,0,0,0,0,0,0,0,0,0,0,15626,"PAULA FERREIRA, AV",NA,"",64,"PIRITUBA",1,0,"PAULA FERREIRA, AV 1718 SAO PAULO SP",-23.4963679,-46.7128056
"7422","D041301005",10622,"JOAQUINA RAMALHO, AV",NA,"",1350,"","22/04/2013 10:30",2,"CO",9,2353," "," ",1,1,0,0,0,0,0,0,0,0,0,0,0,0,0,0,0,10622,"JOAQUINA RAMALHO, AV",NA,"",88,"VILA GUILHERME",1,0,"JOAQUINA RAMALHO, AV 1350 SAO PAULO SP",-23.5049369,-46.6039779
"7423","D041301312",16838,"RAIMUNDO PEREIRA DE MAGAL., AV",15425,"CANTIDIO SAMPAIO, AV DEP",0,"","22/04/2013 11:00",2,"CO",74,1769," "," ",1,1,0,0,0,0,0,0,0,0,0,0,0,0,0,0,0,15425,"CANTIDIO SAMPAIO, AV DEP",16838,"RAIMUNDO PEREIRA DE MAGAL., AV",41,"JARAGUA",1,0,"RAIMUNDO PEREIRA DE MAGAL., AV SAO PAULO SP &  CANTIDIO SAMPAIO, AV DEP SAO PAULO SP",-23.4806625,-46.7253209
"7424","D041301989",1076,"AMERICANO FREIRE, RUA GAL",NA,"",38,"","22/04/2013 11:35",4,"AT",68,1230," "," ",0,1,0,0,0,0,0,0,0,0,0,0,0,0,0,0,0,1076,"AMERICANO FREIRE, RUA GAL",NA,"",47,"LAJEADO",1,0,"AMERICANO FREIRE, RUA GAL 38 SAO PAULO SP",-23.5392688,-46.4084503
"7425","D041300363",19931,"WASHINGTON LUIS, AV",NA,"",7077,"","22/04/2013 12:04",2,"SI",27,4174," "," ",1,1,0,0,0,0,0,0,0,0,0,0,0,0,0,0,0,19931,"WASHINGTON LUIS, AV",NA,"",30,"GRAJAU",1,0,"WASHINGTON LUIS, AV 7077 SAO PAULO SP",-23.6214774,-46.661948
"7426","D041301954",21253,"AGUIA DE HAIA, AV",NA,"",2636,"","22/04/2013 12:15",4,"AT",64,3304," "," ",0,1,0,0,0,0,0,0,0,0,0,0,0,0,0,0,0,21253,"AGUIA DE HAIA, AV",NA,"",0,"NULL",1,0,"AGUIA DE HAIA, AV 2636 SAO PAULO SP",-23.5226622,-46.4752449
"7427","D041301143",5947,"EDGAR FACO, AV GAL",NA,"",100,"","22/04/2013 12:21",2,"CH",28,2143," "," ",4,1,0,0,0,0,0,0,0,0,0,0,0,0,0,0,0,5947,"EDGAR FACO, AV GAL",NA,"",64,"PIRITUBA",1,0,"EDGAR FACO, AV GAL 100 SAO PAULO SP",-23.5055552,-46.7059463
"7428","D041302036",73357,"UTARO KANAI, RUA",NA,"",126,"","22/04/2013 12:23",2,"CO",44,2435,"C"," ",0,1,0,0,0,0,0,0,1,0,0,0,0,0,0,0,0,73357,"UTARO KANAI, RUA",NA,"",50,"LIMAO",1,0,"UTARO KANAI, RUA 126 SAO PAULO SP",-23.5665001,-46.4001578
"7429","D041301896",16652,"ANTONIO JOAO DE MEDEIROS, RUA",NA,"",810,"","22/04/2013 12:30",4,"AT",50,5153," "," ",0,1,0,0,0,0,0,0,0,0,0,0,0,0,0,0,0,16652,"ANTONIO JOAO DE MEDEIROS, RUA",NA,"",54,"MOOCA",1,0,"ANTONIO JOAO DE MEDEIROS, RUA 810 SAO PAULO SP",-23.5097139,-46.3981174
"7430","D041300416",8816,"GUSTAVO DA SILVEIRA, RUA",NA,"",1340,"","22/04/2013 12:56",2,"CO",35,3447," "," ",1,0,0,1,0,0,0,0,0,0,0,0,0,0,0,0,0,8816,"GUSTAVO DA SILVEIRA, RUA",NA,"",37,"JABAQUARA",2,0,"GUSTAVO DA SILVEIRA, RUA 1340 SAO PAULO SP",-23.6555695,-46.6541244
"7431","D041300733",7500,"FRANCISCO MORATO, AV PROF",NA,"",3243,"","22/04/2013 13:00",2,"CO",34,2434," "," ",1,1,0,0,0,0,0,0,0,0,0,0,0,0,0,0,0,7500,"FRANCISCO MORATO, AV PROF",NA,"",12,"BUTANTA",1,0,"FRANCISCO MORATO, AV PROF 3243 SAO PAULO SP",-23.5894399,-46.7291079
"7432","D041302008",18940,"TIBURCIO DE SOUSA, RUA",NA,"",1085,"","22/04/2013 13:00",2,"CO",50,5016,"B"," ",1,1,0,0,0,0,0,0,0,0,0,0,0,0,0,0,0,18940,"TIBURCIO DE SOUSA, RUA",NA,"",35,"ITAIM PAULISTA",1,0,"TIBURCIO DE SOUSA, RUA 1085 SAO PAULO SP",-23.506596,-46.3959074