"","id_acidente","codloga","logradouroA","codlogb","logradouroB","alt_num","referencia","data","cod_acid","tipo_acidente","dp","numero_BO","sentido","pista","automovel","moto","onibus","caminhao","bicicleta","moto_taxi","onibus_fretado","onibus_urbano","microonibus","van","vuc","caminhonete","carreta","jipe","outros","sem_informacao","carroca","princ_a","paiA","princ_b","paiB","cod_distrito","distrito","vit_ferida","vit_morta","local","lat","lon"
"7433","D041300234",19742,"VINTE E CINCO DE JANEIRO, RUA",18993,"TIRADENTES, AV",0,"","22/04/2013 13:10",2,"CO",12,2308," "," ",1,0,0,0,0,0,0,0,0,0,0,1,0,0,0,0,0,18993,"TIRADENTES, AV",19742,"VINTE E CINCO DE JANEIRO, RUA",NA,"",1,0,"VINTE E CINCO DE JANEIRO, RUA SAO PAULO SP &  TIRADENTES, AV SAO PAULO SP",-23.5355897,-46.6306144
"7434","D041300663",4216,"CARAIBAS, RUA",NA,"",980,"","22/04/2013 13:12",4,"AT",23,2207,"B"," ",0,0,0,0,0,0,0,0,0,0,0,1,0,0,0,0,0,4216,"CARAIBAS, RUA",NA,"",61,"PERDIZES",1,0,"CARAIBAS, RUA 980 SAO PAULO SP",-23.5357881,-46.6849629
"7437","D041300887",16838,"RAIMUNDO PEREIRA DE MAGAL., AV",NA,"",3098,"","22/04/2013 14:00",4,"AT",87,2124," "," ",1,0,0,0,0,0,0,0,0,0,0,0,0,0,0,0,0,16838,"RAIMUNDO PEREIRA DE MAGAL., AV",NA,"",31,"GUAIANASES",1,0,"RAIMUNDO PEREIRA DE MAGAL., AV 3098 SAO PAULO SP",-23.4974996,-46.7253715
"7438","D041300323",16200,"PIASSANGUABA, AV",9162,"INDIGENAS, AL DOS",0,"","22/04/2013 14:00",2,"SI",16,5341," "," ",1,1,0,0,0,0,0,0,0,0,0,0,0,0,0,0,0,9162,"INDIGENAS, AL DOS",16200,"PIASSANGUABA, AV",79,"SAUDE",1,0,"PIASSANGUABA, AV SAO PAULO SP &  INDIGENAS, AL DOS SAO PAULO SP",-23.6138411,-46.647679
"7439","D041301133",18151,"SEZEFREDO FAGUNDES, AV CEL",NA,"",2218,"","22/04/2013 14:05",4,"AT",20,900047," "," ",0,1,0,0,0,0,0,0,0,0,0,0,0,0,0,0,0,18151,"SEZEFREDO FAGUNDES, AV CEL",NA,"",22,"CIDADE ADEMAR",1,0,"SEZEFREDO FAGUNDES, AV CEL 2218 SAO PAULO SP",-23.4597566,-46.6024628
"7440","D041301894",75207,"SARGACO, RUA",21475,"MANUEL LEMES DA SILVA, RUA",0,"","22/04/2013 14:50",2,"QM",50,4982,"B"," ",0,1,0,0,0,0,0,0,0,0,0,0,0,0,0,0,0,21475,"MANUEL LEMES DA SILVA, RUA",75207,"SARGACO, RUA",35,"ITAIM PAULISTA",1,0,"SARGACO, RUA SAO PAULO SP &  MANUEL LEMES DA SILVA, RUA SAO PAULO SP",-23.4964172,-46.3734848
"7443","D041300258",3231,"BENTO FREITAS, RUA",NA,"",111,"","22/04/2013 15:10",4,"AT",77,1643," "," ",1,0,0,0,0,0,0,0,0,0,0,0,0,0,0,0,0,3231,"BENTO FREITAS, RUA",NA,"",67,"REPUBLICA",2,0,"BENTO FREITAS, RUA 111 SAO PAULO SP",-23.5427879,-46.6454807
"7444","D041300048",17799,"SANTOS DUMONT, AV",NA,"",814,"","22/04/2013 15:30",2,"CO",2,2312," "," ",1,1,0,0,0,0,0,0,0,0,0,0,0,0,0,0,0,17799,"SANTOS DUMONT, AV",NA,"",15,"CAMPO BELO",1,0,"SANTOS DUMONT, AV 814 SAO PAULO SP",-23.5211696,-46.6302525
"7445","D041301740",9220,"INTERLAGOS, AV",NA,"",2484,"","22/04/2013 16:25",4,"AT",99,1788,"B"," ",0,0,1,0,0,0,0,0,0,0,0,0,0,0,0,0,0,9220,"INTERLAGOS, AV",NA,"",16,"CAMPO GRANDE",1,0,"INTERLAGOS, AV 2484 SAO PAULO SP",-23.6535957,-46.6799719
"7446","D041301605",16276,"JUAN DE LA CRUZ, RUA",NA,"",365,"","22/04/2013 16:33",2,"CT",43,4302," "," ",0,1,0,0,0,0,0,1,0,0,0,0,0,0,0,0,0,16276,"JUAN DE LA CRUZ, RUA",NA,"",42,"JARDIM ANGELA",1,0,"JUAN DE LA CRUZ, RUA 365 SAO PAULO SP",-23.6625402,-46.6616918
"7447","D041301015",14270,"MORVAN DIAS DE FIGUEIREDO, AV",NA,"",12,"","22/04/2013 17:15",2,"QM",9,3073," "," ",0,1,0,0,0,0,0,0,0,0,0,0,0,0,0,0,0,29772,"MARGINAL DO RIO TIETE, AV",NA,"",0,"NULL",1,0,"MORVAN DIAS DE FIGUEIREDO, AV 12 SAO PAULO SP",-23.5243147,-46.5994809
"7448","D041300644",8889,"HUNGRIA, RUA",6345,"ELISA PEREIRA DE BARROS, RUA DONA",0,"","22/04/2013 17:30",2,"CO",15,3919," "," ",1,1,0,0,0,0,0,0,0,0,0,0,0,0,0,0,0,6345,"ELISA PEREIRA DE BARROS, RUA DONA",8889,"HUNGRIA, RUA",63,"PINHEIROS",1,0,"HUNGRIA, RUA SAO PAULO SP &  ELISA PEREIRA DE BARROS, RUA DONA SAO PAULO SP",-23.5745563,-46.6969855
"7449","D041301720",76295,"RITA MATHILDE COSTA, RUA",NA,"",123,"","22/04/2013 17:40",4,"AT",98,4468," "," ",1,0,0,0,0,0,0,0,0,0,0,0,0,0,0,0,0,76295,"RITA MATHILDE COSTA, RUA",NA,"",29,"FREGUESIA DO O",1,0,"RITA MATHILDE COSTA, RUA 123 SAO PAULO SP",-23.691779,-46.6597672
"7450","D041301408",14202,"MONTESINA, RUA",15047,"ORFANATO, RUA",0,"","22/04/2013 17:40",2,"CO",29,1056," "," ",0,1,0,0,0,0,0,0,0,0,0,0,0,0,0,1,0,14202,"MONTESINA, RUA",15047,"ORFANATO, RUA",87,"VILA FORMOSA",1,0,"MONTESINA, RUA SAO PAULO SP &  ORFANATO, RUA SAO PAULO SP",-23.5741827,-46.5693288
"7451","D041302089",45319,"MALMEQUER DO CAMPO, RUA",NA,"",1530,"","22/04/2013 18:00",4,"AT",53,2735," "," ",0,0,0,0,0,0,0,0,0,0,0,0,0,0,0,1,0,45319,"MALMEQUER DO CAMPO, RUA",NA,"",58,"PARQUE DO CARMO",1,0,"MALMEQUER DO CAMPO, RUA 1530 SAO PAULO SP",-23.5854756,-46.4489858
"7452","D041301324",34530,"FRIEDRICH VON VOITH, RUA",NA,"",100,"","22/04/2013 18:20",4,"AT",74,3587," "," ",0,1,0,0,0,0,0,0,0,0,0,0,0,0,0,0,0,34530,"FRIEDRICH VON VOITH, RUA",NA,"",52,"MARSILAC",1,0,"FRIEDRICH VON VOITH, RUA 100 SAO PAULO SP",-23.4480802,-46.7351834
"7453","D041301245",15485,"PARAPUA, RUA",NA,"",783,"","22/04/2013 18:50",4,"AT",45,3589,"C"," ",1,0,0,0,0,0,0,0,0,0,0,0,0,0,0,0,0,15485,"PARAPUA, RUA",NA,"",4,"ARICANDUVA",1,0,"PARAPUA, RUA 783 SAO PAULO SP",-23.4777735,-46.6910126
"7454","D041300117",15656,"PAULISTA, AV",17240,"ROCHA AZEVEDO, AL MIN",0,"","22/04/2013 18:52",2,"CT",4,3255," "," ",0,1,0,0,0,0,0,0,0,0,0,0,0,0,0,1,0,15656,"PAULISTA, AV",17240,"ROCHA AZEVEDO, AL MIN",7,"BELA VISTA",1,0,"PAULISTA, AV SAO PAULO SP &  ROCHA AZEVEDO, AL MIN SAO PAULO SP",-23.5625897,-46.6549244
"7455","D041300207",15967,"PEDRO I, AV DOM",13383,"MARIANO PROCOPIO, RUA",0,"","22/04/2013 18:59",2,"SI",6,3077," "," ",0,0,0,0,1,0,0,0,0,0,0,0,0,0,0,0,0,13383,"MARIANO PROCOPIO, RUA",15967,"PEDRO I, AV DOM",33,"IPIRANGA",1,0,"PEDRO I, AV DOM SAO PAULO SP &  MARIANO PROCOPIO, RUA SAO PAULO SP",-23.5771805,-46.6103202
"7456","D041300705",9197,"CERES, RUA",NA,"",76,"","22/04/2013 19:00",2,"CH",33,3745," "," ",1,1,0,0,0,0,0,0,0,0,0,0,0,0,0,0,0,9197,"CERES, RUA",NA,"",31,"GUAIANASES",1,0,"CERES, RUA 76 SAO PAULO SP",-23.4850854,-46.7519943
"7457","D041302190",3523,"BOSQUE DA SAUDE, AV",NA,"",568,"","22/04/2013 19:20",4,"AT",16,5357," "," ",1,1,0,0,0,0,0,0,0,0,0,0,0,0,0,0,0,3523,"BOSQUE DA SAUDE, AV",NA,"",27,"CURSINO",2,1,"BOSQUE DA SAUDE, AV 568 SAO PAULO SP",-23.6116875,-46.6328219
"7459","D041302170",22002,"FREDERICO M. DA COSTA CARVALHO, AV DR",NA,"",940,"","22/04/2013 19:50",4,"AT",70,4103," "," ",0,0,0,0,0,0,0,0,0,0,0,0,0,0,0,1,0,22002,"FREDERICO M. DA COSTA CARVALHO, AV DR",NA,"",56,"PARELHEIROS",1,0,"FREDERICO M. DA COSTA CARVALHO, AV DR 940 SAO PAULO SP",-23.6087608,-46.5163856
"7460","D041301246",6361,"ELISIO TEIXEIRA LEITE, AV",NA,"",5242,"","22/04/2013 19:58",2,"CO",45,3594,"C"," ",1,1,0,0,0,0,0,0,0,0,0,0,0,0,0,0,0,6361,"ELISIO TEIXEIRA LEITE, AV",NA,"",29,"FREGUESIA DO O",1,0,"ELISIO TEIXEIRA LEITE, AV 5242 SAO PAULO SP",-23.4546429,-46.7121659
"7464","D041301400",12156,"LUIZ AYRES, RUA DR",NA,"",100,"","22/04/2013 20:25",2,"CT",21,4524," "," ",1,1,0,0,0,0,0,0,0,0,0,0,0,0,0,0,0,12156,"LUIZ AYRES, RUA DR",NA,"",5,"ARTUR ALVIM",1,0,"LUIZ AYRES, RUA DR 100 SAO PAULO SP",-23.5320953,-46.5007163
"7465","D041302029",2878,"BARREIRA GRANDE, AV DA",76079,"JOSUE CARMINO BRUNO, RUA",0,"","22/04/2013 21:00",2,"CO",41,900044," "," ",1,1,1,0,0,0,0,0,0,0,0,0,0,0,0,0,0,2878,"BARREIRA GRANDE, AV DA",76079,"JOSUE CARMINO BRUNO, RUA",78,"SAPOPEMBA",1,0,"BARREIRA GRANDE, AV DA SAO PAULO SP &  JOSUE CARMINO BRUNO, RUA SAO PAULO SP",-23.5850458,-46.5249226
"7468","D041300208",15967,"PEDRO I, AV DOM",9148,"INDEPENDENCIA (CAMBUCI), RUA DA",0,"","22/04/2013 22:00",2,"CO",6,3080," "," ",0,2,0,0,0,0,0,0,0,0,0,0,0,0,0,0,0,9148,"INDEPENDENCIA (CAMBUCI), RUA DA",15967,"PEDRO I, AV DOM",14,"CAMBUCI",1,0,"PEDRO I, AV DOM SAO PAULO SP &  INDEPENDENCIA (CAMBUCI), RUA DA SAO PAULO SP",-23.5771805,-46.6103202
"7469","D041300511",609,"ALENCAR ARARIPE, RUA",2121,"ARAUJO GONDIM, RUA",0,"","22/04/2013 22:36",2,"CO",95,3496," "," ",0,1,1,0,0,0,0,0,0,0,0,0,0,0,0,0,0,609,"ALENCAR ARARIPE, RUA",2121,"ARAUJO GONDIM, RUA",69,"SACOMA",2,0,"ALENCAR ARARIPE, RUA SAO PAULO SP &  ARAUJO GONDIM, RUA SAO PAULO SP",-23.6148971,-46.5969158
"7470","D041300178",6070,"DONATARIOS, RUA DOS",4014,"CAMPINEIROS, RUA DOS",0,"","22/04/2013 22:37",2,"CO",8,3082," "," ",1,1,0,0,0,0,0,0,0,0,0,0,0,0,0,0,0,4014,"CAMPINEIROS, RUA DOS",6070,"DONATARIOS, RUA DOS",54,"MOOCA",1,0,"DONATARIOS, RUA DOS SAO PAULO SP &  CAMPINEIROS, RUA DOS SAO PAULO SP",-23.5558504,-46.593635
"7471","D041301530",4736,"CELSO GARCIA, AV",4632,"CATUMBI, RUA",0,"","22/04/2013 23:37",2,"CO",81,2301," "," ",1,1,0,0,0,0,0,0,0,0,0,0,0,0,0,0,0,4736,"CELSO GARCIA, AV",17613,"SALDANHA MARINHO, RUA",8,"BELEM",1,0,"CELSO GARCIA, AV SAO PAULO SP &  CATUMBI, RUA SAO PAULO SP",-23.5359522,-46.5717652
"7472","D041301125",14767,"NOVA CANTAREIRA, AV",NA,"",683,"","23/04/2013 00:26",2,"CO",20,3661," "," ",0,1,0,0,0,0,0,0,0,0,0,0,0,0,0,1,0,14767,"NOVA CANTAREIRA, AV",NA,"",83,"TREMEMBE",1,0,"NOVA CANTAREIRA, AV 683 SAO PAULO SP",-23.4865807,-46.6188847
"7473","D041301359",43777,"CARVALHO PINTO, AV GOV",13881,"MIGUEL, AV S",0,"","23/04/2013 00:30",2,"CL",10,4300," "," ",0,1,0,0,0,0,0,0,0,0,0,1,0,0,0,0,0,13881,"MIGUEL, AV S",43777,"CARVALHO PINTO, AV GOV",60,"PENHA",1,0,"CARVALHO PINTO, AV GOV SAO PAULO SP &  MIGUEL, AV S SAO PAULO SP",-23.5149544,-46.5203738
"7474","D041301494",7497,"FRANCISCO MESQUITA, AV DR",NA,"",1000,"","23/04/2013 02:00",4,"AT",56,2607," "," ",1,0,0,0,0,0,0,0,0,0,0,0,0,0,0,0,0,7497,"FRANCISCO MESQUITA, AV DR",NA,"",95,"VILA PRUDENTE",1,0,"FRANCISCO MESQUITA, AV DR 1000 SAO PAULO SP",-23.5931687,-46.5851869
"7475","D041300049",17799,"SANTOS DUMONT, AV",7364,"FRANCISCO BORGES, RUA",0,"","23/04/2013 05:37",2,"QD",2,2323," "," ",0,0,0,0,0,0,0,1,0,0,0,0,0,0,0,0,0,7364,"FRANCISCO BORGES, RUA",17799,"SANTOS DUMONT, AV",9,"BOM RETIRO",1,0,"SANTOS DUMONT, AV SAO PAULO SP &  FRANCISCO BORGES, RUA SAO PAULO SP",-23.5257861,-46.6307889
"7477","D041302000",37209,"NAGIB FARAH MALUF, AV",NA,"",1500,"","23/04/2013 06:20",4,"AT",103,1666," "," ",1,0,0,0,0,0,0,0,0,0,0,0,0,0,0,0,0,37209,"NAGIB FARAH MALUF, AV",NA,"",50,"LIMAO",1,0,"NAGIB FARAH MALUF, AV 1500 SAO PAULO SP",-23.5413279,-46.4325605
"7478","D041302101",45354,"SARA KUBITSCHEK, RUA",45362,"CADERNOS DE VIAGEM, RUA",0,"","23/04/2013 06:55",2,"CO",54,2262," "," ",1,1,0,0,0,0,0,0,0,0,0,0,0,0,0,0,0,45354,"SARA KUBITSCHEK, RUA",45369,"CONTO DE AREIA, RUA",25,"CIDADE TIRADENT",1,0,"SARA KUBITSCHEK, RUA SAO PAULO SP &  CADERNOS DE VIAGEM, RUA SAO PAULO SP",-23.580707,-46.4041414
"7479","D041301565",10918,"JOSE DINIZ, AV VER",NA,"",324,"","23/04/2013 07:00",2,"QM",11,4500," "," ",0,1,0,0,0,0,0,0,0,0,0,0,0,0,0,0,0,10918,"JOSE DINIZ, AV VER",NA,"",15,"CAMPO BELO",2,0,"JOSE DINIZ, AV VER 324 SAO PAULO SP",-23.6395891,-46.695773
"7480","D041301677",4754,"AGOSTINHO RUBIN, AV",NA,"",491,"","23/04/2013 07:10",2,"SI",92,2528," "," ",1,1,0,0,0,0,0,0,0,0,0,0,0,0,0,0,0,4754,"AGOSTINHO RUBIN, AV",NA,"",19,"CAPAO REDONDO",1,0,"AGOSTINHO RUBIN, AV 491 SAO PAULO SP",-23.6573688,-46.76138
"7481","D041301899",4106,"CANDIDO GOMIDE, RUA",17857,"SARDOA, RUA",0,"","23/04/2013 07:10",2,"CO",50,5527," "," ",1,1,0,0,0,0,0,0,0,0,0,0,0,0,0,0,0,4106,"CANDIDO GOMIDE, RUA",17857,"SARDOA, RUA",35,"ITAIM PAULISTA",1,0,"CANDIDO GOMIDE, RUA SAO PAULO SP &  SARDOA, RUA SAO PAULO SP",-23.4993422,-46.3932023
"7482","D041300987",14270,"MORVAN DIAS DE FIGUEIREDO, AV",NA,"",350,"","23/04/2013 07:20",2,"QM",9,1544," "," ",0,1,0,0,0,0,0,0,0,0,0,0,0,0,0,0,0,29772,"MARGINAL DO RIO TIETE, AV",NA,"",0,"NULL",1,0,"MORVAN DIAS DE FIGUEIREDO, AV 350 SAO PAULO SP",-23.5180631,-46.6196622
"7483","D041301636",9220,"INTERLAGOS, AV",NA,"",5073,"","23/04/2013 07:26",2,"SI",48,1547," "," ",1,1,0,0,0,0,0,0,0,0,0,0,0,0,0,0,0,9220,"INTERLAGOS, AV",NA,"",16,"CAMPO GRANDE",1,0,"INTERLAGOS, AV 5073 SAO PAULO SP",-23.6905286,-46.697781
"7484","D041301313",18594,"TAIPAS, ES",NA,"",1800,"","23/04/2013 07:27",2,"CF",74,1790," "," ",0,1,0,0,0,0,0,0,0,0,0,1,0,0,0,0,0,18594,"TAIPAS, ES",NA,"",52,"MARSILAC",1,0,"TAIPAS, ES 1800 SAO PAULO SP",-23.4261258,-46.7260757
"7485","D041301570",6238,"NACOES UNIDAS, AV DAS",NA,"",17890,"","23/04/2013 07:30",2,"CO",11,4580," "," ",1,1,0,0,0,0,0,0,0,0,0,0,0,0,0,0,0,13014,"MARGINAL DO RIO PINHEIROS, AV",NA,"",90,"VILA LEOPOLDINA",1,0,"NACOES UNIDAS, AV DAS 17890 SAO PAULO SP",-23.6791504,-46.6960739
"7487","D041301566",1085,"AMERICO BRASILIENSE, RUA",9103,"INACIO BORBA, RUA",0,"","23/04/2013 07:30",2,"CL",11,4505," "," ",1,1,0,0,0,0,0,0,0,0,0,0,0,0,0,0,0,1085,"AMERICO BRASILIENSE, RUA",9103,"INACIO BORBA, RUA",72,"SANTO AMARO",1,0,"AMERICO BRASILIENSE, RUA SAO PAULO SP &  INACIO BORBA, RUA SAO PAULO SP",-23.6335602,-46.6985294
"7489","D041301859",98965,"CALIM EID, AV",NA,"",439,"","23/04/2013 07:50",2,"CO",24,4783," "," ",2,0,0,0,0,0,0,0,0,0,0,0,0,0,0,0,0,98965,"CALIM EID, AV",NA,"",60,"PENHA",1,0,"CALIM EID, AV 439 SAO PAULO SP",-23.5201145,-46.5083221
"7490","D041302090",46936,"JACU-PESSEGO/NOVA TRABALHADORE, AV",NA,"",177,"","23/04/2013 07:55",2,"CO",53,2742," "," ",1,1,0,0,0,0,0,0,0,0,0,0,0,0,0,0,0,46936,"JACU-PESSEGO/NOVA TRABALHADORE, AV",NA,"",46,"JOSE BONIFACIO",1,0,"JACU-PESSEGO/NOVA TRABALHADORE, AV 177 SAO PAULO SP",-23.5315086,-46.4564166
"7491","D041301475",15304,"PAES DE BARROS, AV",15275,"PACHECO E CHAVES, RUA CAP",0,"","23/04/2013 08:05",2,"CT",56,720," "," ",1,0,1,0,0,0,0,0,0,0,0,0,0,0,0,0,0,15275,"PACHECO E CHAVES, RUA CAP",15304,"PAES DE BARROS, AV",95,"VILA PRUDENTE",1,0,"PAES DE BARROS, AV SAO PAULO SP &  PACHECO E CHAVES, RUA CAP SAO PAULO SP",-23.5743005,-46.5876557
"7492","D041300485",13915,"MIGUEL ESTEFANO, AV",NA,"",3900,"","23/04/2013 08:09",2,"CO",83,963," "," ",0,1,0,0,0,0,0,0,0,0,0,1,0,0,0,0,0,13915,"MIGUEL ESTEFANO, AV",NA,"",27,"CURSINO",1,0,"MIGUEL ESTEFANO, AV 3900 SAO PAULO SP",-23.6478326,-46.6244984
"7493","D041301214",6475,"ALDEIA VINTE DE SETEMBRO, RUA",NA,"",594,"","23/04/2013 08:30",2,"CF",39,1886," "," ",1,0,0,0,0,0,0,0,0,0,0,1,0,0,0,0,0,6475,"ALDEIA VINTE DE SETEMBRO, RUA",NA,"",94,"VILA MEDEIROS",2,0,"ALDEIA VINTE DE SETEMBRO, RUA 594 SAO PAULO SP",-23.4948122,-46.5943572
"7495","D041300878",5680,"JOAQUIM DE SANTANA, AV",NA,"",202,"","23/04/2013 09:00",4,"AT",75,3604," "," ",0,0,0,0,0,0,0,0,0,0,0,0,0,0,0,1,0,5680,"JOAQUIM DE SANTANA, AV",NA,"",66,"RAPOSO TAVARES",1,0,"JOAQUIM DE SANTANA, AV 202 SAO PAULO SP",-23.5988241,-46.7868404
"7496","D041302067",9044,"RAGUEB CHOHFI, AV",NA,"",2000,"","23/04/2013 09:00",2,"CO",49,5223," "," ",1,1,0,0,0,0,0,0,0,0,0,0,0,0,0,0,0,9044,"RAGUEB CHOHFI, AV",NA,"",32,"IGUATEMI",2,0,"RAGUEB CHOHFI, AV 2000 SAO PAULO SP",-23.5988274,-46.4654504
"7497","D041301176",9170,"INES, AV STA",NA,"",1001,"","23/04/2013 09:28",4,"AT",38,2050," "," ",1,0,0,0,0,0,0,0,0,0,0,0,0,0,0,0,0,9170,"INES, AV STA",NA,"",51,"MANDAQUI",1,0,"INES, AV STA 1001 SAO PAULO SP",-23.4710893,-46.6299565
"7498","D041301941",10340,"JOAO JOSE RODRIGUES, RUA",NA,"",64,"","23/04/2013 10:00",2,"CO",63,3091," "," ",1,1,0,0,0,0,0,0,0,0,0,0,0,0,0,0,0,10340,"JOAO JOSE RODRIGUES, RUA",NA,"",76,"SAO MIGUEL",1,0,"JOAO JOSE RODRIGUES, RUA 64 SAO PAULO SP",-23.4933257,-46.4509108
"7499","D041301006",1039,"AMAZONAS DA SILVA, RUA",10497,"JOAO VENTURA BATISTA, RUA",0,"","23/04/2013 11:15",2,"CO",9,2372," "," ",1,0,0,1,0,0,0,0,0,0,0,0,0,0,0,0,0,1039,"AMAZONAS DA SILVA, RUA",10497,"JOAO VENTURA BATISTA, RUA",88,"VILA GUILHERME",1,0,"AMAZONAS DA SILVA, RUA SAO PAULO SP &  JOAO VENTURA BATISTA, RUA SAO PAULO SP",-23.5169466,-46.611274
"7500","D041300502",1247,"ANCHIETA, VIA",NA,"",10850,"","23/04/2013 11:45",2,"CO",95,1912," "," ",3,0,0,0,0,0,0,0,0,0,0,0,0,0,0,1,0,1247,"ANCHIETA, VIA",NA,"",33,"IPIRANGA",1,0,"ANCHIETA, VIA 10850 SAO PAULO SP",-23.6433577,-46.5860313
"7501","D041300080",17115,"RIO BRANCO, AV",NA,"",409,"","23/04/2013 11:55",4,"AT",3,3328," "," ",0,0,0,0,0,0,0,0,0,0,0,1,0,0,0,0,0,17115,"RIO BRANCO, AV",NA,"",5,"ARTUR ALVIM",1,0,"RIO BRANCO, AV 409 SAO PAULO SP",-23.53952,-46.6404383
"7502","D041302136",17135,"RIO DAS PEDRAS, AV",14875,"ODILON PIRES, AV",0,"","23/04/2013 12:00",2,"CF",66,3373," "," ",0,1,0,0,0,0,0,0,0,0,0,1,0,0,0,0,0,14875,"ODILON PIRES, AV",17135,"RIO DAS PEDRAS, AV",4,"ARICANDUVA",1,0,"RIO DAS PEDRAS, AV SAO PAULO SP &  ODILON PIRES, AV SAO PAULO SP",-23.5630062,-46.5152683
"7503","D041302147",17135,"RIO DAS PEDRAS, AV",14875,"ODILON PIRES, AV",0,"","23/04/2013 12:00",2,"CF",66,3373," "," ",0,1,0,0,0,0,0,0,0,0,0,1,0,0,0,0,0,14875,"ODILON PIRES, AV",17135,"RIO DAS PEDRAS, AV",4,"ARICANDUVA",1,0,"RIO DAS PEDRAS, AV SAO PAULO SP &  ODILON PIRES, AV SAO PAULO SP",-23.5630062,-46.5152683
"7504","D041301757",6238,"NACOES UNIDAS, AV DAS",NA,"",20800,"","23/04/2013 12:30",2,"CO",99,4509," "," ",1,1,0,0,0,0,0,0,0,0,0,0,0,0,0,0,0,13014,"MARGINAL DO RIO PINHEIROS, AV",NA,"",90,"VILA LEOPOLDINA",1,0,"NACOES UNIDAS, AV DAS 20800 SAO PAULO SP",-23.6791494,-46.6960603
"7505","D041300324",15914,"PEDRO DE TOLEDO, RUA",NA,"",270,"","23/04/2013 12:36",4,"AT",16,5375," "," ",1,0,0,0,0,0,0,0,0,0,0,0,0,0,0,0,0,15914,"PEDRO DE TOLEDO, RUA",NA,"",24,"CIDADE LIDER",1,0,"PEDRO DE TOLEDO, RUA 270 SAO PAULO SP",-23.5983995,-46.6393088
"7506","D041300259",2889,"BARROS, AL",NA,"",922,"","23/04/2013 12:50",4,"AT",77,1656," "," ",0,1,0,0,0,0,0,0,0,0,0,0,0,0,0,0,0,2889,"BARROS, AL",NA,"",70,"SANTA CECILIA",1,0,"BARROS, AL 922 SAO PAULO SP",-23.5349593,-46.6597872
"7508","D041300734",43189,"JACOB SALVADOR ZVEIBIL, AV DEP",NA,"",10,"","23/04/2013 13:00",2,"QM",34,2453," "," ",0,1,0,0,0,0,0,0,0,0,0,0,0,0,0,0,0,43189,"JACOB SALVADOR ZVEIBIL, AV DEP",NA,"",13,"CACHOEIRINHA",1,0,"JACOB SALVADOR ZVEIBIL, AV DEP 10 SAO PAULO SP",-23.5831502,-46.7260817
"7509","D041301510",11756,"LEONETA, RUA",NA,"",25,"","23/04/2013 13:01",2,"CO",58,910," "," ",1,1,0,0,0,0,0,0,0,0,0,0,0,0,0,0,0,11756,"LEONETA, RUA",NA,"",87,"VILA FORMOSA",1,0,"LEONETA, RUA 25 SAO PAULO SP",-23.5809523,-46.5373732
"7511","D041302269",75469,"FELIPE PEDRELL, AV",NA,"",72,"","23/04/2013 13:15",2,"CH",48,1552," "," ",1,0,0,0,0,0,0,0,0,0,0,0,0,0,0,0,0,75469,"FELIPE PEDRELL, AV",NA,"",32,"IGUATEMI",2,1,"FELIPE PEDRELL, AV 72 SAO PAULO SP",-23.7415391,-46.6998562
"7512","D041300783",98889,"FRANCISCO PERAZA, RUA",NA,"",9999,"","23/04/2013 13:19",2,"CO",46,1928," "," ",0,0,0,1,1,0,0,0,0,0,0,0,0,0,0,0,0,98889,"FRANCISCO PERAZA, RUA",NA,"",3,"ANHANGUERA",1,0,"FRANCISCO PERAZA, RUA 9999 SAO PAULO SP",-23.4442936,-46.7985579
"7513","D041302091",36318,"OSVALDO PUCCI, AV",NA,"",621,"","23/04/2013 13:30",2,"CT",53,2746," "," ",1,0,0,0,0,0,0,0,0,0,0,2,0,0,0,0,0,36318,"OSVALDO PUCCI, AV",NA,"",5,"ARTUR ALVIM",1,0,"OSVALDO PUCCI, AV 621 SAO PAULO SP",-23.5680679,-46.46226
"7514","D041301367",44299,"AIRTON PRETINI, AV",69518,"CID GALVAO DA SILVA, RUA VER",0,"","23/04/2013 13:30",2,"CO",10,4554," "," ",2,0,0,0,0,0,0,0,0,0,0,0,0,0,0,0,0,44299,"AIRTON PRETINI, AV",69518,"CID GALVAO DA SILVA, RUA VER",60,"PENHA",1,0,"AIRTON PRETINI, AV SAO PAULO SP &  CID GALVAO DA SILVA, RUA VER SAO PAULO SP",-23.5267736,-46.5559127
"7515","D041300531",19100,"BANDEIRANTES, AV DOS",NA,"",1054,"","23/04/2013 13:43",2,"SI",96,1875," "," ",1,0,0,1,0,0,0,0,0,0,0,0,0,0,0,0,0,19100,"BANDEIRANTES, AV DOS",NA,"",24,"CIDADE LIDER",4,0,"BANDEIRANTES, AV DOS 1054 SAO PAULO SP",-23.6062616,-46.6785316
"7516","D041300031",8029,"GLORIA, RUA DA",9032,"IGUAPE, RUA BR DE",0,"","23/04/2013 14:15",2,"CO",1,90023," "," ",1,1,0,0,0,0,0,0,0,0,0,0,0,0,0,0,0,8029,"GLORIA, RUA DA",9032,"IGUAPE, RUA BR DE",49,"LIBERDADE",2,0,"GLORIA, RUA DA SAO PAULO SP &  IGUAPE, RUA BR DE SAO PAULO SP",-23.5601016,-46.6327347
"7517","D041300231",6642,"ESTADO, AV DO",NA,"",2770,"","23/04/2013 14:20",4,"AT",12,2269," "," ",0,1,0,0,0,0,0,0,0,0,0,0,0,0,0,0,0,6642,"ESTADO, AV DO",NA,"",9,"BOM RETIRO",1,0,"ESTADO, AV DO 2770 SAO PAULO SP",-23.5389996,-46.6274524