"","id_acidente","codloga","logradouroA","codlogb","logradouroB","alt_num","referencia","data","cod_acid","tipo_acidente","dp","numero_BO","sentido","pista","automovel","moto","onibus","caminhao","bicicleta","moto_taxi","onibus_fretado","onibus_urbano","microonibus","van","vuc","caminhonete","carreta","jipe","outros","sem_informacao","carroca","princ_a","paiA","princ_b","paiB","cod_distrito","distrito","vit_ferida","vit_morta","local","lat","lon"
"7612","D041302204",5606,"CUPECE, AV",NA,"",5500,"","25/04/2013 00:21",4,"AT",98,4379," "," ",0,0,0,0,0,0,0,0,0,0,0,0,0,0,0,1,0,5606,"CUPECE, AV",NA,"",22,"CIDADE ADEMAR",0,1,"CUPECE, AV 5500 SAO PAULO SP",-23.6813174,-46.6384712
"7613","D041300933",61669,"ITAPAIUNA, RUA",NA,"",1045,"","25/04/2013 00:40",2,"CH",89,3453," "," ",1,0,0,0,0,0,0,0,0,0,0,0,0,0,0,0,0,61669,"ITAPAIUNA, RUA",NA,"",29,"FREGUESIA DO O",1,0,"ITAPAIUNA, RUA 1045 SAO PAULO SP",-23.6393499,-46.7275359
"7614","D041300938",8000,"GIOVANNI GRONCHI, AV",63091,"CAXE, RUA",0,"","25/04/2013 00:40",2,"CO",89,900064," "," ",1,1,0,0,0,0,0,0,0,0,0,0,0,0,0,0,0,8000,"GIOVANNI GRONCHI, AV",63091,"CAXE, RUA",85,"VILA ANDRADE",1,0,"GIOVANNI GRONCHI, AV SAO PAULO SP &  CAXE, RUA SAO PAULO SP",-23.6004501,-46.710515
"7615","D041301976",34654,"WALDEMAR TIETZ, AV",NA,"",402,"","25/04/2013 01:18",2,"CH",65,4387," "," ",1,0,0,0,0,0,0,0,1,0,0,0,0,0,0,0,0,34654,"WALDEMAR TIETZ, AV",NA,"",38,"JACANA",1,0,"WALDEMAR TIETZ, AV 402 SAO PAULO SP",-23.5512553,-46.4901217
"7616","D041301070",4875,"CHEMIN DEL PRA, RUA",NA,"",500,"","25/04/2013 01:30",2,"CO",13,4468," "," ",2,0,0,0,0,0,0,0,0,0,0,0,0,0,0,0,0,4875,"CHEMIN DEL PRA, RUA",NA,"",8,"BELEM",1,0,"CHEMIN DEL PRA, RUA 500 SAO PAULO SP",-23.5001898,-46.631638
"7617","D041300340",14449,"NAZARE, AV",NA,"",481,"","25/04/2013 01:32",2,"CO",17,5456,"B"," ",1,1,0,0,0,0,0,0,0,0,0,0,0,0,0,0,0,14449,"NAZARE, AV",NA,"",33,"IPIRANGA",1,0,"NAZARE, AV 481 SAO PAULO SP",-23.5879987,-46.6105378
"7620","D041301625",14305,"LUIS DE OLIVEIRA, RUA",NA,"",120,"","25/04/2013 04:30",4,"AT",47,5170," "," ",0,0,0,0,0,0,0,0,0,0,0,0,0,0,0,1,0,14305,"LUIS DE OLIVEIRA, RUA",NA,"",29,"FREGUESIA DO O",1,0,"LUIS DE OLIVEIRA, RUA 120 SAO PAULO SP",-23.6770692,-46.7891531
"7621","D041301008",36061,"LUIZ DUMONT VILLARES, AV",NA,"",580,"","25/04/2013 05:15",2,"CO",9,2408," "," ",0,1,0,1,0,0,0,0,0,0,0,0,0,0,0,0,0,36061,"LUIZ DUMONT VILLARES, AV",NA,"",22,"CIDADE ADEMAR",1,0,"LUIZ DUMONT VILLARES, AV 580 SAO PAULO SP",-23.4969823,-46.6119166
"7623","D041300051",4561,"CASTELO BRANCO, AV PRES",18411,"SALESOPOLIS, RUA",0,"","25/04/2013 05:30",2,"CO",2,2371," "," ",1,1,0,0,0,0,0,0,0,0,0,0,0,0,0,0,0,4561,"CASTELO BRANCO, AV PRES",18411,"SALESOPOLIS, RUA",9,"BOM RETIRO",1,0,"CASTELO BRANCO, AV PRES SAO PAULO SP &  SALESOPOLIS, RUA SAO PAULO SP",-23.5216047,-46.6390428
"7625","D041300951",16726,"QUEIROZ FILHO, AV",NA,"",1560,"","25/04/2013 05:30",2,"CO",91,2792," "," ",2,0,0,0,0,0,0,0,0,0,0,0,0,0,0,0,0,16726,"QUEIROZ FILHO, AV",NA,"",14,"CAMBUCI",1,0,"QUEIROZ FILHO, AV 1560 SAO PAULO SP",-23.5431287,-46.7320838
"7627","D041302206",2235,"ARMANDO DE ARRUDA PEREIRA, AV ENG",NA,"",5275,"","25/04/2013 05:30",2,"CH",96,1164," "," ",1,0,0,0,0,0,0,0,0,0,0,0,0,0,0,0,0,2235,"ARMANDO DE ARRUDA PEREIRA, AV ENG",NA,"",37,"JABAQUARA",0,1,"ARMANDO DE ARRUDA PEREIRA, AV ENG 5275 SAO PAULO SP",-23.6690264,-46.6335046
"7628","D041301742",9220,"INTERLAGOS, AV",NA,"",1443,"","25/04/2013 05:41",2,"CO",99,1839," "," ",1,1,0,0,0,0,0,0,0,0,0,0,0,0,0,0,0,9220,"INTERLAGOS, AV",NA,"",16,"CAMPO GRANDE",2,0,"INTERLAGOS, AV 1443 SAO PAULO SP",-23.6659037,-46.6777092
"7629","D041300558",2235,"ARMANDO DE ARRUDA PEREIRA, AV ENG",NA,"",5275,"","25/04/2013 05:45",2,"CH",97,3554," "," ",1,0,0,0,0,0,0,0,0,0,0,0,0,0,0,0,0,2235,"ARMANDO DE ARRUDA PEREIRA, AV ENG",NA,"",37,"JABAQUARA",1,0,"ARMANDO DE ARRUDA PEREIRA, AV ENG 5275 SAO PAULO SP",-23.6690264,-46.6335046
"7630","D041300977",13019,"ESCOLA POLITECNICA, AV",9836,"JAGUARE, AV",0,"","25/04/2013 06:08",2,"CO",93,2689," "," ",2,0,0,0,0,0,0,0,0,0,0,0,0,0,0,0,0,5309,"CORIFEU DE AZEVEDO MARQUES, AV",9836,"JAGUARE, AV",55,"MORUMBI",3,0,"ESCOLA POLITECNICA, AV SAO PAULO SP &  JAGUARE, AV SAO PAULO SP",-23.5585284,-46.7466636
"7631","D041300235",5567,"CRUZEIRO DO SUL, AV",NA,"",1000,"","25/04/2013 07:35",4,"AT",12,2317," "," ",0,1,0,0,0,0,0,0,0,0,0,0,0,0,0,0,0,5567,"CRUZEIRO DO SUL, AV",NA,"",5,"ARTUR ALVIM",2,0,"CRUZEIRO DO SUL, AV 1000 SAO PAULO SP",-23.5231235,-46.6251482
"7632","D041301453",8767,"HERWIS, RUA",19708,"VILA EMA, AV",0,"","25/04/2013 07:50",4,"AT",42,1489," "," ",1,0,0,0,0,0,0,0,0,0,0,0,0,0,0,0,0,8767,"HERWIS, RUA",19708,"VILA EMA, AV",74,"SAO LUCAS",1,0,"HERWIS, RUA SAO PAULO SP &  VILA EMA, AV SAO PAULO SP",-23.583981,-46.5416822
"7633","D041301782",3509,"BELMIRA MARIN, AV DONA",NA,"",740,"","25/04/2013 08:00",2,"CO",101,2215," "," ",1,1,0,0,0,0,0,0,0,0,0,0,0,0,0,0,0,3509,"BELMIRA MARIN, AV DONA",NA,"",30,"GRAJAU",1,0,"BELMIRA MARIN, AV DONA 740 SAO PAULO SP",-23.7373294,-46.6932209
"7634","D041300574",5072,"CLELIA, RUA",NA,"",991,"","25/04/2013 08:10",2,"CO",7,2631," "," ",0,3,0,0,0,0,0,0,0,0,0,0,0,0,0,0,0,5072,"CLELIA, RUA",NA,"",48,"LAPA",1,0,"CLELIA, RUA 991 SAO PAULO SP",-23.5250769,-46.6921234
"7635","D041301572",6238,"NACOES UNIDAS, AV DAS",NA,"",15783,"","25/04/2013 08:10",2,"CO",11,4602,"C"," ",1,1,0,0,0,0,0,0,0,0,0,0,0,0,0,0,0,13014,"MARGINAL DO RIO PINHEIROS, AV",NA,"",90,"VILA LEOPOLDINA",1,0,"NACOES UNIDAS, AV DAS 15783 SAO PAULO SP",-23.6791515,-46.6960808
"7636","D041301679",16053,"JOSE BARROS MAGALDI, RUA",NA,"",1058,"","25/04/2013 08:30",2,"CL",92,2619," "," ",0,1,0,0,0,0,0,0,0,0,0,1,0,0,0,0,0,16053,"JOSE BARROS MAGALDI, RUA",NA,"",32,"IGUATEMI",1,0,"JOSE BARROS MAGALDI, RUA 1058 SAO PAULO SP",-23.6667288,-46.737963
"7638","D041301177",15426,"PARADA PINTO, AV",14590,"NICOLAU TOLENTINO DE ALMEIDA, RUA",0,"","25/04/2013 08:40",2,"SI",38,2095," "," ",1,1,0,0,0,0,0,0,0,0,0,0,0,0,0,0,0,14590,"NICOLAU TOLENTINO DE ALMEIDA, RUA",15426,"PARADA PINTO, AV",13,"CACHOEIRINHA",1,0,"PARADA PINTO, AV SAO PAULO SP &  NICOLAU TOLENTINO DE ALMEIDA, RUA SAO PAULO SP",-23.4694786,-46.6646692
"7639","D041301372",14213,"MOOCA, RUA DA",NA,"",628,"","25/04/2013 08:50",4,"AT",18,737," "," ",0,1,0,0,0,0,0,0,0,0,0,0,0,0,0,0,0,14213,"MOOCA, RUA DA",NA,"",16,"CAMPO GRANDE",1,0,"MOOCA, RUA DA 628 SAO PAULO SP",-23.5538004,-46.6191362
"7640","D041300784",1427,"ANHANGUERA, RUA",NA,"",16700,"","25/04/2013 08:50",2,"CP",46,1987," "," ",1,0,0,0,0,0,0,0,0,0,0,0,0,0,0,0,0,1427,"ANHANGUERA, RUA",NA,"",70,"SANTA CECILIA",2,0,"ANHANGUERA, RUA 16700 SAO PAULO SP",-23.4900941,-46.7665396
"7642","D041300053",4561,"CASTELO BRANCO, AV PRES",NA,"",9,"","25/04/2013 09:15",2,"CT",2,2378," "," ",1,1,0,0,0,0,0,0,0,0,0,0,0,0,0,0,0,29772,"MARGINAL DO RIO TIETE, AV",NA,"",6,"BARRA FUNDA",1,0,"CASTELO BRANCO, AV PRES 9 SAO PAULO SP",-23.5176231,-46.6547169
"7644","D041300824",19817,"VITAL BRASIL, AV",NA,"",227,"","25/04/2013 09:53",4,"AT",51,1874," "," ",0,1,0,0,0,0,0,0,0,0,0,0,0,0,0,0,0,19817,"VITAL BRASIL, AV",NA,"",13,"CACHOEIRINHA",1,0,"VITAL BRASIL, AV 227 SAO PAULO SP",-23.5721143,-46.7065425
"7645","D041301009",2455,"ATALIBA LEONEL, AV GAL",NA,"",227,"","25/04/2013 10:01",2,"CO",9,2414," "," ",1,1,0,0,0,0,0,0,0,0,0,0,0,0,0,0,0,2455,"ATALIBA LEONEL, AV GAL",NA,"",88,"VILA GUILHERME",1,0,"ATALIBA LEONEL, AV GAL 227 SAO PAULO SP",-23.5068951,-46.6244546
"7646","D041302193",11379,"JUNTAS PROVISORIAS, AV",8224,"GRITO, RUA DO",0,"","25/04/2013 10:27",2,"QM",17,2319," "," ",0,0,0,1,1,0,0,0,0,0,0,0,0,0,0,0,0,8224,"GRITO, RUA DO",11379,"JUNTAS PROVISORIAS, AV",33,"IPIRANGA",0,1,"JUNTAS PROVISORIAS, AV SAO PAULO SP &  GRITO, RUA DO SAO PAULO SP",-23.6035256,-46.6020793
"7647","D041300532",6238,"NACOES UNIDAS, AV DAS",NA,"",13000,"","25/04/2013 10:30",2,"QM",96,1922," "," ",0,1,0,0,0,0,0,0,0,0,0,0,0,0,0,0,0,13014,"MARGINAL DO RIO PINHEIROS, AV",NA,"",90,"VILA LEOPOLDINA",1,0,"NACOES UNIDAS, AV DAS 13000 SAO PAULO SP",-23.679153,-46.6960899
"7648","D041300112",2115,"ARAUJO, RUA",18102,"SERTORIO, RUA MAJ",0,"","25/04/2013 11:30",2,"QM",4,3082," "," ",0,1,0,0,0,0,0,0,0,0,0,0,0,0,0,0,0,2115,"ARAUJO, RUA",18102,"SERTORIO, RUA MAJ",67,"REPUBLICA",1,0,"ARAUJO, RUA SAO PAULO SP &  SERTORIO, RUA MAJ SAO PAULO SP",-23.5444097,-46.6443584
"7650","D041300633",7691,"GABRIEL MONTEIRO DA SILVA, AL",NA,"",2472,"","25/04/2013 12:00",2,"CO",15,2067," "," ",1,1,0,0,0,0,0,0,0,0,0,0,0,0,0,0,0,7691,"GABRIEL MONTEIRO DA SILVA, AL",NA,"",63,"PINHEIROS",1,0,"GABRIEL MONTEIRO DA SILVA, AL 2472 SAO PAULO SP",-23.575952,-46.6903552
"7651","D041300335",5421,"COSTA AGUIAR, RUA",10648,"JORDAO, RUA BRIG",0,"","25/04/2013 12:00",2,"CO",17,2369," "," ",0,1,0,0,0,0,0,0,0,0,0,1,0,0,0,0,0,5421,"COSTA AGUIAR, RUA",10648,"JORDAO, RUA BRIG",33,"IPIRANGA",1,0,"COSTA AGUIAR, RUA SAO PAULO SP &  JORDAO, RUA BRIG SAO PAULO SP",-23.5846133,-46.6065694
"7652","D041300109",2812,"BARATA RIBEIRO, RUA",NA,"",50,"","25/04/2013 12:00",2,"CO",4,3032," "," ",0,2,0,0,0,0,0,0,0,0,0,0,0,0,0,0,0,2812,"BARATA RIBEIRO, RUA",NA,"",7,"BELA VISTA",1,0,"BARATA RIBEIRO, RUA 50 SAO PAULO SP",-23.5570246,-46.6546786
"7653","D041300978",38890,"ONOFRIO MILANO, AV",NA,"",178,"","25/04/2013 12:16",2,"CO",93,2701," "," ",1,1,0,0,0,0,0,0,0,0,0,0,0,0,0,0,0,38890,"ONOFRIO MILANO, AV",NA,"",13,"CACHOEIRINHA",1,0,"ONOFRIO MILANO, AV 178 SAO PAULO SP",-23.5469653,-46.7382645
"7654","D041300054",17799,"SANTOS DUMONT, AV",17275,"RODOLFO MIRANDA, RUA",0,"","25/04/2013 12:46",2,"CT",2,2980,"C"," ",1,1,0,0,0,0,0,0,0,0,0,0,0,0,0,0,0,17275,"RODOLFO MIRANDA, RUA",17799,"SANTOS DUMONT, AV",NA,"",1,0,"SANTOS DUMONT, AV SAO PAULO SP &  RODOLFO MIRANDA, RUA SAO PAULO SP",-23.5257861,-46.6307889
"7655","D041301957",5267,"CONTORNO, AV DO",NA,"",1,"","25/04/2013 12:57",2,"CO",64,3420," "," ",1,1,0,0,0,0,0,0,0,0,0,0,0,0,0,0,0,5267,"CONTORNO, AV DO",NA,"",36,"ITAQUERA",1,0,"CONTORNO, AV DO 1 SAO PAULO SP",-23.5390071,-46.4706234
"7656","D041302094",6927,"HARRY DANHENBERG, RUA",NA,"",350,"","25/04/2013 13:15",2,"SI",53,900056," "," ",1,0,0,0,0,0,0,0,0,0,0,0,0,0,0,0,0,6927,"HARRY DANHENBERG, RUA",NA,"",24,"CIDADE LIDER",1,0,"HARRY DANHENBERG, RUA 350 SAO PAULO SP",-22.8069901,-49.2921789
"7657","D041301647",7889,"GEORGES BERNANOS, RUA",NA,"",71,"","25/04/2013 13:30",4,"AT",80,1473," "," ",0,1,0,0,0,0,0,0,0,0,0,0,0,0,0,0,0,7889,"GEORGES BERNANOS, RUA",NA,"",0,"NULL",2,0,"GEORGES BERNANOS, RUA 71 SAO PAULO SP",-23.6810001,-46.6615302
"7658","D041301626",35658,"GARCIA DE ORTA, RUA",NA,"",22,"","25/04/2013 13:40",4,"AT",47,5195," "," ",0,1,0,0,0,0,0,0,0,0,0,0,0,0,0,0,0,35658,"GARCIA DE ORTA, RUA",NA,"",29,"FREGUESIA DO O",1,0,"GARCIA DE ORTA, RUA 22 SAO PAULO SP",-23.6834349,-46.789306
"7659","D041302069",9044,"RAGUEB CHOHFI, AV",NA,"",4454,"","25/04/2013 13:50",2,"CO",49,5640," "," ",1,0,0,0,0,0,0,1,0,0,0,0,0,0,0,0,0,9044,"RAGUEB CHOHFI, AV",NA,"",32,"IGUATEMI",1,0,"RAGUEB CHOHFI, AV 4454 SAO PAULO SP",-23.5947625,-46.4426552
"7660","D041300337",14449,"NAZARE, AV",14243,"MOREIRA DE GODOI, RUA",0,"","25/04/2013 14:00",2,"CL",17,2392," "," ",2,0,0,0,0,0,0,0,0,0,0,0,0,0,0,0,0,14243,"MOREIRA DE GODOI, RUA",14449,"NAZARE, AV",33,"IPIRANGA",1,0,"NAZARE, AV SAO PAULO SP &  MOREIRA DE GODOI, RUA SAO PAULO SP",-23.5977633,-46.6089284
"7661","D041300632",17003,"REPUBLICA DO LIBANO, AV",NA,"",525,"","25/04/2013 14:08",4,"AT",15,2065,"C"," ",1,0,0,0,0,0,0,0,0,0,0,0,0,0,0,0,0,17003,"REPUBLICA DO LIBANO, AV",NA,"",9,"BOM RETIRO",1,0,"REPUBLICA DO LIBANO, AV 525 SAO PAULO SP",-23.585131,-46.6637165
"7662","D041302198",17003,"REPUBLICA DO LIBANO, AV",NA,"",529,"","25/04/2013 14:08",4,"AT",16,5743,"C"," ",1,0,0,0,0,0,0,0,0,0,0,0,0,0,0,0,0,17003,"REPUBLICA DO LIBANO, AV",NA,"",9,"BOM RETIRO",0,1,"REPUBLICA DO LIBANO, AV 529 SAO PAULO SP",-23.5852024,-46.6636601
"7663","D041301495",24338,"LUIZ IGNACIO ANHAIA MELLO, AV PROF",8955,"IBITIRAMA, RUA",0,"","25/04/2013 14:46",2,"CT",56,2665," "," ",1,0,0,0,0,0,0,0,0,0,0,2,0,0,0,0,0,8955,"IBITIRAMA, RUA",24338,"LUIZ IGNACIO ANHAIA MELLO, AV PROF",95,"VILA PRUDENTE",1,0,"LUIZ IGNACIO ANHAIA MELLO, AV PROF SAO PAULO SP &  IBITIRAMA, RUA SAO PAULO SP",-23.5827842,-46.565808
"7666","D041301144",5947,"EDGAR FACO, AV GAL",NA,"",300,"","25/04/2013 15:45",2,"CO",28,2242," "," ",1,1,0,0,0,0,0,0,0,0,0,0,0,0,0,0,0,5947,"EDGAR FACO, AV GAL",NA,"",64,"PIRITUBA",1,0,"EDGAR FACO, AV GAL 300 SAO PAULO SP",-23.5039663,-46.706101
"7667","D041301991",16679,"PUCCI, RUA CAP",NA,"",314,"","25/04/2013 16:20",2,"CO",68,1266," "," ",0,0,0,0,1,0,0,0,0,0,0,1,0,0,0,0,0,16679,"PUCCI, RUA CAP",NA,"",50,"LIMAO",1,0,"PUCCI, RUA CAP 314 SAO PAULO SP",-23.541383,-46.4090721
"7668","D041300534",6238,"NACOES UNIDAS, AV DAS",NA,"",10500,"","25/04/2013 16:30",2,"CO",96,1928," "," ",1,1,0,0,0,0,0,0,0,0,0,0,0,0,0,0,0,13014,"MARGINAL DO RIO PINHEIROS, AV",NA,"",90,"VILA LEOPOLDINA",1,0,"NACOES UNIDAS, AV DAS 10500 SAO PAULO SP",-23.6791551,-46.6960993
"7669","D041300326",3502,"BORGES LAGOA, RUA",NA,"",815,"","25/04/2013 17:01",4,"AT",16,5502," "," ",0,1,0,0,0,0,0,0,0,0,0,0,0,0,0,0,0,3502,"BORGES LAGOA, RUA",NA,"",92,"VILA MARIANA",1,0,"BORGES LAGOA, RUA 815 SAO PAULO SP",-23.5970852,-46.6446391
"7670","D041301903",236,"ADRIANO SEABRA, RUA",NA,"",496,"","25/04/2013 17:40",2,"QM",59,3179," "," ",0,1,0,0,0,0,0,0,0,0,0,0,0,0,0,0,0,236,"ADRIANO SEABRA, RUA",NA,"",43,"JARDIM HELENA",2,0,"ADRIANO SEABRA, RUA 496 SAO PAULO SP",-23.4893674,-46.4180564
"7671","D041300873",16878,"RAPOSO TAVARES, VIA",NA,"",15500,"","25/04/2013 18:15",2,"SI",75,3488," "," ",1,1,0,0,0,0,0,0,0,0,0,0,0,0,0,0,0,16878,"RAPOSO TAVARES, VIA",NA,"",13,"CACHOEIRINHA",1,0,"RAPOSO TAVARES, VIA 15500 SAO PAULO SP",-23.5237089,-48.4831886
"7672","D041300368",19931,"WASHINGTON LUIS, AV",31498,"ROBERTO MARINHO - ANT AGUA ESP, AV JORN",0,"","25/04/2013 18:20",2,"SI",27,4321," "," ",1,1,0,0,0,0,0,0,0,0,0,0,0,0,0,0,0,19931,"WASHINGTON LUIS, AV",31498,"ROBERTO MARINHO - ANT AGUA ESP, AV JORN",15,"CAMPO BELO",1,0,"WASHINGTON LUIS, AV SAO PAULO SP &  ROBERTO MARINHO - ANT AGUA ESP, AV JORN SAO PAULO SP",-23.6605391,-46.7039265
"7673","D041300952",7836,"GASTAO VIDIGAL, AV DR",NA,"",1555,"","25/04/2013 18:23",2,"CO",91,2805," "," ",1,1,0,0,0,0,0,0,0,0,0,0,0,0,0,0,0,7836,"GASTAO VIDIGAL, AV DR",NA,"",90,"VILA LEOPOLDINA",1,0,"GASTAO VIDIGAL, AV DR 1555 SAO PAULO SP",-23.5311172,-46.7367915
"7674","D041301071",6748,"EUDOXIA, RUA STA",11170,"JOSE RANGEL DE CAMARGO, RUA",0,"","25/04/2013 18:40",4,"AT",13,4486," "," ",1,0,0,0,0,0,0,0,0,0,0,0,0,0,0,0,0,6748,"EUDOXIA, RUA STA",11170,"JOSE RANGEL DE CAMARGO, RUA",21,"CASA VERDE",1,0,"EUDOXIA, RUA STA SAO PAULO SP &  JOSE RANGEL DE CAMARGO, RUA SAO PAULO SP",-23.4983297,-46.655099
"7675","D041300349",11544,"LAGES, RUA MARQ DE",1349,"ANGATURAMA, RUA",0,"","25/04/2013 19:00",2,"QM",26,3679," "," ",0,1,0,0,0,0,0,0,0,0,0,0,0,0,0,0,0,1349,"ANGATURAMA, RUA",11544,"LAGES, RUA MARQ DE",69,"SACOMA",1,0,"LAGES, RUA MARQ DE SAO PAULO SP &  ANGATURAMA, RUA SAO PAULO SP",-23.6273518,-46.6094089
"7676","D041301162",5947,"EDGAR FACO, AV GAL",NA,"",510,"","25/04/2013 19:37",2,"CO",28,4497," "," ",1,1,0,0,0,0,0,0,0,0,0,0,0,0,0,0,0,5947,"EDGAR FACO, AV GAL",NA,"",64,"PIRITUBA",1,0,"EDGAR FACO, AV GAL 510 SAO PAULO SP",-23.5019948,-46.7062283
"7677","D041300898",27705,"CENTENARIO DO SUL, RUA",NA,"",100,"","25/04/2013 20:58",2,"QM",87,3849," "," ",0,1,0,0,0,0,0,0,0,0,0,0,0,0,0,0,0,27705,"CENTENARIO DO SUL, RUA",NA,"",4,"ARICANDUVA",1,0,"CENTENARIO DO SUL, RUA 100 SAO PAULO SP",-23.4747675,-46.7126861
"7678","D041300435",4596,"CATARINA, AV STA",NA,"",806,"","25/04/2013 21:10",2,"CO",35,900052," "," ",1,1,0,0,0,0,0,0,0,0,0,0,0,0,0,0,0,4596,"CATARINA, AV STA",NA,"",37,"JABAQUARA",1,0,"CATARINA, AV STA 806 SAO PAULO SP",-23.6429135,-46.6659331
"7679","D041301433",34122,"MELO FREIRE, RUA",10516,"JOAQUIM ANTONIO DIAS, RUA CEL",0,"","25/04/2013 21:15",2,"CT",30,2381," "," ",1,0,0,0,0,0,0,0,0,0,0,1,0,0,0,0,0,10516,"JOAQUIM ANTONIO DIAS, RUA CEL",34122,"MELO FREIRE, RUA",82,"TATUAPE",1,0,"MELO FREIRE, RUA SAO PAULO SP &  JOAQUIM ANTONIO DIAS, RUA CEL SAO PAULO SP",-23.5391715,-46.5695321
"7680","D041301325",16838,"RAIMUNDO PEREIRA DE MAGAL., AV",NA,"",12881,"","25/04/2013 21:35",2,"CO",74,3690," "," ",1,1,0,0,0,0,0,0,0,0,0,0,0,0,0,0,0,16838,"RAIMUNDO PEREIRA DE MAGAL., AV",NA,"",31,"GUAIANASES",1,0,"RAIMUNDO PEREIRA DE MAGAL., AV 12881 SAO PAULO SP",-23.4296356,-46.7215698
"7681","D041301434",2181,"ARICANDUVA, AV",NA,"",1630,"","25/04/2013 22:05",2,"CO",30,2382," "," ",0,2,0,0,0,0,0,0,0,0,0,0,0,0,0,0,0,2181,"ARICANDUVA, AV",NA,"",60,"PENHA",2,0,"ARICANDUVA, AV 1630 SAO PAULO SP",-23.5849785,-46.4893736
"7682","D041300431",6883,"FAGUNDES FILHO, AV",9715,"JABAQUARA, AV",0,"","25/04/2013 22:30",2,"CO",35,5516," "," ",1,1,0,0,0,0,0,0,0,0,0,0,0,0,0,0,0,6883,"FAGUNDES FILHO, AV",9715,"JABAQUARA, AV",79,"SAUDE",1,0,"FAGUNDES FILHO, AV SAO PAULO SP &  JABAQUARA, AV SAO PAULO SP",-23.6271944,-46.6368802
"7683","D041301516",11858,"JOAO DIAS TEIXEIRA, RUA",16417,"PLANETA, RUA",0,"","25/04/2013 22:35",2,"CO",58,2386," "," ",1,1,0,0,0,0,0,0,0,0,0,0,0,0,0,0,0,11858,"JOAO DIAS TEIXEIRA, RUA",16417,"PLANETA, RUA",87,"VILA FORMOSA",1,0,"JOAO DIAS TEIXEIRA, RUA SAO PAULO SP &  PLANETA, RUA SAO PAULO SP",-23.5760485,-46.5432964
"7684","D041300709",14350,"MUTINGA, AV",NA,"",2644,"","25/04/2013 22:45",2,"CO",33,3852," "," ",1,1,0,0,0,0,0,0,0,0,0,0,0,0,0,0,0,14350,"MUTINGA, AV",NA,"",64,"PIRITUBA",1,0,"MUTINGA, AV 2644 SAO PAULO SP",-23.4883852,-46.7489248
"7685","D041300369",9880,"JAMARIS, AV",9306,"IRAE, AL",0,"","25/04/2013 22:55",2,"SI",27,4327," "," ",1,1,0,0,0,0,0,0,0,0,0,0,0,0,0,0,0,9306,"IRAE, AL",9880,"JAMARIS, AV",53,"MOEMA",1,0,"JAMARIS, AV SAO PAULO SP &  IRAE, AL SAO PAULO SP",-23.6100957,-46.6553729
"7686","D041300055",17060,"RIBEIRO DE LIMA, RUA",18993,"TIRADENTES, AV",0,"","25/04/2013 23:30",2,"CO",2,2389,"B"," ",2,0,0,0,0,0,0,0,0,0,0,0,0,0,0,0,0,10485,"JOAO TEODORO, RUA",18993,"TIRADENTES, AV",9,"BOM RETIRO",2,0,"RIBEIRO DE LIMA, RUA SAO PAULO SP &  TIRADENTES, AV SAO PAULO SP",-23.5318876,-46.6349236
"7687","D041300890",28403,"BENEDITO MONTEIRO, RUA",3215,"BENTO BICUDO, RUA CEL",0,"","26/04/2013 00:20",2,"CO",87,2196," "," ",1,0,0,0,0,0,0,0,0,0,0,0,0,0,0,1,0,3215,"BENTO BICUDO, RUA CEL",14951,"OLIMPIO TOMAS FERNANDES, RUA",NA,"",1,0,"BENEDITO MONTEIRO, RUA SAO PAULO SP &  BENTO BICUDO, RUA CEL SAO PAULO SP",-23.5069741,-46.7067627
"7688","D041300825",16878,"RAPOSO TAVARES, VIA",NA,"",11800,"","26/04/2013 04:00",2,"CL",51,1888," "," ",1,0,0,1,0,0,0,0,0,0,0,0,0,0,0,0,0,16878,"RAPOSO TAVARES, VIA",NA,"",13,"CACHOEIRINHA",2,0,"RAPOSO TAVARES, VIA 11800 SAO PAULO SP",-23.5341994,-48.4285991
"7690","D041300298",16023,"PEIXOTO, RUA",NA,"",1383,"","26/04/2013 05:30",2,"CH",78,3356," "," ",1,0,0,0,0,0,0,0,0,0,0,0,0,0,0,0,0,16023,"PEIXOTO, RUA",NA,"",49,"LIBERDADE",1,0,"PEIXOTO, RUA 1383 SAO PAULO SP",-23.5367484,-46.5607101
"7691","D041301511",43408,"ABEL FERREIRA, AV VER",NA,"",4074,"","26/04/2013 05:30",2,"CH",58,942," "," ",1,0,0,1,0,0,0,0,0,0,0,0,0,0,0,0,0,43408,"ABEL FERREIRA, AV VER",NA,"",46,"JOSE BONIFACIO",1,0,"ABEL FERREIRA, AV VER 4074 SAO PAULO SP",-23.5745936,-46.5435264
"7692","D041301781",10036,"JEQUIRITUBA, RUA",NA,"",330,"","26/04/2013 05:45",2,"CL",101,2168," "," ",1,1,0,0,0,0,0,0,0,0,0,0,0,0,0,0,0,10036,"JEQUIRITUBA, RUA",NA,"",30,"GRAJAU",1,0,"JEQUIRITUBA, RUA 330 SAO PAULO SP",-23.7252618,-46.6911227
"7693","D041301798",3509,"BELMIRA MARIN, AV DONA",NA,"",1790,"","26/04/2013 06:35",2,"CL",101,3074," "," ",0,1,1,0,0,0,0,0,0,0,0,0,0,0,0,0,0,3509,"BELMIRA MARIN, AV DONA",NA,"",30,"GRAJAU",1,0,"BELMIRA MARIN, AV DONA 1790 SAO PAULO SP",-23.7453073,-46.6894721