"","id_acidente","codloga","logradouroA","codlogb","logradouroB","alt_num","referencia","data","cod_acid","tipo_acidente","dp","numero_BO","sentido","pista","automovel","moto","onibus","caminhao","bicicleta","moto_taxi","onibus_fretado","onibus_urbano","microonibus","van","vuc","caminhonete","carreta","jipe","outros","sem_informacao","carroca","princ_a","paiA","princ_b","paiB","cod_distrito","distrito","vit_ferida","vit_morta","local","lat","lon"
"7872","D041301944",9806,"PIRES DO RIO, AV",NA,"",3530,"","28/04/2013 11:05",2,"CO",63,3261," "," ",1,1,0,0,0,0,0,0,0,0,0,0,0,0,0,0,0,9806,"PIRES DO RIO, AV",NA,"",76,"SAO MIGUEL",2,0,"PIRES DO RIO, AV 3530 SAO PAULO SP",-23.5274641,-46.4466667
"7874","D041300492",43217,"SILAS, RUA",NA,"",76,"","28/04/2013 12:00",2,"CF",83,3850," "," ",0,2,0,0,0,0,0,0,0,0,0,0,0,0,0,0,0,43217,"SILAS, RUA",NA,"",21,"CASA VERDE",2,0,"SILAS, RUA 76 SAO PAULO SP",-23.6397378,-46.6038614
"7875","D041301335",11073,"JOSE MARIA FERNANDES, AV",15232,"OTTO UNGER, RUA SOLD",0,"","28/04/2013 12:15",2,"CO",90,4409," "," ",2,0,0,0,0,0,0,0,0,0,0,0,0,0,0,0,0,11073,"JOSE MARIA FERNANDES, AV",22882,"JOAO AMERICO DA SILVA, RUA SOLD",91,"VILA MARIA",1,0,"JOSE MARIA FERNANDES, AV SAO PAULO SP &  OTTO UNGER, RUA SOLD SAO PAULO SP",-23.5105444,-46.5677696
"7876","D041300618",2350,"ARTUR DE AZEVEDO, RUA",10518,"JOAQUIM ANTUNES, RUA",0,"","28/04/2013 12:28",2,"CO",14,4171," "," ",1,0,0,0,0,0,0,0,0,0,0,1,0,0,0,0,0,2350,"ARTUR DE AZEVEDO, RUA",10518,"JOAQUIM ANTUNES, RUA",63,"PINHEIROS",1,0,"ARTUR DE AZEVEDO, RUA SAO PAULO SP &  JOAQUIM ANTUNES, RUA SAO PAULO SP",-23.563285,-46.6827351
"7877","D041300648",14804,"NOVE DE JULHO, AV",10189,"JOAO CACHOEIRA, RUA",0,"","28/04/2013 12:56",2,"CO",15,4175," "," ",1,1,0,0,0,0,0,0,0,0,0,0,0,0,0,0,0,10189,"JOAO CACHOEIRA, RUA",14804,"NOVE DE JULHO, AV",34,"ITAIM BIBI",2,0,"NOVE DE JULHO, AV SAO PAULO SP &  JOAO CACHOEIRA, RUA SAO PAULO SP",-23.5517584,-46.6473069
"7878","D041302236",98921,"REGINA GARBA, RUA",NA,"",62,"","28/04/2013 12:59",4,"AT",14,4301," "," ",1,0,0,0,0,0,0,0,0,0,0,0,0,0,0,0,0,98921,"REGINA GARBA, RUA",NA,"",41,"JARAGUA",0,1,"REGINA GARBA, RUA 62 SAO PAULO SP",-23.4525815,-46.7114394
"7879","D041301965",3994,"CAMPANELLA, AV",NA,"",91,"","28/04/2013 13:00",2,"CF",64,4536," "," ",1,1,0,0,0,0,0,0,0,0,0,0,0,0,0,0,0,3994,"CAMPANELLA, AV",NA,"",36,"ITAQUERA",1,0,"CAMPANELLA, AV 91 SAO PAULO SP",-23.5364895,-46.4735441
"7880","D041301465",16826,"RAIMUNDO, RUA S",7545,"FRANCISCO REBELO, RUA",0,"","28/04/2013 13:56",4,"AT",42,2767,"C"," ",0,0,0,0,0,0,0,0,0,0,0,1,0,0,0,0,0,7545,"FRANCISCO REBELO, RUA",16826,"RAIMUNDO, RUA S",95,"VILA PRUDENTE",1,0,"RAIMUNDO, RUA S SAO PAULO SP &  FRANCISCO REBELO, RUA SAO PAULO SP",-23.6102365,-46.5601656
"7881","D041301248",70132,"JOAO PINTO DE OLIVEIRA, RUA",NA,"",74,"","28/04/2013 14:02",2,"CO",45,3807," "," ",0,0,0,0,1,0,0,1,0,0,0,0,0,0,0,0,0,70132,"JOAO PINTO DE OLIVEIRA, RUA",NA,"",40,"JAGUARE",1,0,"JOAO PINTO DE OLIVEIRA, RUA 74 SAO PAULO SP",-23.461827,-46.6916604
"7882","D041300433",6809,"ATOS DAMASCENO, RUA",NA,"",100,"","28/04/2013 14:10",2,"CO",35,5641,"C"," ",1,1,0,0,0,0,0,0,0,0,0,0,0,0,0,0,0,6809,"ATOS DAMASCENO, RUA",NA,"",37,"JABAQUARA",1,0,"ATOS DAMASCENO, RUA 100 SAO PAULO SP",-23.6476907,-46.6551469
"7884","D041301655",5383,"CORREIO PAULISTANO, RUA",NA,"",18,"","28/04/2013 15:20",4,"AT",80,4525," "," ",0,1,0,0,0,0,0,0,0,0,0,0,0,0,0,0,0,5383,"CORREIO PAULISTANO, RUA",NA,"",22,"CIDADE ADEMAR",1,0,"CORREIO PAULISTANO, RUA 18 SAO PAULO SP",-23.6788061,-46.6624022
"7885","D041302093",2181,"ARICANDUVA, AV",60675,"AFONSO DE SAMPAIO E SOUSA, AV",0,"","28/04/2013 15:22",2,"CO",53,2922," "," ",1,1,0,0,0,0,0,0,0,0,0,0,0,0,0,0,0,2181,"ARICANDUVA, AV",60675,"AFONSO DE SAMPAIO E SOUSA, AV",75,"SAO MATEUS",2,0,"ARICANDUVA, AV SAO PAULO SP &  AFONSO DE SAMPAIO E SOUSA, AV SAO PAULO SP",-23.5479783,-46.5260893
"7886","D041302044",72670,"INACIO MONTEIRO, RUA",NA,"",1100,"","28/04/2013 16:11",4,"AT",44,2919," "," ",1,0,0,0,0,0,0,0,0,0,0,0,0,0,0,0,0,72670,"INACIO MONTEIRO, RUA",NA,"",50,"LIMAO",1,0,"INACIO MONTEIRO, RUA 1100 SAO PAULO SP",-23.5698538,-46.3996425
"7888","D041301165",3771,"INAJAR DE SOUZA, AV",NA,"",1145,"","28/04/2013 16:45",4,"AT",28,4642," "," ",0,0,0,0,0,0,0,0,0,0,0,1,0,0,0,0,0,3771,"INAJAR DE SOUZA, AV",NA,"",50,"LIMAO",1,0,"INAJAR DE SOUZA, AV 1145 SAO PAULO SP",-23.4814879,-46.6756193
"7889","D041301701",21981,"CRISPO, RUA",NA,"",106,"","28/04/2013 17:00",4,"AT",92,5309," "," ",1,0,0,0,0,0,0,0,0,0,0,0,0,0,0,0,0,21981,"CRISPO, RUA",NA,"",32,"IGUATEMI",1,0,"CRISPO, RUA 106 SAO PAULO SP",-23.671372,-46.7534828
"7890","D041301702",8368,"GUARAPIRANGA, AV",NA,"",200,"","28/04/2013 17:10",4,"AT",92,5314," "," ",0,0,0,0,0,0,0,0,0,0,0,1,0,0,0,0,0,8368,"GUARAPIRANGA, AV",NA,"",45,"JARDIM SAO LUIS",1,0,"GUARAPIRANGA, AV 200 SAO PAULO SP",-23.665826,-46.7137715
"7891","D041302234",70283,"DARCY REIS, AV",NA,"",2193,"","28/04/2013 17:20",2,"CT",14,4183,"C"," ",2,1,0,0,0,0,0,0,0,0,0,0,0,0,0,0,0,70283,"DARCY REIS, AV",NA,"",13,"CACHOEIRINHA",0,1,"DARCY REIS, AV 2193 SAO PAULO SP",-23.572297,-46.772074
"7893","D041301436",19727,"VILELA, RUA",6679,"ESTEVAO PERNET, RUA PDE",0,"","28/04/2013 18:30",2,"CO",30,5855," "," ",1,1,0,0,0,0,0,0,0,0,0,0,0,0,0,0,0,6679,"ESTEVAO PERNET, RUA PDE",19727,"VILELA, RUA",82,"TATUAPE",1,0,"VILELA, RUA SAO PAULO SP &  ESTEVAO PERNET, RUA PDE SAO PAULO SP",-23.5393935,-46.5667033
"7896","D041301130",14767,"NOVA CANTAREIRA, AV",NA,"",2153,"","28/04/2013 19:40",2,"CO",20,3870," "," ",2,0,0,0,0,0,0,0,0,0,0,0,0,0,0,0,0,14767,"NOVA CANTAREIRA, AV",NA,"",83,"TREMEMBE",1,0,"NOVA CANTAREIRA, AV 2153 SAO PAULO SP",-23.4784692,-46.6109987
"7897","D041302274",14767,"NOVA CANTAREIRA, AV",NA,"",2153,"","28/04/2013 19:40",2,"CO",78,515," "," ",2,0,0,0,0,0,0,0,0,0,0,0,0,0,0,0,0,14767,"NOVA CANTAREIRA, AV",NA,"",83,"TREMEMBE",1,1,"NOVA CANTAREIRA, AV 2153 SAO PAULO SP",-23.4784692,-46.6109987
"7898","D041300711",15325,"PAUVA, RUA",NA,"",55,"","28/04/2013 19:45",4,"AT",33,3961," "," ",0,0,0,0,0,0,0,0,0,0,0,0,0,0,0,1,0,15325,"PAUVA, RUA",NA,"",43,"JARDIM HELENA",1,0,"PAUVA, RUA 55 SAO PAULO SP",-23.5084117,-46.7476125
"7899","D041301883",1528,"BOTUPORA, RUA",46936,"JACU-PESSEGO/NOVA TRABALHADORE, AV",0,"","28/04/2013 20:00",2,"CO",32,3273," "," ",2,0,0,0,0,0,0,0,0,0,0,0,0,0,0,0,0,1528,"BOTUPORA, RUA",46936,"JACU-PESSEGO/NOVA TRABALHADORE, AV",36,"ITAQUERA",2,0,"BOTUPORA, RUA SAO PAULO SP &  JACU-PESSEGO/NOVA TRABALHADORE, AV SAO PAULO SP",-23.5418904,-46.444685
"7900","D041300847",296,"AFRANIO PEIXOTO, AV",855,"ALVARENGA, RUA",0,"","28/04/2013 20:00",2,"CO",51,1184," "," ",1,1,0,0,0,0,0,0,0,0,0,0,0,0,0,0,0,296,"AFRANIO PEIXOTO, AV",855,"ALVARENGA, RUA",12,"BUTANTA",1,0,"AFRANIO PEIXOTO, AV SAO PAULO SP &  ALVARENGA, RUA SAO PAULO SP",-23.5663142,-46.7105936
"7901","D041300982",831,"ALTINO, AV PRES",NA,"",1925,"","28/04/2013 20:20",2,"CO",93,2826," "," ",1,1,0,0,0,0,0,0,0,0,0,0,0,0,0,0,0,831,"ALTINO, AV PRES",NA,"",40,"JAGUARE",1,0,"ALTINO, AV PRES 1925 SAO PAULO SP",-23.5387499,-46.75439
"7902","D041301403",1702,"ANTONIO ESTEVAO DE CARVALHO, AV",NA,"",220,"","28/04/2013 20:28",2,"CT",21,4750," "," ",1,0,1,0,0,0,0,0,0,0,0,0,0,0,0,0,0,1702,"ANTONIO ESTEVAO DE CARVALHO, AV",NA,"",93,"VILA MATILDE",6,0,"ANTONIO ESTEVAO DE CARVALHO, AV 220 SAO PAULO SP",-23.5308466,-46.5191845
"7903","D041301813",8368,"GUARAPIRANGA, AV",NA,"",750,"","28/04/2013 22:00",2,"CO",102,4765," "," ",3,0,0,0,0,0,0,0,0,0,0,0,0,0,0,0,0,8368,"GUARAPIRANGA, AV",NA,"",45,"JARDIM SAO LUIS",2,0,"GUARAPIRANGA, AV 750 SAO PAULO SP",-23.666399,-46.7197302
"7904","D041300434",10041,"JEQUITIBAS, RUA DOS",NA,"",175,"","28/04/2013 22:14",4,"AT",35,5653," "," ",0,0,0,0,0,0,0,0,0,0,0,1,0,0,0,0,0,10041,"JEQUITIBAS, RUA DOS",NA,"",37,"JABAQUARA",1,0,"JEQUITIBAS, RUA DOS 175 SAO PAULO SP",-23.6464951,-46.6421166
"7905","D041301303",6224,"EDU CHAVES, AV",NA,"",1076,"","28/04/2013 22:15",2,"CO",73,4427," "," ",1,1,0,0,0,0,0,0,0,0,0,0,0,0,0,0,0,6224,"EDU CHAVES, AV",NA,"",38,"JACANA",2,0,"EDU CHAVES, AV 1076 SAO PAULO SP",-23.4767592,-46.5692017
"7906","D041300688",1429,"ANHANGUERA, VIA",NA,"",15,"","28/04/2013 22:30",2,"CO",33,2924," "," ",2,0,0,0,0,0,0,0,0,0,0,0,0,0,0,0,0,1429,"ANHANGUERA, VIA",NA,"",73,"SAO DOMINGOS",1,0,"ANHANGUERA, VIA 15 SAO PAULO SP",-23.4089995,-46.8209716
"7907","D041301029",12290,"LUIS RAMOS, RUA CAP",NA,"",438,"","28/04/2013 22:54",2,"CL",9,3872," "," ",0,0,0,0,1,0,0,0,0,0,0,1,0,0,0,0,0,12290,"LUIS RAMOS, RUA CAP",NA,"",88,"VILA GUILHERME",1,0,"LUIS RAMOS, RUA CAP 438 SAO PAULO SP",-23.5051376,-46.6067571
"7908","D041301466",5425,"COSTA BARROS, RUA",NA,"",1548,"","28/04/2013 23:24",2,"CO",2,2777," "," ",1,1,0,0,0,0,0,0,0,0,0,0,0,0,0,0,0,5425,"COSTA BARROS, RUA",NA,"",95,"VILA PRUDENTE",2,0,"COSTA BARROS, RUA 1548 SAO PAULO SP",-23.5990022,-46.5523882
"7909","D041301030",14270,"MORVAN DIAS DE FIGUEIREDO, AV",5567,"CRUZEIRO DO SUL, AV",0,"","29/04/2013 00:00",2,"CH",9,3878," "," ",1,0,0,0,0,0,0,0,0,0,0,0,0,0,0,0,0,5567,"CRUZEIRO DO SUL, AV",14270,"MORVAN DIAS DE FIGUEIREDO, AV",NA,"",1,0,"MORVAN DIAS DE FIGUEIREDO, AV SAO PAULO SP &  CRUZEIRO DO SUL, AV SAO PAULO SP",-23.5218788,-46.6058375
"7910","D041301824",4409,"MOHAMAD IBRAHIN SALEH, RUA",NA,"",800,"","29/04/2013 00:30",2,"CO",22,2130," "," ",1,1,0,0,0,0,0,0,0,0,0,0,0,0,0,0,0,4409,"MOHAMAD IBRAHIN SALEH, RUA",NA,"",76,"SAO MIGUEL",2,0,"MOHAMAD IBRAHIN SALEH, RUA 800 SAO PAULO SP",-23.5041252,-46.4324183
"7911","D041302258",9044,"RAGUEB CHOHFI, AV",NA,"",5500,"","29/04/2013 00:50",2,"CH",49,5934,"C"," ",1,0,0,0,0,0,0,0,0,0,0,0,0,0,0,0,0,9044,"RAGUEB CHOHFI, AV",NA,"",32,"IGUATEMI",1,1,"RAGUEB CHOHFI, AV 5500 SAO PAULO SP",-23.5951177,-46.4323446
"7912","D041301823",12810,"MANUEL GUIMARAES, RUA CAP",15996,"PEDRO SOARES DE ANDRADE, RUA",0,"","29/04/2013 01:15",2,"CO",22,2122," "," ",1,1,0,0,0,0,0,0,0,0,0,0,0,0,0,0,0,12810,"MANUEL GUIMARAES, RUA CAP",15996,"PEDRO SOARES DE ANDRADE, RUA",76,"SAO MIGUEL",2,0,"MANUEL GUIMARAES, RUA CAP SAO PAULO SP &  PEDRO SOARES DE ANDRADE, RUA SAO PAULO SP",-23.5017004,-46.4360653
"7913","D041301431",19206,"TUIUTI, RUA",18068,"SERRA DE BRAGANCA, RUA",0,"","29/04/2013 01:17",2,"CO",30,2320," "," ",1,1,0,0,0,0,0,0,0,0,0,0,0,0,0,0,0,18276,"SILVIO ROMERO, PCA",19206,"TUIUTI, RUA",82,"TATUAPE",1,0,"TUIUTI, RUA SAO PAULO SP &  SERRA DE BRAGANCA, RUA SAO PAULO SP",-23.5460879,-46.5741417
"7918","D041301179",44645,"DIREITOS HUMANOS, AV",65776,"EMILIA BANDEIRA DE MELO, RUA",0,"","29/04/2013 06:15",2,"CO",38,2140," "," ",1,1,0,0,0,0,0,0,0,0,0,0,0,0,0,0,0,44645,"DIREITOS HUMANOS, AV",65776,"EMILIA BANDEIRA DE MELO, RUA",51,"MANDAQUI",1,0,"DIREITOS HUMANOS, AV SAO PAULO SP &  EMILIA BANDEIRA DE MELO, RUA SAO PAULO SP",-23.4761224,-46.6402686
"7920","D041300862",16878,"RAPOSO TAVARES, VIA",NA,"",19300,"","29/04/2013 07:15",2,"CO",75,1549," "," ",3,0,0,0,0,0,0,0,0,0,0,0,0,0,0,0,0,16878,"RAPOSO TAVARES, VIA",NA,"",13,"CACHOEIRINHA",1,0,"RAPOSO TAVARES, VIA 19300 SAO PAULO SP",-23.0855108,-49.5338115
"7921","D041300861",16878,"RAPOSO TAVARES, VIA",NA,"",15000,"","29/04/2013 07:20",2,"CO",75,1455," "," ",0,1,0,0,0,0,0,0,0,0,0,1,0,0,0,0,0,16878,"RAPOSO TAVARES, VIA",NA,"",13,"CACHOEIRINHA",2,0,"RAPOSO TAVARES, VIA 15000 SAO PAULO SP",-23.5250688,-48.4783913
"7922","D041301075",3813,"CAETANO ALVARES, AV ENG",NA,"",3360,"","29/04/2013 07:28",4,"AT",13,4659,"C"," ",1,1,0,0,0,0,0,0,0,0,0,0,0,0,0,0,0,3813,"CAETANO ALVARES, AV ENG",NA,"",21,"CASA VERDE",2,0,"CAETANO ALVARES, AV ENG 3360 SAO PAULO SP",-23.4895812,-46.6548666
"7923","D041300423",6347,"ELISA SILVEIRA, RUA",15228,"OTTO DE BARROS, RUA",0,"","29/04/2013 07:30",2,"CO",35,3853," "," ",1,1,0,0,0,0,0,0,0,0,0,0,0,0,0,0,0,6347,"ELISA SILVEIRA, RUA",15228,"OTTO DE BARROS, RUA",27,"CURSINO",1,0,"ELISA SILVEIRA, RUA SAO PAULO SP &  OTTO DE BARROS, RUA SAO PAULO SP",-23.6223206,-46.6266353
"7924","D041300737",16337,"ELISEU DE ALMEIDA, AV",NA,"",1000,"","29/04/2013 08:05",4,"AT",34,2571," "," ",0,1,0,0,0,0,0,0,0,0,0,0,0,0,0,0,0,16337,"ELISEU DE ALMEIDA, AV",NA,"",0,"NULL",1,0,"ELISEU DE ALMEIDA, AV 1000 SAO PAULO SP",-23.5794772,-46.7202229
"7925","D041301443",4502,"CARRAO, AV CONS",NA,"",3300,"","29/04/2013 08:30",2,"QD",31,2465," "," ",0,0,0,0,0,0,0,1,0,0,0,0,0,0,0,0,0,4502,"CARRAO, AV CONS",NA,"",20,"CARRAO",1,0,"CARRAO, AV CONS 3300 SAO PAULO SP",-23.5518398,-46.530415
"7926","D041300937",8000,"GIOVANNI GRONCHI, AV",NA,"",3000,"","29/04/2013 08:40",2,"CO",89,3637," "," ",0,1,0,0,0,0,0,0,0,0,0,0,0,0,0,1,0,8000,"GIOVANNI GRONCHI, AV",NA,"",55,"MORUMBI",1,0,"GIOVANNI GRONCHI, AV 3000 SAO PAULO SP",-23.6077115,-46.7256082
"7927","D041300504",6201,"EDMUNDO CARVALHO, RUA",NA,"",2537,"","29/04/2013 08:45",2,"QM",95,1996," "," ",1,1,0,0,0,0,0,0,0,0,0,0,0,0,0,0,0,6201,"EDMUNDO CARVALHO, RUA",NA,"",69,"SACOMA",1,0,"EDMUNDO CARVALHO, RUA 2537 SAO PAULO SP",-23.6255241,-46.5985562
"7928","D041300788",18262,"SILVIO DE CAMPOS, AV DR",NA,"",593,"","29/04/2013 09:10",2,"CO",46,2045," "," ",2,0,0,0,0,0,0,0,0,0,0,0,0,0,0,0,0,18262,"SILVIO DE CAMPOS, AV DR",NA,"",NA,"",1,0,"SILVIO DE CAMPOS, AV DR 593 SAO PAULO SP",-23.4070414,-46.7605861
"7929","D041300237",8,"ABAETE, RUA VISC DE",NA,"",174,"","29/04/2013 09:17",2,"SI",12,2376," "," ",1,1,0,0,0,0,0,0,0,0,0,0,0,0,0,0,0,8,"ABAETE, RUA VISC DE",NA,"",6,"BARRA FUNDA",1,0,"ABAETE, RUA VISC DE 174 SAO PAULO SP",-23.5397615,-46.613451
"7932","D041301010",5567,"CRUZEIRO DO SUL, AV",6781,"EULALIA, RUA STA",0,"","29/04/2013 11:00",2,"CO",9,2471," "," ",1,1,0,0,0,0,0,0,0,0,0,0,0,0,0,0,0,4219,"ZAKI NARCHI, AV",5567,"CRUZEIRO DO SUL, AV",71,"SANTANA",1,0,"CRUZEIRO DO SUL, AV SAO PAULO SP &  EULALIA, RUA STA SAO PAULO SP",-23.5073033,-46.6250321
"7933","D041301011",5567,"CRUZEIRO DO SUL, AV",6781,"EULALIA, RUA STA",0,"","29/04/2013 11:00",2,"CO",9,2471," "," ",1,1,0,0,0,0,0,0,0,0,0,0,0,0,0,0,0,4219,"ZAKI NARCHI, AV",5567,"CRUZEIRO DO SUL, AV",71,"SANTANA",1,0,"CRUZEIRO DO SUL, AV SAO PAULO SP &  EULALIA, RUA STA SAO PAULO SP",-23.5073033,-46.6250321
"7934","D041301838",4128,"CANGAIBA, AV",NA,"",2900,"","29/04/2013 11:10",2,"QD",24,1217," "," ",0,0,0,0,0,0,0,1,0,0,0,0,0,0,0,0,0,4128,"CANGAIBA, AV",NA,"",18,"CANGAIBA",1,0,"CANGAIBA, AV 2900 SAO PAULO SP",-23.5059142,-46.5276405
"7935","D041301076",3637,"BRAZ LEME, AV",NA,"",268,"","29/04/2013 11:40",2,"CO",13,4671," "," ",1,1,0,0,0,0,0,0,0,0,0,0,0,0,0,0,0,3637,"BRAZ LEME, AV",NA,"",21,"CASA VERDE",1,0,"BRAZ LEME, AV 268 SAO PAULO SP",-23.5124995,-46.6532187
"7936","D041300238",4561,"CASTELO BRANCO, AV PRES",NA,"",3200,"","29/04/2013 11:40",2,"CO",12,2377," "," ",1,1,0,0,0,0,0,0,0,0,0,0,0,0,0,0,0,29772,"MARGINAL DO RIO TIETE, AV",NA,"",6,"BARRA FUNDA",1,0,"CASTELO BRANCO, AV PRES 3200 SAO PAULO SP",-23.520159,-46.6224511
"7938","D041301226",4715,"CELESTINO BOURROUL, AV PROF",NA,"",200,"","29/04/2013 12:50",4,"AT",40,1432," "," ",0,0,0,0,0,0,0,0,0,1,0,0,0,0,0,0,0,4715,"CELESTINO BOURROUL, AV PROF",NA,"",50,"LIMAO",2,0,"CELESTINO BOURROUL, AV PROF 200 SAO PAULO SP",-23.5119061,-46.6729207
"7939","D041302239",4715,"CELESTINO BOURROUL, AV PROF",NA,"",200,"","29/04/2013 12:50",4,"AT",13,4688," "," ",1,0,0,0,0,0,0,0,0,0,0,0,0,0,0,0,0,4715,"CELESTINO BOURROUL, AV PROF",NA,"",50,"LIMAO",1,1,"CELESTINO BOURROUL, AV PROF 200 SAO PAULO SP",-23.5119061,-46.6729207
"7941","D041302196",3509,"BELMIRA MARIN, AV DONA",NA,"",1510,"","29/04/2013 13:52",4,"AT",101,3157," "," ",0,0,1,0,0,0,0,0,0,0,0,0,0,0,0,0,0,3509,"BELMIRA MARIN, AV DONA",NA,"",30,"GRAJAU",0,1,"BELMIRA MARIN, AV DONA 1510 SAO PAULO SP",-23.7434501,-46.6915415
"7942","D041301271",26642,"VICENTE LAZZARI, RUA",NA,"",357,"","29/04/2013 14:15",2,"QF",72,3847," "," ",0,0,0,0,0,0,0,0,0,0,0,1,0,0,0,0,0,26642,"VICENTE LAZZARI, RUA",NA,"",40,"JAGUARE",1,0,"VICENTE LAZZARI, RUA 357 SAO PAULO SP",-23.4540405,-46.6962609
"7943","D041301077",4785,"CESAR, RUA DR",3637,"BRAZ LEME, AV",0,"","29/04/2013 14:22",2,"CO",13,4676," "," ",1,1,0,0,0,0,0,0,0,0,0,0,0,0,0,0,0,3637,"BRAZ LEME, AV",4785,"CESAR, RUA DR",71,"SANTANA",1,0,"CESAR, RUA DR SAO PAULO SP &  BRAZ LEME, AV SAO PAULO SP",-23.5027874,-46.6318713
"7944","D041300806",32946,"TEQUE-TEQUE, RUA",NA,"",21,"","29/04/2013 15:00",2,"CO",46,3995," "," ",0,2,0,0,0,0,0,0,0,0,0,0,0,0,0,0,0,32946,"TEQUE-TEQUE, RUA",NA,"",52,"MARSILAC",2,0,"TEQUE-TEQUE, RUA 21 SAO PAULO SP",-23.4301605,-46.7281086
"7945","D041300955",2928,"BARTOLOMEU PAES, RUA",858,"ALVARENGA PEIXOTO, RUA",0,"","29/04/2013 16:00",2,"CO",91,2943," "," ",1,0,0,0,0,0,0,0,0,0,0,1,0,0,0,0,0,858,"ALVARENGA PEIXOTO, RUA",5329,"COROADOS, RUA",48,"LAPA",1,0,"BARTOLOMEU PAES, RUA SAO PAULO SP &  ALVARENGA PEIXOTO, RUA SAO PAULO SP",-23.5146489,-46.7174628
"7946","D041300670",3880,"CAIUBI, RUA",NA,"",16,"","29/04/2013 16:15",4,"AT",23,2434," "," ",1,0,0,0,0,0,0,0,0,0,0,0,0,0,0,0,0,3880,"CAIUBI, RUA",NA,"",61,"PERDIZES",1,0,"CAIUBI, RUA 16 SAO PAULO SP",-23.5422276,-46.669072
"7947","D041300129",18698,"TAGUA, RUA",NA,"",301,"","29/04/2013 16:16",2,"CT",5,2308," "," ",1,1,0,0,0,0,0,0,0,0,0,0,0,0,0,0,0,18698,"TAGUA, RUA",NA,"",2,"ALTO DE PINHEIR",1,0,"TAGUA, RUA 301 SAO PAULO SP",-23.5621719,-46.6364768
"7948","D041301898",61492,"MANUEL BUENO DA FONSECA, RUA",NA,"",217,"","29/04/2013 16:30",2,"CO",50,9392," "," ",1,1,0,0,0,0,0,0,0,0,0,0,0,0,0,0,0,61492,"MANUEL BUENO DA FONSECA, RUA",NA,"",54,"MOOCA",1,0,"MANUEL BUENO DA FONSECA, RUA 217 SAO PAULO SP",-23.495637,-46.3881893
"7949","D041300954",16726,"QUEIROZ FILHO, AV",7836,"GASTAO VIDIGAL, AV DR",0,"","29/04/2013 16:50",2,"CO",91,2939," "," ",1,1,0,0,0,0,0,0,0,0,0,0,0,0,0,0,0,4677,"APECATU, PCA",7257,"FONSECA RODRIGUES, AV PROF",90,"VILA LEOPOLDINA",1,0,"QUEIROZ FILHO, AV SAO PAULO SP &  GASTAO VIDIGAL, AV DR SAO PAULO SP",-23.5372434,-46.7199853
"7950","D041301517",1782,"ANTONIO MANOGRASSO, AV",917,"ALVES DE ALMEIDA, RUA",0,"","29/04/2013 17:00",2,"CO",58,2485," "," ",0,1,0,0,0,0,0,0,0,0,0,0,0,0,0,0,0,917,"ALVES DE ALMEIDA, RUA",1782,"ANTONIO MANOGRASSO, AV",87,"VILA FORMOSA",1,0,"ANTONIO MANOGRASSO, AV SAO PAULO SP &  ALVES DE ALMEIDA, RUA SAO PAULO SP",-23.5769689,-46.5364001
"7951","D041300253",9039,"IGUACU, RUA",6642,"ESTADO, AV DO",0,"","29/04/2013 17:17",4,"AT",12,3300," "," ",0,1,0,0,0,0,0,0,0,0,0,0,0,0,0,0,0,6642,"ESTADO, AV DO",9039,"IGUACU, RUA",49,"LIBERDADE",2,0,"IGUACU, RUA SAO PAULO SP &  ESTADO, AV DO SAO PAULO SP",-23.5287289,-46.6262346
"7952","D041300147",17237,"ROCHA, RUA",9546,"ITAPEVA, RUA",0,"","29/04/2013 17:30",4,"AT",5,3508," "," ",1,0,0,0,0,0,0,0,0,0,0,0,0,0,0,0,0,9546,"ITAPEVA, RUA",17237,"ROCHA, RUA",NA,"",1,0,"ROCHA, RUA SAO PAULO SP &  ITAPEVA, RUA SAO PAULO SP",-23.5588979,-46.6495744
"7953","D041301799",1001,"PEDRO ESCOBAR, RUA",NA,"",154,"","29/04/2013 18:00",4,"AT",101,3166," "," ",0,1,0,0,0,0,0,0,0,0,0,0,0,0,0,0,0,1001,"PEDRO ESCOBAR, RUA",NA,"",30,"GRAJAU",1,0,"PEDRO ESCOBAR, RUA 154 SAO PAULO SP",-23.7551598,-46.6671547
"7954","D041301078",4533,"CASA VERDE, AV",19903,"VALDEMAR MARTINS, RUA",0,"","29/04/2013 18:17",2,"CO",13,4689," "," ",1,1,0,0,0,0,0,0,0,0,0,0,0,0,0,0,0,4533,"CASA VERDE, AV",19903,"VALDEMAR MARTINS, RUA",21,"CASA VERDE",1,0,"CASA VERDE, AV SAO PAULO SP &  VALDEMAR MARTINS, RUA SAO PAULO SP",-23.5065329,-46.6665841
"7955","D041301091",4775,"CEREJEIRAS, AV DAS",NA,"",546,"","29/04/2013 18:25",2,"CO",19,3906," "," ",1,0,0,0,1,0,0,0,0,0,0,0,0,0,0,0,0,4775,"CEREJEIRAS, AV DAS",NA,"",94,"VILA MEDEIROS",1,0,"CEREJEIRAS, AV DAS 546 SAO PAULO SP",-23.510663,-46.5808497
"7956","D041301663",37050,"ELISIA GONCALVES BARSELOS, RUA",NA,"",93,"","29/04/2013 18:30",4,"AT",85,2273," "," ",1,0,0,0,0,0,0,0,0,0,0,0,0,0,0,0,0,37050,"ELISIA GONCALVES BARSELOS, RUA",NA,"",76,"SAO MIGUEL",1,0,"ELISIA GONCALVES BARSELOS, RUA 93 SAO PAULO SP",-23.7531779,-46.6897284