"","id_acidente","codloga","logradouroA","codlogb","logradouroB","alt_num","referencia","data","cod_acid","tipo_acidente","dp","numero_BO","sentido","pista","automovel","moto","onibus","caminhao","bicicleta","moto_taxi","onibus_fretado","onibus_urbano","microonibus","van","vuc","caminhonete","carreta","jipe","outros","sem_informacao","carroca","princ_a","paiA","princ_b","paiB","cod_distrito","distrito","vit_ferida","vit_morta","local","lat","lon"
"8050","D051301362",4573,"CASTRO JUNIOR, AV PROF",NA,"",256,"","01/05/2013 09:40",2,"CH",90,4514," "," ",1,0,0,0,0,0,0,0,0,0,0,0,0,0,0,0,0,4573,"CASTRO JUNIOR, AV PROF",NA,"",94,"VILA MEDEIROS",1,0,"CASTRO JUNIOR, AV PROF 256 SAO PAULO SP",-23.4950042,-46.5759294
"8051","D051300782",1429,"ANHANGUERA, VIA",NA,"",20000,"","01/05/2013 10:16",2,"CO",46,2237," "," ",2,0,0,0,0,0,0,0,0,0,0,0,0,0,0,0,0,1429,"ANHANGUERA, VIA",NA,"",73,"SAO DOMINGOS",1,0,"ANHANGUERA, VIA 20000 SAO PAULO SP",-23.4900941,-46.7665396
"8052","D051300468",9828,"JAGUAPITA, RUA",8308,"GUANIQUE, RUA",0,"","01/05/2013 11:25",2,"CO",95,2194," "," ",1,1,0,0,0,0,0,0,0,0,0,0,0,0,0,0,0,8308,"GUANIQUE, RUA",9828,"JAGUAPITA, RUA",69,"SACOMA",1,0,"JAGUAPITA, RUA SAO PAULO SP &  GUANIQUE, RUA SAO PAULO SP",-23.6241511,-46.5976338
"8053","D051300555",16017,"PEDROSO DE MORAIS, AV",8760,"ERNANI BRAGA, PCA",0,"","01/05/2013 11:50",2,"CO",14,4297," "," ",1,0,0,0,1,0,0,0,0,0,0,0,0,0,0,0,0,6830,"EVANGELISTA RODRIGUES, RUA",8760,"ERNANI BRAGA, PCA",2,"ALTO DE PINHEIR",1,0,"PEDROSO DE MORAIS, AV SAO PAULO SP &  ERNANI BRAGA, PCA SAO PAULO SP",-23.5604714,-46.6945891
"8054","D051300259",17240,"ROCHA AZEVEDO, AL MIN",9642,"ITU, AL",0,"","01/05/2013 12:05",2,"CH",78,3920," "," ",1,0,0,0,0,0,0,0,0,0,0,0,0,0,0,0,0,9642,"ITU, AL",17240,"ROCHA AZEVEDO, AL MIN",44,"JARDIM PAULISTA",1,0,"ROCHA AZEVEDO, AL MIN SAO PAULO SP &  ITU, AL SAO PAULO SP",-23.5622434,-46.6602925
"8055","D051300921",2928,"BARTOLOMEU PAES, RUA",NA,"",319,"","01/05/2013 12:50",2,"CO",91,3013," "," ",1,1,0,0,0,0,0,0,0,0,0,0,0,0,0,0,0,2928,"BARTOLOMEU PAES, RUA",NA,"",48,"LAPA",1,0,"BARTOLOMEU PAES, RUA 319 SAO PAULO SP",-23.5149638,-46.7165728
"8056","D051300489",7658,"FUNCHAL, RUA",19100,"BANDEIRANTES, AV DOS",0,"","01/05/2013 13:30",4,"AT",96,4533," "," ",1,0,0,0,0,0,0,0,0,0,0,0,0,0,0,0,0,7658,"FUNCHAL, RUA",19100,"BANDEIRANTES, AV DOS",34,"ITAIM BIBI",1,0,"FUNCHAL, RUA SAO PAULO SP &  BANDEIRANTES, AV DOS SAO PAULO SP",-23.5934376,-46.689206
"8057","D051301637",34128,"JOAO DE LUCA, AV VER",NA,"",1054,"","01/05/2013 14:45",4,"AT",43,4633," "," ",0,0,1,0,0,0,0,0,0,0,0,0,0,0,0,0,0,34128,"JOAO DE LUCA, AV VER",NA,"",NA,"",1,0,"JOAO DE LUCA, AV VER 1054 SAO PAULO SP",-23.6534143,-46.6687347
"8059","D051302017",3188,"BENJAMIN CAPUSSO, RUA",NA,"",413,"","01/05/2013 15:20",2,"CO",67,5427," "," ",1,0,0,0,0,0,0,0,0,0,0,1,0,0,0,0,0,3188,"BENJAMIN CAPUSSO, RUA",NA,"",86,"VILA CURUCA",4,0,"BENJAMIN CAPUSSO, RUA 413 SAO PAULO SP",-23.5058631,-46.4252665
"8060","D051300383",2876,"BARRANIA, RUA",NA,"",115,"","01/05/2013 15:30",2,"CO",35,3800,"B"," ",1,1,0,0,0,0,0,0,0,0,0,0,0,0,0,0,0,2876,"BARRANIA, RUA",NA,"",37,"JABAQUARA",1,0,"BARRANIA, RUA 115 SAO PAULO SP",-23.644679,-46.6502804
"8061","D051301645",66178,"PAOLO PORPORA, RUA",NA,"",145,"","01/05/2013 15:37",2,"CO",47,5431," "," ",1,1,0,0,0,0,0,0,0,0,0,0,0,0,0,0,0,66178,"PAOLO PORPORA, RUA",NA,"",29,"FREGUESIA DO O",1,0,"PAOLO PORPORA, RUA 145 SAO PAULO SP",-23.6947498,-46.781486
"8062","D051301277",35361,"GUILHERME DE ALMEIDA, AV",64651,"NICIA COUTINHO PATRICIO, RUA",0,"","01/05/2013 16:00",2,"QM",45,3910," "," ",0,1,0,0,0,0,0,0,0,0,0,0,0,0,0,0,0,35361,"GUILHERME DE ALMEIDA, AV",64651,"NICIA COUTINHO PATRICIO, RUA",NA,"",1,0,"GUILHERME DE ALMEIDA, AV SAO PAULO SP &  NICIA COUTINHO PATRICIO, RUA SAO PAULO SP",-23.4663581,-46.6819737
"8064","D051301178",15426,"PARADA PINTO, AV",NA,"",2262,"","01/05/2013 17:20",2,"CT",38,2327," "," ",0,1,0,0,0,0,0,1,0,0,0,0,0,0,0,0,0,15426,"PARADA PINTO, AV",NA,"",8,"BELEM",2,0,"PARADA PINTO, AV 2262 SAO PAULO SP",-23.4702134,-46.649114
"8065","D051301638",19929,"CARLOS FACCHINA, RUA",NA,"",100,"","01/05/2013 17:30",4,"AT",43,4650," "," ",0,1,0,0,0,0,0,0,0,0,0,0,0,0,0,0,0,19929,"CARLOS FACCHINA, RUA",NA,"",29,"FREGUESIA DO O",3,0,"CARLOS FACCHINA, RUA 100 SAO PAULO SP",-23.6793841,-46.6533452
"8067","D051300424",6014,"DOMINGOS DE MORAES, VD",NA,"",1621,"","01/05/2013 18:55",4,"AT",36,5824," "," ",0,1,0,0,0,0,0,0,0,0,0,0,0,0,0,0,0,14172,"MONTE PASCAL, RUA",NA,"",48,"LAPA",1,0,"DOMINGOS DE MORAES, VD 1621 SAO PAULO SP",-23.5170279,-46.7257263
"8068","D051300323",19958,"WILSON, AV PRES",NA,"",1000,"","01/05/2013 19:00",4,"AT",17,5822," "," ",1,0,0,0,0,0,0,0,0,0,0,0,0,0,0,0,0,19958,"WILSON, AV PRES",NA,"",16,"CAMPO GRANDE",1,0,"WILSON, AV PRES 1000 SAO PAULO SP",-23.5629655,-46.6072542
"8069","D051300009",8024,"GLICERIO, RUA",15101,"OSCAR CINTRA GORDINHO, RUA",0,"","01/05/2013 19:00",4,"AT",1,3661," "," ",1,0,0,0,0,0,0,0,0,0,0,0,0,0,0,0,0,8024,"GLICERIO, RUA",15101,"OSCAR CINTRA GORDINHO, RUA",80,"SE",2,0,"GLICERIO, RUA SAO PAULO SP &  OSCAR CINTRA GORDINHO, RUA SAO PAULO SP",-23.5071436,-46.4767062
"8070","D051302312",18197,"SILVA TELES, RUA",17112,"RIO BONITO, RUA",0,"","01/05/2013 19:00",2,"CO",52,1378," "," ",0,0,1,0,1,0,0,0,0,0,0,0,0,0,0,0,0,17112,"RIO BONITO, RUA",18197,"SILVA TELES, RUA",57,"PARI",0,1,"SILVA TELES, RUA SAO PAULO SP &  RIO BONITO, RUA SAO PAULO SP",-23.5299486,-46.6104577
"8071","D051301886",15143,"BENEDITO COELHO NETTO, RUA",NA,"",161,"","01/05/2013 19:10",2,"CO",32,3389," "," ",1,1,0,0,0,0,0,0,0,0,0,0,0,0,0,0,0,15143,"BENEDITO COELHO NETTO, RUA",NA,"",51,"MANDAQUI",1,0,"BENEDITO COELHO NETTO, RUA 161 SAO PAULO SP",-23.5488211,-46.460283
"8072","D051300609",7691,"GABRIEL MONTEIRO DA SILVA, AL",4711,"CEILAO, RUA",0,"","01/05/2013 19:30",2,"CO",15,4692," "," ",1,0,0,0,0,0,0,0,0,0,0,1,0,0,0,0,0,4711,"CEILAO, RUA",7691,"GABRIEL MONTEIRO DA SILVA, AL",63,"PINHEIROS",2,0,"GABRIEL MONTEIRO DA SILVA, AL SAO PAULO SP &  CEILAO, RUA SAO PAULO SP",-23.574341,-46.6853256
"8073","D051301239",8320,"GUAPIRA, AV",18664,"TANQUE VELHO, RUA",0,"","01/05/2013 19:50",2,"CO",39,4953," "," ",0,1,0,0,0,0,0,0,0,0,0,1,0,0,0,0,0,8320,"GUAPIRA, AV",18664,"TANQUE VELHO, RUA",84,"TUCURUVI",1,0,"GUAPIRA, AV SAO PAULO SP &  TANQUE VELHO, RUA SAO PAULO SP",-23.4688173,-46.5845853
"8074","D051301261",6450,"EMILIO CARLOS, AV DEP",NA,"",3747,"","01/05/2013 20:00",2,"CO",40,5190," "," ",1,1,0,0,0,0,0,0,0,0,0,0,0,0,0,0,0,6450,"EMILIO CARLOS, AV DEP",NA,"",50,"LIMAO",1,0,"EMILIO CARLOS, AV DEP 3747 SAO PAULO SP",-23.4755179,-46.6693075
"8075","D051301953",10926,"JOSE DO LIMOEIRO, RUA S",NA,"",17,"","01/05/2013 21:00",2,"QM",63,3399," "," ",0,1,0,0,0,0,0,0,0,0,0,0,0,0,0,0,0,10926,"JOSE DO LIMOEIRO, RUA S",NA,"",36,"ITAQUERA",1,0,"JOSE DO LIMOEIRO, RUA S 17 SAO PAULO SP",-23.5201118,-46.4605865
"8076","D051301485",5425,"COSTA BARROS, RUA",NA,"",1100,"","01/05/2013 21:10",2,"CO",42,2860," "," ",2,0,0,0,0,0,0,0,0,0,0,0,0,0,0,0,0,5425,"COSTA BARROS, RUA",NA,"",95,"VILA PRUDENTE",2,0,"COSTA BARROS, RUA 1100 SAO PAULO SP",-23.5964379,-46.5556624
"8077","D051302281",19931,"WASHINGTON LUIS, AV",NA,"",340,"","01/05/2013 21:30",2,"CL",11,4893,"B"," ",2,0,0,0,0,0,0,0,0,0,0,0,0,0,0,0,0,19931,"WASHINGTON LUIS, AV",NA,"",30,"GRAJAU",1,1,"WASHINGTON LUIS, AV 340 SAO PAULO SP",-23.6600605,-46.7015529
"8078","D051301552",6238,"NACOES UNIDAS, AV DAS",11350,"ALEXANDRE DUMAS, RUA",0,"","01/05/2013 21:40",2,"CT",11,4890," "," ",1,0,0,0,0,0,0,0,0,0,0,1,0,0,0,0,0,6238,"NACOES UNIDAS, AV DAS",11350,"ALEXANDRE DUMAS, RUA",72,"SANTO AMARO",4,0,"NACOES UNIDAS, AV DAS SAO PAULO SP &  ALEXANDRE DUMAS, RUA SAO PAULO SP",-23.5735935,-46.7008864
"8079","D051302037",35160,"CAMOES, RUA",20804,"LUIS MATEUS (GUAIANAZES), RUA",0,"","01/05/2013 21:45",4,"AT",103,1789," "," ",0,1,0,0,0,0,0,0,0,0,0,0,0,0,0,0,0,20804,"LUIS MATEUS (GUAIANAZES), RUA",35160,"CAMOES, RUA",31,"GUAIANASES",2,0,"CAMOES, RUA SAO PAULO SP &  LUIS MATEUS (GUAIANAZES), RUA SAO PAULO SP",-23.4862116,-46.4194326
"8080","D051301023",3813,"CAETANO ALVARES, AV ENG",NA,"",1820,"","01/05/2013 22:03",4,"AT",13,4782," "," ",1,0,0,0,0,0,0,0,0,0,0,0,0,0,0,0,0,3813,"CAETANO ALVARES, AV ENG",NA,"",21,"CASA VERDE",1,0,"CAETANO ALVARES, AV ENG 1820 SAO PAULO SP",-23.4996127,-46.6641302
"8081","D051301802",15507,"TEOTONIO VILELA, AV SEN",3509,"BELMIRA MARIN, AV DONA",0,"","01/05/2013 22:20",2,"QM",101,3222," "," ",0,1,0,0,0,0,0,0,0,0,0,0,0,0,0,0,0,3509,"BELMIRA MARIN, AV DONA",15507,"TEOTONIO VILELA, AV SEN",23,"CIDADE DUTRA",1,0,"TEOTONIO VILELA, AV SEN SAO PAULO SP &  BELMIRA MARIN, AV DONA SAO PAULO SP",-23.7290679,-46.698928
"8083","D051302222",17824,"SAPOPEMBA, AV",NA,"",1200,"","01/05/2013 22:30",2,"CL",69,5998," "," ",1,1,0,0,0,0,0,0,0,0,0,0,0,0,0,0,0,17824,"SAPOPEMBA, AV",NA,"",33,"IPIRANGA",1,0,"SAPOPEMBA, AV 1200 SAO PAULO SP",-23.6173441,-46.5192508
"8084","D051300742",12609,"MANICOBA, RUA",NA,"",195,"","01/05/2013 22:54",4,"AT",37,3748," "," ",0,0,0,0,0,0,0,0,0,0,0,0,0,0,0,1,0,12609,"MANICOBA, RUA",NA,"",17,"CAMPO LIMPO",1,0,"MANICOBA, RUA 195 SAO PAULO SP",-23.6234148,-46.7499944
"8086","D051300741",99949,"CARLOS CALDEIRA FILHO, AV",NA,"",10,"","01/05/2013 23:18",4,"AT",37,3746," "," ",0,0,0,1,0,0,0,0,0,0,0,0,0,0,0,0,0,99949,"CARLOS CALDEIRA FILHO, AV",NA,"",19,"CAPAO REDONDO",1,0,"CARLOS CALDEIRA FILHO, AV 10 SAO PAULO SP",-23.6481998,-46.7582692
"8087","D051300520",2235,"ARMANDO DE ARRUDA PEREIRA, AV ENG",NA,"",5525,"","01/05/2013 23:20",4,"AT",97,4113," "," ",1,0,0,0,0,0,0,0,0,0,0,0,0,0,0,0,0,2235,"ARMANDO DE ARRUDA PEREIRA, AV ENG",NA,"",37,"JABAQUARA",1,0,"ARMANDO DE ARRUDA PEREIRA, AV ENG 5525 SAO PAULO SP",-23.6695562,-46.6329099
"8089","D051301896",16652,"ANTONIO JOAO DE MEDEIROS, RUA",NA,"",6,"","01/05/2013 23:36",2,"CF",50,5430," "," ",2,0,0,0,0,0,0,0,0,0,0,0,0,0,0,0,0,16652,"ANTONIO JOAO DE MEDEIROS, RUA",NA,"",54,"MOOCA",2,0,"ANTONIO JOAO DE MEDEIROS, RUA 6 SAO PAULO SP",-23.5021881,-46.3976942
"8090","D051301832",6450,"EMILIO CARLOS, AV DEP",NA,"",32,"","02/05/2013 00:00",2,"QM",22,2310," "," ",0,1,0,0,0,0,0,0,0,0,0,0,0,0,0,0,0,6450,"EMILIO CARLOS, AV DEP",NA,"",50,"LIMAO",1,0,"EMILIO CARLOS, AV DEP 32 SAO PAULO SP",-23.5035616,-46.6722618
"8091","D051302231",19708,"VILA EMA, AV",NA,"",5500,"","02/05/2013 00:23",4,"AT",70,4525," "," ",0,0,0,0,0,0,0,0,0,0,0,0,0,0,0,1,0,19708,"VILA EMA, AV",NA,"",26,"CONSOLACAO",1,0,"VILA EMA, AV 5500 SAO PAULO SP",-23.5969009,-46.5288393
"8093","D051301646",29368,"FRANCISCO PRISCO, RUA",NA,"",36,"","02/05/2013 00:30",2,"CO",47,5465," "," ",1,1,0,0,0,0,0,0,0,0,0,0,0,0,0,0,0,29368,"FRANCISCO PRISCO, RUA",NA,"",29,"FREGUESIA DO O",1,0,"FRANCISCO PRISCO, RUA 36 SAO PAULO SP",-23.6719151,-46.7653999
"8095","D051302054",17135,"RIO DAS PEDRAS, AV",NA,"",2232,"","02/05/2013 00:47",2,"CO",41,4527," "," ",2,0,0,0,0,0,0,0,0,0,0,0,0,0,0,0,0,17135,"RIO DAS PEDRAS, AV",NA,"",27,"CURSINO",2,0,"RIO DAS PEDRAS, AV 2232 SAO PAULO SP",-23.5723654,-46.5060215
"8096","D051301685",9913,"JANGADEIRO, AV DO",NA,"",200,"","02/05/2013 00:55",2,"CO",48,3218," "," ",1,1,0,0,0,0,0,0,0,0,0,0,0,0,0,0,0,9913,"JANGADEIRO, AV DO",NA,"",23,"CIDADE DUTRA",1,0,"JANGADEIRO, AV DO 200 SAO PAULO SP",-23.7064206,-46.7005429
"8097","D051301446",34122,"MELO FREIRE, RUA",14178,"MONTE SERRAT, RUA",0,"","02/05/2013 01:05",2,"CT",30,2543," "," ",0,0,1,0,0,0,0,0,0,0,0,1,0,0,0,0,0,14178,"MONTE SERRAT, RUA",34122,"MELO FREIRE, RUA",82,"TATUAPE",1,0,"MELO FREIRE, RUA SAO PAULO SP &  MONTE SERRAT, RUA SAO PAULO SP",-23.5391715,-46.5695321
"8098","D051301630",5606,"CUPECE, AV",NA,"",4800,"","02/05/2013 05:00",4,"AT",43,1653," "," ",0,0,0,0,0,0,0,0,0,0,0,1,0,0,0,0,0,5606,"CUPECE, AV",NA,"",22,"CIDADE ADEMAR",1,0,"CUPECE, AV 4800 SAO PAULO SP",-23.6759412,-46.6422102
"8099","D051301687",15507,"TEOTONIO VILELA, AV SEN",NA,"",1640,"","02/05/2013 05:15",2,"CO",48,3778," "," ",1,1,0,0,0,0,0,0,0,0,0,0,0,0,0,0,0,15507,"TEOTONIO VILELA, AV SEN",NA,"",23,"CIDADE DUTRA",1,0,"TEOTONIO VILELA, AV SEN 1640 SAO PAULO SP",-23.7158272,-46.6991951
"8100","D051300527",6675,"ESTEVAO BARBOSA, RUA",16463,"POMPEIA, AV",0,"","02/05/2013 05:55",4,"AT",7,2528," "," ",1,0,0,0,0,0,0,0,0,0,0,0,0,0,0,0,0,6675,"ESTEVAO BARBOSA, RUA",16463,"POMPEIA, AV",61,"PERDIZES",1,0,"ESTEVAO BARBOSA, RUA SAO PAULO SP &  POMPEIA, AV SAO PAULO SP",-23.5388263,-46.6908807
"8101","D051301959",46936,"JACU-PESSEGO/NOVA TRABALHADORE, AV",NA,"",1000,"","02/05/2013 06:44",4,"AT",63,3582," "," ",0,0,0,0,0,0,0,0,0,0,0,0,0,0,0,1,0,46936,"JACU-PESSEGO/NOVA TRABALHADORE, AV",NA,"",46,"JOSE BONIFACIO",1,0,"JACU-PESSEGO/NOVA TRABALHADORE, AV 1000 SAO PAULO SP",-23.5239177,-46.45724
"8102","D051301759",9220,"INTERLAGOS, AV",NA,"",4475,"","02/05/2013 06:51",2,"CO",99,1943," "," ",1,1,0,0,0,0,0,1,0,0,0,2,0,0,0,0,0,9220,"INTERLAGOS, AV",NA,"",16,"CAMPO GRANDE",1,0,"INTERLAGOS, AV 4475 SAO PAULO SP",-23.6881292,-46.6966021
"8104","D051300471",2829,"BARBINOS, RUA",NA,"",139,"","02/05/2013 07:26",2,"CO",95,2316," "," ",1,3,0,0,0,0,0,0,0,0,0,0,0,0,0,0,0,2829,"BARBINOS, RUA",NA,"",18,"CANGAIBA",1,0,"BARBINOS, RUA 139 SAO PAULO SP",-23.6215359,-46.5845734
"8105","D051300813",13019,"ESCOLA POLITECNICA, AV",NA,"",4183,"","02/05/2013 07:40",2,"CO",51,1967," "," ",1,1,0,0,0,0,0,0,0,0,0,0,0,0,0,0,0,13019,"ESCOLA POLITECNICA, AV",NA,"",40,"JAGUARE",1,0,"ESCOLA POLITECNICA, AV 4183 SAO PAULO SP",-23.5705934,-46.762581
"8107","D051301550",19844,"VITOR MANZINI, AV",NA,"",90,"","02/05/2013 07:50",2,"QD",11,14204," "," ",0,0,1,0,0,0,0,0,0,0,0,0,0,0,0,0,0,19844,"VITOR MANZINI, AV",NA,"",29,"FREGUESIA DO O",1,0,"VITOR MANZINI, AV 90 SAO PAULO SP",-23.6622889,-46.7067902
"8109","D051300211",16870,"RANGEL PESTANA, AV",5229,"CONCORDIA, LGO DA",0,"","02/05/2013 07:52",4,"AT",12,2432," "," ",0,0,1,0,0,0,0,0,0,0,0,0,0,0,0,0,0,5229,"CONCORDIA, LGO DA",16870,"RANGEL PESTANA, AV",10,"BRAS",1,0,"RANGEL PESTANA, AV SAO PAULO SP &  CONCORDIA, LGO DA SAO PAULO SP",-23.5447812,-46.6196928
"8110","D051302076",2181,"ARICANDUVA, AV",NA,"",12011,"","02/05/2013 08:04",2,"QM",49,3030," "," ",0,1,0,0,0,0,0,0,0,0,0,0,0,0,0,0,0,2181,"ARICANDUVA, AV",NA,"",60,"PENHA",1,0,"ARICANDUVA, AV 12011 SAO PAULO SP",-23.5924153,-46.4723308
"8111","D051301445",5784,"DEMETRIO RIBEIRO, RUA",3291,"BERNARDO, RUA S",0,"","02/05/2013 08:30",2,"CO",30,2375," "," ",2,0,0,0,0,0,0,0,0,0,0,0,0,0,0,0,0,3291,"BERNARDO, RUA S",5784,"DEMETRIO RIBEIRO, RUA",82,"TATUAPE",1,0,"DEMETRIO RIBEIRO, RUA SAO PAULO SP &  BERNARDO, RUA S SAO PAULO SP",-23.5526242,-46.5749012
"8112","D051301217",21310,"ANTONIO MARIA LAET, AV DR",11680,"LEAO PERUCHE, RUA PDE",0,"","02/05/2013 08:30",2,"CO",39,2013," "," ",1,1,0,0,0,0,0,0,0,0,0,0,0,0,0,0,0,11680,"LEAO PERUCHE, RUA PDE",21310,"ANTONIO MARIA LAET, AV DR",84,"TUCURUVI",1,0,"ANTONIO MARIA LAET, AV DR SAO PAULO SP &  LEAO PERUCHE, RUA PDE SAO PAULO SP",-23.478224,-46.6024661
"8114","D051302102",9044,"RAGUEB CHOHFI, AV",NA,"",4522,"","02/05/2013 08:57",2,"CT",49,7187," "," ",1,1,0,0,0,0,0,0,0,0,0,0,0,0,0,0,0,9044,"RAGUEB CHOHFI, AV",NA,"",32,"IGUATEMI",1,0,"RAGUEB CHOHFI, AV 4522 SAO PAULO SP",-23.5947974,-46.4421305
"8115","D051301634",5291,"MARARI, AV",16879,"RAQUEL, RUA",0,"","02/05/2013 09:13",2,"CO",43,1899," "," ",0,1,0,1,0,0,0,0,0,0,0,0,0,0,0,0,0,5291,"MARARI, AV",16879,"RAQUEL, RUA",22,"CIDADE ADEMAR",2,0,"MARARI, AV SAO PAULO SP &  RAQUEL, RUA SAO PAULO SP",-23.6679451,-46.664031
"8116","D051301218",21310,"ANTONIO MARIA LAET, AV DR",NA,"",12,"","02/05/2013 09:30",2,"CO",39,2020,"C"," ",1,1,0,0,0,0,0,0,0,0,0,0,0,0,0,0,0,21310,"ANTONIO MARIA LAET, AV DR",NA,"",0,"NULL",2,0,"ANTONIO MARIA LAET, AV DR 12 SAO PAULO SP",-23.4810365,-46.6045106
"8117","D051301016",3637,"BRAZ LEME, AV",20043,"ZANZIBAR, RUA",0,"","02/05/2013 09:30",4,"AT",13,2199," "," ",1,0,0,0,0,0,0,0,0,0,0,0,0,0,0,0,0,3637,"BRAZ LEME, AV",20043,"ZANZIBAR, RUA",21,"CASA VERDE",1,0,"BRAZ LEME, AV SAO PAULO SP &  ZANZIBAR, RUA SAO PAULO SP",-23.5036827,-46.6380042
"8118","D051300338",16675,"ANTONIO DE MACEDO SOARES, RUA",16356,"OTAVIO TARQUINIO DE SOUSA, RUA",0,"","02/05/2013 09:30",2,"SI",27,4559," "," ",1,1,0,0,0,0,0,0,0,0,0,0,0,0,0,0,0,16356,"OTAVIO TARQUINIO DE SOUSA, RUA",16675,"ANTONIO DE MACEDO SOARES, RUA",15,"CAMPO BELO",1,0,"ANTONIO DE MACEDO SOARES, RUA SAO PAULO SP &  OTAVIO TARQUINIO DE SOUSA, RUA SAO PAULO SP",-23.6191755,-46.6725158
"8119","D051301270",20633,"JOSE DA NATIVIDADE SALDANHA, AV",NA,"",230,"","02/05/2013 09:50",2,"CO",45,1084," "," ",1,0,0,0,1,0,0,0,0,0,0,0,0,0,0,0,0,20633,"JOSE DA NATIVIDADE SALDANHA, AV",NA,"",40,"JAGUARE",1,0,"JOSE DA NATIVIDADE SALDANHA, AV 230 SAO PAULO SP",-23.471741,-46.6848972
"8120","D051300107",14804,"NOVE DE JULHO, AV",NA,"",175,"","02/05/2013 10:00",4,"AT",5,2365," "," ",0,0,0,0,0,0,0,1,0,0,0,0,0,0,0,0,0,14804,"NOVE DE JULHO, AV",NA,"",63,"PINHEIROS",1,0,"NOVE DE JULHO, AV 175 SAO PAULO SP",-23.5489815,-46.6425601
"8121","D051300292",833,"ALTINO ARANTES, AV DR",11675,"LEANDRO DUPRE, RUA",0,"","02/05/2013 10:00",2,"CO",16,6514," "," ",0,1,0,0,0,0,0,0,0,0,0,1,0,0,0,0,0,833,"ALTINO ARANTES, AV DR",11675,"LEANDRO DUPRE, RUA",79,"SAUDE",1,0,"ALTINO ARANTES, AV DR SAO PAULO SP &  LEANDRO DUPRE, RUA SAO PAULO SP",-23.6026715,-46.6503095
"8122","D051302246",12436,"MACEDO SOARES, AV EMB",NA,"",10000,"","02/05/2013 10:06",4,"AT",7,2782," "," ",1,0,0,0,0,0,0,0,0,0,0,0,0,0,0,0,0,29772,"MARGINAL DO RIO TIETE, AV",NA,"",NA,"",1,1,"MACEDO SOARES, AV EMB 10000 SAO PAULO SP",-23.5184674,-46.7431417
"8123","D051300592",16011,"PEDROSO ALVARENGA, RUA",NA,"",1250,"","02/05/2013 10:15",4,"AT",15,2178," "," ",0,1,0,0,0,0,0,0,0,0,0,0,0,0,0,0,0,16011,"PEDROSO ALVARENGA, RUA",NA,"",28,"ERMELINO MATARA",1,0,"PEDROSO ALVARENGA, RUA 1250 SAO PAULO SP",-23.5828921,-46.6824979
"8125","D051301961",13221,"MIRASSOL D'OESTE, RUA",NA,"",290,"","02/05/2013 10:30",2,"CO",63,3822," "," ",1,0,0,0,1,0,0,0,0,0,0,0,0,0,0,0,0,13221,"MIRASSOL D'OESTE, RUA",NA,"",53,"MOEMA",1,0,"MIRASSOL D'OESTE, RUA 290 SAO PAULO SP",-23.5064829,-46.4609791
"8126","D051302176",11830,"LIDER, AV",NA,"",1400,"","02/05/2013 10:40",2,"SI",66,1951," "," ",1,0,1,0,0,0,0,0,0,0,0,0,0,0,0,0,0,11830,"LIDER, AV",NA,"",24,"CIDADE LIDER",1,0,"LIDER, AV 1400 SAO PAULO SP",-23.5547023,-46.480896
"8127","D051300814",24345,"BRASILIANO BARCELOS, RUA",NA,"",50,"","02/05/2013 11:00",2,"CO",51,1972," "," ",0,1,0,0,0,0,0,1,0,0,0,0,0,0,0,0,0,24345,"BRASILIANO BARCELOS, RUA",NA,"",68,"RIO PEQUENO",1,0,"BRASILIANO BARCELOS, RUA 50 SAO PAULO SP",-23.584492,-46.7618105
"8129","D051302158",70182,"FERNANDES TOURINHO, RUA",NA,"",280,"","02/05/2013 11:26",2,"CH",55,1767," "," ",0,1,0,0,0,0,0,0,0,0,0,0,0,0,0,0,0,70182,"FERNANDES TOURINHO, RUA",NA,"",55,"MORUMBI",2,0,"FERNANDES TOURINHO, RUA 280 SAO PAULO SP",-23.6158762,-46.4706703
"8131","D051301553",4371,"CARLOS GOMES, RUA",NA,"",574,"","02/05/2013 11:45",2,"CL",11,4916," "," ",1,0,0,0,1,0,0,0,0,0,0,0,0,0,0,0,0,4371,"CARLOS GOMES, RUA",NA,"",72,"SANTO AMARO",1,0,"CARLOS GOMES, RUA 574 SAO PAULO SP",-23.6528845,-46.7018202
"8132","D051302140",45641,"RENE DE TOLEDO, RUA",NA,"",169,"","02/05/2013 11:55",4,"AT",54,2437," "," ",0,0,0,0,0,0,0,0,1,0,0,0,0,0,0,0,0,45641,"RENE DE TOLEDO, RUA",NA,"",25,"CIDADE TIRADENT",1,0,"RENE DE TOLEDO, RUA 169 SAO PAULO SP",-23.5994901,-46.4029362
"8133","D051302311",6981,"FELIPE SALOMAO, RUA",NA,"",193,"","02/05/2013 12:20",2,"QD",21,1480," "," ",0,0,0,0,0,0,0,0,1,0,0,0,0,0,0,0,0,6981,"FELIPE SALOMAO, RUA",NA,"",93,"VILA MATILDE",0,1,"FELIPE SALOMAO, RUA 193 SAO PAULO SP",-23.5448552,-46.518239