"","id_acidente","codloga","logradouroA","codlogb","logradouroB","alt_num","referencia","data","cod_acid","tipo_acidente","dp","numero_BO","sentido","pista","automovel","moto","onibus","caminhao","bicicleta","moto_taxi","onibus_fretado","onibus_urbano","microonibus","van","vuc","caminhonete","carreta","jipe","outros","sem_informacao","carroca","princ_a","paiA","princ_b","paiB","cod_distrito","distrito","vit_ferida","vit_morta","local","lat","lon"
"8223","D051301648",79177,"AFONSO SANCHES, RUA",78528,"DOMINGOS CUNHA, RUA PDE",0,"","03/05/2013 17:35",2,"CO",47,5550," "," ",0,1,1,0,0,0,0,0,0,0,0,0,0,0,0,0,0,78528,"DOMINGOS CUNHA, RUA PDE",79177,"AFONSO SANCHES, RUA",NA,"",1,0,"AFONSO SANCHES, RUA SAO PAULO SP &  DOMINGOS CUNHA, RUA PDE SAO PAULO SP",-23.6820892,-46.7875511
"8224","D051302080",9044,"RAGUEB CHOHFI, AV",NA,"",2000,"","03/05/2013 17:40",4,"AT",49,6161," "," ",1,0,0,0,0,0,0,0,0,0,0,0,0,0,0,0,0,9044,"RAGUEB CHOHFI, AV",NA,"",32,"IGUATEMI",1,0,"RAGUEB CHOHFI, AV 2000 SAO PAULO SP",-23.5988274,-46.4654504
"8225","D051302055",2603,"AURORA DAS DORES, RUA",NA,"",100,"","03/05/2013 17:45",4,"AT",41,4623," "," ",0,0,1,0,0,0,0,0,0,0,0,0,0,0,0,0,0,2603,"AURORA DAS DORES, RUA",NA,"",87,"VILA FORMOSA",1,0,"AURORA DAS DORES, RUA 100 SAO PAULO SP",-23.5750822,-46.5328654
"8226","D051300816",16878,"RAPOSO TAVARES, VIA",NA,"",11400,"","03/05/2013 17:45",2,"CT",51,2003," "," ",1,2,0,0,0,0,0,0,0,0,0,0,0,0,0,0,0,16878,"RAPOSO TAVARES, VIA",NA,"",13,"CACHOEIRINHA",2,0,"RAPOSO TAVARES, VIA 11400 SAO PAULO SP",-23.5346929,-48.4245627
"8228","D051300952",94369,"UNIVERSIDADE, AV DA",NA,"",200,"","03/05/2013 18:07",2,"CO",93,3076," "," ",1,0,0,0,1,0,0,0,0,0,0,0,0,0,0,0,0,94369,"UNIVERSIDADE, AV DA",NA,"",NA,"",1,0,"UNIVERSIDADE, AV DA 200 SAO PAULO SP",-23.5640534,-46.7152433
"8229","D051300034",9952,"JARAGUA, RUA",NA,"",90,"","03/05/2013 18:10",2,"CO",2,2580," "," ",0,1,0,0,0,0,0,0,0,0,0,1,0,0,0,0,0,9952,"JARAGUA, RUA",NA,"",9,"BOM RETIRO",2,0,"JARAGUA, RUA 90 SAO PAULO SP",-23.5218657,-46.6417306
"8230","D051301545",6371,"ELISABETH DE ROBIANO, AV CDSSA",NA,"",500,"","03/05/2013 18:20",2,"CO",81,3072," "," ",1,1,0,0,0,0,0,0,0,0,0,0,0,0,0,0,0,29772,"MARGINAL DO RIO TIETE, AV",NA,"",NA,"",1,0,"ELISABETH DE ROBIANO, AV CDSSA 500 SAO PAULO SP",-23.5076424,-46.5495997
"8231","D051301522",7033,"FERNANDO FALCAO, RUA",NA,"",230,"","03/05/2013 18:30",2,"CO",57,1878," "," ",1,1,0,0,0,0,0,0,0,0,0,0,0,0,0,0,0,7033,"FERNANDO FALCAO, RUA",NA,"",54,"MOOCA",1,0,"FERNANDO FALCAO, RUA 230 SAO PAULO SP",-23.5559019,-46.5847677
"8232","D051301534",1782,"ANTONIO MANOGRASSO, AV",NA,"",600,"","03/05/2013 18:30",4,"AT",58,2594," "," ",0,1,0,0,0,0,0,0,0,0,0,0,0,0,0,0,0,1782,"ANTONIO MANOGRASSO, AV",NA,"",87,"VILA FORMOSA",1,0,"ANTONIO MANOGRASSO, AV 600 SAO PAULO SP",-23.5745608,-46.5348621
"8233","D051300386",18289,"SIMAO DA MATTA, RUA",6261,"EDUARDO PEREIRA, RUA",0,"","03/05/2013 18:30",2,"QM",35,3889," "," ",0,1,0,0,0,0,0,0,0,0,0,0,0,0,0,0,0,6261,"EDUARDO PEREIRA, RUA",18289,"SIMAO DA MATTA, RUA",37,"JABAQUARA",1,0,"SIMAO DA MATTA, RUA SAO PAULO SP &  EDUARDO PEREIRA, RUA SAO PAULO SP",-23.6354442,-46.6338241
"8234","D051300557",18813,"TEODORO SAMPAIO, RUA",NA,"",2045,"","03/05/2013 18:40",4,"AT",14,4388," "," ",0,1,0,0,0,0,0,0,0,0,0,0,0,0,0,0,0,18813,"TEODORO SAMPAIO, RUA",NA,"",20,"CARRAO",1,0,"TEODORO SAMPAIO, RUA 2045 SAO PAULO SP",-23.5640218,-46.6882152
"8235","D051300976",15888,"PEDRO CACUNDA, RUA",NA,"",171,"","03/05/2013 19:00",2,"CO",9,2538," "," ",1,1,0,0,0,0,0,0,0,0,0,0,0,0,0,0,0,15888,"PEDRO CACUNDA, RUA",NA,"",8,"BELEM",1,0,"PEDRO CACUNDA, RUA 171 SAO PAULO SP",-23.4921698,-46.6121429
"8236","D051301093",10945,"JOSE ERMIRIO DE MORAES, AV SEN",NA,"",78,"","03/05/2013 19:30",2,"QD",20,4045," "," ",0,0,1,0,0,0,0,0,0,0,0,0,0,0,0,0,0,10945,"JOSE ERMIRIO DE MORAES, AV SEN",NA,"",83,"TREMEMBE",1,0,"JOSE ERMIRIO DE MORAES, AV SEN 78 SAO PAULO SP",-23.4549591,-46.6145145
"8237","D051301998",5418,"COSTA, RUA",NA,"",85,"","03/05/2013 19:37",2,"CF",64,6023," "," ",1,1,0,0,0,0,0,0,0,0,0,0,0,0,0,0,0,5418,"COSTA, RUA",NA,"",34,"ITAIM BIBI",1,0,"COSTA, RUA 85 SAO PAULO SP",-23.5267836,-46.4698113
"8238","D051300643",16463,"POMPEIA, AV",1304,"ANDRE CASADO, RUA",0,"","03/05/2013 20:01",2,"CO",23,3082," "," ",2,0,0,0,0,0,0,0,0,0,0,0,0,0,0,0,0,1304,"ANDRE CASADO, RUA",16463,"POMPEIA, AV",61,"PERDIZES",1,0,"POMPEIA, AV SAO PAULO SP &  ANDRE CASADO, RUA SAO PAULO SP",-23.5459378,-46.6910742
"8239","D051301854",7987,"GILDA, RUA",NA,"",138,"","03/05/2013 21:15",2,"CO",24,4761," "," ",1,1,0,0,0,0,0,0,0,0,0,0,0,0,0,0,0,7987,"GILDA, RUA",NA,"",60,"PENHA",1,0,"GILDA, RUA 138 SAO PAULO SP",-23.5259627,-46.5209136
"8240","D051300490",21514,"ROQUE PETRONI JUNIOR, AV",999,"SANTO AMARO, AV",0,"","03/05/2013 21:49",2,"CO",96,4640," "," ",1,0,0,0,0,0,0,0,0,0,0,1,0,0,0,0,0,999,"SANTO AMARO, AV",21514,"ROQUE PETRONI JUNIOR, AV",34,"ITAIM BIBI",3,0,"ROQUE PETRONI JUNIOR, AV SAO PAULO SP &  SANTO AMARO, AV SAO PAULO SP",-23.6214849,-46.6981062
"8241","D051300675",14350,"MUTINGA, AV",NA,"",3700,"","03/05/2013 22:00",2,"CF",33,4145," "," ",2,0,0,0,0,0,0,0,0,0,0,0,0,0,0,0,0,14350,"MUTINGA, AV",NA,"",64,"PIRITUBA",2,0,"MUTINGA, AV 3700 SAO PAULO SP",-23.4963884,-46.7513323
"8242","D051300920",7955,"JASPE-NEGRO, RUA",2818,"BARBALHA, RUA",0,"","03/05/2013 22:12",2,"CO",91,2350," "," ",1,0,0,0,1,0,0,0,0,0,0,0,0,0,0,0,0,2818,"BARBALHA, RUA",7955,"JASPE-NEGRO, RUA",48,"LAPA",1,0,"JASPE-NEGRO, RUA SAO PAULO SP &  BARBALHA, RUA SAO PAULO SP",-23.5311956,-46.4830698
"8243","D051301887",66961,"PARICA DA VARZEA, RUA",NA,"",312,"","03/05/2013 22:23",2,"QM",32,3468," "," ",0,1,0,0,0,0,0,0,0,0,0,0,0,0,0,0,0,66961,"PARICA DA VARZEA, RUA",NA,"",51,"MANDAQUI",2,0,"PARICA DA VARZEA, RUA 312 SAO PAULO SP",-23.5167601,-46.4306867
"8245","D051302283",8603,"HEITOR ANTONIO EIRAS GARCIA, AV ENG",NA,"",7000,"","04/05/2013 00:30",2,"CH",89,3828," "," ",0,1,0,0,0,0,0,0,0,0,0,0,0,0,0,0,0,8603,"HEITOR ANTONIO EIRAS GARCIA, AV ENG",NA,"",68,"RIO PEQUENO",0,1,"HEITOR ANTONIO EIRAS GARCIA, AV ENG 7000 SAO PAULO SP",-23.6029837,-46.7868812
"8246","D051300541",6544,"ERMANO MARCHETTI, AV",NA,"",616,"","04/05/2013 00:40",2,"CT",7,3085," "," ",2,0,0,0,0,0,0,0,0,0,0,0,0,0,0,0,0,6544,"ERMANO MARCHETTI, AV",NA,"",48,"LAPA",1,0,"ERMANO MARCHETTI, AV 616 SAO PAULO SP",-23.5149526,-46.6980505
"8247","D051300419",19583,"VERGUEIRO, RUA",NA,"",1709,"","04/05/2013 00:56",4,"AT",36,4636," "," ",1,0,0,0,0,0,0,0,0,0,0,0,0,0,0,0,0,19583,"VERGUEIRO, RUA",NA,"",33,"IPIRANGA",1,0,"VERGUEIRO, RUA 1709 SAO PAULO SP",-23.5773552,-46.6407259
"8248","D051301939",73500,"CAICARA DO RIO DO VENTO, RUA",NA,"",888,"","04/05/2013 01:00",4,"AT",62,2168," "," ",0,1,0,0,0,0,0,0,0,0,0,0,0,0,0,0,0,73500,"CAICARA DO RIO DO VENTO, RUA",NA,"",49,"LIBERDADE",1,0,"CAICARA DO RIO DO VENTO, RUA 888 SAO PAULO SP",-23.4913567,-46.4906355
"8249","D051301375",4128,"CANGAIBA, AV",NA,"",943,"","04/05/2013 01:06",2,"CO",10,5006," "," ",1,1,0,0,0,0,0,0,0,0,0,0,0,0,0,0,0,4128,"CANGAIBA, AV",NA,"",18,"CANGAIBA",1,0,"CANGAIBA, AV 943 SAO PAULO SP",-23.5116825,-46.544656
"8250","D051300171",543,"ALCANTARA MACHADO, AV",NA,"",1670,"","04/05/2013 02:20",2,"CH",8,3427," "," ",1,0,0,0,0,0,0,0,0,0,0,0,0,0,0,0,0,543,"ALCANTARA MACHADO, AV",NA,"",10,"BRAS",1,0,"ALCANTARA MACHADO, AV 1670 SAO PAULO SP",-23.5466304,-46.5996194
"8251","D051301928",24916,"CARANA BRANCA, RUA",NA,"",100,"","04/05/2013 02:24",2,"CO",59,3776," "," ",0,1,0,0,0,0,0,0,0,0,0,0,0,0,0,0,0,24916,"CARANA BRANCA, RUA",NA,"",53,"MOEMA",2,0,"CARANA BRANCA, RUA 100 SAO PAULO SP",-23.4903897,-46.4175057
"8252","D051300954",9836,"JAGUARE, AV",11491,"KENKITI SIMOMOTO, AV",0,"","04/05/2013 02:56",4,"AT",93,3087," "," ",0,1,0,0,0,0,0,0,0,0,0,0,0,0,0,0,0,9836,"JAGUARE, AV",11491,"KENKITI SIMOMOTO, AV",40,"JAGUARE",3,0,"JAGUARE, AV SAO PAULO SP &  KENKITI SIMOMOTO, AV SAO PAULO SP",-23.550963,-46.74035
"8254","D051301450",34122,"MELO FREIRE, RUA",1967,"APUCARANA, RUA",0,"","04/05/2013 03:41",2,"CH",30,2601," "," ",1,0,0,0,0,0,0,0,0,0,0,0,0,0,0,0,0,1967,"APUCARANA, RUA",34122,"MELO FREIRE, RUA",82,"TATUAPE",1,0,"MELO FREIRE, RUA SAO PAULO SP &  APUCARANA, RUA SAO PAULO SP",-23.5391715,-46.5695321
"8255","D051301623",15507,"TEOTONIO VILELA, AV SEN",NA,"",8000,"","04/05/2013 03:50",2,"QM",25,3295," "," ",0,1,0,0,0,0,0,0,0,0,0,0,0,0,0,0,0,15507,"TEOTONIO VILELA, AV SEN",NA,"",23,"CIDADE DUTRA",1,0,"TEOTONIO VILELA, AV SEN 8000 SAO PAULO SP",-23.7663231,-46.7172637
"8256","D051301451",18067,"SERRA DE BOTUCATU, RUA",18071,"SERRA DE JAPI, RUA",0,"","04/05/2013 03:50",2,"CL",30,2603," "," ",2,0,0,0,0,0,0,0,0,0,0,0,0,0,0,0,0,18067,"SERRA DE BOTUCATU, RUA",18071,"SERRA DE JAPI, RUA",82,"TATUAPE",2,0,"SERRA DE BOTUCATU, RUA SAO PAULO SP &  SERRA DE JAPI, RUA SAO PAULO SP",-23.5406817,-46.552644
"8257","D051301624",35884,"TADAO INOUE, RUA",NA,"",2500,"","04/05/2013 04:00",2,"TB",25,3296," "," ",1,0,0,0,0,0,0,0,0,0,0,0,0,0,0,0,0,35884,"TADAO INOUE, RUA",NA,"",32,"IGUATEMI",1,0,"TADAO INOUE, RUA 2500 SAO PAULO SP",-23.8124025,-46.6968282
"8258","D051301287",3771,"INAJAR DE SOUZA, AV",NA,"",3536,"","04/05/2013 04:30",4,"AT",72,4015,"B"," ",1,0,0,0,0,0,0,0,0,0,0,0,0,0,0,0,0,3771,"INAJAR DE SOUZA, AV",NA,"",50,"LIMAO",1,0,"INAJAR DE SOUZA, AV 3536 SAO PAULO SP",-23.479217,-46.6732155
"8259","D051301954",13881,"MIGUEL, AV S",18606,"TAIUVINHA, RUA",0,"","04/05/2013 04:40",2,"CH",63,3488," "," ",1,0,0,0,0,0,0,0,0,0,0,0,0,0,0,0,0,13881,"MIGUEL, AV S",18606,"TAIUVINHA, RUA",89,"VILA JACUI",4,0,"MIGUEL, AV S SAO PAULO SP &  TAIUVINHA, RUA SAO PAULO SP",-23.513252,-46.517118
"8260","D051301649",14214,"FELIPE CARRILLO PUERTO, AV",NA,"",823,"","04/05/2013 05:00",2,"CH",47,5570,"C"," ",1,0,0,0,0,0,0,0,0,0,0,0,0,0,0,0,0,14214,"FELIPE CARRILLO PUERTO, AV",NA,"",29,"FREGUESIA DO O",3,0,"FELIPE CARRILLO PUERTO, AV 823 SAO PAULO SP",-23.6669671,-46.7903974
"8261","D051300035",6642,"ESTADO, AV DO",17799,"SANTOS DUMONT, AV",0,"","04/05/2013 05:10",2,"CT",2,2593," "," ",1,1,0,0,0,0,0,0,0,0,0,0,0,0,0,0,0,6642,"ESTADO, AV DO",17799,"SANTOS DUMONT, AV",9,"BOM RETIRO",1,0,"ESTADO, AV DO SAO PAULO SP &  SANTOS DUMONT, AV SAO PAULO SP",-23.5635869,-46.6112253
"8262","D051302254",1363,"JORGE WARD, RUA",13019,"ESCOLA POLITECNICA, AV",0,"","04/05/2013 05:50",2,"CH",14,4404," "," ",1,0,0,0,0,0,0,0,0,0,0,0,0,0,0,0,0,1363,"JORGE WARD, RUA",22165,"PABLO CASALS, AV",45,"JARDIM SAO LUIS",0,2,"JORGE WARD, RUA SAO PAULO SP &  ESCOLA POLITECNICA, AV SAO PAULO SP",-23.5679527,-46.7589041
"8263","D051302114",37265,"TINECIRO ICIBACI, RUA",NA,"",1200,"","04/05/2013 06:30",2,"TB",53,3080," "," ",1,0,0,0,0,0,0,0,0,0,0,0,0,0,0,0,0,37265,"TINECIRO ICIBACI, RUA",NA,"",50,"LIMAO",1,0,"TINECIRO ICIBACI, RUA 1200 SAO PAULO SP",-23.585423,-46.4246394
"8264","D051300797",1427,"ANHANGUERA, RUA",NA,"",22000,"","04/05/2013 07:00",2,"CH",46,4163," "," ",1,0,0,0,0,0,0,0,0,0,0,0,0,0,0,0,0,1427,"ANHANGUERA, RUA",NA,"",70,"SANTA CECILIA",2,0,"ANHANGUERA, RUA 22000 SAO PAULO SP",-23.4900941,-46.7665396
"8265","D051300402",7882,"GEORGE CORBISIER, AV ENG",NA,"",328,"","04/05/2013 08:00",2,"CO",35,5956," "," ",0,2,0,0,0,0,0,0,0,0,0,0,0,0,0,0,0,7882,"GEORGE CORBISIER, AV ENG",NA,"",37,"JABAQUARA",1,0,"GEORGE CORBISIER, AV ENG 328 SAO PAULO SP",-23.6394462,-46.6429309
"8266","D051301855",954,"AMADOR BUENO DA VEIGA, AV",6062,"ANTONIO JOSE BRAGA, RUA",0,"","04/05/2013 08:00",2,"CO",24,4785," "," ",1,0,0,0,1,0,0,0,0,0,0,0,0,0,0,0,0,954,"AMADOR BUENO DA VEIGA, AV",6062,"ANTONIO JOSE BRAGA, RUA",65,"PONTE RASA",1,0,"AMADOR BUENO DA VEIGA, AV SAO PAULO SP &  ANTONIO JOSE BRAGA, RUA SAO PAULO SP",-23.522986,-46.5196435
"8267","D051300718",7500,"FRANCISCO MORATO, AV PROF",NA,"",6361,"","04/05/2013 08:41",2,"QM",34,3837," "," ",0,1,0,0,0,0,0,0,0,0,0,0,0,0,0,0,0,7500,"FRANCISCO MORATO, AV PROF",NA,"",12,"BUTANTA",1,0,"FRANCISCO MORATO, AV PROF 6361 SAO PAULO SP",-23.6066629,-46.7491863
"8268","D051301535",7136,"FILHAS DO SAGRADO CORACAO, RUA",3750,"CABINARI, RUA",0,"","04/05/2013 09:00",4,"AT",58,2614," "," ",0,0,0,0,0,0,0,0,0,0,0,1,0,0,0,0,0,3750,"CABINARI, RUA",7136,"FILHAS DO SAGRADO CORACAO, RUA",87,"VILA FORMOSA",1,0,"FILHAS DO SAGRADO CORACAO, RUA SAO PAULO SP &  CABINARI, RUA SAO PAULO SP",-23.5650716,-46.537607
"8269","D051301752",19705,"CARDOZO DE MELLO NETO, RUA PROF",NA,"",503,"","04/05/2013 09:40",4,"AT",98,4754,"C"," ",1,0,0,0,0,0,0,0,0,0,0,0,0,0,0,0,0,19705,"CARDOZO DE MELLO NETO, RUA PROF",NA,"",NA,"",1,0,"CARDOZO DE MELLO NETO, RUA PROF 503 SAO PAULO SP",-23.6994402,-46.6418072
"8270","D051302295",4249,"CARDOSO DE MELO, AV DR",NA,"",503,"","04/05/2013 09:40",4,"AT",97,1442,"C"," ",1,0,0,0,0,0,0,0,0,0,0,0,0,0,0,0,0,4249,"CARDOSO DE MELO, AV DR",NA,"",NA,"",0,1,"CARDOSO DE MELO, AV DR 503 SAO PAULO SP",-23.6011274,-46.6790136
"8271","D051300037",2864,"BARRA DO TIBAJI, RUA",17507,"RUDGE, AV",0,"","04/05/2013 09:52",2,"CL",2,2611," "," ",2,0,0,0,0,0,0,0,0,0,0,0,0,0,0,0,0,2864,"BARRA DO TIBAJI, RUA",17507,"RUDGE, AV",9,"BOM RETIRO",1,0,"BARRA DO TIBAJI, RUA SAO PAULO SP &  RUDGE, AV SAO PAULO SP",-23.5217785,-46.6390241
"8273","D051300172",6642,"ESTADO, AV DO",NA,"",5200,"","04/05/2013 09:55",2,"CO",8,3439," "," ",0,1,0,0,0,0,0,0,0,0,0,0,0,0,0,0,0,6642,"ESTADO, AV DO",NA,"",9,"BOM RETIRO",1,0,"ESTADO, AV DO 5200 SAO PAULO SP",-23.557275,-46.6199015
"8275","D051301027",14241,"MOREIRA DE BARROS, LGO CONS",NA,"",1026,"","04/05/2013 11:20",4,"AT",13,4905,"B"," ",0,1,0,0,0,0,0,0,0,0,0,0,0,0,0,0,0,14241,"MOREIRA DE BARROS, LGO CONS",NA,"",8,"BELEM",1,0,"MOREIRA DE BARROS, LGO CONS 1026 SAO PAULO SP",-23.4924076,-46.6334598
"8276","D051300394",8676,"HENRIQUE DA COSTA, RUA",NA,"",33,"","04/05/2013 11:30",4,"AT",35,4109," "," ",1,0,0,0,0,0,0,0,0,0,0,0,0,0,0,0,0,8676,"HENRIQUE DA COSTA, RUA",NA,"",42,"JARDIM ANGELA",1,0,"HENRIQUE DA COSTA, RUA 33 SAO PAULO SP",-23.664336,-46.6526503
"8277","D051301495",4736,"CELSO GARCIA, AV",18347,"SIRIA, RUA",0,"","04/05/2013 11:30",2,"CO",52,1406,"B"," ",2,0,0,0,0,0,0,0,0,0,0,0,0,0,0,0,0,4736,"CELSO GARCIA, AV",18347,"SIRIA, RUA",82,"TATUAPE",1,0,"CELSO GARCIA, AV SAO PAULO SP &  SIRIA, RUA SAO PAULO SP",-23.5359522,-46.5717652
"8278","D051301348",42629,"ANTONIO DE CABEZON, RUA",34530,"FRIEDRICH VON VOITH, RUA",0,"","04/05/2013 11:45",2,"CO",74,4029," "," ",1,1,0,0,0,0,0,0,0,0,0,0,0,0,0,0,0,34530,"FRIEDRICH VON VOITH, RUA",42629,"ANTONIO DE CABEZON, RUA",41,"JARAGUA",1,0,"ANTONIO DE CABEZON, RUA SAO PAULO SP &  FRIEDRICH VON VOITH, RUA SAO PAULO SP",-23.4447327,-46.7379003
"8279","D051301233",17339,"ROLAND GARROS, AV",NA,"",501,"","04/05/2013 11:50",2,"CF",39,4670," "," ",0,1,0,0,0,0,0,0,0,0,0,1,0,0,0,0,0,17339,"ROLAND GARROS, AV",NA,"",22,"CIDADE ADEMAR",2,0,"ROLAND GARROS, AV 501 SAO PAULO SP",-23.4816148,-46.5824643
"8280","D051300491",8086,"GOMES DE CARVALHO, RUA",NA,"",768,"","04/05/2013 12:00",2,"CT",96,4670," "," ",1,0,0,0,0,0,0,1,0,0,0,0,0,0,0,0,0,8086,"GOMES DE CARVALHO, RUA",NA,"",34,"ITAIM BIBI",1,0,"GOMES DE CARVALHO, RUA 768 SAO PAULO SP",-23.5990456,-46.6808664
"8281","D051302067",17666,"SALVADOR GIANETTI, RUA",NA,"",600,"","04/05/2013 12:00",2,"QD",44,3092," "," ",1,0,0,0,0,0,0,0,0,0,0,0,0,0,0,0,0,17666,"SALVADOR GIANETTI, RUA",NA,"",50,"LIMAO",1,0,"SALVADOR GIANETTI, RUA 600 SAO PAULO SP",-23.5430393,-46.4150132
"8282","D051301000",5204,"CONCEICAO (ES.), AV",9480,"ITALA, RUA",0,"","04/05/2013 12:00",2,"CO",9,4077," "," ",1,1,0,0,0,0,0,0,0,0,0,0,0,0,0,0,0,5204,"CONCEICAO (ES.), AV",9480,"ITALA, RUA",88,"VILA GUILHERME",1,0,"CONCEICAO (ES.), AV SAO PAULO SP &  ITALA, RUA SAO PAULO SP",-20.6410574,-40.5128593
"8283","D051301498",6371,"ELISABETH DE ROBIANO, AV CDSSA",NA,"",245,"","04/05/2013 12:10",2,"CT",52,5030," "," ",2,0,0,0,0,0,0,0,0,0,0,0,0,0,0,0,0,29772,"MARGINAL DO RIO TIETE, AV",NA,"",82,"TATUAPE",2,0,"ELISABETH DE ROBIANO, AV CDSSA 245 SAO PAULO SP",-23.5076424,-46.5495997
"8284","D051300249",989,"AMARAL GURGEL, RUA",NA,"",97,"","04/05/2013 12:30",4,"AT",77,2608," "," ",1,0,0,0,0,0,0,0,0,0,0,0,0,0,0,0,0,989,"AMARAL GURGEL, RUA",NA,"",67,"REPUBLICA",1,0,"AMARAL GURGEL, RUA 97 SAO PAULO SP",-23.5464436,-46.6476436
"8285","D051301713",63003,"ALZIRO PINHEIRO MAGALHAES, RUA",NA,"",2400,"","04/05/2013 12:32",4,"AT",85,2719," "," ",1,0,0,0,0,0,0,0,0,0,0,0,0,0,0,0,0,63003,"ALZIRO PINHEIRO MAGALHAES, RUA",NA,"",32,"IGUATEMI",1,0,"ALZIRO PINHEIRO MAGALHAES, RUA 2400 SAO PAULO SP",-23.7546344,-46.6877819
"8287","D051300062",16593,"PRESTES MAIA, AV",NA,"",464,"","04/05/2013 13:25",2,"QD",3,2616," "," ",0,0,0,0,0,0,0,1,0,0,0,0,0,0,0,0,0,16593,"PRESTES MAIA, AV",NA,"",9,"BOM RETIRO",1,0,"PRESTES MAIA, AV 464 SAO PAULO SP",-23.5407086,-46.6336532
"8288","D051302079",24421,"FORTE DO TRIUNFO, RUA",NA,"",100,"","04/05/2013 13:31",2,"CO",49,6160," "," ",2,0,0,0,0,0,0,0,0,0,0,0,0,0,0,0,0,24421,"FORTE DO TRIUNFO, RUA",NA,"",51,"MANDAQUI",1,0,"FORTE DO TRIUNFO, RUA 100 SAO PAULO SP",-23.5995203,-46.4634366
"8289","D051302230",75917,"SANTANA DE MANGUEIRA, RUA",NA,"",300,"","04/05/2013 13:45",2,"QD",70,2760," "," ",0,0,1,0,0,0,0,0,0,0,0,0,0,0,0,0,0,75917,"SANTANA DE MANGUEIRA, RUA",NA,"",56,"PARELHEIROS",1,0,"SANTANA DE MANGUEIRA, RUA 300 SAO PAULO SP",-23.4332277,-46.4458397
"8290","D051301778",7917,"GERALDO SANT'ANA, AV SARG",NA,"",1240,"","04/05/2013 13:58",2,"CO",99,5019," "," ",1,1,0,0,0,0,0,0,0,0,0,0,0,0,0,0,0,7917,"GERALDO SANT'ANA, AV SARG",NA,"",16,"CAMPO GRANDE",2,0,"GERALDO SANT'ANA, AV SARG 1240 SAO PAULO SP",-23.6647569,-46.6793365
"8291","D051301536",6239,"EDUARDO COTCHING, AV DR",NA,"",388,"","04/05/2013 14:30",4,"AT",58,2619," "," ",1,0,0,0,0,0,0,0,0,0,0,0,0,0,0,0,0,6239,"EDUARDO COTCHING, AV DR",NA,"",87,"VILA FORMOSA",1,0,"EDUARDO COTCHING, AV DR 388 SAO PAULO SP",-23.5622993,-46.5564776
"8292","D051301839",17820,"TITO, AV MAL",8683,"HENRIQUE DE PAULA FRANCA, RUA",0,"","04/05/2013 14:30",2,"SI",22,3509," "," ",0,1,0,0,0,0,0,0,0,0,0,1,0,0,0,0,0,8683,"HENRIQUE DE PAULA FRANCA, RUA",17820,"TITO, AV MAL",NA,"",1,0,"TITO, AV MAL SAO PAULO SP &  HENRIQUE DE PAULA FRANCA, RUA SAO PAULO SP",-23.4934955,-46.4410574
"8293","D051300154",3699,"BUENO DE ANDRADE, RUA",NA,"",145,"","04/05/2013 14:48",4,"AT",6,3455," "," ",0,0,0,0,0,0,0,0,0,0,0,0,0,0,0,1,0,3699,"BUENO DE ANDRADE, RUA",NA,"",49,"LIBERDADE",1,0,"BUENO DE ANDRADE, RUA 145 SAO PAULO SP",-23.5614611,-46.6315351
"8295","D051302314",11160,"JOSE PINTO DE MELO, RUA",NA,"",137,"","04/05/2013 15:00",4,"AT",21,5036," "," ",1,0,0,0,0,0,0,0,0,0,0,0,0,0,0,0,0,11160,"JOSE PINTO DE MELO, RUA",NA,"",38,"JACANA",0,1,"JOSE PINTO DE MELO, RUA 137 SAO PAULO SP",-23.5433271,-46.5054118
"8296","D051301113",13133,"MARIA AMALIA LOPES AZEVEDO, RUA",NA,"",1312,"","04/05/2013 15:06",2,"SI",20,4669," "," ",0,0,0,0,0,0,0,1,0,0,0,0,0,0,0,0,0,13133,"MARIA AMALIA LOPES AZEVEDO, RUA",NA,"",83,"TREMEMBE",1,0,"MARIA AMALIA LOPES AZEVEDO, RUA 1312 SAO PAULO SP",-23.4582368,-46.612878
"8297","D051300437",5618,"CURSINO, AV DO",NA,"",3196,"","04/05/2013 15:10",2,"CO",83,3869," "," ",1,1,0,0,0,0,0,0,0,0,0,0,0,0,0,0,0,5618,"CURSINO, AV DO",NA,"",27,"CURSINO",1,0,"CURSINO, AV DO 3196 SAO PAULO SP",-23.6295344,-46.6185599
"8298","D051301376",36081,"ALBERTO BADRA, VD ENG",NA,"",100,"","04/05/2013 15:56",2,"CO",10,5034," "," ",3,0,0,0,0,0,0,0,0,0,0,0,0,0,0,0,0,36081,"ALBERTO BADRA, VD ENG",NA,"",NA,"",1,0,"ALBERTO BADRA, VD ENG 100 SAO PAULO SP",-23.5285416,-46.5544171
"8300","D051301171",21150,"MOINHO VELHO, RUA",NA,"",229,"","04/05/2013 16:00",2,"CF",28,900082," "," ",1,1,0,0,0,0,0,0,0,0,0,0,0,0,0,0,0,21150,"MOINHO VELHO, RUA",NA,"",4,"ARICANDUVA",1,0,"MOINHO VELHO, RUA 229 SAO PAULO SP",-23.4952021,-46.707326
"8301","D051301379",3336,"BETARI, RUA",NA,"",520,"","04/05/2013 16:30",2,"CO",10,5042," "," ",1,0,1,0,0,0,0,0,0,0,0,0,0,0,0,0,0,3336,"BETARI, RUA",NA,"",60,"PENHA",1,0,"BETARI, RUA 520 SAO PAULO SP",-23.5289903,-46.5453078