"","id_acidente","codloga","logradouroA","codlogb","logradouroB","alt_num","referencia","data","cod_acid","tipo_acidente","dp","numero_BO","sentido","pista","automovel","moto","onibus","caminhao","bicicleta","moto_taxi","onibus_fretado","onibus_urbano","microonibus","van","vuc","caminhonete","carreta","jipe","outros","sem_informacao","carroca","princ_a","paiA","princ_b","paiB","cod_distrito","distrito","vit_ferida","vit_morta","local","lat","lon"
"8395","D051300863",16878,"RAPOSO TAVARES, VIA",NA,"",18000,"","05/05/2013 22:35",2,"CO",75,3907," "," ",3,0,0,0,0,0,0,0,0,0,0,0,0,0,0,0,0,16878,"RAPOSO TAVARES, VIA",NA,"",13,"CACHOEIRINHA",2,0,"RAPOSO TAVARES, VIA 18000 SAO PAULO SP",-23.5138709,-48.5061497
"8396","D051300420",18653,"TANGARA, RUA",7318,"FRANCA PINTO, RUA",0,"","05/05/2013 22:35",2,"CO",36,7418," "," ",0,1,0,0,0,0,0,0,0,0,0,1,0,0,0,0,0,7318,"FRANCA PINTO, RUA",18653,"TANGARA, RUA",92,"VILA MARIANA",1,0,"TANGARA, RUA SAO PAULO SP &  FRANCA PINTO, RUA SAO PAULO SP",-23.5888012,-46.6479551
"8397","D051301558",32119,"SUZANA RODRIGUES, PCA",NA,"",198,"","05/05/2013 22:39",2,"SI",11,5069," "," ",1,1,0,0,0,0,0,0,0,0,0,0,0,0,0,0,0,32119,"SUZANA RODRIGUES, PCA",NA,"",NA,"",1,0,"SUZANA RODRIGUES, PCA 198 SAO PAULO SP",-23.6920272,-46.7114314
"8398","D051300404",9715,"JABAQUARA, AV",9159,"INDIANOPOLIS, AV",0,"","05/05/2013 22:43",2,"CO",35,6052," "," ",2,0,0,0,0,0,0,0,0,0,0,0,0,0,0,0,0,9159,"INDIANOPOLIS, AV",9715,"JABAQUARA, AV",79,"SAUDE",1,0,"JABAQUARA, AV SAO PAULO SP &  INDIANOPOLIS, AV SAO PAULO SP",-23.6202152,-46.6396897
"8399","D051301456",6460,"EMILIO MALLET, RUA",NA,"",120,"","05/05/2013 22:47",2,"SI",30,2662," "," ",0,2,0,0,0,0,0,0,0,0,0,0,0,0,0,0,0,6460,"EMILIO MALLET, RUA",NA,"",82,"TATUAPE",2,0,"EMILIO MALLET, RUA 120 SAO PAULO SP",-23.5480159,-46.5724693
"8400","D051300525",803,"SEBASTIAO SISSON, RUA",NA,"",120,"","05/05/2013 23:15",4,"AT",97,6092," "," ",0,0,0,0,0,0,0,0,0,0,0,0,0,0,0,1,0,803,"SEBASTIAO SISSON, RUA",NA,"",37,"JABAQUARA",1,0,"SEBASTIAO SISSON, RUA 120 SAO PAULO SP",-23.6613116,-46.6432958
"8401","D051300156",19507,"VASCONCELOS DRUMOND, RUA",NA,"",391,"","05/05/2013 23:16",2,"CO",6,3503," "," ",0,1,0,0,0,0,0,0,0,0,0,0,0,0,0,1,0,19507,"VASCONCELOS DRUMOND, RUA",NA,"",12,"BUTANTA",1,0,"VASCONCELOS DRUMOND, RUA 391 SAO PAULO SP",-23.5792997,-46.6133973
"8403","D051301697",11639,"LAURO PARENTE, RUA DR",NA,"",1000,"","05/05/2013 23:45",2,"CO",80,4823," "," ",1,1,0,0,0,0,0,0,0,0,0,0,0,0,0,0,0,11639,"LAURO PARENTE, RUA DR",NA,"",22,"CIDADE ADEMAR",1,0,"LAURO PARENTE, RUA DR 1000 SAO PAULO SP",-23.6824813,-46.6700057
"8404","D051300343",10918,"JOSE DINIZ, AV VER",NA,"",3573,"","05/05/2013 23:45",2,"CH",27,4719," "," ",1,0,0,0,0,0,0,0,0,0,0,0,0,0,0,0,0,10918,"JOSE DINIZ, AV VER",NA,"",15,"CAMPO BELO",1,0,"JOSE DINIZ, AV VER 3573 SAO PAULO SP",-23.6165887,-46.6746215
"8405","D051301475",5817,"DEZENOVE DE JANEIRO, AV",NA,"",321,"","06/05/2013 01:04",2,"CO",31,2664," "," ",1,1,0,0,0,0,0,0,0,0,0,0,0,0,0,0,0,5817,"DEZENOVE DE JANEIRO, AV",NA,"",20,"CARRAO",1,0,"DEZENOVE DE JANEIRO, AV 321 SAO PAULO SP",-23.5553628,-46.5260246
"8406","D051300458",35399,"CARAUBAS, RUA",NA,"",226,"","06/05/2013 02:54",2,"CH",95,3930," "," ",0,0,0,0,0,0,0,0,0,0,0,1,0,0,0,0,0,35399,"CARAUBAS, RUA",NA,"",29,"FREGUESIA DO O",4,0,"CARAUBAS, RUA 226 SAO PAULO SP",-23.6517835,-46.6949032
"8407","D051301856",954,"AMADOR BUENO DA VEIGA, AV",NA,"",3871,"","06/05/2013 03:00",2,"CH",24,4875," "," ",1,0,0,0,0,0,0,0,0,0,0,0,0,0,0,0,0,954,"AMADOR BUENO DA VEIGA, AV",NA,"",60,"PENHA",1,0,"AMADOR BUENO DA VEIGA, AV 3871 SAO PAULO SP",-23.517785,-46.5101241
"8408","D051302177",9580,"ITAQUERA, AV",5642,"CUSTODIO LOBO, RUA",0,"","06/05/2013 04:55",2,"CO",66,1991," "," ",1,0,1,0,0,0,0,0,0,0,0,0,0,0,0,0,0,5642,"CUSTODIO LOBO, RUA",9580,"ITAQUERA, AV",93,"VILA MATILDE",1,0,"ITAQUERA, AV SAO PAULO SP &  CUSTODIO LOBO, RUA SAO PAULO SP",-23.5540176,-46.4897549
"8410","D051301029",2421,"ASSIS CHATEAUBRIAND, AV",NA,"",2212,"","06/05/2013 05:45",2,"QM",13,4971," "," ",0,1,0,0,0,0,0,0,0,0,0,0,0,0,0,0,0,29772,"MARGINAL DO RIO TIETE, AV",NA,"",71,"SANTANA",1,0,"ASSIS CHATEAUBRIAND, AV 2212 SAO PAULO SP",-23.5166818,-46.6491349
"8411","D051301719",36571,"BAUCIS, RUA",NA,"",320,"","06/05/2013 05:50",2,"QM",92,2806," "," ",0,1,0,0,0,0,0,0,0,0,0,0,0,0,0,0,0,36571,"BAUCIS, RUA",NA,"",32,"IGUATEMI",1,0,"BAUCIS, RUA 320 SAO PAULO SP",-23.6603311,-46.7424445
"8412","D051300896",8587,"HASTINFILO DE MOURA, RUA MAL",8483,"GUILHERME DUMONT VILARES, AV DR",0,"","06/05/2013 05:50",2,"SI",89,3910," "," ",1,1,0,0,0,0,0,0,0,0,0,0,0,0,0,0,0,8483,"GUILHERME DUMONT VILARES, AV DR",8587,"HASTINFILO DE MOURA, RUA MAL",85,"VILA ANDRADE",1,0,"HASTINFILO DE MOURA, RUA MAL SAO PAULO SP &  GUILHERME DUMONT VILARES, AV DR SAO PAULO SP",-23.7112336,-46.5505436
"8414","D051301917",17820,"TITO, AV MAL",NA,"",3564,"","06/05/2013 07:05",2,"CO",59,1651," "," ",1,0,0,0,0,0,0,0,0,0,0,1,0,0,0,0,0,17820,"TITO, AV MAL",NA,"",53,"MOEMA",2,0,"TITO, AV MAL 3564 SAO PAULO SP",-23.4950892,-46.4100547
"8416","D051301413",2181,"ARICANDUVA, AV",NA,"",1000,"","06/05/2013 08:00",2,"CO",21,1514," "," ",2,0,0,0,0,0,0,0,0,0,0,0,0,0,0,0,0,2181,"ARICANDUVA, AV",NA,"",60,"PENHA",1,0,"ARICANDUVA, AV 1000 SAO PAULO SP",-23.553823,-46.5184866
"8417","D051300428",5618,"CURSINO, AV DO",NA,"",5517,"","06/05/2013 08:19",2,"CO",83,1056," "," ",1,1,0,0,0,0,0,0,0,0,0,0,0,0,0,0,0,5618,"CURSINO, AV DO",NA,"",27,"CURSINO",1,0,"CURSINO, AV DO 5517 SAO PAULO SP",-23.6484213,-46.6133842
"8419","D051300165",14805,"ALBERTO LION, PCA",6642,"ESTADO, AV DO",0,"","06/05/2013 08:40",2,"CT",8,2497," "," ",0,1,0,0,0,0,0,0,0,0,0,1,0,0,0,0,0,6642,"ESTADO, AV DO",14805,"ALBERTO LION, PCA",14,"CAMBUCI",1,0,"ALBERTO LION, PCA SAO PAULO SP &  ESTADO, AV DO SAO PAULO SP",-23.5647699,-46.6117339
"8420","D051300412",19583,"VERGUEIRO, RUA",12452,"MACHADO DE ASSIS, RUA",0,"","06/05/2013 08:55",2,"CO",36,1992," "," ",1,1,0,0,0,0,0,0,0,0,0,0,0,0,0,0,0,12452,"MACHADO DE ASSIS, RUA",19583,"VERGUEIRO, RUA",92,"VILA MARIANA",1,0,"VERGUEIRO, RUA SAO PAULO SP &  MACHADO DE ASSIS, RUA SAO PAULO SP",-23.6104332,-46.6085751
"8421","D051300706",16337,"ELISEU DE ALMEIDA, AV",NA,"",1000,"","06/05/2013 09:00",2,"CO",34,2986," "," ",0,2,0,0,0,0,0,0,0,0,0,0,0,0,0,0,0,16337,"ELISEU DE ALMEIDA, AV",NA,"",0,"NULL",1,0,"ELISEU DE ALMEIDA, AV 1000 SAO PAULO SP",-23.5794772,-46.7202229
"8424","D051300831",5309,"CORIFEU DE AZEVEDO MARQUES, AV",NA,"",1847,"","06/05/2013 10:22",2,"CO",51,2901," "," ",1,1,0,0,0,0,0,0,0,0,0,0,0,0,0,0,0,5309,"CORIFEU DE AZEVEDO MARQUES, AV",NA,"",12,"BUTANTA",1,0,"CORIFEU DE AZEVEDO MARQUES, AV 1847 SAO PAULO SP",-23.5737941,-46.7318783
"8425","D051301615",32541,"PAULO GUILGUER REIMBERG, AV",NA,"",3637,"","06/05/2013 10:30",2,"CO",25,1194," "," ",1,1,0,0,0,0,0,0,0,0,0,0,0,0,0,0,0,32541,"PAULO GUILGUER REIMBERG, AV",NA,"",32,"IGUATEMI",1,0,"PAULO GUILGUER REIMBERG, AV 3637 SAO PAULO SP",-23.7833816,-46.6898796
"8427","D051301352",6806,"EURIPEDES RODRIGUES DE LIMA, RUA SOLD",18007,"SERAFIM GONCALVES PEREIRA, AV",0,"","06/05/2013 11:07",2,"CO",90,1787," "," ",1,1,0,0,0,0,0,0,0,0,0,0,0,0,0,0,0,524,"ALBINO CESAR, RUA SOLD",6806,"EURIPEDES RODRIGUES DE LIMA, RUA SOLD",91,"VILA MARIA",1,0,"EURIPEDES RODRIGUES DE LIMA, RUA SOLD SAO PAULO SP &  SERAFIM GONCALVES PEREIRA, AV SAO PAULO SP",-23.5223689,-46.5690506
"8428","D051301482",3648,"ORLANDO CALISTO, RUA",NA,"",113,"","06/05/2013 11:55",4,"AT",42,1610," "," ",1,0,0,0,0,0,0,0,0,0,0,0,0,0,0,0,0,3648,"ORLANDO CALISTO, RUA",NA,"",74,"SAO LUCAS",1,0,"ORLANDO CALISTO, RUA 113 SAO PAULO SP",-23.5898995,-46.554135
"8430","D051300676",21629,"ELISIO CORDEIRO DE SIQUEIRA, AV",21238,"ALEXANDRE RAMOS DE SOUZA, RUA",0,"","06/05/2013 12:00",2,"CO",33,4236," "," ",1,0,0,0,1,0,0,0,0,0,0,0,0,0,0,0,0,21238,"ALEXANDRE RAMOS DE SOUZA, RUA",21629,"ELISIO CORDEIRO DE SIQUEIRA, AV",73,"SAO DOMINGOS",1,0,"ELISIO CORDEIRO DE SIQUEIRA, AV SAO PAULO SP &  ALEXANDRE RAMOS DE SOUZA, RUA SAO PAULO SP",-23.4942344,-46.7462635
"8431","D051301559",19574,"VERBO DIVINO, RUA",NA,"",1100,"","06/05/2013 12:18",2,"QD",11,5099," "," ",0,0,0,0,0,0,0,1,0,0,0,0,0,0,0,0,0,19574,"VERBO DIVINO, RUA",NA,"",29,"FREGUESIA DO O",1,0,"VERBO DIVINO, RUA 1100 SAO PAULO SP",-23.6328318,-46.7062644
"8433","D051302178",17135,"RIO DAS PEDRAS, AV",NA,"",3729,"","06/05/2013 12:28",2,"CL",66,1996," "," ",1,1,0,0,0,0,0,0,0,0,0,0,0,0,0,0,0,17135,"RIO DAS PEDRAS, AV",NA,"",NA,"",1,0,"RIO DAS PEDRAS, AV 3729 SAO PAULO SP",-23.5822966,-46.4971523
"8434","D051302208",23574,"SINFONIA DO OCASO, RUA",23588,"LEANDRO DE SEVILHA, RUA",0,"","06/05/2013 12:33",2,"CO",69,4757," "," ",0,0,1,0,0,0,0,1,0,0,0,0,0,0,0,0,0,23574,"SINFONIA DO OCASO, RUA",23588,"LEANDRO DE SEVILHA, RUA",78,"SAPOPEMBA",1,0,"SINFONIA DO OCASO, RUA SAO PAULO SP &  LEANDRO DE SEVILHA, RUA SAO PAULO SP",-23.5988091,-46.4994292
"8436","D051300255",15656,"PAULISTA, AV",NA,"",1200,"","06/05/2013 13:00",2,"QD",78,2286," "," ",0,0,1,0,0,0,0,0,0,0,0,0,0,0,0,0,0,15656,"PAULISTA, AV",NA,"",7,"BELA VISTA",1,0,"PAULISTA, AV 1200 SAO PAULO SP",-23.5632201,-46.6545057
"8437","D051300849",26426,"INACIO CERVANTES, RUA",NA,"",700,"","06/05/2013 13:15",4,"AT",75,1559," "," ",1,0,0,0,0,0,0,0,0,0,0,0,0,0,0,0,0,26426,"INACIO CERVANTES, RUA",NA,"",13,"CACHOEIRINHA",1,0,"INACIO CERVANTES, RUA 700 SAO PAULO SP",-23.5962615,-46.7975936
"8438","D051300467",43154,"TANCREDO NEVES, AV PRES",NA,"",900,"","06/05/2013 13:17",2,"CT",95,2112," "," ",0,1,0,0,0,0,0,0,0,0,0,0,0,0,0,1,0,43154,"TANCREDO NEVES, AV PRES",NA,"",18,"CANGAIBA",1,0,"TANCREDO NEVES, AV PRES 900 SAO PAULO SP",-23.6118394,-46.6072772
"8439","D051302285",3509,"BELMIRA MARIN, AV DONA",NA,"",4500,"","06/05/2013 13:30",2,"CT",101,3373,"C"," ",3,0,0,0,0,0,0,0,0,0,0,0,0,0,0,0,0,3509,"BELMIRA MARIN, AV DONA",NA,"",30,"GRAJAU",1,1,"BELMIRA MARIN, AV DONA 4500 SAO PAULO SP",-23.75508,-46.6759329
"8440","D051302077",13671,"MATEO BEI, AV",NA,"",2300,"","06/05/2013 13:30",4,"AT",49,5043," "," ",0,1,0,0,0,0,0,0,0,0,0,0,0,0,0,0,0,13671,"MATEO BEI, AV",NA,"",75,"SAO MATEUS",1,0,"MATEO BEI, AV 2300 SAO PAULO SP",-23.6019045,-46.483165
"8441","D051301253",6450,"EMILIO CARLOS, AV DEP",9063,"IMARUI, RUA",0,"","06/05/2013 13:31",2,"CO",40,1501," "," ",1,0,0,0,1,0,0,0,0,0,0,0,0,0,0,0,0,6450,"EMILIO CARLOS, AV DEP",9063,"IMARUI, RUA",50,"LIMAO",1,0,"EMILIO CARLOS, AV DEP SAO PAULO SP &  IMARUI, RUA SAO PAULO SP",-23.4995589,-46.6750786
"8442","D051300283",66,"ABRAAO DE MORAIS, AV PROF",NA,"",313,"","06/05/2013 13:45",2,"CT",16,6089," "," ",1,1,0,0,0,0,0,0,0,0,0,0,0,0,0,0,0,66,"ABRAAO DE MORAIS, AV PROF",NA,"",79,"SAUDE",2,0,"ABRAAO DE MORAIS, AV PROF 313 SAO PAULO SP",-23.6072115,-46.6273424
"8443","D051301021",19884,"VOLUNTARIOS DA PATRIA, RUA",3637,"BRAZ LEME, AV",0,"","06/05/2013 13:50",2,"QD",13,3132," "," ",0,0,1,0,0,0,0,0,0,0,0,0,0,0,0,0,0,3637,"BRAZ LEME, AV",19884,"VOLUNTARIOS DA PATRIA, RUA",71,"SANTANA",1,0,"VOLUNTARIOS DA PATRIA, RUA SAO PAULO SP &  BRAZ LEME, AV SAO PAULO SP",-23.5033096,-46.6263934
"8444","D051301760",9220,"INTERLAGOS, AV",NA,"",3200,"","06/05/2013 14:00",2,"QM",99,1968," "," ",0,1,0,0,0,0,0,0,0,0,0,0,0,0,0,0,0,9220,"INTERLAGOS, AV",NA,"",16,"CAMPO GRANDE",1,0,"INTERLAGOS, AV 3200 SAO PAULO SP",-23.6785816,-46.6853613
"8445","D051302245",12326,"JUSCELINO KUBITSCHEK, AV PRES",5105,"CLODOMIRO AMAZONAS, RUA",0,"","06/05/2013 14:00",2,"CO",15,2233," "," ",2,2,0,0,0,0,0,0,0,0,0,0,0,0,0,0,0,5105,"CLODOMIRO AMAZONAS, RUA",12326,"JUSCELINO KUBITSCHEK, AV PRES",NA,"",0,1,"JUSCELINO KUBITSCHEK, AV PRES SAO PAULO SP &  CLODOMIRO AMAZONAS, RUA SAO PAULO SP",-23.5909217,-46.6886685
"8446","D051300862",16878,"RAPOSO TAVARES, VIA",NA,"",18000,"","06/05/2013 14:00",2,"CO",75,3390," "," ",1,1,0,0,0,0,0,0,0,0,0,0,0,0,0,0,0,16878,"RAPOSO TAVARES, VIA",NA,"",13,"CACHOEIRINHA",1,0,"RAPOSO TAVARES, VIA 18000 SAO PAULO SP",-23.5138709,-48.5061497
"8447","D051300531",12436,"MACEDO SOARES, AV EMB",NA,"",10000,"","06/05/2013 14:10",2,"CT",7,2847," "," ",3,0,0,0,0,0,0,0,0,0,0,0,0,0,0,0,0,29772,"MARGINAL DO RIO TIETE, AV",NA,"",48,"LAPA",1,0,"MACEDO SOARES, AV EMB 10000 SAO PAULO SP",-23.5184674,-46.7431417
"8449","D051300085",16429,"PLINIO BARRETO, RUA DR",NA,"",173,"","06/05/2013 14:50",2,"CO",4,3226," "," ",1,1,0,0,0,0,0,0,0,0,0,0,0,0,0,0,0,16429,"PLINIO BARRETO, RUA DR",NA,"",7,"BELA VISTA",1,0,"PLINIO BARRETO, RUA DR 173 SAO PAULO SP",-23.556975,-46.651433
"8450","D051301095",351,"AGUA FRIA, AV",NA,"",1873,"","06/05/2013 15:00",2,"CO",20,4153," "," ",1,1,0,0,0,0,0,0,0,0,0,0,0,0,0,0,0,351,"AGUA FRIA, AV",NA,"",71,"SANTANA",1,0,"AGUA FRIA, AV 1873 SAO PAULO SP",-23.4725974,-46.6181188
"8451","D051300593",999,"SANTO AMARO, AV",7671,"GABRIEL, AV S",0,"","06/05/2013 15:13",4,"AT",15,2231," "," ",0,0,1,0,0,0,0,0,0,0,0,0,0,0,0,0,0,999,"SANTO AMARO, AV",12165,"LUIS ANTONIO, AV BRIG",34,"ITAIM BIBI",1,0,"SANTO AMARO, AV SAO PAULO SP &  GABRIEL, AV S SAO PAULO SP",-23.614288,-46.6791208
"8452","D051300278",11431,"JUCARA, RUA",NA,"",9999,"","06/05/2013 15:30",2,"QD",16,66," "," ",0,0,1,0,0,0,0,0,0,0,0,0,0,0,0,0,0,11431,"JUCARA, RUA",NA,"",27,"CURSINO",1,0,"JUCARA, RUA 9999 SAO PAULO SP",-23.6113221,-46.6220473
"8453","D051301561",4053,"MARIO LOPES LEAO, AV",17122,"RIO BRANCO, RUA BR DO",0,"","06/05/2013 15:31",4,"AT",11,5109," "," ",0,0,0,0,0,0,0,0,0,0,0,1,0,0,0,0,0,4053,"MARIO LOPES LEAO, AV",17122,"RIO BRANCO, RUA BR DO",72,"SANTO AMARO",1,0,"MARIO LOPES LEAO, AV SAO PAULO SP &  RIO BRANCO, RUA BR DO SAO PAULO SP",-23.6516149,-46.7122535
"8454","D051301381",4128,"CANGAIBA, AV",NA,"",960,"","06/05/2013 16:00",2,"CO",10,5130," "," ",2,0,0,0,0,0,0,0,0,0,0,0,0,0,0,0,0,4128,"CANGAIBA, AV",NA,"",18,"CANGAIBA",1,0,"CANGAIBA, AV 960 SAO PAULO SP",-23.5116591,-46.5445366
"8455","D051300603",12326,"JUSCELINO KUBITSCHEK, AV PRES",2476,"ATILIO INNOCENTI, RUA PROF",0,"","06/05/2013 16:00",2,"CO",15,4505," "," ",1,1,0,0,0,0,0,0,0,0,0,0,0,0,0,0,0,2476,"ATILIO INNOCENTI, RUA PROF",12326,"JUSCELINO KUBITSCHEK, AV PRES",34,"ITAIM BIBI",1,0,"JUSCELINO KUBITSCHEK, AV PRES SAO PAULO SP &  ATILIO INNOCENTI, RUA PROF SAO PAULO SP",-23.5909217,-46.6886685
"8456","D051301172",15426,"PARADA PINTO, AV",NA,"",3420,"","06/05/2013 16:20",2,"CO",38,2242," "," ",1,1,0,0,0,0,0,0,0,0,0,0,0,0,0,0,0,15426,"PARADA PINTO, AV",NA,"",8,"BELEM",1,0,"PARADA PINTO, AV 3420 SAO PAULO SP",-23.4665212,-46.6390983
"8457","D051300720",19461,"VALERIO, AV S",4447,"CARMEN SCIGLIANO, RUA PROFA",0,"","06/05/2013 17:20",2,"CO",34,3947," "," ",1,1,0,0,0,0,0,0,0,0,0,0,0,0,0,0,0,4447,"CARMEN SCIGLIANO, RUA PROFA",19461,"VALERIO, AV S",NA,"",1,0,"VALERIO, AV S SAO PAULO SP &  CARMEN SCIGLIANO, RUA PROFA SAO PAULO SP",-23.5828258,-46.7026391
"8458","D051300677",4005,"GALVAO BUENO TRIGUEIRINHO, RUA",NA,"",607,"","06/05/2013 17:30",4,"AT",33,4260," "," ",1,0,0,0,0,0,0,0,0,0,0,0,0,0,0,0,0,4005,"GALVAO BUENO TRIGUEIRINHO, RUA",NA,"",39,"JAGUARA",1,0,"GALVAO BUENO TRIGUEIRINHO, RUA 607 SAO PAULO SP",-23.4571748,-46.7443397
"8459","D051301410",3383,"BIXIRA, RUA",12487,"DEUS, RUA MADRE DE",0,"","06/05/2013 18:10",2,"CO",18,1823," "," ",2,1,0,0,0,0,0,0,0,0,0,0,0,0,0,0,0,3383,"BIXIRA, RUA",12487,"DEUS, RUA MADRE DE",54,"MOOCA",1,0,"BIXIRA, RUA SAO PAULO SP &  DEUS, RUA MADRE DE SAO PAULO SP",-23.5671259,-46.5910071
"8460","D051300174",543,"ALCANTARA MACHADO, AV",7253,"FOMM, RUA DR",0,"","06/05/2013 18:10",2,"CO",8,3523," "," ",0,2,0,0,0,0,0,0,0,0,0,0,0,0,0,0,0,543,"ALCANTARA MACHADO, AV",7253,"FOMM, RUA DR",54,"MOOCA",2,0,"ALCANTARA MACHADO, AV SAO PAULO SP &  FOMM, RUA DR SAO PAULO SP",-23.5528151,-46.613419
"8461","D051300752",99949,"CARLOS CALDEIRA FILHO, AV",NA,"",500,"","06/05/2013 18:30",2,"CO",37,3944," "," ",0,1,0,0,0,0,0,0,0,0,0,1,0,0,0,0,0,99949,"CARLOS CALDEIRA FILHO, AV",NA,"",19,"CAPAO REDONDO",1,0,"CARLOS CALDEIRA FILHO, AV 500 SAO PAULO SP",-23.6581114,-46.766744
"8463","D051301528",906,"ALVARO RAMOS, AV",NA,"",1058,"","06/05/2013 18:52",4,"AT",57,2993,"B"," ",0,1,0,0,0,0,0,0,0,0,0,0,0,0,0,0,0,906,"ALVARO RAMOS, AV",NA,"",8,"BELEM",2,0,"ALVARO RAMOS, AV 1058 SAO PAULO SP",-23.546218,-46.5847063
"8464","D051301798",15507,"TEOTONIO VILELA, AV SEN",NA,"",4029,"","06/05/2013 19:00",4,"AT",101,1728," "," ",1,0,0,0,0,0,0,0,0,0,0,0,0,0,0,0,0,15507,"TEOTONIO VILELA, AV SEN",NA,"",23,"CIDADE DUTRA",1,0,"TEOTONIO VILELA, AV SEN 4029 SAO PAULO SP",-23.7353001,-46.6990171
"8466","D051301236",13767,"MAZZEI, AV",8342,"GUARAJA, RUA",0,"","06/05/2013 19:14",2,"CF",39,4766,"C"," ",1,1,0,0,0,0,0,0,0,0,0,0,0,0,0,0,0,8342,"GUARAJA, RUA",13767,"MAZZEI, AV",84,"TUCURUVI",1,0,"MAZZEI, AV SAO PAULO SP &  GUARAJA, RUA SAO PAULO SP",-23.4760209,-46.6035613
"8467","D051300864",16728,"QUEIROS TELES, AV ENG",NA,"",1397,"","06/05/2013 19:15",2,"CO",75,3942," "," ",1,1,0,0,0,0,0,0,0,0,0,0,0,0,0,0,0,16728,"QUEIROS TELES, AV ENG",NA,"",13,"CACHOEIRINHA",1,0,"QUEIROS TELES, AV ENG 1397 SAO PAULO SP",-23.5713409,-46.7788211
"8468","D051300625",9472,"ITAJOBI, RUA",NA,"",80,"","06/05/2013 19:25",2,"CL",23,2505," "," ",2,0,0,0,0,0,0,0,0,0,0,0,0,0,0,0,0,9472,"ITAJOBI, RUA",NA,"",26,"CONSOLACAO",1,0,"ITAJOBI, RUA 80 SAO PAULO SP",-23.5525603,-46.6662138
"8469","D051300897",535,"MANOEL ANTONIO PINTO, RUA",NA,"",1105,"","06/05/2013 19:30",4,"AT",89,3945," "," ",1,0,0,0,0,0,0,0,0,0,0,0,0,0,0,0,0,535,"MANOEL ANTONIO PINTO, RUA",NA,"",85,"VILA ANDRADE",1,0,"MANOEL ANTONIO PINTO, RUA 1105 SAO PAULO SP",-23.6135437,-46.7266095
"8470","D051301960",23875,"CACIMBA, RUA",NA,"",327,"","06/05/2013 19:38",2,"CO",63,3609," "," ",0,0,0,0,1,0,0,0,0,0,0,0,0,0,0,1,0,23875,"CACIMBA, RUA",NA,"",49,"LIBERDADE",1,0,"CACIMBA, RUA 327 SAO PAULO SP",-23.4851393,-46.4656971
"8473","D051302046",28944,"MANOEL FERREIRA PIRES, RUA",NA,"",112,"","06/05/2013 21:00",2,"CO",41,2112," "," ",1,1,0,0,0,0,0,0,0,0,0,0,0,0,0,0,0,28944,"MANOEL FERREIRA PIRES, RUA",NA,"",46,"JOSE BONIFACIO",1,0,"MANOEL FERREIRA PIRES, RUA 112 SAO PAULO SP",-23.5834332,-46.5275973
"8475","D051301279",17789,"SANTO ANGELO, RUA BR DE",NA,"",150,"","06/05/2013 21:34",2,"CO",45,4125," "," ",0,1,0,0,0,0,0,0,0,0,0,1,0,0,0,0,0,17789,"SANTO ANGELO, RUA BR DE",NA,"",40,"JAGUARE",1,0,"SANTO ANGELO, RUA BR DE 150 SAO PAULO SP",-23.4749292,-46.6887571
"8476","D051300492",5910,"DIOGO JACOME, RUA",NA,"",96,"","06/05/2013 21:45",2,"CO",96,4770," "," ",1,1,0,0,0,0,0,0,0,0,0,0,0,0,0,0,0,5910,"DIOGO JACOME, RUA",NA,"",53,"MOEMA",1,0,"DIOGO JACOME, RUA 96 SAO PAULO SP",-23.5928678,-46.6652857
"8478","D051301310",40497,"MANUEL VIEIRA DA LUZ-ANT. TERE, RUA",NA,"",472,"","06/05/2013 22:00",4,"AT",73,4824," "," ",0,1,0,0,0,0,0,0,0,0,0,0,0,0,0,0,0,40497,"MANUEL VIEIRA DA LUZ-ANT. TERE, RUA",NA,"",83,"TREMEMBE",1,0,"MANUEL VIEIRA DA LUZ-ANT. TERE, RUA 472 SAO PAULO SP",-23.5636604,-46.5833284
"8479","D051301677",15507,"TEOTONIO VILELA, AV SEN",NA,"",1497,"","06/05/2013 22:27",2,"CO",48,1716," "," ",0,1,0,0,0,0,0,0,0,0,0,1,0,0,0,0,0,15507,"TEOTONIO VILELA, AV SEN",NA,"",23,"CIDADE DUTRA",1,0,"TEOTONIO VILELA, AV SEN 1497 SAO PAULO SP",-23.7144465,-46.6986573
"8480","D051301003",36061,"LUIZ DUMONT VILLARES, AV",2455,"ATALIBA LEONEL, AV GAL",0,"","06/05/2013 22:30",4,"AT",9,4168," "," ",0,1,0,0,0,0,0,0,0,0,0,0,0,0,0,0,0,2455,"ATALIBA LEONEL, AV GAL",4219,"ZAKI NARCHI, AV",71,"SANTANA",1,0,"LUIZ DUMONT VILLARES, AV SAO PAULO SP &  ATALIBA LEONEL, AV GAL SAO PAULO SP",-23.4939156,-46.6115208
"8481","D051300753",5174,"COLMEIAS, AV DAS",NA,"",15,"","06/05/2013 23:10",2,"CO",37,3946,"B"," ",1,0,0,0,1,0,0,0,0,0,0,0,0,0,0,0,0,5174,"COLMEIAS, AV DAS",NA,"",17,"CAMPO LIMPO",1,0,"COLMEIAS, AV DAS 15 SAO PAULO SP",-23.6237064,-46.7568816