"","id_acidente","codloga","logradouroA","codlogb","logradouroB","alt_num","referencia","data","cod_acid","tipo_acidente","dp","numero_BO","sentido","pista","automovel","moto","onibus","caminhao","bicicleta","moto_taxi","onibus_fretado","onibus_urbano","microonibus","van","vuc","caminhonete","carreta","jipe","outros","sem_informacao","carroca","princ_a","paiA","princ_b","paiB","cod_distrito","distrito","vit_ferida","vit_morta","local","lat","lon"
"8482","D051301442",12058,"LUCA, AV",NA,"",230,"","06/05/2013 23:10",2,"CO",29,2998," "," ",1,1,0,0,0,0,0,0,0,0,0,0,0,0,0,0,0,12058,"LUCA, AV",NA,"",1,"AGUA RASA",1,0,"LUCA, AV 230 SAO PAULO SP",-23.5709035,-46.5607247
"8483","D051301336",18594,"TAIPAS, ES",NA,"",3825,"","06/05/2013 23:30",2,"CH",74,4126," "," ",0,0,0,0,0,0,0,1,0,0,0,0,0,0,0,0,0,18594,"TAIPAS, ES",NA,"",52,"MARSILAC",7,0,"TAIPAS, ES 3825 SAO PAULO SP",-23.4261258,-46.7260757
"8486","D051301616",32541,"PAULO GUILGUER REIMBERG, AV",NA,"",3500,"","07/05/2013 05:25",4,"AT",25,1205," "," ",0,0,0,0,0,0,0,1,0,0,0,0,0,0,0,0,0,32541,"PAULO GUILGUER REIMBERG, AV",NA,"",32,"IGUATEMI",1,0,"PAULO GUILGUER REIMBERG, AV 3500 SAO PAULO SP",-23.7822159,-46.6899833
"8487","D051301712",15507,"TEOTONIO VILELA, AV SEN",NA,"",4000,"","07/05/2013 05:39",4,"AT",85,2700," "," ",1,0,0,0,0,0,0,0,0,0,0,0,0,0,0,0,0,15507,"TEOTONIO VILELA, AV SEN",NA,"",23,"CIDADE DUTRA",1,0,"TEOTONIO VILELA, AV SEN 4000 SAO PAULO SP",-23.7350979,-46.6992355
"8488","D051302209",78277,"MANUEL FRANCA DOS SANTOS, RUA",NA,"",174,"","07/05/2013 07:14",4,"AT",69,4786," "," ",1,0,0,0,0,0,0,0,0,0,0,0,0,0,0,0,0,78277,"MANUEL FRANCA DOS SANTOS, RUA",NA,"",56,"PARELHEIROS",1,0,"MANUEL FRANCA DOS SANTOS, RUA 174 SAO PAULO SP",-23.6105222,-46.4931616
"8489","D051301173",44645,"DIREITOS HUMANOS, AV",14242,"MOREIRA DE BARROS, RUA CONS",0,"","07/05/2013 07:30",2,"QM",38,2249," "," ",0,1,0,0,0,0,0,0,0,0,0,0,0,0,0,0,0,14242,"MOREIRA DE BARROS, RUA CONS",44645,"DIREITOS HUMANOS, AV",51,"MANDAQUI",1,0,"DIREITOS HUMANOS, AV SAO PAULO SP &  MOREIRA DE BARROS, RUA CONS SAO PAULO SP",-23.4761224,-46.6402686
"8490","D051300473",7680,"GABRIEL DE LARA, RUA",2926,"BARTOLOMEU FEIO, RUA",0,"","07/05/2013 07:30",2,"CO",96,2087," "," ",0,0,0,0,1,0,0,0,0,0,0,1,0,0,0,0,0,2926,"BARTOLOMEU FEIO, RUA",7680,"GABRIEL DE LARA, RUA",34,"ITAIM BIBI",3,0,"GABRIEL DE LARA, RUA SAO PAULO SP &  BARTOLOMEU FEIO, RUA SAO PAULO SP",-23.6176138,-46.6913717
"8491","D051302179",2181,"ARICANDUVA, AV",NA,"",5555,"","07/05/2013 07:40",2,"SI",66,2008," "," ",2,0,0,0,0,0,0,0,0,0,0,0,0,0,0,0,0,2181,"ARICANDUVA, AV",NA,"",60,"PENHA",1,0,"ARICANDUVA, AV 5555 SAO PAULO SP",-23.5610792,-46.5113397
"8492","D051302083",13671,"MATEO BEI, AV",NA,"",3476,"","07/05/2013 07:45",4,"AT",49,6316," "," ",1,0,0,0,0,0,0,0,0,0,0,0,0,0,0,0,0,13671,"MATEO BEI, AV",NA,"",75,"SAO MATEUS",1,0,"MATEO BEI, AV 3476 SAO PAULO SP",-23.6108723,-46.4764132
"8493","D051301136",5947,"EDGAR FACO, AV GAL",NA,"",1389,"","07/05/2013 07:50",4,"AT",28,2416," "," ",0,1,0,0,0,0,0,0,0,0,0,0,0,0,0,0,0,5947,"EDGAR FACO, AV GAL",NA,"",64,"PIRITUBA",1,0,"EDGAR FACO, AV GAL 1389 SAO PAULO SP",-23.4945337,-46.7090585
"8494","D051300817",16878,"RAPOSO TAVARES, VIA",NA,"",14000,"","07/05/2013 07:50",2,"CO",51,2031," "," ",0,2,0,0,0,0,0,0,0,0,0,0,0,0,0,0,0,16878,"RAPOSO TAVARES, VIA",NA,"",13,"CACHOEIRINHA",1,0,"RAPOSO TAVARES, VIA 14000 SAO PAULO SP",-23.5271765,-48.4677683
"8496","D051300439",5618,"CURSINO, AV DO",6925,"FAWCETT, RUA CEL",0,"","07/05/2013 08:30",2,"CO",83,3983," "," ",1,1,0,0,0,0,0,0,0,0,0,0,0,0,0,0,0,5618,"CURSINO, AV DO",6925,"FAWCETT, RUA CEL",27,"CURSINO",1,0,"CURSINO, AV DO SAO PAULO SP &  FAWCETT, RUA CEL SAO PAULO SP",-23.6106139,-46.6176401
"8497","D051301721",10270,"JOAO DIAS, AV",NA,"",2463,"","07/05/2013 08:33",2,"CT",92,2847," "," ",0,0,2,0,0,0,0,0,0,0,0,0,0,0,0,0,0,10270,"JOAO DIAS, AV",NA,"",72,"SANTO AMARO",2,0,"JOAO DIAS, AV 2463 SAO PAULO SP",-23.6442375,-46.7318192
"8498","D051301067",541,"ALCANTARA, RUA",9626,"ITAUNAS, RUA",0,"","07/05/2013 08:45",2,"CO",19,1726," "," ",1,1,0,0,0,0,0,0,0,0,0,0,0,0,0,0,0,541,"ALCANTARA, RUA",9626,"ITAUNAS, RUA",91,"VILA MARIA",1,0,"ALCANTARA, RUA SAO PAULO SP &  ITAUNAS, RUA SAO PAULO SP",-23.5232036,-46.5919291
"8499","D051301562",18119,"CANCIONEIRO POPULAR, RUA",21087,"JOAO CARLOS KRUEL, RUA DR",0,"","07/05/2013 08:45",2,"CO",11,5138," "," ",1,1,0,0,0,0,0,0,0,0,0,0,0,0,0,0,0,18119,"CANCIONEIRO POPULAR, RUA",21087,"JOAO CARLOS KRUEL, RUA DR",NA,"",1,0,"CANCIONEIRO POPULAR, RUA SAO PAULO SP &  JOAO CARLOS KRUEL, RUA DR SAO PAULO SP",-23.6287174,-46.6937543
"8500","D051300176",543,"ALCANTARA MACHADO, AV",NA,"",100,"","07/05/2013 09:00",2,"CO",8,3539," "," ",1,1,0,0,0,0,0,0,0,0,0,0,0,0,0,0,0,543,"ALCANTARA MACHADO, AV",NA,"",10,"BRAS",1,0,"ALCANTARA MACHADO, AV 100 SAO PAULO SP",-23.5521188,-46.6240391
"8501","D051300818",16878,"RAPOSO TAVARES, VIA",NA,"",13500,"","07/05/2013 09:00",2,"CO",51,2035," "," ",1,3,0,0,0,0,0,0,0,0,0,0,0,0,0,0,0,16878,"RAPOSO TAVARES, VIA",NA,"",13,"CACHOEIRINHA",3,0,"RAPOSO TAVARES, VIA 13500 SAO PAULO SP",-23.526761,-48.4631175
"8502","D051301871",24166,"ERVA DE SARACURA, RUA",NA,"",10,"","07/05/2013 09:15",4,"AT",32,2730,"C"," ",1,0,0,0,0,0,0,0,0,0,0,0,0,0,0,0,0,24166,"ERVA DE SARACURA, RUA",NA,"",53,"MOEMA",1,0,"ERVA DE SARACURA, RUA 10 SAO PAULO SP",-23.5121322,-46.4280515
"8503","D051300532",5072,"CLELIA, RUA",NA,"",158,"","07/05/2013 09:16",2,"CH",7,2855," "," ",0,1,0,0,0,0,0,0,0,0,0,0,0,0,0,0,0,5072,"CLELIA, RUA",NA,"",48,"LAPA",1,0,"CLELIA, RUA 158 SAO PAULO SP",-23.5250418,-46.6840085
"8504","D051300110",19583,"VERGUEIRO, RUA",NA,"",735,"","07/05/2013 09:50",4,"AT",5,2444,"C"," ",1,0,0,0,0,0,0,0,0,0,0,0,0,0,0,0,0,19583,"VERGUEIRO, RUA",NA,"",33,"IPIRANGA",1,0,"VERGUEIRO, RUA 735 SAO PAULO SP",-23.5685735,-46.6397393
"8505","D051302248",61,"ABRAAO RIBEIRO, AV DR",NA,"",497,"","07/05/2013 10:16",4,"AT",14,4964," "," ",0,1,0,0,0,0,0,0,0,0,0,0,0,0,0,0,0,61,"ABRAAO RIBEIRO, AV DR",NA,"",NA,"",1,1,"ABRAAO RIBEIRO, AV DR 497 SAO PAULO SP",-23.9955053,-46.4228798
"8506","D051300074",9276,"IPIRANGA, AV",1267,"ANDRADAS, RUA DOS",0,"","07/05/2013 10:27",2,"CL",3,3680," "," ",1,1,0,0,0,0,0,0,0,0,0,0,0,0,0,0,0,1267,"ANDRADAS, RUA DOS",9276,"IPIRANGA, AV",67,"REPUBLICA",1,0,"IPIRANGA, AV SAO PAULO SP &  ANDRADAS, RUA DOS SAO PAULO SP",-23.5457285,-46.6440924
"8508","D051300143",3631,"BRAZ CUBAS, RUA",NA,"",233,"","07/05/2013 11:10",2,"CO",6,2151," "," ",1,1,0,0,0,0,0,0,0,0,0,0,0,0,0,0,0,3631,"BRAZ CUBAS, RUA",NA,"",49,"LIBERDADE",1,0,"BRAZ CUBAS, RUA 233 SAO PAULO SP",-23.5756145,-46.6311881
"8509","D051300279",66,"ABRAAO DE MORAIS, AV PROF",NA,"",100,"","07/05/2013 11:15",2,"CO",16,4024," "," ",2,0,0,0,0,0,0,0,0,0,0,0,0,0,0,0,0,66,"ABRAAO DE MORAIS, AV PROF",NA,"",79,"SAUDE",1,0,"ABRAAO DE MORAIS, AV PROF 100 SAO PAULO SP",-23.6052291,-46.626532
"8512","D051300819",855,"ALVARENGA, RUA",NA,"",2333,"","07/05/2013 11:35",2,"CO",51,2041," "," ",1,1,0,0,0,0,0,0,0,0,0,0,0,0,0,0,0,855,"ALVARENGA, RUA",NA,"",55,"MORUMBI",1,0,"ALVARENGA, RUA 2333 SAO PAULO SP",-23.5611485,-46.7120985
"8513","D051301720",20027,"YOSHIMARA MINAMOTO, RUA",NA,"",735,"","07/05/2013 11:45",4,"AT",92,2845," "," ",0,1,0,0,0,0,0,0,0,0,0,0,0,0,0,0,0,20027,"YOSHIMARA MINAMOTO, RUA",NA,"",29,"FREGUESIA DO O",1,0,"YOSHIMARA MINAMOTO, RUA 735 SAO PAULO SP",-23.6540528,-46.7476853
"8515","D051301922",71947,"CACHOEIRA CAIRUGUACU, RUA",NA,"",130,"","07/05/2013 12:10",2,"QM",59,1790," "," ",0,1,0,0,0,0,0,0,0,0,0,0,0,0,0,0,0,71947,"CACHOEIRA CAIRUGUACU, RUA",NA,"",54,"MOOCA",1,0,"CACHOEIRA CAIRUGUACU, RUA 130 SAO PAULO SP",-23.481906,-46.382763
"8516","D051301216",44645,"DIREITOS HUMANOS, AV",7294,"FORTUNATO MINOZZI, RUA",0,"","07/05/2013 12:45",2,"CO",38,5027," "," ",3,0,0,0,0,0,0,0,0,0,0,1,0,0,0,0,0,7294,"FORTUNATO MINOZZI, RUA",44645,"DIREITOS HUMANOS, AV",21,"CASA VERDE",1,0,"DIREITOS HUMANOS, AV SAO PAULO SP &  FORTUNATO MINOZZI, RUA SAO PAULO SP",-23.4761224,-46.6402686
"8517","D051302224",34273,"MORAIS COSTA, AV",NA,"",197,"","07/05/2013 12:48",2,"CO",70,2337," "," ",1,1,0,0,0,0,0,0,0,0,0,0,0,0,0,0,0,34273,"MORAIS COSTA, AV",NA,"",56,"PARELHEIROS",1,0,"MORAIS COSTA, AV 197 SAO PAULO SP",-23.604751,-46.5301141
"8518","D051302062",21711,"SATURNINO PEREIRA, RUA",NA,"",283,"","07/05/2013 12:50",4,"AT",44,2730,"C"," ",0,1,0,0,0,0,0,0,0,0,0,0,0,0,0,0,0,21711,"SATURNINO PEREIRA, RUA",NA,"",50,"LIMAO",3,0,"SATURNINO PEREIRA, RUA 283 SAO PAULO SP",-23.5464154,-46.4115451
"8520","D051300474",41023,"CHUCRI ZAIDAN, AV DR",NA,"",860,"","07/05/2013 13:00",4,"AT",96,2104," "," ",1,0,0,0,0,0,0,0,0,0,0,0,0,0,0,0,0,41023,"CHUCRI ZAIDAN, AV DR",NA,"",30,"GRAJAU",1,0,"CHUCRI ZAIDAN, AV DR 860 SAO PAULO SP",-23.6214892,-46.6989072
"8522","D051300475",999,"SANTO AMARO, AV",9805,"JACUCAIM, RUA",0,"","07/05/2013 13:30",4,"AT",96,2106," "," ",1,0,0,0,0,0,0,0,0,0,0,0,0,0,0,0,0,999,"SANTO AMARO, AV",9805,"JACUCAIM, RUA",34,"ITAIM BIBI",1,0,"SANTO AMARO, AV SAO PAULO SP &  JACUCAIM, RUA SAO PAULO SP",-23.614288,-46.6791208
"8523","D051300561",7106,"FIDALGA, RUA",19966,"WISARD, RUA",0,"","07/05/2013 14:09",4,"AT",14,4641," "," ",0,0,0,0,0,0,0,1,0,0,0,0,0,0,0,0,0,7106,"FIDALGA, RUA",19966,"WISARD, RUA",63,"PINHEIROS",1,0,"FIDALGA, RUA SAO PAULO SP &  WISARD, RUA SAO PAULO SP",-23.553867,-46.6916124
"8524","D051301873",5679,"DAMASIO PINTO, RUA",NA,"",567,"","07/05/2013 14:30",2,"QD",32,2809," "," ",0,0,1,0,0,0,0,0,0,0,0,0,0,0,0,0,0,5679,"DAMASIO PINTO, RUA",NA,"",36,"ITAQUERA",1,0,"DAMASIO PINTO, RUA 567 SAO PAULO SP",-23.527426,-46.4397969
"8525","D051301919",67231,"MATA ATLANTICA, RUA",NA,"",37,"","07/05/2013 14:40",4,"AT",59,1679," "," ",0,0,0,0,0,0,0,0,0,0,0,1,0,0,0,0,0,67231,"MATA ATLANTICA, RUA",NA,"",53,"MOEMA",2,0,"MATA ATLANTICA, RUA 37 SAO PAULO SP",-23.4983738,-46.4168771
"8526","D051301932",16634,"ABEL TAVARES, AV",NA,"",1900,"","07/05/2013 14:49",2,"CO",62,1836," "," ",1,1,0,0,0,0,0,0,0,0,0,0,0,0,0,0,0,16634,"ABEL TAVARES, AV",NA,"",28,"ERMELINO MATARA",1,0,"ABEL TAVARES, AV 1900 SAO PAULO SP",-23.4864842,-46.4736308
"8527","D051300778",9530,"ITAPECERICA DA SERRA, RUA",NA,"",700,"","07/05/2013 15:20",2,"CO",37,6098," "," ",0,1,0,0,0,0,0,0,0,0,0,1,0,0,0,0,0,9530,"ITAPECERICA DA SERRA, RUA",NA,"",29,"FREGUESIA DO O",1,0,"ITAPECERICA DA SERRA, RUA 700 SAO PAULO SP",-23.7073725,-46.7517996
"8528","D051302084",9044,"RAGUEB CHOHFI, AV",NA,"",3011,"","07/05/2013 15:30",4,"AT",49,6355," "," ",0,0,0,0,0,0,0,1,0,0,0,0,0,0,0,0,0,9044,"RAGUEB CHOHFI, AV",NA,"",32,"IGUATEMI",1,0,"RAGUEB CHOHFI, AV 3011 SAO PAULO SP",-23.5968051,-46.4566091
"8529","D051302117",35942,"JOHN SPEERS, RUA",NA,"",806,"","07/05/2013 15:30",2,"CO",53,3182," "," ",1,0,0,0,0,0,0,0,0,0,0,1,0,0,0,0,0,35942,"JOHN SPEERS, RUA",NA,"",51,"MANDAQUI",2,0,"JOHN SPEERS, RUA 806 SAO PAULO SP",-23.5702178,-46.459281
"8530","D051300562",16919,"REBOUCAS, AV",NA,"",1394,"","07/05/2013 15:40",2,"CO",14,4547," "," ",1,1,0,0,0,0,0,0,0,0,0,0,0,0,0,0,0,16919,"REBOUCAS, AV",NA,"",44,"JARDIM PAULISTA",1,0,"REBOUCAS, AV 1394 SAO PAULO SP",-23.5620578,-46.6748247
"8531","D051300212",16870,"RANGEL PESTANA, AV",NA,"",2060,"","07/05/2013 15:50",4,"AT",12,2545," "," ",0,1,0,0,0,0,0,0,0,0,0,0,0,0,0,0,0,16870,"RANGEL PESTANA, AV",NA,"",1,"AGUA RASA",1,0,"RANGEL PESTANA, AV 2060 SAO PAULO SP",-23.5422805,-46.6154664
"8532","D051300478",21499,"JOSE LEITE E OITICICA, RUA PROF",NA,"",434,"","07/05/2013 16:00",4,"AT",96,2252," "," ",0,0,0,0,0,0,0,0,0,0,0,0,0,0,0,1,0,21499,"JOSE LEITE E OITICICA, RUA PROF",NA,"",30,"GRAJAU",1,0,"JOSE LEITE E OITICICA, RUA PROF 434 SAO PAULO SP",-23.6204981,-46.6974101
"8534","D051300735",34682,"CAMPO LIMPO, ES DO",NA,"",3200,"","07/05/2013 16:07",2,"CT",37,3605," "," ",1,1,0,0,0,0,0,0,0,0,0,0,0,0,0,0,0,34682,"CAMPO LIMPO, ES DO",NA,"",17,"CAMPO LIMPO",2,0,"CAMPO LIMPO, ES DO 3200 SAO PAULO SP",-23.2019463,-46.785846
"8535","D051302085",21737,"TITAN, RUA",NA,"",200,"","07/05/2013 16:10",4,"AT",49,6366," "," ",1,0,0,0,0,0,0,0,0,0,0,0,0,0,0,0,0,21737,"TITAN, RUA",NA,"",51,"MANDAQUI",1,0,"TITAN, RUA 200 SAO PAULO SP",-23.6119856,-46.4697547
"8536","D051300898",61245,"JOSE RAMON URTIZA, RUA",63099,"ANTONIO DA COSTA BARBOSA, RUA",0,"","07/05/2013 16:10",4,"AT",89,3973," "," ",1,0,0,0,0,0,0,0,0,0,0,0,0,0,0,0,0,61245,"JOSE RAMON URTIZA, RUA",63099,"ANTONIO DA COSTA BARBOSA, RUA",85,"VILA ANDRADE",1,0,"JOSE RAMON URTIZA, RUA SAO PAULO SP &  ANTONIO DA COSTA BARBOSA, RUA SAO PAULO SP",-23.6346063,-46.727497
"8537","D051300213",1276,"ANDRADE, RUA MONS",7786,"GASOMETRO, RUA DO",0,"","07/05/2013 16:10",2,"SI",12,2549," "," ",1,1,0,0,0,0,0,0,0,0,0,0,0,0,0,0,0,1276,"ANDRADE, RUA MONS",7786,"GASOMETRO, RUA DO",10,"BRAS",1,0,"ANDRADE, RUA MONS SAO PAULO SP &  GASOMETRO, RUA DO SAO PAULO SP",-23.5388288,-46.621724
"8538","D051301920",62102,"SOL DA MEIA NOITE, RUA",63658,"SALSA PARRILHA, RUA",0,"","07/05/2013 16:20",2,"CL",59,1681," "," ",0,1,0,1,0,0,0,0,0,0,0,0,0,0,0,0,0,62102,"SOL DA MEIA NOITE, RUA",63658,"SALSA PARRILHA, RUA",43,"JARDIM HELENA",1,0,"SOL DA MEIA NOITE, RUA SAO PAULO SP &  SALSA PARRILHA, RUA SAO PAULO SP",-23.493274,-46.4132014
"8539","D051300958",3376,"BILLINGS, AV ENG",NA,"",55000,"","07/05/2013 16:20",2,"CT",93,3200," "," ",1,1,0,0,0,0,0,0,0,0,0,0,0,0,0,0,0,13014,"MARGINAL DO RIO PINHEIROS, AV",NA,"",40,"JAGUARE",1,0,"BILLINGS, AV ENG 55000 SAO PAULO SP",-23.5355054,-46.7476126
"8542","D051300563",16017,"PEDROSO DE MORAIS, AV",NA,"",900,"","07/05/2013 16:35",2,"CO",14,4550," "," ",1,1,0,0,0,0,0,0,0,0,0,0,0,0,0,0,0,16017,"PEDROSO DE MORAIS, AV",NA,"",45,"JARDIM SAO LUIS",1,0,"PEDROSO DE MORAIS, AV 900 SAO PAULO SP",-23.6104519,-46.6281735
"8543","D051300636",18519,"SUMARE, AV",3880,"CAIUBI, RUA",0,"","07/05/2013 17:28",2,"CO",23,2814," "," ",0,1,0,0,1,0,0,0,0,0,0,0,0,0,0,0,0,3880,"CAIUBI, RUA",18519,"SUMARE, AV",61,"PERDIZES",1,0,"SUMARE, AV SAO PAULO SP &  CAIUBI, RUA SAO PAULO SP",-22.8071539,-47.223149
"8544","D051300112",744,"MANOEL DUARTE, RUA",NA,"",100,"","07/05/2013 17:30",4,"AT",5,2462," "," ",1,0,0,0,0,0,0,0,0,0,0,0,0,0,0,0,0,744,"MANOEL DUARTE, RUA",NA,"",50,"LIMAO",1,0,"MANOEL DUARTE, RUA 100 SAO PAULO SP",-23.4862615,-46.6762726
"8545","D051300959",3376,"BILLINGS, AV ENG",NA,"",55000,"","07/05/2013 17:40",2,"CT",93,3201," "," ",1,2,0,0,0,0,0,0,0,0,0,0,0,0,0,0,0,13014,"MARGINAL DO RIO PINHEIROS, AV",NA,"",40,"JAGUARE",2,0,"BILLINGS, AV ENG 55000 SAO PAULO SP",-23.5355054,-46.7476126
"8546","D051301309",3199,"BENJAMIN PEREIRA, RUA",NA,"",638,"","07/05/2013 18:00",2,"SI",73,4816," "," ",2,0,0,0,0,0,0,0,0,0,0,0,0,0,0,0,0,3199,"BENJAMIN PEREIRA, RUA",NA,"",38,"JACANA",1,0,"BENJAMIN PEREIRA, RUA 638 SAO PAULO SP",-23.4678593,-46.5873134
"8547","D051300564",5885,"DIOGENES RIBEIRO DE LIMA, AV",NA,"",380,"","07/05/2013 18:10",2,"CO",14,4551,"C"," ",1,0,0,0,0,0,0,0,0,0,0,1,0,0,0,0,0,5885,"DIOGENES RIBEIRO DE LIMA, AV",NA,"",2,"ALTO DE PINHEIR",3,0,"DIOGENES RIBEIRO DE LIMA, AV 380 SAO PAULO SP",-23.5521088,-46.7056262
"8548","D051301443",17824,"SAPOPEMBA, AV",NA,"",1066,"","07/05/2013 18:20",2,"CO",29,900048," "," ",1,1,0,0,0,0,0,0,0,0,0,0,0,0,0,0,0,17824,"SAPOPEMBA, AV",NA,"",33,"IPIRANGA",1,0,"SAPOPEMBA, AV 1066 SAO PAULO SP",-23.5648187,-46.5708096
"8550","D051301220",21310,"ANTONIO MARIA LAET, AV DR",2607,"AUSONIA, RUA",0,"","07/05/2013 18:20",4,"AT",39,2096," "," ",0,0,1,0,0,0,0,0,0,0,0,0,0,0,0,0,0,2607,"AUSONIA, RUA",21310,"ANTONIO MARIA LAET, AV DR",84,"TUCURUVI",1,0,"ANTONIO MARIA LAET, AV DR SAO PAULO SP &  AUSONIA, RUA SAO PAULO SP",-23.478224,-46.6024661
"8553","D051301507",8955,"IBITIRAMA, RUA",6642,"ESTADO, AV DO",0,"","07/05/2013 18:48",2,"CO",56,3015," "," ",2,0,0,0,0,0,0,0,0,0,0,0,0,0,0,0,0,6642,"ESTADO, AV DO",8955,"IBITIRAMA, RUA",63,"PINHEIROS",1,0,"IBITIRAMA, RUA SAO PAULO SP &  ESTADO, AV DO SAO PAULO SP",-23.5937819,-46.5790788
"8554","D051301740",22041,"TOMAS DE SOUSA, AV",NA,"",992,"","07/05/2013 19:00",2,"CO",92,5738," "," ",1,1,0,0,0,0,0,0,0,0,0,0,0,0,0,0,0,22041,"TOMAS DE SOUSA, AV",NA,"",29,"FREGUESIA DO O",1,0,"TOMAS DE SOUSA, AV 992 SAO PAULO SP",-23.6451636,-46.7357366
"8556","D051301289",11311,"JULIAO FERREIRA DA SILVA, RUA",NA,"",50,"","07/05/2013 19:20",4,"AT",72,4145," "," ",1,0,0,0,0,0,0,0,0,0,0,0,0,0,0,0,0,11311,"JULIAO FERREIRA DA SILVA, RUA",NA,"",13,"CACHOEIRINHA",1,0,"JULIAO FERREIRA DA SILVA, RUA 50 SAO PAULO SP",-23.4737468,-46.6677354
"8557","D051300565",2753,"BALTAZAR CARRASCO, RUA",NA,"",100,"","07/05/2013 19:40",2,"CO",14,4555," "," ",0,0,1,0,0,0,0,1,0,0,0,0,0,0,0,0,0,2753,"BALTAZAR CARRASCO, RUA",NA,"",63,"PINHEIROS",1,0,"BALTAZAR CARRASCO, RUA 100 SAO PAULO SP",-23.5646973,-46.6934286
"8558","D051302191",22268,"OSVALDO VALLE CORDEIRO, AV",NA,"",716,"","07/05/2013 19:51",2,"CT",66,3181," "," ",2,0,0,0,0,0,0,0,0,0,0,0,0,0,0,0,0,22268,"OSVALDO VALLE CORDEIRO, AV",NA,"",38,"JACANA",1,0,"OSVALDO VALLE CORDEIRO, AV 716 SAO PAULO SP",-23.5588152,-46.4895487
"8559","D051300269",13795,"MELO ALVES, RUA",NA,"",74,"","07/05/2013 20:15",4,"AT",78,4557," "," ",0,0,0,0,0,0,0,0,0,0,0,0,0,0,0,1,0,13795,"MELO ALVES, RUA",NA,"",44,"JARDIM PAULISTA",1,0,"MELO ALVES, RUA 74 SAO PAULO SP",-23.5587176,-46.6682487
"8560","D051301096",351,"AGUA FRIA, AV",NA,"",1714,"","07/05/2013 20:15",2,"CO",20,4208," "," ",1,1,0,0,0,0,0,0,0,0,0,0,0,0,0,0,0,351,"AGUA FRIA, AV",NA,"",71,"SANTANA",1,0,"AGUA FRIA, AV 1714 SAO PAULO SP",-23.4742341,-46.6187313
"8561","D051300957",12088,"LUCIANO GUALBERTO, RUA PROF",NA,"",315,"","07/05/2013 20:15",2,"CT",93,3196," "," ",2,0,0,0,0,0,0,0,0,0,0,0,0,0,0,0,0,12088,"LUCIANO GUALBERTO, RUA PROF",NA,"",30,"GRAJAU",1,0,"LUCIANO GUALBERTO, RUA PROF 315 SAO PAULO SP",-23.6091838,-46.7175668
"8562","D051301237",13767,"MAZZEI, AV",NA,"",1697,"","07/05/2013 20:19",2,"CO",39,4819," "," ",1,1,0,0,0,0,0,0,0,0,0,0,0,0,0,0,0,13767,"MAZZEI, AV",NA,"",84,"TUCURUVI",1,0,"MAZZEI, AV 1697 SAO PAULO SP",-23.4675708,-46.5973318
"8563","D051301030",2455,"ATALIBA LEONEL, AV GAL",NA,"",1270,"","07/05/2013 20:30",2,"CO",13,5045," "," ",0,1,0,0,0,0,0,0,0,0,0,1,0,0,0,0,0,2455,"ATALIBA LEONEL, AV GAL",NA,"",88,"VILA GUILHERME",1,0,"ATALIBA LEONEL, AV GAL 1270 SAO PAULO SP",-23.5026243,-46.6173484
"8564","D051301031",14242,"MOREIRA DE BARROS, RUA CONS",NA,"",1441,"","07/05/2013 20:36",4,"AT",13,5050," "," ",1,0,0,0,0,0,0,0,0,0,0,0,0,0,0,0,0,14242,"MOREIRA DE BARROS, RUA CONS",NA,"",0,"NULL",1,0,"MOREIRA DE BARROS, RUA CONS 1441 SAO PAULO SP",-23.489648,-46.6360991
"8565","D051302327",9384,"ISABEL SCHMIDT, RUA",222,"ADOLFO PINHEIRO, AV",0,"","07/05/2013 20:53",4,"AT",11,5169," "," ",0,0,1,0,0,0,0,0,0,0,0,0,0,0,0,0,0,222,"ADOLFO PINHEIRO, AV",9384,"ISABEL SCHMIDT, RUA",72,"SANTO AMARO",0,1,"ISABEL SCHMIDT, RUA SAO PAULO SP &  ADOLFO PINHEIRO, AV SAO PAULO SP",-23.6511631,-46.7037715
"8566","D051301796",18355,"SITIO GRANDE, RUA",17195,"RIVIERA, ES DA",0,"","07/05/2013 21:00",4,"AT",100,2798," "," ",1,0,0,0,0,0,0,0,0,0,0,0,0,0,0,0,0,17195,"RIVIERA, ES DA",18355,"SITIO GRANDE, RUA",45,"JARDIM SAO LUIS",1,0,"SITIO GRANDE, RUA SAO PAULO SP &  RIVIERA, ES DA SAO PAULO SP",-23.7010278,-46.7473846
"8567","D051301916",19412,"CARAIPE DAS AGUAS, RUA",NA,"",205,"","07/05/2013 21:33",2,"CO",59,1313," "," ",1,1,0,0,0,0,0,0,0,0,0,0,0,0,0,0,0,19412,"CARAIPE DAS AGUAS, RUA",NA,"",53,"MOEMA",1,0,"CARAIPE DAS AGUAS, RUA 205 SAO PAULO SP",-23.5047116,-46.41416
"8568","D051300533",8267,"GUAICURUS, RUA",17561,"SABAUNA, RUA",0,"","07/05/2013 23:05",2,"CO",7,2892," "," ",2,0,0,0,0,0,0,0,0,0,0,0,0,0,0,0,0,8267,"GUAICURUS, RUA",17561,"SABAUNA, RUA",48,"LAPA",1,0,"GUAICURUS, RUA SAO PAULO SP &  SABAUNA, RUA SAO PAULO SP",-23.522758,-46.6931553
"8569","D051300836",473,"ALBERTO BONFIGLIOLI, AV COMEN",NA,"",782,"","07/05/2013 23:13",2,"CO",51,4560," "," ",0,1,0,0,0,0,0,0,0,0,0,1,0,0,0,0,0,473,"ALBERTO BONFIGLIOLI, AV COMEN",NA,"",12,"BUTANTA",1,0,"ALBERTO BONFIGLIOLI, AV COMEN 782 SAO PAULO SP",-23.5186813,-46.6999583