"","id_acidente","codloga","logradouroA","codlogb","logradouroB","alt_num","referencia","data","cod_acid","tipo_acidente","dp","numero_BO","sentido","pista","automovel","moto","onibus","caminhao","bicicleta","moto_taxi","onibus_fretado","onibus_urbano","microonibus","van","vuc","caminhonete","carreta","jipe","outros","sem_informacao","carroca","princ_a","paiA","princ_b","paiB","cod_distrito","distrito","vit_ferida","vit_morta","local","lat","lon"
"8570","D051301913",21218,"ALMIRO LEAL DA COSTA, AV DR",NA,"",860,"","08/05/2013 00:40",2,"QD",50,6769," "," ",0,0,0,0,0,0,0,1,0,0,0,0,0,0,0,0,0,21218,"ALMIRO LEAL DA COSTA, AV DR",NA,"",54,"MOOCA",1,0,"ALMIRO LEAL DA COSTA, AV DR 860 SAO PAULO SP",-23.4980385,-46.3767408
"8571","D051302203",17135,"RIO DAS PEDRAS, AV",NA,"",4230,"","08/05/2013 05:49",2,"SI",66,900011," "," ",2,0,0,0,0,0,0,0,0,0,0,0,0,0,0,0,0,17135,"RIO DAS PEDRAS, AV",NA,"",27,"CURSINO",3,0,"RIO DAS PEDRAS, AV 4230 SAO PAULO SP",-23.5839686,-46.4930543
"8572","D051300679",1232,"ANASTACIO, AV DO",NA,"",181,"","08/05/2013 06:00",2,"CO",33,4290," "," ",1,1,0,0,0,0,0,0,0,0,0,0,0,0,0,0,0,1232,"ANASTACIO, AV DO",NA,"",73,"SAO DOMINGOS",1,0,"ANASTACIO, AV DO 181 SAO PAULO SP",-23.5070168,-46.7338413
"8574","D051301383",2429,"ASSIS RIBEIRO, RUA DR",NA,"",322,"","08/05/2013 06:54",2,"CO",10,5195," "," ",0,1,1,0,0,0,0,0,0,0,0,0,0,0,0,0,0,2429,"ASSIS RIBEIRO, RUA DR",NA,"",28,"ERMELINO MATARA",2,0,"ASSIS RIBEIRO, RUA DR 322 SAO PAULO SP",-23.509348,-46.547712
"8575","D051301900",18940,"TIBURCIO DE SOUSA, RUA",NA,"",336,"","08/05/2013 07:10",2,"CO",50,5708," "," ",0,1,0,0,0,0,0,0,0,1,0,0,0,0,0,0,0,18940,"TIBURCIO DE SOUSA, RUA",NA,"",35,"ITAIM PAULISTA",1,0,"TIBURCIO DE SOUSA, RUA 336 SAO PAULO SP",-23.5003895,-46.3988659
"8576","D051301032",4533,"CASA VERDE, AV",NA,"",160,"","08/05/2013 07:30",2,"CL",13,5056," "," ",0,1,0,1,0,0,0,0,0,0,0,0,0,0,0,0,0,4533,"CASA VERDE, AV",NA,"",45,"JARDIM SAO LUIS",1,0,"CASA VERDE, AV 160 SAO PAULO SP",-23.4995313,-46.6442476
"8577","D051300850",16878,"RAPOSO TAVARES, VIA",NA,"",16800,"","08/05/2013 07:35",2,"CO",75,1587," "," ",1,1,0,0,0,0,0,0,0,0,0,0,0,0,0,0,0,16878,"RAPOSO TAVARES, VIA",NA,"",13,"CACHOEIRINHA",1,0,"RAPOSO TAVARES, VIA 16800 SAO PAULO SP",-23.5201163,-48.4956406
"8578","D051300345",4596,"CATARINA, AV STA",NA,"",155,"","08/05/2013 07:40",4,"AT",27,4820," "," ",0,1,0,0,0,0,0,0,0,0,0,0,0,0,0,0,0,4596,"CATARINA, AV STA",NA,"",37,"JABAQUARA",1,0,"CATARINA, AV STA 155 SAO PAULO SP",-23.6384741,-46.6704019
"8580","D051301353",1019,"AMARO FELICISSIMO DA SILVEIRA, AV TTE",39423,"JOSE FRANCISCO FERRAZ, PCA SARG",0,"","08/05/2013 08:00",2,"CO",90,1833," "," ",1,1,0,0,0,0,0,0,0,0,0,0,0,0,0,0,0,1019,"AMARO FELICISSIMO DA SILVEIRA, AV TTE",39423,"JOSE FRANCISCO FERRAZ, PCA SARG",91,"VILA MARIA",1,0,"AMARO FELICISSIMO DA SILVEIRA, AV TTE SAO PAULO SP &  JOSE FRANCISCO FERRAZ, PCA SARG SAO PAULO SP",-23.512851,-46.571388
"8581","D051301508",7497,"FRANCISCO MESQUITA, AV DR",NA,"",1700,"","08/05/2013 08:15",4,"AT",56,3033," "," ",1,0,0,0,0,0,0,0,0,0,0,0,0,0,0,0,0,7497,"FRANCISCO MESQUITA, AV DR",NA,"",95,"VILA PRUDENTE",1,0,"FRANCISCO MESQUITA, AV DR 1700 SAO PAULO SP",-23.5981215,-46.5807107
"8582","D051301311",3731,"BUSSE, RUA CAP",2916,"BAIA DE SANTA CLARA, RUA",0,"","08/05/2013 08:30",2,"CO",73,4830," "," ",2,0,0,0,0,0,0,0,0,0,0,0,0,0,0,0,0,2916,"BAIA DE SANTA CLARA, RUA",9512,"ITAMONTE, RUA",38,"JACANA",1,0,"BUSSE, RUA CAP SAO PAULO SP &  BAIA DE SANTA CLARA, RUA SAO PAULO SP",-23.4735675,-46.5636442
"8583","D051302118",6927,"HARRY DANHENBERG, RUA",NA,"",309,"","08/05/2013 08:40",2,"CH",53,3191,"C"," ",2,1,0,0,0,0,0,0,0,0,0,0,0,0,0,0,0,6927,"HARRY DANHENBERG, RUA",NA,"",24,"CIDADE LIDER",1,0,"HARRY DANHENBERG, RUA 309 SAO PAULO SP",-22.7873159,-49.293268
"8584","D051300346",16356,"OTAVIO TARQUINIO DE SOUSA, RUA",20036,"ZACARIAS DE GOIS, RUA",0,"","08/05/2013 08:44",2,"CO",27,4825," "," ",1,1,0,0,0,0,0,0,0,0,0,0,0,0,0,0,0,16356,"OTAVIO TARQUINIO DE SOUSA, RUA",20036,"ZACARIAS DE GOIS, RUA",15,"CAMPO BELO",1,0,"OTAVIO TARQUINIO DE SOUSA, RUA SAO PAULO SP &  ZACARIAS DE GOIS, RUA SAO PAULO SP",-23.617348,-46.6690803
"8585","D051300347",19179,"TRIUNFO, RUA BR DO",31498,"ROBERTO MARINHO - ANT AGUA ESP, AV JORN",0,"","08/05/2013 09:00",2,"QM",27,4826," "," ",0,1,0,0,0,0,0,0,0,0,0,0,0,0,0,0,0,19179,"TRIUNFO, RUA BR DO",31498,"ROBERTO MARINHO - ANT AGUA ESP, AV JORN",15,"CAMPO BELO",1,0,"TRIUNFO, RUA BR DO SAO PAULO SP &  ROBERTO MARINHO - ANT AGUA ESP, AV JORN SAO PAULO SP",-23.6220498,-46.6808683
"8586","D051301564",6238,"NACOES UNIDAS, AV DAS",NA,"",18000,"","08/05/2013 09:10",2,"CT",11,5203," "," ",1,1,0,0,0,0,0,0,0,0,0,0,0,0,0,0,0,13014,"MARGINAL DO RIO PINHEIROS, AV",NA,"",90,"VILA LEOPOLDINA",1,0,"NACOES UNIDAS, AV DAS 18000 SAO PAULO SP",-23.6791503,-46.6960735
"8587","D051301137",3771,"INAJAR DE SOUZA, AV",7477,"FRANCISCO LOTUFO, RUA",0,"","08/05/2013 09:20",2,"CO",28,2453," "," ",0,1,0,0,0,0,0,0,0,0,0,1,0,0,0,0,0,3771,"INAJAR DE SOUZA, AV",8135,"SILVERIO DE CARVALHO, RUA",50,"LIMAO",1,0,"INAJAR DE SOUZA, AV SAO PAULO SP &  FRANCISCO LOTUFO, RUA SAO PAULO SP",-23.461436,-46.6729346
"8588","D051300257",14804,"NOVE DE JULHO, AV",3581,"BRASIL, AV",0,"","08/05/2013 09:21",4,"AT",78,3828,"C"," ",0,1,0,0,0,0,0,0,0,0,0,0,0,0,0,0,0,3581,"BRASIL, AV",14804,"NOVE DE JULHO, AV",44,"JARDIM PAULISTA",2,0,"NOVE DE JULHO, AV SAO PAULO SP &  BRASIL, AV SAO PAULO SP",-23.5517584,-46.6473069
"8589","D051300348",19931,"WASHINGTON LUIS, AV",NA,"",7059,"","08/05/2013 09:30",2,"QM",27,4835," "," ",0,1,0,0,0,0,0,0,0,0,0,0,0,0,0,0,0,19931,"WASHINGTON LUIS, AV",NA,"",30,"GRAJAU",1,0,"WASHINGTON LUIS, AV 7059 SAO PAULO SP",-23.6217592,-46.6620001
"8590","D051300693",12502,"MAGALHAES DE CASTRO, AV",NA,"",12000,"","08/05/2013 10:15",2,"CT",34,2770," "," ",1,1,0,0,0,0,0,0,0,0,0,0,0,0,0,0,0,13014,"MARGINAL DO RIO PINHEIROS, AV",NA,"",12,"BUTANTA",1,0,"MAGALHAES DE CASTRO, AV 12000 SAO PAULO SP",-23.612792,-46.7009294
"8593","D051301175",16170,"PERI RONCHETTI, AV",NA,"",892,"","08/05/2013 11:15",4,"AT",38,2277," "," ",0,1,0,0,0,0,0,0,0,0,0,0,0,0,0,0,0,16170,"PERI RONCHETTI, AV",NA,"",8,"BELEM",1,0,"PERI RONCHETTI, AV 892 SAO PAULO SP",-23.464263,-46.6544167
"8594","D051301565",6238,"NACOES UNIDAS, AV DAS",NA,"",16,"","08/05/2013 11:20",2,"SI",11,5207," "," ",1,1,0,0,0,0,0,0,0,0,0,0,0,0,0,0,0,13014,"MARGINAL DO RIO PINHEIROS, AV",NA,"",90,"VILA LEOPOLDINA",1,0,"NACOES UNIDAS, AV DAS 16 SAO PAULO SP",-23.6758156,-46.6986994
"8595","D051300595",6775,"EUGENIO LEITE, RUA CON",7691,"GABRIEL MONTEIRO DA SILVA, AL",0,"","08/05/2013 11:30",2,"CO",15,2297," "," ",2,0,0,0,0,0,0,0,0,0,0,1,0,0,0,0,0,6775,"EUGENIO LEITE, RUA CON",7691,"GABRIEL MONTEIRO DA SILVA, AL",63,"PINHEIROS",1,0,"EUGENIO LEITE, RUA CON SAO PAULO SP &  GABRIEL MONTEIRO DA SILVA, AL SAO PAULO SP",-23.5668045,-46.6774531
"8596","D051300736",99949,"CARLOS CALDEIRA FILHO, AV",29212,"BOM CONSELHO, RUA NSRA DO",0,"","08/05/2013 11:30",4,"AT",37,3624," "," ",1,0,0,0,0,0,0,0,0,0,0,0,0,0,0,0,0,29212,"BOM CONSELHO, RUA NSRA DO",99949,"CARLOS CALDEIRA FILHO, AV",45,"JARDIM SAO LUIS",1,0,"CARLOS CALDEIRA FILHO, AV SAO PAULO SP &  BOM CONSELHO, RUA NSRA DO SAO PAULO SP",-23.6481998,-46.7582692
"8597","D051302180",17135,"RIO DAS PEDRAS, AV",NA,"",3711,"","08/05/2013 12:00",2,"CO",66,2032," "," ",1,1,0,0,0,0,0,0,0,0,0,0,0,0,0,0,0,17135,"RIO DAS PEDRAS, AV",NA,"",27,"CURSINO",1,0,"RIO DAS PEDRAS, AV 3711 SAO PAULO SP",-23.5821836,-46.4972977
"8598","D051300166",543,"ALCANTARA MACHADO, AV",NA,"",4002,"","08/05/2013 12:00",2,"CT",8,2505," "," ",2,0,0,0,0,0,0,0,0,0,0,0,0,0,0,0,0,543,"ALCANTARA MACHADO, AV",NA,"",10,"BRAS",2,0,"ALCANTARA MACHADO, AV 4002 SAO PAULO SP",-23.5507858,-46.607901
"8599","D051301566",17801,"SANTOS DUMONT, RUA",17909,"SEBASTIAO, RUA S",0,"","08/05/2013 12:00",2,"CO",11,5210," "," ",0,0,0,0,0,0,0,0,0,0,0,2,0,0,0,0,0,17801,"SANTOS DUMONT, RUA",17909,"SEBASTIAO, RUA S",NA,"",1,0,"SANTOS DUMONT, RUA SAO PAULO SP &  SEBASTIAO, RUA S SAO PAULO SP",-23.6318511,-46.6873725
"8600","D051300534",8615,"HEITOR PENTEADO, RUA",NA,"",1528,"","08/05/2013 12:20",4,"AT",7,2898," "," ",0,1,0,0,0,0,0,0,0,0,0,0,0,0,0,0,0,8615,"HEITOR PENTEADO, RUA",NA,"",61,"PERDIZES",1,0,"HEITOR PENTEADO, RUA 1528 SAO PAULO SP",-23.5450385,-46.6926172
"8601","D051300385",6248,"EDUARDO DE SA, RUA",NA,"",68,"","08/05/2013 12:30",4,"AT",35,3873," "," ",1,0,0,0,0,0,0,0,0,0,0,0,0,0,0,0,0,6248,"EDUARDO DE SA, RUA",NA,"",22,"CIDADE ADEMAR",1,0,"EDUARDO DE SA, RUA 68 SAO PAULO SP",-23.6632005,-46.6550007
"8602","D051301290",26639,"GERALDO MARINO, RUA",NA,"",200,"","08/05/2013 12:30",2,"CO",72,4166," "," ",1,1,0,0,0,0,0,0,0,0,0,0,0,0,0,0,0,26639,"GERALDO MARINO, RUA",NA,"",40,"JAGUARE",1,0,"GERALDO MARINO, RUA 200 SAO PAULO SP",-23.4532435,-46.6923906
"8604","D051301631",1731,"ANTONIO GIL, RUA",67206,"JOAO GOMES BATISTA, RUA",0,"","08/05/2013 13:10",2,"CO",43,1736," "," ",1,0,0,1,0,0,0,0,0,0,0,0,0,0,0,0,0,1731,"ANTONIO GIL, RUA",67206,"JOAO GOMES BATISTA, RUA",22,"CIDADE ADEMAR",1,0,"ANTONIO GIL, RUA SAO PAULO SP &  JOAO GOMES BATISTA, RUA SAO PAULO SP",-23.6652176,-46.6711889
"8605","D051301567",7536,"FRANCISCO PITTA BRITO, RUA ENG",NA,"",138,"","08/05/2013 13:25",2,"CO",11,5222," "," ",1,1,0,0,0,0,0,0,0,0,0,0,0,0,0,0,0,7536,"FRANCISCO PITTA BRITO, RUA ENG",NA,"",72,"SANTO AMARO",2,0,"FRANCISCO PITTA BRITO, RUA ENG 138 SAO PAULO SP",-23.6535209,-46.7169618
"8606","D051301097",13133,"MARIA AMALIA LOPES AZEVEDO, RUA",NA,"",2959,"","08/05/2013 13:42",2,"CO",20,4233," "," ",1,1,0,0,0,0,0,0,0,0,0,0,0,0,0,0,0,13133,"MARIA AMALIA LOPES AZEVEDO, RUA",NA,"",83,"TREMEMBE",1,0,"MARIA AMALIA LOPES AZEVEDO, RUA 2959 SAO PAULO SP",-23.4568278,-46.5979291
"8608","D051302015",14095,"ANTONIO MANZI, RUA CON",NA,"",43,"","08/05/2013 14:00",2,"CO",67,1282," "," ",1,1,0,0,0,0,0,0,0,0,0,0,0,0,0,0,0,14095,"ANTONIO MANZI, RUA CON",NA,"",50,"LIMAO",1,0,"ANTONIO MANZI, RUA CON 43 SAO PAULO SP",-23.5236307,-46.417963
"8609","D051300384",3585,"JOAO BARRETO DE MENEZES, AV",4648,"CAVAS, RUA DAS",0,"","08/05/2013 14:05",2,"CO",35,3867," "," ",2,0,0,0,0,0,0,0,0,0,0,0,0,0,0,0,0,3585,"JOAO BARRETO DE MENEZES, AV",4648,"CAVAS, RUA DAS",37,"JABAQUARA",1,0,"JOAO BARRETO DE MENEZES, AV SAO PAULO SP &  CAVAS, RUA DAS SAO PAULO SP",-23.6490127,-46.6603059
"8610","D051302211",73046,"MANUEL QUIRINO DE MATTOS, RUA",NA,"",1255,"","08/05/2013 14:06",2,"CO",69,4850," "," ",1,0,0,0,1,0,0,0,0,0,0,0,0,0,0,0,0,73046,"MANUEL QUIRINO DE MATTOS, RUA",NA,"",78,"SAPOPEMBA",1,0,"MANUEL QUIRINO DE MATTOS, RUA 1255 SAO PAULO SP",-23.6085693,-46.4926938
"8611","D051300627",8044,"GODOI, RUA MIN",NA,"",1040,"","08/05/2013 14:11",2,"CO",23,2576," "," ",1,1,0,0,0,0,0,0,0,0,0,0,0,0,0,0,0,8044,"GODOI, RUA MIN",NA,"",61,"PERDIZES",1,0,"GODOI, RUA MIN 1040 SAO PAULO SP",-23.5379996,-46.6721446
"8612","D051301098",8633,"HELENA DO SACRAMENTO, RUA",NA,"",424,"","08/05/2013 14:25",2,"CO",20,4244," "," ",0,1,0,0,0,0,0,0,0,0,0,0,0,0,0,1,0,8633,"HELENA DO SACRAMENTO, RUA",NA,"",51,"MANDAQUI",1,0,"HELENA DO SACRAMENTO, RUA 424 SAO PAULO SP",-23.4839745,-46.6374792
"8613","D051302075",73509,"GONCALVES DA COSTA, AV",NA,"",200,"","08/05/2013 15:00",2,"CP",49,1841," "," ",1,0,0,0,0,0,0,0,0,0,0,0,0,0,0,0,0,73509,"GONCALVES DA COSTA, AV",NA,"",55,"MORUMBI",1,0,"GONCALVES DA COSTA, AV 200 SAO PAULO SP",-23.6109878,-46.4525281
"8614","D051301033",3637,"BRAZ LEME, AV",NA,"",2002,"","08/05/2013 15:30",2,"CL",13,5090," "," ",1,1,0,0,0,0,0,0,0,0,0,0,0,0,0,0,0,3637,"BRAZ LEME, AV",NA,"",21,"CASA VERDE",1,0,"BRAZ LEME, AV 2002 SAO PAULO SP",-23.5047884,-46.6410196
"8615","D051301819",17112,"RIO BONITO, RUA",NA,"",1827,"","08/05/2013 16:10",2,"QM",102,1283," "," ",0,1,0,0,0,0,0,0,0,0,0,0,0,0,0,0,0,17112,"RIO BONITO, RUA",NA,"",25,"CIDADE TIRADENT",1,0,"RIO BONITO, RUA 1827 SAO PAULO SP",-23.5319811,-46.6185066
"8616","D051301568",1085,"AMERICO BRASILIENSE, RUA",10897,"JOSE DE CARVALHO, RUA",0,"","08/05/2013 16:27",2,"SI",11,5231," "," ",1,1,0,0,0,0,0,0,0,0,0,0,0,0,0,0,0,1085,"AMERICO BRASILIENSE, RUA",10897,"JOSE DE CARVALHO, RUA",72,"SANTO AMARO",1,0,"AMERICO BRASILIENSE, RUA SAO PAULO SP &  JOSE DE CARVALHO, RUA SAO PAULO SP",-23.6335602,-46.6985294
"8618","D051301704",76320,"CONSTELACAO DO CARANGUEJO, RUA",NA,"",721,"","08/05/2013 17:00",2,"QD",85,2399," "," ",0,0,0,0,0,0,0,1,0,0,0,0,0,0,0,0,0,76320,"CONSTELACAO DO CARANGUEJO, RUA",NA,"",32,"IGUATEMI",1,0,"CONSTELACAO DO CARANGUEJO, RUA 721 SAO PAULO SP",-23.7674735,-46.7054684
"8620","D051301440",17824,"SAPOPEMBA, AV",NA,"",8000,"","08/05/2013 17:40",2,"CO",29,2535," "," ",1,1,0,0,0,0,0,0,0,0,0,0,0,0,0,0,0,17824,"SAPOPEMBA, AV",NA,"",33,"IPIRANGA",1,0,"SAPOPEMBA, AV 8000 SAO PAULO SP",-23.5974585,-46.5229225
"8621","D051301190",14242,"MOREIRA DE BARROS, RUA CONS",NA,"",2272,"","08/05/2013 17:45",4,"AT",38,2591," "," ",0,1,0,0,0,0,0,0,0,0,0,0,0,0,0,0,0,14242,"MOREIRA DE BARROS, RUA CONS",NA,"",0,"NULL",1,0,"MOREIRA DE BARROS, RUA CONS 2272 SAO PAULO SP",-23.4847477,-46.6415664
"8622","D051301312",13133,"MARIA AMALIA LOPES AZEVEDO, RUA",NA,"",3641,"","08/05/2013 18:00",2,"CO",73,4867," "," ",0,1,0,0,0,0,0,0,0,0,0,0,0,0,0,0,0,13133,"MARIA AMALIA LOPES AZEVEDO, RUA",NA,"",83,"TREMEMBE",2,0,"MARIA AMALIA LOPES AZEVEDO, RUA 3641 SAO PAULO SP",-23.4563199,-46.5917338
"8623","D051301365",98904,"PAULO FREIRE, AV EDUC",73640,"BARACELA, RUA DA",0,"","08/05/2013 18:00",2,"CH",90,4863," "," ",0,0,0,0,0,0,0,0,0,0,0,1,0,0,0,0,0,73640,"BARACELA, RUA DA",98904,"PAULO FREIRE, AV EDUC",22,"CIDADE ADEMAR",1,0,"PAULO FREIRE, AV EDUC SAO PAULO SP &  BARACELA, RUA DA SAO PAULO SP",-23.5531765,-46.57198
"8624","D051301715",66698,"VIRIATO LEAO DE MOURA, RUA",NA,"",47,"","08/05/2013 18:10",4,"AT",85,4274," "," ",1,0,0,0,0,0,0,0,0,0,0,0,0,0,0,0,0,66698,"VIRIATO LEAO DE MOURA, RUA",NA,"",32,"IGUATEMI",1,0,"VIRIATO LEAO DE MOURA, RUA 47 SAO PAULO SP",-23.7427012,-46.7083324
"8625","D051301384",4128,"CANGAIBA, AV",NA,"",1400,"","08/05/2013 18:16",2,"CO",10,5218," "," ",3,0,0,0,0,0,0,0,0,0,0,0,0,0,0,0,0,4128,"CANGAIBA, AV",NA,"",18,"CANGAIBA",1,0,"CANGAIBA, AV 1400 SAO PAULO SP",-23.5107299,-46.5403472
"8626","D051301549",4632,"CATUMBI, RUA",NA,"",542,"","08/05/2013 18:20",4,"AT",81,900048," "," ",1,0,0,0,0,0,0,0,0,0,0,0,0,0,0,0,0,4632,"CATUMBI, RUA",NA,"",8,"BELEM",1,0,"CATUMBI, RUA 542 SAO PAULO SP",-23.5335546,-46.6008328
"8627","D051300900",8000,"GIOVANNI GRONCHI, AV",NA,"",6765,"","08/05/2013 18:45",2,"CO",89,4017," "," ",0,1,0,0,0,0,0,0,0,0,0,1,0,0,0,0,0,8000,"GIOVANNI GRONCHI, AV",NA,"",55,"MORUMBI",2,0,"GIOVANNI GRONCHI, AV 6765 SAO PAULO SP",-23.6376025,-46.7368296
"8628","D051300798",1429,"ANHANGUERA, VIA",NA,"",18000,"","08/05/2013 18:48",2,"CO",46,4318," "," ",1,1,0,0,0,0,0,0,0,0,0,0,0,0,0,0,0,1429,"ANHANGUERA, VIA",NA,"",73,"SAO DOMINGOS",1,0,"ANHANGUERA, VIA 18000 SAO PAULO SP",-23.4900941,-46.7665396
"8629","D051300129",19764,"VINTE E TRES DE MAIO, AV",NA,"",500,"","08/05/2013 18:50",2,"CL",5,3852," "," ",1,1,0,0,0,0,0,0,0,0,0,0,0,0,0,0,0,19764,"VINTE E TRES DE MAIO, AV",NA,"",17,"CAMPO LIMPO",1,0,"VINTE E TRES DE MAIO, AV 500 SAO PAULO SP",-23.5830739,-46.6522535
"8633","D051301385",4128,"CANGAIBA, AV",NA,"",3590,"","08/05/2013 20:00",2,"CO",10,5223," "," ",1,1,0,0,0,0,0,0,0,0,0,0,0,0,0,0,0,4128,"CANGAIBA, AV",NA,"",18,"CANGAIBA",1,0,"CANGAIBA, AV 3590 SAO PAULO SP",-23.5057236,-46.5220143
"8634","D051301047",9078,"IMIRIM, AV",NA,"",1823,"","08/05/2013 20:00",2,"CO",13,5678," "," ",0,1,0,0,0,0,0,0,0,0,0,0,0,0,0,0,0,9078,"IMIRIM, AV",NA,"",71,"SANTANA",1,0,"IMIRIM, AV 1823 SAO PAULO SP",-23.490513,-46.6505058
"8635","D051300516",17338,"ROLANDO CURTI, RUA",NA,"",200,"","08/05/2013 20:20",2,"QM",97,1475," "," ",0,1,0,0,0,0,0,0,0,0,0,0,0,0,0,0,0,17338,"ROLANDO CURTI, RUA",NA,"",42,"JARDIM ANGELA",1,0,"ROLANDO CURTI, RUA 200 SAO PAULO SP",-23.6718579,-46.6394906
"8636","D051301154",9420,"ITABERABA, AV",NA,"",680,"","08/05/2013 20:26",2,"CO",28,5098," "," ",1,1,0,0,0,0,0,0,0,0,0,0,0,0,0,0,0,9420,"ITABERABA, AV",NA,"",29,"FREGUESIA DO O",1,0,"ITABERABA, AV 680 SAO PAULO SP",-23.4950778,-46.6975252
"8637","D051300258",3581,"BRASIL, AV",NA,"",1500,"","08/05/2013 20:28",2,"QM",78,3851," "," ",0,1,0,0,0,0,0,0,0,0,0,0,0,0,0,0,0,3581,"BRASIL, AV",NA,"",63,"PINHEIROS",1,0,"BRASIL, AV 1500 SAO PAULO SP",-23.5621218,-46.6553275
"8638","D051300901",8483,"GUILHERME DUMONT VILARES, AV DR",NA,"",249,"","08/05/2013 21:30",2,"CO",89,4045," "," ",1,1,0,0,0,0,0,0,0,0,0,0,0,0,0,0,0,8483,"GUILHERME DUMONT VILARES, AV DR",NA,"",85,"VILA ANDRADE",1,0,"GUILHERME DUMONT VILARES, AV DR 249 SAO PAULO SP",-23.6060491,-46.7462381
"8639","D051300065",5245,"CONSOLACAO, RUA DA",12132,"LUIS, AV S",0,"","08/05/2013 21:52",4,"AT",3,2719," "," ",0,0,1,0,0,0,0,0,0,0,0,0,0,0,0,0,0,5245,"CONSOLACAO, RUA DA",19996,"XAVIER DE TOLEDO, RUA CEL",67,"REPUBLICA",1,0,"CONSOLACAO, RUA DA SAO PAULO SP &  LUIS, AV S SAO PAULO SP",-23.5471579,-46.6469857
"8640","D051300605",16537,"PORTUGAL, RUA",6609,"ESPANHA, RUA",0,"","08/05/2013 22:00",2,"CO",15,4597," "," ",2,0,0,0,0,0,0,0,0,0,0,0,0,0,0,0,0,6609,"ESPANHA, RUA",16537,"PORTUGAL, RUA",63,"PINHEIROS",1,0,"PORTUGAL, RUA SAO PAULO SP &  ESPANHA, RUA SAO PAULO SP",-23.5752402,-46.6750989
"8642","D051300130",35600,"PEDROSO, VD",4244,"CARDIM, RUA MAEST",0,"","08/05/2013 22:30",2,"CO",5,3854," "," ",0,2,0,0,0,0,0,0,0,0,0,0,0,0,0,0,0,4244,"CARDIM, RUA MAEST",16010,"PEDROSO, RUA",49,"LIBERDADE",1,0,"PEDROSO, VD SAO PAULO SP &  CARDIM, RUA MAEST SAO PAULO SP",-23.5626545,-46.6406574
"8643","D051300349",17181,"VICENTE LEPORACE, RUA",31498,"ROBERTO MARINHO - ANT AGUA ESP, AV JORN",0,"","08/05/2013 23:00",2,"CO",27,4854," "," ",3,0,0,0,0,0,0,0,0,0,0,0,0,0,0,0,0,17181,"VICENTE LEPORACE, RUA",31498,"ROBERTO MARINHO - ANT AGUA ESP, AV JORN",15,"CAMPO BELO",1,0,"VICENTE LEPORACE, RUA SAO PAULO SP &  ROBERTO MARINHO - ANT AGUA ESP, AV JORN SAO PAULO SP",-23.6272452,-46.6723647
"8644","D051302323",22268,"OSVALDO VALLE CORDEIRO, AV",NA,"",60,"","08/05/2013 23:15",4,"AT",24,5872," "," ",0,0,0,0,0,0,0,0,0,0,0,0,0,0,0,1,0,22268,"OSVALDO VALLE CORDEIRO, AV",NA,"",NA,"",0,1,"OSVALDO VALLE CORDEIRO, AV 60 SAO PAULO SP",-23.5590948,-46.4886862
"8645","D051301857",17488,"RUBENS FRAGA DE TOLEDO ARRUDA, AV",NA,"",144,"","09/05/2013 00:15",4,"AT",24,4973," "," ",0,1,0,0,0,0,0,0,0,0,0,0,0,0,0,0,0,17488,"RUBENS FRAGA DE TOLEDO ARRUDA, AV",NA,"",0,"NULL",1,0,"RUBENS FRAGA DE TOLEDO ARRUDA, AV 144 SAO PAULO SP",-23.503307,-46.5150558
"8646","D051300883",15626,"PAULA FERREIRA, AV",NA,"",1286,"","09/05/2013 00:35",4,"AT",87,4332," "," ",1,0,0,0,0,0,0,0,0,0,0,0,0,0,0,0,0,15626,"PAULA FERREIRA, AV",NA,"",64,"PIRITUBA",1,0,"PAULA FERREIRA, AV 1286 SAO PAULO SP",-23.49961,-46.7104949
"8647","D051300231",4736,"CELSO GARCIA, AV",17504,"RUBINO DE OLIVEIRA, RUA",0,"","09/05/2013 02:25",2,"CO",12,3600," "," ",1,1,0,0,0,0,0,0,0,0,0,0,0,0,0,0,0,4736,"CELSO GARCIA, AV",17504,"RUBINO DE OLIVEIRA, RUA",10,"BRAS",1,0,"CELSO GARCIA, AV SAO PAULO SP &  RUBINO DE OLIVEIRA, RUA SAO PAULO SP",-23.5359522,-46.5717652
"8648","D051300851",16878,"RAPOSO TAVARES, VIA",NA,"",19800,"","09/05/2013 05:23",2,"CO",75,1597," "," ",1,0,1,0,0,0,0,0,0,0,0,0,0,0,0,0,0,16878,"RAPOSO TAVARES, VIA",NA,"",13,"CACHOEIRINHA",3,0,"RAPOSO TAVARES, VIA 19800 SAO PAULO SP",-23.5047888,-48.5202442
"8649","D051300694",7500,"FRANCISCO MORATO, AV PROF",NA,"",1948,"","09/05/2013 06:40",2,"SI",34,2786," "," ",0,1,0,0,0,0,0,0,0,0,0,0,0,0,0,2,0,7500,"FRANCISCO MORATO, AV PROF",NA,"",12,"BUTANTA",1,0,"FRANCISCO MORATO, AV PROF 1948 SAO PAULO SP",-23.584401,-46.7176002