"","id_acidente","codloga","logradouroA","codlogb","logradouroB","alt_num","referencia","data","cod_acid","tipo_acidente","dp","numero_BO","sentido","pista","automovel","moto","onibus","caminhao","bicicleta","moto_taxi","onibus_fretado","onibus_urbano","microonibus","van","vuc","caminhonete","carreta","jipe","outros","sem_informacao","carroca","princ_a","paiA","princ_b","paiB","cod_distrito","distrito","vit_ferida","vit_morta","local","lat","lon"
"8650","D051300628",2271,"ARNALDO, AV DR",14433,"NATANAEL, RUA MAJ",0,"","09/05/2013 06:40",4,"AT",23,2584," "," ",1,0,0,0,0,0,0,0,0,0,0,0,0,0,0,0,0,2271,"ARNALDO, AV DR",14433,"NATANAEL, RUA MAJ",26,"CONSOLACAO",1,0,"ARNALDO, AV DR SAO PAULO SP &  NATANAEL, RUA MAJ SAO PAULO SP",-23.5514196,-46.6767025
"8651","D051300350",19100,"BANDEIRANTES, AV DOS",NA,"",2800,"","09/05/2013 06:50",2,"CO",27,4860," "," ",1,1,0,0,0,0,0,0,0,0,0,0,0,0,0,0,0,19100,"BANDEIRANTES, AV DOS",NA,"",24,"CIDADE LIDER",1,0,"BANDEIRANTES, AV DOS 2800 SAO PAULO SP",-23.6125278,-46.6724143
"8652","D051301570",222,"ADOLFO PINHEIRO, AV",19152,"TREZE DE MAIO, LGO",0,"","09/05/2013 06:50",2,"QM",11,5242," "," ",0,1,0,0,0,0,0,0,0,0,0,0,0,0,0,0,0,222,"ADOLFO PINHEIRO, AV",19152,"TREZE DE MAIO, LGO",72,"SANTO AMARO",1,0,"ADOLFO PINHEIRO, AV SAO PAULO SP &  TREZE DE MAIO, LGO SAO PAULO SP",-23.6416691,-46.6982672
"8653","D051301099",19884,"VOLUNTARIOS DA PATRIA, RUA",NA,"",3292,"","09/05/2013 07:20",2,"CO",20,4260," "," ",1,1,0,0,0,0,0,0,0,0,0,0,0,0,0,0,0,19884,"VOLUNTARIOS DA PATRIA, RUA",NA,"",8,"BELEM",1,0,"VOLUNTARIOS DA PATRIA, RUA 3292 SAO PAULO SP",-23.4912331,-46.6260422
"8654","D051301761",9220,"INTERLAGOS, AV",NA,"",635,"","09/05/2013 07:45",2,"CO",99,23," "," ",1,1,0,0,0,0,0,0,0,0,0,0,0,0,0,0,0,9220,"INTERLAGOS, AV",NA,"",16,"CAMPO GRANDE",1,0,"INTERLAGOS, AV 635 SAO PAULO SP",-23.6597557,-46.6793765
"8655","D051300852",8603,"HEITOR ANTONIO EIRAS GARCIA, AV ENG",NA,"",6870,"","09/05/2013 07:50",2,"CO",75,1598," "," ",1,1,0,0,0,0,0,0,0,0,0,0,0,0,0,0,0,8603,"HEITOR ANTONIO EIRAS GARCIA, AV ENG",NA,"",68,"RIO PEQUENO",2,0,"HEITOR ANTONIO EIRAS GARCIA, AV ENG 6870 SAO PAULO SP",-23.6019743,-46.7871795
"8656","D051300214",10693,"JORGE MIRANDA, RUA DR",4146,"CANTAREIRA, RUA DA",0,"","09/05/2013 07:55",2,"CO",12,2583," "," ",1,1,0,0,0,0,0,0,0,0,0,0,0,0,0,0,0,4146,"CANTAREIRA, RUA DA",10693,"JORGE MIRANDA, RUA DR",9,"BOM RETIRO",1,0,"JORGE MIRANDA, RUA DR SAO PAULO SP &  CANTAREIRA, RUA DA SAO PAULO SP",-23.5318101,-46.6291835
"8657","D051301571",999,"SANTO AMARO, AV",1085,"AMERICO BRASILIENSE, RUA",0,"","09/05/2013 08:00",4,"AT",11,5246," "," ",1,0,0,0,0,0,0,0,0,0,0,0,0,0,0,0,0,999,"SANTO AMARO, AV",1085,"AMERICO BRASILIENSE, RUA",72,"SANTO AMARO",1,0,"SANTO AMARO, AV SAO PAULO SP &  AMERICO BRASILIENSE, RUA SAO PAULO SP",-23.614288,-46.6791208
"8658","D051301436",14196,"MONTEMAGNO, AV",7812,"GASPAR RODRIGUES, RUA",0,"","09/05/2013 08:15",2,"CO",29,1194," "," ",1,1,0,0,0,0,0,0,0,0,0,0,0,0,0,0,0,3676,"BRUNA, RUA",14196,"MONTEMAGNO, AV",1,"AGUA RASA",1,0,"MONTEMAGNO, AV SAO PAULO SP &  GASPAR RODRIGUES, RUA SAO PAULO SP",-23.5713158,-46.5484774
"8659","D051301572",9384,"ISABEL SCHMIDT, RUA",35438,"BENEDITO, RUA S",0,"","09/05/2013 08:28",2,"SI",11,5261," "," ",1,0,1,0,0,0,0,1,0,0,0,0,0,0,0,0,0,9384,"ISABEL SCHMIDT, RUA",35438,"BENEDITO, RUA S",72,"SANTO AMARO",2,0,"ISABEL SCHMIDT, RUA SAO PAULO SP &  BENEDITO, RUA S SAO PAULO SP",-23.6511631,-46.7037715
"8661","D051301722",8368,"GUARAPIRANGA, AV",NA,"",1000,"","09/05/2013 08:40",2,"CO",92,2899," "," ",1,1,0,0,0,0,0,0,0,0,0,0,0,0,0,0,0,8368,"GUARAPIRANGA, AV",NA,"",45,"JARDIM SAO LUIS",2,0,"GUARAPIRANGA, AV 1000 SAO PAULO SP",-23.6774457,-46.7342031
"8662","D051300414",19583,"VERGUEIRO, RUA",NA,"",2500,"","09/05/2013 08:49",4,"AT",36,2062," "," ",0,1,0,0,0,0,0,0,0,0,0,0,0,0,0,0,0,19583,"VERGUEIRO, RUA",NA,"",33,"IPIRANGA",1,0,"VERGUEIRO, RUA 2500 SAO PAULO SP",-23.5834388,-46.6372433
"8663","D051300680",33234,"MARGINAL DIREITA DO TIETE, AV",NA,"",1500,"","09/05/2013 09:00",2,"CO",33,4340," "," ",1,1,0,0,0,0,0,0,0,0,0,0,0,0,0,0,0,29772,"MARGINAL DO RIO TIETE, AV",NA,"",39,"JAGUARA",1,0,"MARGINAL DIREITA DO TIETE, AV 1500 SAO PAULO SP",-23.5187968,-46.7468531
"8665","D051300695",19461,"VALERIO, AV S",9056,"ILIMANI, RUA",0,"","09/05/2013 09:00",2,"SI",34,2795," "," ",1,1,0,0,0,0,0,0,0,0,0,0,0,0,0,0,0,9056,"ILIMANI, RUA",19461,"VALERIO, AV S",55,"MORUMBI",1,0,"VALERIO, AV S SAO PAULO SP &  ILIMANI, RUA SAO PAULO SP",-23.5828258,-46.7026391
"8666","D051300039",16581,"PRATES, RUA",8349,"GUARANI, RUA",0,"","09/05/2013 09:06",2,"CO",2,2729," "," ",1,1,0,0,0,0,0,0,0,0,0,0,0,0,0,0,0,8349,"GUARANI, RUA",16581,"PRATES, RUA",9,"BOM RETIRO",1,0,"PRATES, RUA SAO PAULO SP &  GUARANI, RUA SAO PAULO SP",-23.5313295,-46.6364861
"8667","D051301221",11321,"JULIO BUONO, AV",NA,"",2535,"","09/05/2013 09:15",2,"SI",39,2135," "," ",1,1,0,0,0,0,0,0,0,0,0,0,0,0,0,0,0,11321,"JULIO BUONO, AV",NA,"",94,"VILA MEDEIROS",1,0,"JULIO BUONO, AV 2535 SAO PAULO SP",-23.4801577,-46.5857552
"8668","D051300351",10918,"JOSE DINIZ, AV VER",NA,"",3049,"","09/05/2013 09:19",2,"CO",27,4861," "," ",1,1,0,0,0,0,0,0,0,0,0,0,0,0,0,0,0,10918,"JOSE DINIZ, AV VER",NA,"",15,"CAMPO BELO",1,0,"JOSE DINIZ, AV VER 3049 SAO PAULO SP",-23.6202092,-46.6780849
"8669","D051300387",340,"TEODORO FERREIRA, RUA CEL",12377,"NELSON DE SENNA, RUA PROF",0,"","09/05/2013 09:24",2,"CO",35,3893," "," ",1,1,0,0,0,0,0,0,0,0,0,0,0,0,0,0,0,340,"TEODORO FERREIRA, RUA CEL",12377,"NELSON DE SENNA, RUA PROF",37,"JABAQUARA",1,0,"TEODORO FERREIRA, RUA CEL SAO PAULO SP &  NELSON DE SENNA, RUA PROF SAO PAULO SP",-23.6641559,-46.6534327
"8670","D051300284",5618,"CURSINO, AV DO",NA,"",967,"","09/05/2013 09:58",2,"CO",16,6222," "," ",1,1,0,0,0,0,0,0,0,0,0,0,0,0,0,0,0,5618,"CURSINO, AV DO",NA,"",27,"CURSINO",1,0,"CURSINO, AV DO 967 SAO PAULO SP",-23.6110306,-46.6176513
"8671","D051300012",6642,"ESTADO, AV DO",NA,"",3000,"","09/05/2013 10:15",4,"AT",1,3748," "," ",0,1,0,0,0,0,0,0,0,0,0,0,0,0,0,0,0,6642,"ESTADO, AV DO",NA,"",9,"BOM RETIRO",1,0,"ESTADO, AV DO 3000 SAO PAULO SP",-23.5712514,-46.6045083
"8672","D051300040",6642,"ESTADO, AV DO",17799,"SANTOS DUMONT, AV",0,"","09/05/2013 10:20",4,"AT",2,2731," "," ",0,1,0,0,0,0,0,0,0,0,0,0,0,0,0,0,0,6642,"ESTADO, AV DO",17799,"SANTOS DUMONT, AV",9,"BOM RETIRO",1,0,"ESTADO, AV DO SAO PAULO SP &  SANTOS DUMONT, AV SAO PAULO SP",-23.5635869,-46.6112253
"8673","D051300275",3034,"BELA CINTRA, RUA",NA,"",2114,"","09/05/2013 11:30",4,"AT",78,4751," "," ",0,0,0,0,0,0,0,0,0,0,0,0,0,0,0,1,0,3034,"BELA CINTRA, RUA",NA,"",26,"CONSOLACAO",1,0,"BELA CINTRA, RUA 2114 SAO PAULO SP",-23.5629995,-46.6688289
"8675","D051301651",35497,"ABILIO CESAR, RUA",NA,"",125,"","09/05/2013 12:00",2,"CO",47,5802," "," ",0,1,0,0,0,0,0,0,1,0,0,0,0,0,0,0,0,35497,"ABILIO CESAR, RUA",NA,"",19,"CAPAO REDONDO",1,0,"ABILIO CESAR, RUA 125 SAO PAULO SP",-23.679515,-46.7763618
"8676","D051301222",17728,"SANATORIO, AV",NA,"",948,"","09/05/2013 12:11",4,"AT",39,2141,"C"," ",1,0,0,0,0,0,0,0,0,0,0,0,0,0,0,0,0,17728,"SANATORIO, AV",NA,"",22,"CIDADE ADEMAR",1,0,"SANATORIO, AV 948 SAO PAULO SP",-23.4743847,-46.5749371
"8677","D051301726",64164,"AUGUSTO CARDOSO, AV",NA,"",150,"","09/05/2013 12:30",2,"CO",92,3010," "," ",1,1,0,0,0,0,0,0,0,0,0,0,0,0,0,0,0,64164,"AUGUSTO CARDOSO, AV",NA,"",29,"FREGUESIA DO O",1,0,"AUGUSTO CARDOSO, AV 150 SAO PAULO SP",-23.6704373,-46.7675211
"8678","D051302181",63523,"FRANCESCO MELZI, RUA",NA,"",588,"","09/05/2013 12:30",2,"CO",66,2053," "," ",1,1,0,0,0,0,0,0,0,0,0,0,0,0,0,0,0,63523,"FRANCESCO MELZI, RUA",NA,"",24,"CIDADE LIDER",1,0,"FRANCESCO MELZI, RUA 588 SAO PAULO SP",-23.5634254,-46.4957272
"8679","D051300313",11828,"LICIO DE MIRANDA, RUA",NA,"",404,"","09/05/2013 12:34",4,"AT",17,2552," "," ",0,0,0,0,0,0,0,0,0,0,0,1,0,0,0,0,0,11828,"LICIO DE MIRANDA, RUA",NA,"",33,"IPIRANGA",1,0,"LICIO DE MIRANDA, RUA 404 SAO PAULO SP",-23.5998127,-46.5938964
"8680","D051301573",6238,"NACOES UNIDAS, AV DAS",NA,"",14500,"","09/05/2013 12:38",2,"CO",11,5263," "," ",1,0,0,0,0,0,0,0,0,0,0,1,0,0,0,0,0,13014,"MARGINAL DO RIO PINHEIROS, AV",NA,"",90,"VILA LEOPOLDINA",1,0,"NACOES UNIDAS, AV DAS 14500 SAO PAULO SP",-23.6791522,-46.696085
"8682","D051300979",20089,"ZUQUIM, RUA DR",17843,"SARAIVA, RUA CONS",0,"","09/05/2013 12:52",4,"AT",9,2648," "," ",1,0,0,0,0,0,0,0,0,0,0,0,0,0,0,0,0,17843,"SARAIVA, RUA CONS",20089,"ZUQUIM, RUA DR",NA,"",1,0,"ZUQUIM, RUA DR SAO PAULO SP &  SARAIVA, RUA CONS SAO PAULO SP",-23.491972,-46.6247361
"8683","D051300980",14270,"MORVAN DIAS DE FIGUEIREDO, AV",41394,"OTTO BAUMGART, AV",0,"","09/05/2013 13:00",2,"CO",9,2660," "," ",0,1,0,1,0,0,0,0,0,0,0,0,0,0,0,0,0,14270,"MORVAN DIAS DE FIGUEIREDO, AV",41394,"OTTO BAUMGART, AV",67,"REPUBLICA",1,0,"MORVAN DIAS DE FIGUEIREDO, AV SAO PAULO SP &  OTTO BAUMGART, AV SAO PAULO SP",-23.5218788,-46.6058375
"8684","D051301575",10270,"JOAO DIAS, AV",NA,"",1649,"","09/05/2013 13:08",2,"SI",11,5277," "," ",2,1,0,0,0,0,0,0,0,0,0,0,0,0,0,0,0,10270,"JOAO DIAS, AV",NA,"",72,"SANTO AMARO",2,0,"JOAO DIAS, AV 1649 SAO PAULO SP",-23.6451297,-46.7163285
"8686","D051300116",17813,"SAO JOAQUIM, RUA CDSSA DE",11818,"LIBERDADE, AV DA",0,"","09/05/2013 13:30",2,"CF",5,2540," "," ",0,1,0,1,0,0,0,0,0,0,0,0,0,0,0,0,0,11818,"LIBERDADE, AV DA",17813,"SAO JOAQUIM, RUA CDSSA DE",NA,"",1,0,"SAO JOAQUIM, RUA CDSSA DE SAO PAULO SP &  LIBERDADE, AV DA SAO PAULO SP",-23.5586256,-46.6385984
"8687","D051301872",72538,"BENTO MUNHOZ, RUA",NA,"",10,"","09/05/2013 13:36",2,"CO",32,2790," "," ",0,1,0,0,0,0,0,0,0,0,0,1,0,0,0,0,0,72538,"BENTO MUNHOZ, RUA",NA,"",51,"MANDAQUI",1,0,"BENTO MUNHOZ, RUA 10 SAO PAULO SP",-23.5262773,-46.4324279
"8689","D051302086",2181,"ARICANDUVA, AV",NA,"",12000,"","09/05/2013 14:00",2,"CH",49,6442," "," ",0,1,0,0,0,0,0,0,0,0,0,0,0,0,0,0,0,2181,"ARICANDUVA, AV",NA,"",60,"PENHA",2,0,"ARICANDUVA, AV 12000 SAO PAULO SP",-23.5930999,-46.4694983
"8690","D051300335",19723,"VILARES, RUA DOM",17356,"ROMAO PUIGGARI, RUA",0,"","09/05/2013 14:00",2,"CO",26,4723," "," ",1,1,0,0,0,0,0,0,0,0,0,0,0,0,0,0,0,17356,"ROMAO PUIGGARI, RUA",19723,"VILARES, RUA DOM",NA,"",1,0,"VILARES, RUA DOM SAO PAULO SP &  ROMAO PUIGGARI, RUA SAO PAULO SP",-23.6245732,-46.6060421
"8691","D051300310",11379,"JUNTAS PROVISORIAS, AV",5762,"DELAMARE, AV ALM",0,"","09/05/2013 14:00",2,"CO",17,2227," "," ",0,1,1,0,0,0,0,0,0,0,0,0,0,0,0,0,0,5762,"DELAMARE, AV ALM",11379,"JUNTAS PROVISORIAS, AV",NA,"",1,0,"JUNTAS PROVISORIAS, AV SAO PAULO SP &  DELAMARE, AV ALM SAO PAULO SP",-23.6035256,-46.6020793
"8694","D051300511",2235,"ARMANDO DE ARRUDA PEREIRA, AV ENG",NA,"",2600,"","09/05/2013 14:55",2,"CO",97,1306," "," ",2,0,0,0,0,0,0,0,0,0,0,0,0,0,0,0,0,2235,"ARMANDO DE ARRUDA PEREIRA, AV ENG",NA,"",37,"JABAQUARA",1,0,"ARMANDO DE ARRUDA PEREIRA, AV ENG 2600 SAO PAULO SP",-23.6511879,-46.6396799
"8695","D051300536",8267,"GUAICURUS, RUA",NA,"",314,"","09/05/2013 14:59",2,"CO",7,2933," "," ",1,1,0,0,0,0,0,0,0,0,0,0,0,0,0,0,0,8267,"GUAICURUS, RUA",NA,"",48,"LAPA",1,0,"GUAICURUS, RUA 314 SAO PAULO SP",-23.5229724,-46.688393
"8696","D051301617",15509,"PARELHEIROS, RUA",NA,"",8400,"","09/05/2013 15:00",2,"CO",25,1224," "," ",1,2,0,0,0,0,0,0,0,0,0,0,0,0,0,0,0,15509,"PARELHEIROS, RUA",NA,"",36,"ITAQUERA",3,0,"PARELHEIROS, RUA 8400 SAO PAULO SP",-23.5259475,-46.583077
"8697","D051300488",261,"AFONSO BRAZ, RUA",NA,"",708,"","09/05/2013 15:05",2,"CT",96,2972," "," ",1,0,1,0,0,0,0,0,0,0,0,0,0,0,0,0,0,261,"AFONSO BRAZ, RUA",NA,"",53,"MOEMA",1,0,"AFONSO BRAZ, RUA 708 SAO PAULO SP",-23.5951155,-46.6709232
"8698","D051300535",6544,"ERMANO MARCHETTI, AV",NA,"",1439,"","09/05/2013 15:10",2,"CO",7,2932," "," ",2,0,0,0,0,0,0,0,0,0,0,0,0,0,0,0,0,6544,"ERMANO MARCHETTI, AV",NA,"",48,"LAPA",1,0,"ERMANO MARCHETTI, AV 1439 SAO PAULO SP",-23.5117008,-46.7055151
"8699","D051300596",10556,"JOAQUIM FLORIANO, RUA",3600,"BRASILIA, RUA",0,"","09/05/2013 15:10",2,"QM",15,2381," "," ",1,1,0,0,0,0,0,0,0,0,0,0,0,0,0,0,0,3600,"BRASILIA, RUA",10556,"JOAQUIM FLORIANO, RUA",34,"ITAIM BIBI",1,0,"JOAQUIM FLORIANO, RUA SAO PAULO SP &  BRASILIA, RUA SAO PAULO SP",-23.584863,-46.6756808
"8700","D051301509",9660,"ITUVERAVA, RUA",15275,"PACHECO E CHAVES, RUA CAP",0,"","09/05/2013 15:29",4,"AT",56,3070," "," ",1,0,0,0,0,0,0,0,0,0,0,0,0,0,0,0,0,4783,"CERVANTES, RUA",15275,"PACHECO E CHAVES, RUA CAP",95,"VILA PRUDENTE",1,0,"ITUVERAVA, RUA SAO PAULO SP &  PACHECO E CHAVES, RUA CAP SAO PAULO SP",-23.584883,-46.5860654
"8701","D051301176",27689,"LUIS CARLOS GENTILE DE LAET, RUA",8861,"HORTO, RUA DO",0,"","09/05/2013 15:30",2,"CO",38,2304," "," ",0,0,0,0,1,0,0,0,0,0,0,1,0,0,0,0,0,8861,"HORTO, RUA DO",27689,"LUIS CARLOS GENTILE DE LAET, RUA",83,"TREMEMBE",1,0,"LUIS CARLOS GENTILE DE LAET, RUA SAO PAULO SP &  HORTO, RUA DO SAO PAULO SP",-23.4570346,-46.6294063
"8702","D051301674",6334,"ELLIS MAAS, AV",NA,"",571,"","09/05/2013 15:34",2,"CL",47,900111," "," ",1,1,0,0,0,0,0,0,0,0,0,0,0,0,0,0,0,6334,"ELLIS MAAS, AV",NA,"",19,"CAPAO REDONDO",1,0,"ELLIS MAAS, AV 571 SAO PAULO SP",-23.6651837,-46.7705581
"8703","D051302056",17135,"RIO DAS PEDRAS, AV",10503,"JOAO XXIII, AV",0,"","09/05/2013 16:20",2,"CO",41,4898," "," ",1,1,0,0,0,0,0,0,0,0,0,0,0,0,0,0,0,10503,"JOAO XXIII, AV",17135,"RIO DAS PEDRAS, AV",4,"ARICANDUVA",1,0,"RIO DAS PEDRAS, AV SAO PAULO SP &  JOAO XXIII, AV SAO PAULO SP",-23.5630062,-46.5152683
"8705","D051300324",11379,"JUNTAS PROVISORIAS, AV",5762,"DELAMARE, AV ALM",0,"","09/05/2013 16:30",2,"CL",17,6451," "," ",0,1,1,0,0,0,0,0,0,0,0,0,0,0,0,0,0,5762,"DELAMARE, AV ALM",11379,"JUNTAS PROVISORIAS, AV",NA,"",1,0,"JUNTAS PROVISORIAS, AV SAO PAULO SP &  DELAMARE, AV ALM SAO PAULO SP",-23.6035256,-46.6020793
"8706","D051300981",7695,"GABRIEL PIZA, RUA DR",6856,"EZEQUIEL FREIRE, RUA",0,"","09/05/2013 17:00",4,"AT",9,2663," "," ",0,0,1,0,0,0,0,0,0,0,0,0,0,0,0,0,0,6856,"EZEQUIEL FREIRE, RUA",7695,"GABRIEL PIZA, RUA DR",71,"SANTANA",1,0,"GABRIEL PIZA, RUA DR SAO PAULO SP &  EZEQUIEL FREIRE, RUA SAO PAULO SP",-23.5021538,-46.6209004
"8707","D051300820",5309,"CORIFEU DE AZEVEDO MARQUES, AV",NA,"",1694,"","09/05/2013 17:10",2,"CO",51,2086," "," ",1,1,0,0,0,0,0,0,0,0,0,0,0,0,0,0,0,5309,"CORIFEU DE AZEVEDO MARQUES, AV",NA,"",12,"BUTANTA",1,0,"CORIFEU DE AZEVEDO MARQUES, AV 1694 SAO PAULO SP",-23.5744895,-46.7300431
"8708","D051300607",4933,"CIDADE JARDIM, AV",NA,"",10,"","09/05/2013 17:45",2,"CO",15,4634," "," ",1,1,0,0,0,0,0,0,0,0,0,0,0,0,0,0,0,4933,"CIDADE JARDIM, AV",NA,"",63,"PINHEIROS",1,0,"CIDADE JARDIM, AV 10 SAO PAULO SP",-23.5446177,-46.6486702
"8709","D051301177",13374,"MARIANA CALIGIORI RONCHETTI, AV",NA,"",700,"","09/05/2013 18:00",2,"CL",38,2306,"B"," ",0,1,0,0,0,0,0,0,0,0,0,1,0,0,0,0,0,13374,"MARIANA CALIGIORI RONCHETTI, AV",NA,"",13,"CACHOEIRINHA",1,0,"MARIANA CALIGIORI RONCHETTI, AV 700 SAO PAULO SP",-23.4597573,-46.6562483
"8710","D051300086",2497,"AUGUSTA, RUA",NA,"",280,"","09/05/2013 18:00",2,"QM",4,3324," "," ",0,1,0,0,0,0,0,0,0,0,0,0,0,0,0,0,0,2497,"AUGUSTA, RUA",NA,"",26,"CONSOLACAO",2,0,"AUGUSTA, RUA 280 SAO PAULO SP",-23.5508654,-46.6489999
"8711","D051301921",17820,"TITO, AV MAL",NA,"",3935,"","09/05/2013 18:00",4,"AT",59,1720," "," ",0,1,0,0,0,0,0,0,0,0,0,0,0,0,0,0,0,17820,"TITO, AV MAL",NA,"",53,"MOEMA",1,0,"TITO, AV MAL 3935 SAO PAULO SP",-23.494698,-46.4074227
"8713","D051300799",1427,"ANHANGUERA, RUA",NA,"",20700,"","09/05/2013 18:15",2,"CF",46,4353," "," ",0,0,0,1,1,0,0,0,0,0,0,0,0,0,0,0,0,1427,"ANHANGUERA, RUA",NA,"",70,"SANTA CECILIA",1,0,"ANHANGUERA, RUA 20700 SAO PAULO SP",-23.4900941,-46.7665396
"8714","D051300961",9836,"JAGUARE, AV",NA,"",1000,"","09/05/2013 18:45",2,"CO",93,3257," "," ",0,1,0,0,0,0,0,0,0,0,0,0,0,0,0,1,0,9836,"JAGUARE, AV",NA,"",40,"JAGUARE",1,0,"JAGUARE, AV 1000 SAO PAULO SP",-23.5525378,-46.7415755
"8715","D051301639",5606,"CUPECE, AV",NA,"",4972,"","09/05/2013 18:45",2,"CO",43,4967," "," ",0,1,1,0,0,0,0,0,0,0,0,0,0,0,0,0,0,5606,"CUPECE, AV",NA,"",22,"CIDADE ADEMAR",1,0,"CUPECE, AV 4972 SAO PAULO SP",-23.67774,-46.6414781
"8716","D051300113",8871,"HUMAITA, RUA",NA,"",156,"","09/05/2013 18:49",4,"AT",5,2523," "," ",1,0,0,0,0,0,0,0,0,0,0,0,0,0,0,0,0,8871,"HUMAITA, RUA",NA,"",7,"BELA VISTA",1,0,"HUMAITA, RUA 156 SAO PAULO SP",-23.559301,-46.6401285
"8717","D051300250",5431,"ARTHUR DA COSTA E SILVA, VEL PRES",NA,"",10,"","09/05/2013 18:50",2,"CL",77,2741,"B"," ",1,1,0,0,0,0,0,0,0,0,0,0,0,0,0,0,0,5431,"ARTHUR DA COSTA E SILVA, VEL PRES",NA,"",70,"SANTA CECILIA",1,0,"ARTHUR DA COSTA E SILVA, VEL PRES 10 SAO PAULO SP",-23.6635973,-46.4785825
"8718","D051301423",2181,"ARICANDUVA, AV",NA,"",10,"","09/05/2013 18:50",4,"AT",21,5268,"C"," ",0,1,0,0,0,0,0,0,0,0,0,0,0,0,0,0,0,2181,"ARICANDUVA, AV",NA,"",60,"PENHA",1,0,"ARICANDUVA, AV 10 SAO PAULO SP",-23.5379241,-46.5459806
"8720","D051300659",15790,"PAULO VIEIRA, RUA DR",3876,"CAIOVAA, RUA",0,"","09/05/2013 19:05",2,"CO",23,4638," "," ",1,1,0,0,0,0,0,0,0,0,0,0,0,0,0,0,0,3876,"CAIOVAA, RUA",15790,"PAULO VIEIRA, RUA DR",61,"PERDIZES",1,0,"PAULO VIEIRA, RUA DR SAO PAULO SP &  CAIOVAA, RUA SAO PAULO SP",-23.5425937,-46.6879391
"8721","D051300606",6897,"FARIA LIMA, AV BRIG",12326,"JUSCELINO KUBITSCHEK, AV PRES",0,"","09/05/2013 19:17",2,"CO",15,4633," "," ",1,1,0,0,0,0,0,0,0,0,0,0,0,0,0,0,0,6897,"FARIA LIMA, AV BRIG",12326,"JUSCELINO KUBITSCHEK, AV PRES",34,"ITAIM BIBI",1,0,"FARIA LIMA, AV BRIG SAO PAULO SP &  JUSCELINO KUBITSCHEK, AV PRES SAO PAULO SP",-23.5786046,-46.685823
"8722","D051301077",13008,"MAGARINOS TORRES, RUA",NA,"",583,"","09/05/2013 19:30",4,"AT",19,4294," "," ",1,0,0,0,0,0,0,0,0,0,0,0,0,0,0,0,0,13008,"MAGARINOS TORRES, RUA",NA,"",91,"VILA MARIA",1,0,"MAGARINOS TORRES, RUA 583 SAO PAULO SP",-23.5148746,-46.5902876
"8723","D051301380",60512,"ABA SOIHET, RUA",NA,"",2900,"","09/05/2013 20:40",2,"QD",10,5050," "," ",0,0,0,0,0,0,0,1,0,0,0,0,0,0,0,0,0,60512,"ABA SOIHET, RUA",NA,"",29,"FREGUESIA DO O",1,0,"ABA SOIHET, RUA 2900 SAO PAULO SP",-23.6222958,-46.7484601
"8725","D051300401",665,"ALFAIA RODRIGUES, RUA COMEN",NA,"",12,"","09/05/2013 22:00",2,"CH",35,5598," "," ",1,0,0,0,0,0,0,0,0,0,0,0,0,0,0,0,0,665,"ALFAIA RODRIGUES, RUA COMEN",NA,"",37,"JABAQUARA",1,0,"ALFAIA RODRIGUES, RUA COMEN 12 SAO PAULO SP",-23.6580119,-46.6623447
"8726","D051300131",9763,"JACEGUAI, RUA",NA,"",618,"","09/05/2013 22:06",4,"AT",5,3888," "," ",1,0,0,0,0,0,0,0,0,0,0,0,0,0,0,0,0,9763,"JACEGUAI, RUA",NA,"",17,"CAMPO LIMPO",1,0,"JACEGUAI, RUA 618 SAO PAULO SP",-23.5552098,-46.6421794
"8727","D051300865",16878,"RAPOSO TAVARES, VIA",NA,"",17000,"","09/05/2013 22:10",2,"QM",75,4053," "," ",0,1,0,0,0,0,0,0,0,0,0,0,0,0,0,0,0,16878,"RAPOSO TAVARES, VIA",NA,"",13,"CACHOEIRINHA",2,0,"RAPOSO TAVARES, VIA 17000 SAO PAULO SP",-23.5192434,-48.4984666
"8728","D051302255",16017,"PEDROSO DE MORAIS, AV",17985,"SEMANEIROS, AV DOS",0,"","09/05/2013 22:20",2,"CO",14,4642," "," ",2,0,0,0,0,0,0,0,0,0,0,0,0,0,0,0,0,16017,"PEDROSO DE MORAIS, AV",17985,"SEMANEIROS, AV DOS",2,"ALTO DE PINHEIR",0,1,"PEDROSO DE MORAIS, AV SAO PAULO SP &  SEMANEIROS, AV DOS SAO PAULO SP",-23.5604714,-46.6945891
"8729","D051301741",8368,"GUARAPIRANGA, AV",NA,"",2275,"","09/05/2013 22:40",2,"CO",92,5835," "," ",1,1,0,0,0,0,0,0,0,0,0,0,0,0,0,0,0,8368,"GUARAPIRANGA, AV",NA,"",45,"JARDIM SAO LUIS",2,0,"GUARAPIRANGA, AV 2275 SAO PAULO SP",-23.6856448,-46.7402568
"8730","D051300352",12847,"MARACATINS, AL DOS",NA,"",160,"","09/05/2013 23:40",4,"AT",27,4888," "," ",0,0,0,0,0,0,0,0,0,0,0,1,0,0,0,0,0,12847,"MARACATINS, AL DOS",NA,"",53,"MOEMA",1,0,"MARACATINS, AL DOS 160 SAO PAULO SP",-23.6032492,-46.6573123
"8731","D051300721",14267,"MORUMBI, AV",NA,"",3540,"","10/05/2013 00:17",2,"CL",34,4057," "," ",1,1,0,0,0,0,0,0,0,0,0,0,0,0,0,0,0,14267,"MORUMBI, AV",NA,"",55,"MORUMBI",1,0,"MORUMBI, AV 3540 SAO PAULO SP",-23.5993662,-46.7086152