"","id_acidente","codloga","logradouroA","codlogb","logradouroB","alt_num","referencia","data","cod_acid","tipo_acidente","dp","numero_BO","sentido","pista","automovel","moto","onibus","caminhao","bicicleta","moto_taxi","onibus_fretado","onibus_urbano","microonibus","van","vuc","caminhonete","carreta","jipe","outros","sem_informacao","carroca","princ_a","paiA","princ_b","paiB","cod_distrito","distrito","vit_ferida","vit_morta","local","lat","lon"
"8734","D051300095",13632,"MARTINS FONTES, RUA",NA,"",205,"","10/05/2013 01:25",2,"CL",4,3890,"C"," ",1,1,0,0,0,0,0,0,0,0,0,0,0,0,0,0,0,13632,"MARTINS FONTES, RUA",NA,"",67,"REPUBLICA",2,0,"MARTINS FONTES, RUA 205 SAO PAULO SP",-23.5493071,-46.6441688
"8735","D051300629",6471,"SAO VICENTE, AV MARQ DE",NA,"",1303,"","10/05/2013 05:05",2,"CO",23,2631," "," ",1,0,0,0,0,0,0,1,0,0,0,0,0,0,0,0,0,6471,"SAO VICENTE, AV MARQ DE",NA,"",6,"BARRA FUNDA",1,0,"SAO VICENTE, AV MARQ DE 1303 SAO PAULO SP",-23.5198646,-46.6736021
"8737","D051300512",24491,"IMIGRANTES, VIA DOS",NA,"",11500,"","10/05/2013 06:20",2,"QM",97,1312," "," ",0,1,0,0,0,0,0,0,0,0,0,0,0,0,0,0,0,24491,"IMIGRANTES, VIA DOS",NA,"",NA,"",1,0,"IMIGRANTES, VIA DOS 11500 SAO PAULO SP",-23.9525792,-46.4114659
"8738","D051300821",16878,"RAPOSO TAVARES, VIA",NA,"",14100,"","10/05/2013 06:30",2,"CO",51,2089," "," ",1,1,0,0,0,0,0,0,0,0,0,0,0,0,0,0,0,16878,"RAPOSO TAVARES, VIA",NA,"",13,"CACHOEIRINHA",1,0,"RAPOSO TAVARES, VIA 14100 SAO PAULO SP",-23.5272682,-48.4687471
"8739","D051300114",9763,"JACEGUAI, RUA",NA,"",70,"","10/05/2013 06:45",2,"CH",5,2527," "," ",1,0,0,0,0,0,0,0,0,0,0,0,0,0,0,0,0,9763,"JACEGUAI, RUA",NA,"",17,"CAMPO LIMPO",1,0,"JACEGUAI, RUA 70 SAO PAULO SP",-23.556612,-46.6366823
"8740","D051301678",15405,"PAPINI, AV PROF",2483,"ATLANTICA ANT. ROBERT KENNEDY, AV",0,"","10/05/2013 06:50",2,"CO",48,1789," "," ",0,2,0,0,0,0,0,0,0,0,0,0,0,0,0,0,0,2483,"ATLANTICA ANT. ROBERT KENNEDY, AV",15405,"PAPINI, AV PROF",23,"CIDADE DUTRA",3,0,"PAPINI, AV PROF SAO PAULO SP &  ATLANTICA ANT. ROBERT KENNEDY, AV SAO PAULO SP",-23.7139397,-46.7057741
"8741","D051301901",17820,"TITO, AV MAL",NA,"",6035,"","10/05/2013 06:55",2,"CO",50,5794," "," ",1,1,0,0,0,0,0,0,0,0,0,0,0,0,0,0,0,17820,"TITO, AV MAL",NA,"",53,"MOEMA",1,0,"TITO, AV MAL 6035 SAO PAULO SP",-23.4924549,-46.3882893
"8742","D051300429",18759,"VIEIRA PEIXOTO, RUA MAL",NA,"",9990,"","10/05/2013 07:00",4,"AT",83,1104," "," ",0,0,0,0,0,0,0,1,0,0,0,0,0,0,0,0,0,18759,"VIEIRA PEIXOTO, RUA MAL",NA,"",21,"CASA VERDE",1,0,"VIEIRA PEIXOTO, RUA MAL 9990 SAO PAULO SP",-23.6421415,-46.6091711
"8743","D051300330",5806,"DESCAMPADO, RUA",450,"ALBANO, AV STO",0,"","10/05/2013 07:00",4,"AT",26,4077," "," ",1,0,0,0,0,0,0,0,0,0,0,0,0,0,0,0,0,450,"ALBANO, AV STO",5806,"DESCAMPADO, RUA",69,"SACOMA",1,0,"DESCAMPADO, RUA SAO PAULO SP &  ALBANO, AV STO SAO PAULO SP",-23.6221852,-46.6042972
"8745","D051302183",75433,"LATINOS, AV DOS",NA,"",457,"","10/05/2013 07:20",2,"CO",66,2120," "," ",1,1,0,0,0,0,0,0,0,0,0,0,0,0,0,0,0,75433,"LATINOS, AV DOS",NA,"",38,"JACANA",1,0,"LATINOS, AV DOS 457 SAO PAULO SP",-23.5725103,-46.4912634
"8746","D051300737",99949,"CARLOS CALDEIRA FILHO, AV",NA,"",203,"","10/05/2013 07:58",2,"CL",37,3694," "," ",1,1,0,0,0,0,0,0,0,0,0,0,0,0,0,0,0,99949,"CARLOS CALDEIRA FILHO, AV",NA,"",19,"CAPAO REDONDO",2,0,"CARLOS CALDEIRA FILHO, AV 203 SAO PAULO SP",-23.6398473,-46.7460414
"8747","D051300696",14267,"MORUMBI, AV",NA,"",6341,"","10/05/2013 08:00",4,"AT",34,2823," "," ",0,1,0,0,0,0,0,0,0,0,0,0,0,0,0,0,0,14267,"MORUMBI, AV",NA,"",55,"MORUMBI",1,0,"MORUMBI, AV 6341 SAO PAULO SP",-23.6171248,-46.708798
"8748","D051302182",9580,"ITAQUERA, AV",NA,"",2442,"","10/05/2013 08:13",2,"SI",66,2065," "," ",1,1,0,0,0,0,0,0,0,0,0,0,0,0,0,0,0,9580,"ITAQUERA, AV",NA,"",24,"CIDADE LIDER",1,0,"ITAQUERA, AV 2442 SAO PAULO SP",-23.5496148,-46.5021658
"8749","D051300286",66,"ABRAAO DE MORAIS, AV PROF",NA,"",313,"","10/05/2013 08:15",2,"CO",16,6266," "," ",3,0,0,0,0,0,0,0,0,0,0,0,0,0,0,0,0,66,"ABRAAO DE MORAIS, AV PROF",NA,"",79,"SAUDE",2,0,"ABRAAO DE MORAIS, AV PROF 313 SAO PAULO SP",-23.6072115,-46.6273424
"8750","D051301949",46936,"JACU-PESSEGO/NOVA TRABALHADORE, AV",NA,"",2101,"","10/05/2013 08:30",2,"SI",63,3255," "," ",3,2,0,0,0,0,0,0,0,0,0,0,0,0,0,0,0,46936,"JACU-PESSEGO/NOVA TRABALHADORE, AV",NA,"",46,"JOSE BONIFACIO",1,0,"JACU-PESSEGO/NOVA TRABALHADORE, AV 2101 SAO PAULO SP",-23.5444378,-46.4476511
"8752","D051300949",17162,"RIO PEQUENO, AV DO",NA,"",221,"","10/05/2013 08:30",4,"AT",93,3024," "," ",1,0,0,0,0,0,0,0,0,0,0,0,0,0,0,0,0,17162,"RIO PEQUENO, AV DO",NA,"",13,"CACHOEIRINHA",1,0,"RIO PEQUENO, AV DO 221 SAO PAULO SP",-23.5635838,-46.7485672
"8753","D051300982",36061,"LUIZ DUMONT VILLARES, AV",NA,"",200,"","10/05/2013 08:38",4,"AT",9,2671," "," ",0,1,0,0,0,0,0,0,0,0,0,0,0,0,0,0,0,36061,"LUIZ DUMONT VILLARES, AV",NA,"",22,"CIDADE ADEMAR",2,0,"LUIZ DUMONT VILLARES, AV 200 SAO PAULO SP",-23.5004395,-46.6143616
"8754","D051300127",4410,"CARLOS SAMPAIO, RUA",NA,"",150,"","10/05/2013 08:40",2,"CL",5,3691,"C"," ",1,1,0,0,0,0,0,0,0,0,0,0,0,0,0,0,0,4410,"CARLOS SAMPAIO, RUA",NA,"",7,"BELA VISTA",1,0,"CARLOS SAMPAIO, RUA 150 SAO PAULO SP",-23.5670933,-46.6457571
"8756","D051300608",12326,"JUSCELINO KUBITSCHEK, AV PRES",NA,"",50,"","10/05/2013 08:50",2,"CO",15,4681," "," ",1,1,0,0,0,0,0,0,0,0,0,0,0,0,0,0,0,12326,"JUSCELINO KUBITSCHEK, AV PRES",NA,"",34,"ITAIM BIBI",1,0,"JUSCELINO KUBITSCHEK, AV PRES 50 SAO PAULO SP",-23.5850429,-46.6710484
"8757","D051300476",12193,"LUIS CARLOS BERRINI, AV ENG",65252,"ANESIO PINTO ROSA, RUA",0,"","10/05/2013 09:00",2,"CO",96,2200," "," ",0,1,0,1,0,0,0,1,0,0,0,0,0,0,0,0,0,12193,"LUIS CARLOS BERRINI, AV ENG",65252,"ANESIO PINTO ROSA, RUA",34,"ITAIM BIBI",1,0,"LUIS CARLOS BERRINI, AV ENG SAO PAULO SP &  ANESIO PINTO ROSA, RUA SAO PAULO SP",-23.6107873,-46.694758
"8758","D051301476",4503,"CARRAO, RUA CONS",NA,"",1700,"","10/05/2013 09:15",2,"CO",31,2844," "," ",1,1,0,0,0,0,0,0,0,0,0,0,0,0,0,0,0,4503,"CARRAO, RUA CONS",NA,"",7,"BELA VISTA",1,0,"CARRAO, RUA CONS 1700 SAO PAULO SP",-23.545481,-46.5444891
"8759","D051301551",1085,"AMERICO BRASILIENSE, RUA",NA,"",1308,"","10/05/2013 09:30",2,"CO",11,3680," "," ",1,1,0,0,0,0,0,0,0,0,0,0,0,0,0,0,0,1085,"AMERICO BRASILIENSE, RUA",NA,"",72,"SANTO AMARO",1,0,"AMERICO BRASILIENSE, RUA 1308 SAO PAULO SP",-23.6328157,-46.6996276
"8760","D051300087",13984,"MINAS GERAIS, RUA",NA,"",136,"","10/05/2013 09:45",2,"QD",4,3332," "," ",0,0,0,0,0,0,0,1,0,0,0,0,0,0,0,0,0,13984,"MINAS GERAIS, RUA",NA,"",26,"CONSOLACAO",1,0,"MINAS GERAIS, RUA 136 SAO PAULO SP",-23.5536455,-46.6632681
"8761","D051302063",16494,"MIGUEL ACHIOLE DA FONCECA, AV",NA,"",1000,"","10/05/2013 10:00",2,"CT",44,2820," "," ",1,1,0,0,0,0,0,0,0,0,0,0,0,0,0,0,0,16494,"MIGUEL ACHIOLE DA FONCECA, AV",NA,"",50,"LIMAO",1,0,"MIGUEL ACHIOLE DA FONCECA, AV 1000 SAO PAULO SP",-23.5581491,-46.3996383
"8762","D051300115",5887,"DIOGO, RUA MAJ",1521,"ANTONIO, RUA STO",0,"","10/05/2013 10:00",4,"AT",5,2539," "," ",1,0,0,0,0,0,0,0,0,0,0,0,0,0,0,0,0,1521,"ANTONIO, RUA STO",5887,"DIOGO, RUA MAJ",67,"REPUBLICA",1,0,"DIOGO, RUA MAJ SAO PAULO SP &  ANTONIO, RUA STO SAO PAULO SP",-23.5560898,-46.6430367
"8763","D051301291",3771,"INAJAR DE SOUZA, AV",66536,"DEIA DE CAMPOS LEMOS, RUA",0,"","10/05/2013 10:40",2,"CO",72,4213," "," ",2,0,0,0,0,0,0,0,0,0,0,0,0,0,0,0,0,3771,"INAJAR DE SOUZA, AV",66536,"DEIA DE CAMPOS LEMOS, RUA",13,"CACHOEIRINHA",1,0,"INAJAR DE SOUZA, AV SAO PAULO SP &  DEIA DE CAMPOS LEMOS, RUA SAO PAULO SP",-23.461436,-46.6729346
"8764","D051300537",8868,"HUGO D'ANTOLA, RUA",NA,"",79,"","10/05/2013 10:50",4,"AT",7,2948," "," ",0,0,0,0,0,0,0,0,0,0,0,1,0,0,0,0,0,8868,"HUGO D'ANTOLA, RUA",NA,"",14,"CAMBUCI",1,0,"HUGO D'ANTOLA, RUA 79 SAO PAULO SP",-23.5120399,-46.7035681
"8765","D051300287",5618,"CURSINO, AV DO",6962,"FILIPE CARDOSO, RUA",0,"","10/05/2013 11:40",2,"CF",16,6277," "," ",0,1,0,0,0,0,0,0,0,0,0,0,0,0,0,0,0,5618,"CURSINO, AV DO",6962,"FILIPE CARDOSO, RUA",27,"CURSINO",2,0,"CURSINO, AV DO SAO PAULO SP &  FILIPE CARDOSO, RUA SAO PAULO SP",-23.6106139,-46.6176401
"8766","D051300738",34682,"CAMPO LIMPO, ES DO",NA,"",1766,"","10/05/2013 11:40",2,"CT",37,3702," "," ",1,1,0,0,0,0,0,0,0,0,0,0,0,0,0,0,0,34682,"CAMPO LIMPO, ES DO",NA,"",17,"CAMPO LIMPO",2,0,"CAMPO LIMPO, ES DO 1766 SAO PAULO SP",-23.2019463,-46.785846
"8767","D051301386",43777,"CARVALHO PINTO, AV GOV",7203,"FLORENCIO, RUA S",0,"","10/05/2013 12:15",2,"CO",10,5297," "," ",0,0,1,0,0,0,0,0,0,0,0,1,0,0,0,0,0,7203,"FLORENCIO, RUA S",43777,"CARVALHO PINTO, AV GOV",60,"PENHA",2,0,"CARVALHO PINTO, AV GOV SAO PAULO SP &  FLORENCIO, RUA S SAO PAULO SP",-23.5149544,-46.5203738
"8768","D051300739",34682,"CAMPO LIMPO, ES DO",NA,"",1001,"","10/05/2013 13:10",4,"AT",37,3704," "," ",0,0,0,0,0,0,0,0,1,0,0,0,0,0,0,0,0,34682,"CAMPO LIMPO, ES DO",NA,"",17,"CAMPO LIMPO",1,0,"CAMPO LIMPO, ES DO 1001 SAO PAULO SP",-23.2019463,-46.785846
"8769","D051300983",6099,"DOZE DE SETEMBRO, RUA",1711,"ANTONIO FERRAZ, RUA CEL",0,"","10/05/2013 13:30",2,"CO",9,2681," "," ",2,0,0,0,0,0,0,0,0,0,0,0,0,0,0,0,0,1711,"ANTONIO FERRAZ, RUA CEL",6099,"DOZE DE SETEMBRO, RUA",88,"VILA GUILHERME",1,0,"DOZE DE SETEMBRO, RUA SAO PAULO SP &  ANTONIO FERRAZ, RUA CEL SAO PAULO SP",-23.5161826,-46.6096317
"8770","D051300477",14780,"NOVA INDEPENDENCIA, AV",NA,"",196,"","10/05/2013 13:50",2,"QM",96,2206," "," ",0,1,0,0,0,0,0,0,0,0,0,0,0,0,0,0,0,14780,"NOVA INDEPENDENCIA, AV",NA,"",34,"ITAIM BIBI",1,0,"NOVA INDEPENDENCIA, AV 196 SAO PAULO SP",-23.6064363,-46.692028
"8771","D051301388",4128,"CANGAIBA, AV",NA,"",44,"","10/05/2013 14:30",4,"AT",10,5313,"B"," ",1,0,0,0,0,0,0,0,0,0,0,0,0,0,0,0,0,4128,"CANGAIBA, AV",NA,"",18,"CANGAIBA",1,0,"CANGAIBA, AV 44 SAO PAULO SP",-23.5192839,-46.5464695
"8773","D051302120",36318,"OSVALDO PUCCI, AV",NA,"",60,"","10/05/2013 14:53",2,"CH",53,3266," "," ",1,0,0,0,0,0,0,0,0,0,0,0,0,0,0,0,0,36318,"OSVALDO PUCCI, AV",NA,"",5,"ARTUR ALVIM",2,0,"OSVALDO PUCCI, AV 60 SAO PAULO SP",-23.5660729,-46.467312
"8774","D051301387",5032,"CLAUDIA, RUA",NA,"",103,"","10/05/2013 15:40",2,"CO",10,5300," "," ",1,1,0,0,0,0,0,0,0,0,0,0,0,0,0,0,0,5032,"CLAUDIA, RUA",NA,"",60,"PENHA",1,0,"CLAUDIA, RUA 103 SAO PAULO SP",-23.5172787,-46.5262627
"8775","D051301034",19903,"VALDEMAR MARTINS, RUA",10904,"JOSE DE OLIVEIRA, RUA",0,"","10/05/2013 15:40",2,"CO",13,5174,"C"," ",1,1,0,0,0,0,0,0,0,0,0,0,0,0,0,0,0,10904,"JOSE DE OLIVEIRA, RUA",19903,"VALDEMAR MARTINS, RUA",21,"CASA VERDE",1,0,"VALDEMAR MARTINS, RUA SAO PAULO SP &  JOSE DE OLIVEIRA, RUA SAO PAULO SP",-23.4920311,-46.6562013
"8776","D051301078",14430,"NATAL MARTINETTO, RUA",44369,"JOAO DE OLIVEIRA, PCA",0,"","10/05/2013 15:45",2,"CO",19,4315," "," ",1,1,0,0,0,0,0,0,0,0,0,0,0,0,0,0,0,4573,"CASTRO JUNIOR, AV PROF",5204,"CONCEICAO (ES.), AV",94,"VILA MEDEIROS",1,0,"NATAL MARTINETTO, RUA SAO PAULO SP &  JOAO DE OLIVEIRA, PCA SAO PAULO SP",-23.4958109,-46.576324
"8777","D051300430",5618,"CURSINO, AV DO",NA,"",3108,"","10/05/2013 15:50",4,"AT",83,1110," "," ",1,0,0,0,0,0,0,0,0,0,0,0,0,0,0,0,0,5618,"CURSINO, AV DO",NA,"",27,"CURSINO",2,0,"CURSINO, AV DO 3108 SAO PAULO SP",-23.6288712,-46.618855
"8778","D051301100",18151,"SEZEFREDO FAGUNDES, AV CEL",NA,"",1200,"","10/05/2013 16:40",4,"AT",20,4317," "," ",0,1,0,0,0,0,0,0,0,0,0,0,0,0,0,0,0,18151,"SEZEFREDO FAGUNDES, AV CEL",NA,"",22,"CIDADE ADEMAR",1,0,"SEZEFREDO FAGUNDES, AV CEL 1200 SAO PAULO SP",-23.452273,-46.6013297
"8779","D051300002",9758,"JACAREI, VD",1521,"ANTONIO, RUA STO",0,"","10/05/2013 16:45",2,"CO",1,2554," "," ",1,1,0,0,0,0,0,0,0,0,0,0,0,0,0,0,0,1521,"ANTONIO, RUA STO",9758,"JACAREI, VD",67,"REPUBLICA",1,0,"JACAREI, VD SAO PAULO SP &  ANTONIO, RUA STO SAO PAULO SP",-23.5508852,-46.6413507
"8780","D051300823",24356,"PAULO RIBEIRO COELHO, RUA DR",NA,"",565,"","10/05/2013 17:00",2,"CO",51,2208," "," ",1,1,0,0,0,0,0,0,0,0,0,0,0,0,0,0,0,24356,"PAULO RIBEIRO COELHO, RUA DR",NA,"",68,"RIO PEQUENO",1,0,"PAULO RIBEIRO COELHO, RUA DR 565 SAO PAULO SP",-23.5802307,-46.7607168
"8781","D051301483",5425,"COSTA BARROS, RUA",NA,"",400,"","10/05/2013 17:00",4,"AT",42,1681," "," ",0,1,0,0,0,0,0,0,0,0,0,0,0,0,0,0,0,5425,"COSTA BARROS, RUA",NA,"",95,"VILA PRUDENTE",1,0,"COSTA BARROS, RUA 400 SAO PAULO SP",-23.5978544,-46.5615196
"8783","D051300332",11544,"LAGES, RUA MARQ DE",NA,"",855,"","10/05/2013 17:02",2,"CO",26,4088," "," ",0,1,0,0,0,0,0,0,0,0,0,0,0,0,0,1,0,11544,"LAGES, RUA MARQ DE",NA,"",21,"CASA VERDE",2,0,"LAGES, RUA MARQ DE 855 SAO PAULO SP",-23.6274102,-46.610434
"8784","D051300288",17755,"CRUZ, RUA STA",NA,"",358,"","10/05/2013 17:10",2,"CO",16,6287," "," ",1,0,0,1,0,0,0,0,0,0,0,0,0,0,0,0,0,17755,"CRUZ, RUA STA",NA,"",21,"CASA VERDE",1,0,"CRUZ, RUA STA 358 SAO PAULO SP",-23.5968786,-46.633053
"8785","D051301838",17820,"TITO, AV MAL",NA,"",2450,"","10/05/2013 18:30",2,"SI",22,2654," "," ",1,1,0,0,0,0,0,0,0,0,0,0,0,0,0,0,0,17820,"TITO, AV MAL",NA,"",53,"MOEMA",1,0,"TITO, AV MAL 2450 SAO PAULO SP",-23.4942688,-46.4223937
"8786","D051300644",7491,"FRANCISCO MATARAZZO, AV",NA,"",336,"","10/05/2013 18:30",4,"AT",23,3281," "," ",0,0,0,0,0,0,0,1,0,0,0,0,0,0,0,0,0,7491,"FRANCISCO MATARAZZO, AV",NA,"",6,"BARRA FUNDA",1,0,"FRANCISCO MATARAZZO, AV 336 SAO PAULO SP",-23.5302364,-46.6665197
"8787","D051301875",13734,"CAMPINAS DO PIAUI, RUA",11294,"FONTOURA XAVIER, RUA",0,"","10/05/2013 18:30",2,"CO",32,2842," "," ",2,0,0,0,0,0,0,0,0,0,0,0,0,0,0,0,0,11294,"FONTOURA XAVIER, RUA",13734,"CAMPINAS DO PIAUI, RUA",36,"ITAQUERA",1,0,"CAMPINAS DO PIAUI, RUA SAO PAULO SP &  FONTOURA XAVIER, RUA SAO PAULO SP",-23.5428205,-46.4543087
"8788","D051300621",4561,"CASTELO BRANCO, AV PRES",18908,"TOMAS EDSON, AV",0,"","10/05/2013 18:40",2,"CL",23,1222," "," ",1,1,0,0,0,0,0,0,0,0,0,0,0,0,0,0,0,4561,"CASTELO BRANCO, AV PRES",18908,"TOMAS EDSON, AV",6,"BARRA FUNDA",1,0,"CASTELO BRANCO, AV PRES SAO PAULO SP &  TOMAS EDSON, AV SAO PAULO SP",-23.5216047,-46.6390428
"8790","D051300866",16878,"RAPOSO TAVARES, VIA",NA,"",14000,"","10/05/2013 19:15",2,"CO",75,4079," "," ",1,1,0,0,0,0,0,0,0,0,0,0,0,0,0,0,0,16878,"RAPOSO TAVARES, VIA",NA,"",13,"CACHOEIRINHA",1,0,"RAPOSO TAVARES, VIA 14000 SAO PAULO SP",-23.5271765,-48.4677683
"8791","D051300902",13014,"MARGINAL DO RIO PINHEIROS, AV",NA,"",1000,"","10/05/2013 19:30",2,"CL",89,4086," "," ",1,1,0,0,0,0,0,0,0,0,0,0,0,0,0,0,0,13014,"MARGINAL DO RIO PINHEIROS, AV",NA,"",40,"JAGUARE",1,0,"MARGINAL DO RIO PINHEIROS, AV 1000 SAO PAULO SP",-23.6153281,-46.8446469
"8793","D051301196",7347,"FRANCISCO RANIERI, AV DR",14242,"MOREIRA DE BARROS, RUA CONS",0,"","10/05/2013 19:45",4,"AT",38,4229," "," ",1,0,0,0,0,0,0,0,0,0,0,0,0,0,0,0,0,7347,"FRANCISCO RANIERI, AV DR",14242,"MOREIRA DE BARROS, RUA CONS",51,"MANDAQUI",2,0,"FRANCISCO RANIERI, AV DR SAO PAULO SP &  MOREIRA DE BARROS, RUA CONS SAO PAULO SP",-23.4766952,-46.6458144
"8794","D051301150",9420,"ITABERABA, AV",NA,"",4419,"","10/05/2013 19:50",2,"CO",28,4226," "," ",1,1,0,0,0,0,0,0,0,0,0,0,0,0,0,0,0,9420,"ITABERABA, AV",NA,"",29,"FREGUESIA DO O",1,0,"ITABERABA, AV 4419 SAO PAULO SP",-23.4763815,-46.6750192
"8795","D051301858",13883,"MIGUEL, RUA S",NA,"",2900,"","10/05/2013 20:10",4,"AT",24,5037," "," ",0,1,0,0,0,0,0,0,0,0,0,0,0,0,0,0,0,13883,"MIGUEL, RUA S",NA,"",34,"ITAIM BIBI",1,0,"MIGUEL, RUA S 2900 SAO PAULO SP",-23.510908,-46.5032287
"8796","D051301156",9420,"ITABERABA, AV",3771,"INAJAR DE SOUZA, AV",0,"","10/05/2013 20:28",4,"AT",28,5187," "," ",0,0,1,0,0,0,0,0,0,0,0,0,0,0,0,0,0,3771,"INAJAR DE SOUZA, AV",15425,"CANTIDIO SAMPAIO, AV DEP",13,"CACHOEIRINHA",1,0,"ITABERABA, AV SAO PAULO SP &  INAJAR DE SOUZA, AV SAO PAULO SP",-23.4770771,-46.6806019
"8797","D051300784",36860,"LEOPOLDO DE PASSOS LIMA, RUA",NA,"",400,"","10/05/2013 20:30",2,"CO",46,2256," "," ",1,1,0,0,0,0,0,0,0,0,0,0,0,0,0,0,0,36860,"LEOPOLDO DE PASSOS LIMA, RUA",NA,"",3,"ANHANGUERA",1,0,"LEOPOLDO DE PASSOS LIMA, RUA 400 SAO PAULO SP",-23.4298988,-46.7912904
"8798","D051302213",98899,"AUGUSTIN LUBERT, RUA",NA,"",600,"","10/05/2013 20:30",2,"CO",69,4936," "," ",1,1,0,0,0,0,0,0,0,0,0,0,0,0,0,0,0,98899,"AUGUSTIN LUBERT, RUA",NA,"",75,"SAO MATEUS",1,0,"AUGUSTIN LUBERT, RUA 600 SAO PAULO SP",-23.757739,-46.7052442
"8799","D051302329",15507,"TEOTONIO VILELA, AV SEN",NA,"",3600,"","10/05/2013 20:35",2,"CO",101,3491," "," ",0,1,1,0,0,0,0,0,0,0,0,0,0,0,0,0,0,15507,"TEOTONIO VILELA, AV SEN",NA,"",23,"CIDADE DUTRA",0,1,"TEOTONIO VILELA, AV SEN 3600 SAO PAULO SP",-23.7321491,-46.6979264
"8801","D051301505",6320,"ELIAS, RUA STO",NA,"",571,"","10/05/2013 20:50",2,"CH",52,5321," "," ",4,0,0,0,0,0,0,0,0,0,0,0,0,0,0,0,0,6320,"ELIAS, RUA STO",NA,"",82,"TATUAPE",1,0,"ELIAS, RUA STO 571 SAO PAULO SP",-23.528945,-46.5681509
"8802","D051300232",4736,"CELSO GARCIA, AV",NA,"",1041,"","10/05/2013 22:15",2,"CO",12,3665," "," ",2,0,0,0,0,0,0,0,0,0,0,0,0,0,0,0,0,4736,"CELSO GARCIA, AV",NA,"",82,"TATUAPE",2,0,"CELSO GARCIA, AV 1041 SAO PAULO SP",-23.5383537,-46.6023491
"8803","D051302234",17824,"SAPOPEMBA, AV",NA,"",7500,"","10/05/2013 22:20",2,"CF",70,4946," "," ",1,1,0,0,0,0,0,0,0,0,0,0,0,0,0,0,0,17824,"SAPOPEMBA, AV",NA,"",33,"IPIRANGA",2,0,"SAPOPEMBA, AV 7500 SAO PAULO SP",-23.5946229,-46.5264397
"8804","D051302233",75274,"PLANURA, RUA",NA,"",70,"","10/05/2013 22:29",2,"CH",70,4944," "," ",1,0,0,0,0,0,0,0,0,0,0,0,0,0,0,0,0,75274,"PLANURA, RUA",NA,"",56,"PARELHEIROS",1,0,"PLANURA, RUA 70 SAO PAULO SP",-23.6113473,-46.5192531
"8805","D051302235",15032,"ORATORIO, AV DO",NA,"",4260,"","10/05/2013 22:30",2,"CF",70,4948," "," ",1,1,0,0,0,0,0,0,0,0,0,0,0,0,0,0,0,15032,"ORATORIO, AV DO",NA,"",26,"CONSOLACAO",1,0,"ORATORIO, AV DO 4260 SAO PAULO SP",-23.6015659,-46.5330869
"8806","D051302147",45389,"ANTONIO CARLOS MINGUES LOPES, R",45366,"CAVALEIRO DE JORGE, RUA",0,"","10/05/2013 23:20",2,"CL",54,6509," "," ",1,0,0,0,0,0,0,0,0,0,0,1,0,0,0,0,0,45366,"CAVALEIRO DE JORGE, RUA",45389,"ANTONIO CARLOS MINGUES LOPES, R",25,"CIDADE TIRADENT",1,0,"ANTONIO CARLOS MINGUES LOPES, R SAO PAULO SP &  CAVALEIRO DE JORGE, RUA SAO PAULO SP",-23.5818412,-46.3954676
"8807","D051302064",15213,"OTELO AUGUSTO RIBEIRO, RUA",NA,"",1250,"","10/05/2013 23:25",2,"CO",44,2848," "," ",0,2,0,0,0,0,0,0,0,0,0,0,0,0,0,0,0,15213,"OTELO AUGUSTO RIBEIRO, RUA",NA,"",50,"LIMAO",1,0,"OTELO AUGUSTO RIBEIRO, RUA 1250 SAO PAULO SP",-23.5542126,-46.407775
"8808","D051302165",17824,"SAPOPEMBA, AV",NA,"",25000,"","10/05/2013 23:55",2,"QM",55,2079," "," ",0,1,0,0,0,0,0,0,0,0,0,0,0,0,0,0,0,17824,"SAPOPEMBA, AV",NA,"",33,"IPIRANGA",1,0,"SAPOPEMBA, AV 25000 SAO PAULO SP",-23.6228321,-46.4438559
"8809","D051301459",27094,"SALIM FARAH MALUF, AV",NA,"",2000,"","10/05/2013 23:57",2,"CL",30,2785," "," ",1,1,0,0,0,0,0,0,0,0,0,0,0,0,0,0,0,27094,"SALIM FARAH MALUF, AV",NA,"",82,"TATUAPE",1,0,"SALIM FARAH MALUF, AV 2000 SAO PAULO SP",-23.551935,-46.5778617
"8810","D051302045",12642,"MANUEL CALHAMARES, RUA",NA,"",300,"","11/05/2013 00:26",2,"SI",103,5843," "," ",1,2,0,0,0,0,0,0,0,0,0,0,0,0,0,0,0,12642,"MANUEL CALHAMARES, RUA",NA,"",51,"MANDAQUI",1,0,"MANUEL CALHAMARES, RUA 300 SAO PAULO SP",-23.5381239,-46.4244302
"8811","D051301006",20089,"ZUQUIM, RUA DR",NA,"",1535,"","11/05/2013 01:00",2,"CH",9,4324," "," ",1,0,0,0,0,0,0,0,0,0,0,0,0,0,0,0,0,20089,"ZUQUIM, RUA DR",NA,"",8,"BELEM",1,0,"ZUQUIM, RUA DR 1535 SAO PAULO SP",-23.4924171,-46.6243884
"8813","D051300837",62227,"JOAQUIM NUNES LOPES, RUA",NA,"",3,"","11/05/2013 01:20",2,"QM",51,4695," "," ",0,1,0,0,0,0,0,0,0,0,0,0,0,0,0,0,0,62227,"JOAQUIM NUNES LOPES, RUA",NA,"",13,"CACHOEIRINHA",1,0,"JOAQUIM NUNES LOPES, RUA 3 SAO PAULO SP",-23.5724659,-46.7616012