"","id_acidente","codloga","logradouroA","codlogb","logradouroB","alt_num","referencia","data","cod_acid","tipo_acidente","dp","numero_BO","sentido","pista","automovel","moto","onibus","caminhao","bicicleta","moto_taxi","onibus_fretado","onibus_urbano","microonibus","van","vuc","caminhonete","carreta","jipe","outros","sem_informacao","carroca","princ_a","paiA","princ_b","paiB","cod_distrito","distrito","vit_ferida","vit_morta","local","lat","lon"
"8814","D051301079",27099,"DUTRA, VIA PRES",NA,"",229,"","11/05/2013 02:30",4,"AT",19,4325," "," ",1,0,0,0,0,0,0,0,0,0,0,0,0,0,0,0,0,27099,"DUTRA, VIA PRES",NA,"",36,"ITAQUERA",1,0,"DUTRA, VIA PRES 229 SAO PAULO SP",-23.5142493,-46.5778114
"8815","D051300233",10177,"JOAO BOEMER, RUA",18197,"SILVA TELES, RUA",0,"","11/05/2013 02:40",2,"CO",12,3669," "," ",2,0,0,0,0,0,0,0,0,0,0,0,0,0,0,0,0,10177,"JOAO BOEMER, RUA",18197,"SILVA TELES, RUA",57,"PARI",1,0,"JOAO BOEMER, RUA SAO PAULO SP &  SILVA TELES, RUA SAO PAULO SP",-23.5312342,-46.6130982
"8816","D051301781",6238,"NACOES UNIDAS, AV DAS",9220,"INTERLAGOS, AV",0,"","11/05/2013 04:00",2,"CO",99,5347," "," ",1,0,0,0,0,0,0,0,0,0,0,0,0,0,0,0,0,6238,"NACOES UNIDAS, AV DAS",9220,"INTERLAGOS, AV",16,"CAMPO GRANDE",1,0,"NACOES UNIDAS, AV DAS SAO PAULO SP &  INTERLAGOS, AV SAO PAULO SP",-23.5735935,-46.7008864
"8817","D051302088",9044,"RAGUEB CHOHFI, AV",2181,"ARICANDUVA, AV",0,"","11/05/2013 04:18",2,"CO",49,6512," "," ",1,1,0,0,0,0,0,0,0,0,0,0,0,0,0,0,0,2181,"ARICANDUVA, AV",9044,"RAGUEB CHOHFI, AV",75,"SAO MATEUS",1,0,"RAGUEB CHOHFI, AV SAO PAULO SP &  ARICANDUVA, AV SAO PAULO SP",-23.5962789,-46.4358414
"8820","D051300893",8000,"GIOVANNI GRONCHI, AV",NA,"",7800,"","11/05/2013 06:20",4,"AT",89,3732," "," ",0,0,0,0,0,0,0,0,0,0,0,0,0,0,0,1,0,8000,"GIOVANNI GRONCHI, AV",NA,"",55,"MORUMBI",1,0,"GIOVANNI GRONCHI, AV 7800 SAO PAULO SP",-23.6391135,-46.7367084
"8821","D051301197",64361,"SAID SAAD, RUA",NA,"",370,"","11/05/2013 06:30",2,"CO",38,4237," "," ",0,1,0,0,0,0,0,0,0,0,0,0,0,0,0,1,0,64361,"SAID SAAD, RUA",NA,"",13,"CACHOEIRINHA",2,0,"SAID SAAD, RUA 370 SAO PAULO SP",-23.4664379,-46.6489579
"8822","D051300697",7500,"FRANCISCO MORATO, AV PROF",NA,"",2903,"","11/05/2013 07:30",4,"AT",34,2853," "," ",2,1,0,0,0,0,0,0,0,0,0,0,0,0,0,0,0,7500,"FRANCISCO MORATO, AV PROF",NA,"",12,"BUTANTA",2,0,"FRANCISCO MORATO, AV PROF 2903 SAO PAULO SP",-23.5878217,-46.726487
"8823","D051301089",9170,"INES, AV STA",NA,"",400,"","11/05/2013 07:50",2,"CO",20,2382," "," ",1,0,0,0,1,0,0,0,0,0,0,0,0,0,0,0,0,9170,"INES, AV STA",NA,"",51,"MANDAQUI",1,0,"INES, AV STA 400 SAO PAULO SP",-23.4756041,-46.6315456
"8825","D051301510",24338,"LUIZ IGNACIO ANHAIA MELLO, AV PROF",1111,"AMERICO VESPUCCI, RUA",0,"","11/05/2013 08:00",2,"CO",56,3115," "," ",1,1,0,0,0,0,0,0,0,0,0,0,0,0,0,1,0,1111,"AMERICO VESPUCCI, RUA",24338,"LUIZ IGNACIO ANHAIA MELLO, AV PROF",95,"VILA PRUDENTE",2,0,"LUIZ IGNACIO ANHAIA MELLO, AV PROF SAO PAULO SP &  AMERICO VESPUCCI, RUA SAO PAULO SP",-23.5827842,-46.565808
"8826","D051301604",8731,"BANDEIRA DE MELLO, RUA DESEM",NA,"",131,"","11/05/2013 08:15",4,"AT",11,6016," "," ",1,0,0,0,0,0,0,0,0,0,0,0,0,0,0,0,0,8731,"BANDEIRA DE MELLO, RUA DESEM",NA,"",72,"SANTO AMARO",1,0,"BANDEIRA DE MELLO, RUA DESEM 131 SAO PAULO SP",-23.6542535,-46.7058761
"8827","D051301976",13881,"MIGUEL, AV S",NA,"",7667,"","11/05/2013 08:57",4,"AT",63,5046," "," ",0,1,0,0,0,0,0,0,0,0,0,0,0,0,0,0,0,13881,"MIGUEL, AV S",NA,"",65,"PONTE RASA",2,0,"MIGUEL, AV S 7667 SAO PAULO SP",-23.497917,-46.462626
"8828","D051300903",71804,"LAERCIO CORTE, RUA DEP",NA,"",527,"","11/05/2013 09:10",2,"CO",89,4110,"B"," ",0,1,0,1,0,0,0,0,0,0,0,0,0,0,0,0,0,71804,"LAERCIO CORTE, RUA DEP",NA,"",29,"FREGUESIA DO O",2,0,"LAERCIO CORTE, RUA DEP 527 SAO PAULO SP",-23.6250448,-46.7246528
"8829","D051302074",40232,"LUIZ BRANCO RIBEIRO, RUA DR",NA,"",47,"","11/05/2013 10:12",2,"CO",44,6522," "," ",2,0,0,0,0,0,0,0,0,0,0,0,0,0,0,0,0,40232,"LUIZ BRANCO RIBEIRO, RUA DR",NA,"",50,"LIMAO",1,0,"LUIZ BRANCO RIBEIRO, RUA DR 47 SAO PAULO SP",-23.5787761,-46.3848039
"8830","D051302148",99810,"REGRESSO FELIZ, RUA",NA,"",183,"","11/05/2013 10:14",4,"AT",54,6521," "," ",1,0,0,0,0,0,0,0,0,0,0,0,0,0,0,0,0,99810,"REGRESSO FELIZ, RUA",NA,"",55,"MORUMBI",1,0,"REGRESSO FELIZ, RUA 183 SAO PAULO SP",-23.5686434,-46.4042517
"8831","D051300405",4596,"CATARINA, AV STA",NA,"",979,"","11/05/2013 10:30",2,"CL",35,628," "," ",1,1,0,0,0,0,0,0,0,0,0,0,0,0,0,0,0,4596,"CATARINA, AV STA",NA,"",37,"JABAQUARA",1,0,"CATARINA, AV STA 979 SAO PAULO SP",-23.6442922,-46.6650503
"8832","D051301688",15507,"TEOTONIO VILELA, AV SEN",NA,"",1217,"","11/05/2013 10:40",4,"AT",48,3887,"C"," ",0,0,0,0,0,0,0,0,1,0,0,0,0,0,0,0,0,15507,"TEOTONIO VILELA, AV SEN",NA,"",23,"CIDADE DUTRA",2,0,"TEOTONIO VILELA, AV SEN 1217 SAO PAULO SP",-23.7121723,-46.6986751
"8833","D051300699",7500,"FRANCISCO MORATO, AV PROF",NA,"",2750,"","11/05/2013 10:45",2,"CT",34,2863," "," ",1,1,0,0,0,0,0,0,0,0,0,0,0,0,0,0,0,7500,"FRANCISCO MORATO, AV PROF",NA,"",12,"BUTANTA",1,0,"FRANCISCO MORATO, AV PROF 2750 SAO PAULO SP",-23.5866594,-46.7246364
"8834","D051300610",11789,"LEOPOLDO COUTO MAGALHAES JR., RUA",NA,"",1442,"","11/05/2013 11:30",2,"CF",15,4739," "," ",1,1,0,0,0,0,0,0,0,0,0,0,0,0,0,0,0,11789,"LEOPOLDO COUTO MAGALHAES JR., RUA",NA,"",34,"ITAIM BIBI",1,0,"LEOPOLDO COUTO MAGALHAES JR., RUA 1442 SAO PAULO SP",-23.5894074,-46.6848563
"8835","D051301292",75982,"MANUEL AQUILINO DOS SANTOS, RUA",NA,"",140,"","11/05/2013 11:30",4,"AT",72,4253," "," ",1,0,0,0,0,0,0,0,0,0,0,0,0,0,0,0,0,75982,"MANUEL AQUILINO DOS SANTOS, RUA",NA,"",8,"BELEM",1,0,"MANUEL AQUILINO DOS SANTOS, RUA 140 SAO PAULO SP",-23.459723,-46.6832016
"8837","D051301101",18151,"SEZEFREDO FAGUNDES, AV CEL",NA,"",1100,"","11/05/2013 12:50",4,"AT",20,4339,"C"," ",1,0,0,0,0,0,0,0,0,0,0,0,0,0,0,0,0,18151,"SEZEFREDO FAGUNDES, AV CEL",NA,"",22,"CIDADE ADEMAR",1,0,"SEZEFREDO FAGUNDES, AV CEL 1100 SAO PAULO SP",-23.4522744,-46.6013306
"8838","D051301860",62679,"AFRANIO, RUA",62738,"JEQUERI, RUA",0,"","11/05/2013 12:55",2,"CO",24,5170," "," ",1,1,0,0,0,0,0,0,0,0,0,0,0,0,0,0,0,62679,"AFRANIO, RUA",62738,"JEQUERI, RUA",18,"CANGAIBA",1,0,"AFRANIO, RUA SAO PAULO SP &  JEQUERI, RUA SAO PAULO SP",-23.4993029,-46.5006808
"8839","D051301903",18940,"TIBURCIO DE SOUSA, RUA",NA,"",530,"","11/05/2013 13:09",2,"CO",50,5874," "," ",1,1,0,0,0,0,0,0,0,0,0,0,0,0,0,0,0,18940,"TIBURCIO DE SOUSA, RUA",NA,"",35,"ITAIM PAULISTA",1,0,"TIBURCIO DE SOUSA, RUA 530 SAO PAULO SP",-23.5018675,-46.3977724
"8840","D051300234",10485,"JOAO TEODORO, RUA",17318,"RODRIGUES DOS SANTOS, RUA",0,"","11/05/2013 13:20",2,"CL",12,3692," "," ",2,0,0,0,0,0,0,0,0,0,0,0,0,0,0,0,0,10485,"JOAO TEODORO, RUA",17318,"RODRIGUES DOS SANTOS, RUA",10,"BRAS",1,0,"JOAO TEODORO, RUA SAO PAULO SP &  RODRIGUES DOS SANTOS, RUA SAO PAULO SP",-23.5342424,-46.6255239
"8841","D051301951",9086,"IMPERADOR, RUA DO",NA,"",1000,"","11/05/2013 13:30",2,"CO",63,3346," "," ",1,1,0,0,0,0,0,0,0,0,0,0,0,0,0,0,0,9086,"IMPERADOR, RUA DO",NA,"",88,"VILA GUILHERME",1,0,"IMPERADOR, RUA DO 1000 SAO PAULO SP",-23.5053397,-46.6007675
"8842","D051301157",5947,"EDGAR FACO, AV GAL",NA,"",600,"","11/05/2013 13:40",4,"AT",28,5213," "," ",1,0,0,0,0,0,0,0,0,0,0,0,0,0,0,0,0,5947,"EDGAR FACO, AV GAL",NA,"",64,"PIRITUBA",1,0,"EDGAR FACO, AV GAL 600 SAO PAULO SP",-23.5018124,-46.7062305
"8845","D051301313",13133,"MARIA AMALIA LOPES AZEVEDO, RUA",NA,"",3000,"","11/05/2013 14:05",2,"CO",73,4988," "," ",1,1,0,0,0,0,0,0,0,0,0,0,0,0,0,0,0,13133,"MARIA AMALIA LOPES AZEVEDO, RUA",NA,"",83,"TREMEMBE",1,0,"MARIA AMALIA LOPES AZEVEDO, RUA 3000 SAO PAULO SP",-23.4570862,-46.5973923
"8847","D051301782",9220,"INTERLAGOS, AV",NA,"",2810,"","11/05/2013 14:20",2,"CO",99,5380," "," ",2,1,0,0,0,0,0,0,0,0,0,0,0,0,0,0,0,9220,"INTERLAGOS, AV",NA,"",16,"CAMPO GRANDE",1,0,"INTERLAGOS, AV 2810 SAO PAULO SP",-23.6770917,-46.6814078
"8850","D051301281",61992,"RIO BRANCO DO SUL, RUA",64514,"ACIOLI, RUA",0,"","11/05/2013 14:45",2,"CO",45,4262," "," ",1,1,0,0,0,0,0,0,0,0,0,0,0,0,0,0,0,61992,"RIO BRANCO DO SUL, RUA",64514,"ACIOLI, RUA",NA,"",1,0,"RIO BRANCO DO SUL, RUA SAO PAULO SP &  ACIOLI, RUA SAO PAULO SP",-23.4749978,-46.6816888
"8851","D051300118",5985,"DOMINGOS, RUA S",NA,"",330,"","11/05/2013 15:30",4,"AT",5,2552," "," ",1,0,0,0,0,0,0,0,0,0,0,0,0,0,0,0,0,5985,"DOMINGOS, RUA S",NA,"",67,"REPUBLICA",1,0,"DOMINGOS, RUA S 330 SAO PAULO SP",-23.5493534,-46.4494755
"8852","D051301337",27600,"HUGO ITALO MERIGO, AV",NA,"",1252,"","11/05/2013 16:50",2,"CO",74,4266," "," ",1,1,0,0,0,0,0,0,0,0,0,0,0,0,0,0,0,27600,"HUGO ITALO MERIGO, AV",NA,"",40,"JAGUARE",1,0,"HUGO ITALO MERIGO, AV 1252 SAO PAULO SP",-23.4457537,-46.6997648
"8854","D051300066",12132,"LUIS, AV S",NA,"",92,"","11/05/2013 18:22",2,"CO",3,2788," "," ",0,0,0,0,0,0,0,0,0,0,0,0,0,0,0,1,0,12132,"LUIS, AV S",NA,"",67,"REPUBLICA",1,0,"LUIS, AV S 92 SAO PAULO SP",-23.5457921,-46.6431885
"8855","D051301102",14767,"NOVA CANTAREIRA, AV",NA,"",4504,"","11/05/2013 18:40",2,"CO",20,4350," "," ",1,1,0,0,0,0,0,0,0,0,0,0,0,0,0,0,0,14767,"NOVA CANTAREIRA, AV",NA,"",83,"TREMEMBE",1,0,"NOVA CANTAREIRA, AV 4504 SAO PAULO SP",-23.4613519,-46.6154915
"8856","D051300493",11406,"JURITI, AV",9195,"INHAMBU, RUA",0,"","11/05/2013 18:40",2,"CL",96,4946," "," ",1,1,0,0,0,0,0,0,0,0,0,0,0,0,0,0,0,9195,"INHAMBU, RUA",11406,"JURITI, AV",53,"MOEMA",1,0,"JURITI, AV SAO PAULO SP &  INHAMBU, RUA SAO PAULO SP",-23.5999939,-46.6642741
"8857","D051300763",12028,"LOURENCO SAPORITO, RUA",NA,"",250,"","11/05/2013 19:00",2,"CO",37,4143," "," ",1,1,0,0,0,0,0,0,0,0,0,0,0,0,0,0,0,12028,"LOURENCO SAPORITO, RUA",NA,"",17,"CAMPO LIMPO",1,0,"LOURENCO SAPORITO, RUA 250 SAO PAULO SP",-23.6260042,-46.7627604
"8858","D051302009",12156,"LUIZ AYRES, RUA DR",NA,"",1840,"","11/05/2013 19:00",2,"CT",65,5073," "," ",1,1,0,0,0,0,0,0,0,0,0,0,0,0,0,0,0,12156,"LUIZ AYRES, RUA DR",NA,"",5,"ARTUR ALVIM",1,0,"LUIZ AYRES, RUA DR 1840 SAO PAULO SP",-23.5387021,-46.4864031
"8859","D051301159",5947,"EDGAR FACO, AV GAL",NA,"",2045,"","11/05/2013 19:00",2,"CO",28,5232," "," ",0,2,0,0,0,0,0,0,0,0,0,0,0,0,0,0,0,5947,"EDGAR FACO, AV GAL",NA,"",64,"PIRITUBA",2,0,"EDGAR FACO, AV GAL 2045 SAO PAULO SP",-23.4898232,-46.7104565
"8860","D051301158",6349,"CARLOS ALBERTO MORETTI, RUA",NA,"",385,"","11/05/2013 19:01",4,"AT",28,5226," "," ",1,0,0,0,0,0,0,0,0,0,0,0,0,0,0,0,0,6349,"CARLOS ALBERTO MORETTI, RUA",NA,"",29,"FREGUESIA DO O",1,0,"CARLOS ALBERTO MORETTI, RUA 385 SAO PAULO SP",-23.488343,-46.7034694
"8861","D051300867",16878,"RAPOSO TAVARES, VIA",NA,"",19500,"","11/05/2013 19:15",2,"CO",75,4124," "," ",1,1,0,0,0,0,0,0,0,0,0,0,0,0,0,0,0,16878,"RAPOSO TAVARES, VIA",NA,"",13,"CACHOEIRINHA",1,0,"RAPOSO TAVARES, VIA 19500 SAO PAULO SP",-23.0855108,-49.5338115
"8862","D051302123",6927,"HARRY DANHENBERG, RUA",NA,"",117,"","11/05/2013 19:20",4,"AT",53,3353," "," ",0,1,0,0,0,0,0,0,0,0,0,0,0,0,0,0,0,6927,"HARRY DANHENBERG, RUA",NA,"",24,"CIDADE LIDER",2,0,"HARRY DANHENBERG, RUA 117 SAO PAULO SP",-20.5713302,-47.3731953
"8863","D051302143",9044,"RAGUEB CHOHFI, AV",NA,"",6300,"","11/05/2013 19:30",2,"QD",54,2705," "," ",0,0,1,0,0,0,0,0,0,0,0,0,0,0,0,0,0,9044,"RAGUEB CHOHFI, AV",NA,"",32,"IGUATEMI",1,0,"RAGUEB CHOHFI, AV 6300 SAO PAULO SP",-23.5946707,-46.4264368
"8864","D051301198",9078,"IMIRIM, AV",NA,"",4500,"","11/05/2013 19:34",2,"CT",38,4270," "," ",0,0,0,0,1,0,0,0,0,0,0,1,0,0,0,0,0,9078,"IMIRIM, AV",NA,"",71,"SANTANA",1,0,"IMIRIM, AV 4500 SAO PAULO SP",-23.4745238,-46.6664218
"8865","D051300904",11778,"OSIRIS MAGALHAES DE ALMEIDA, RUA",NA,"",311,"","11/05/2013 20:00",2,"CO",89,4122," "," ",0,2,0,0,0,0,0,0,0,0,0,0,0,0,0,0,0,11778,"OSIRIS MAGALHAES DE ALMEIDA, RUA",NA,"",13,"CACHOEIRINHA",1,0,"OSIRIS MAGALHAES DE ALMEIDA, RUA 311 SAO PAULO SP",-23.6038225,-46.7414022
"8866","D051302170",70248,"MIGUEL FERREIRA DE MELO, RUA",NA,"",239,"","11/05/2013 20:00",2,"CT",55,6544," "," ",0,1,0,0,0,0,0,1,0,0,0,0,0,0,0,0,0,70248,"MIGUEL FERREIRA DE MELO, RUA",NA,"",55,"MORUMBI",1,0,"MIGUEL FERREIRA DE MELO, RUA 239 SAO PAULO SP",-23.6349173,-46.4434426
"8867","D051301488",24338,"LUIZ IGNACIO ANHAIA MELLO, AV PROF",NA,"",4703,"","11/05/2013 20:12",2,"CO",42,3138," "," ",1,1,0,0,0,0,0,0,0,0,0,0,0,0,0,0,0,24338,"LUIZ IGNACIO ANHAIA MELLO, AV PROF",NA,"",26,"CONSOLACAO",1,0,"LUIZ IGNACIO ANHAIA MELLO, AV PROF 4703 SAO PAULO SP",-23.5850557,-46.5485386
"8868","D051301262",3813,"CAETANO ALVARES, AV ENG",18657,"TANGERINAS, RUA",0,"","11/05/2013 20:15",2,"CO",40,5233," "," ",1,1,0,0,0,0,0,0,0,0,0,0,0,0,0,0,0,3813,"CAETANO ALVARES, AV ENG",18657,"TANGERINAS, RUA",NA,"",2,0,"CAETANO ALVARES, AV ENG SAO PAULO SP &  TANGERINAS, RUA SAO PAULO SP",-23.4830811,-46.6330478
"8869","D051302149",45653,"EDUARDO VASSIMON, R",NA,"",21,"","11/05/2013 20:30",4,"AT",54,6553," "," ",0,1,0,0,0,0,0,0,0,0,0,0,0,0,0,0,0,45653,"EDUARDO VASSIMON, R",NA,"",25,"CIDADE TIRADENT",1,0,"EDUARDO VASSIMON, R 21 SAO PAULO SP",-23.6014427,-46.4006355
"8870","D051300178",3517,"BOSCO, RUA DOM",4954,"CINTRA, RUA CEL",0,"","11/05/2013 21:12",2,"CO",8,3702," "," ",0,2,0,0,0,0,0,0,0,0,0,0,0,0,0,0,0,3517,"BOSCO, RUA DOM",4954,"CINTRA, RUA CEL",14,"CAMBUCI",2,0,"BOSCO, RUA DOM SAO PAULO SP &  CINTRA, RUA CEL SAO PAULO SP",-23.5554865,-46.6188771
"8873","D051301929",17820,"TITO, AV MAL",NA,"",3645,"","11/05/2013 22:00",2,"CO",59,5884," "," ",0,1,0,0,0,0,0,0,0,0,0,1,0,0,0,0,0,17820,"TITO, AV MAL",NA,"",53,"MOEMA",1,0,"TITO, AV MAL 3645 SAO PAULO SP",-23.4948926,-46.4094043
"8874","D051301338",63567,"LAGOAS DE CAMACHO, RUA",NA,"",64,"","11/05/2013 22:03",2,"CO",74,4279," "," ",1,1,0,0,0,0,0,0,0,0,0,0,0,0,0,0,0,63567,"LAGOAS DE CAMACHO, RUA",NA,"",52,"MARSILAC",2,0,"LAGOAS DE CAMACHO, RUA 64 SAO PAULO SP",-23.4513038,-46.7326291
"8876","D051300591",8578,"HARMONIA, RUA",2402,"ASPICUELTA, RUA",0,"","11/05/2013 22:42",2,"CT",14,4728," "," ",1,1,0,0,0,0,0,0,0,0,0,0,0,0,0,0,0,2402,"ASPICUELTA, RUA",8578,"HARMONIA, RUA",63,"PINHEIROS",1,0,"HARMONIA, RUA SAO PAULO SP &  ASPICUELTA, RUA SAO PAULO SP",-23.5555876,-46.6877492
"8877","D051301888",18803,"TEODORO, RUA S",9624,"VICTORIO SANTIM, RUA",0,"","11/05/2013 22:45",2,"CO",32,1769," "," ",1,1,0,0,0,0,0,0,0,0,0,0,0,0,0,0,0,9624,"VICTORIO SANTIM, RUA",18803,"TEODORO, RUA S",36,"ITAQUERA",1,0,"TEODORO, RUA S SAO PAULO SP &  VICTORIO SANTIM, RUA SAO PAULO SP",-23.5554372,-46.4526667
"8878","D051301240",7102,"FERROVIARIOS, RUA DOS",NA,"",105,"","11/05/2013 23:00",4,"AT",39,5004," "," ",1,0,0,0,0,0,0,0,0,0,0,0,0,0,0,0,0,7102,"FERROVIARIOS, RUA DOS",NA,"",84,"TUCURUVI",1,0,"FERROVIARIOS, RUA DOS 105 SAO PAULO SP",-23.4811418,-46.6028978
"8879","D051300857",99654,"HUGO TAKAHASHI, RUA ENG",NA,"",300,"","11/05/2013 23:00",2,"CO",75,1720," "," ",2,0,0,0,0,0,0,0,0,0,0,0,0,0,0,0,0,99654,"HUGO TAKAHASHI, RUA ENG",NA,"",NA,"",1,0,"HUGO TAKAHASHI, RUA ENG 300 SAO PAULO SP",-23.6025217,-46.7860418
"8880","D051300010",9032,"IGUAPE, RUA BR DE",8024,"GLICERIO, RUA",0,"","11/05/2013 23:00",2,"CO",1,3703," "," ",2,0,0,0,0,0,0,0,0,0,0,0,0,0,0,0,0,8024,"GLICERIO, RUA",9032,"IGUAPE, RUA BR DE",49,"LIBERDADE",1,0,"IGUAPE, RUA BR DE SAO PAULO SP &  GLICERIO, RUA SAO PAULO SP",-23.558588,-46.627263
"8881","D051300838",22286,"ANTONIO DE CASTRO M. FURTADO, RUA",NA,"",608,"","12/05/2013 00:02",2,"TB",51,4731," "," ",0,0,0,0,0,0,0,0,1,0,0,0,0,0,0,0,0,22286,"ANTONIO DE CASTRO M. FURTADO, RUA",NA,"",13,"CACHOEIRINHA",1,0,"ANTONIO DE CASTRO M. FURTADO, RUA 608 SAO PAULO SP",-23.5777497,-46.7289105
"8882","D051300406",449,"ALBA, RUA",1103,"AMERICO MORETTI, RUA TTE",0,"","12/05/2013 00:15",2,"CO",35,6356," "," ",0,1,1,0,0,0,0,0,0,0,0,0,0,0,0,0,0,449,"ALBA, RUA",1103,"AMERICO MORETTI, RUA TTE",37,"JABAQUARA",1,0,"ALBA, RUA SAO PAULO SP &  AMERICO MORETTI, RUA TTE SAO PAULO SP",-23.6400473,-46.6505331
"8884","D051300089",2271,"ARNALDO, AV DR",NA,"",264,"","12/05/2013 00:35",2,"CT",4,3698,"B"," ",2,0,0,0,0,0,0,0,0,0,0,0,0,0,0,0,0,2271,"ARNALDO, AV DR",NA,"",26,"CONSOLACAO",1,0,"ARNALDO, AV DR 264 SAO PAULO SP",-23.5553246,-46.6673341
"8885","D051301940",14917,"OLAVO EGIDIO DE SOUZA ARANHA, AV",NA,"",1190,"","12/05/2013 01:00",2,"CH",62,5089," "," ",1,0,0,0,0,0,0,0,0,0,0,1,0,0,0,0,0,14917,"OLAVO EGIDIO DE SOUZA ARANHA, AV",NA,"",49,"LIBERDADE",1,0,"OLAVO EGIDIO DE SOUZA ARANHA, AV 1190 SAO PAULO SP",-23.4987683,-46.4952332
"8887","D051302193",2181,"ARICANDUVA, AV",9580,"ITAQUERA, AV",0,"","12/05/2013 02:08",2,"CO",66,3322," "," ",2,0,0,0,0,0,0,0,0,0,0,0,0,0,0,0,0,2181,"ARICANDUVA, AV",9580,"ITAQUERA, AV",20,"CARRAO",4,0,"ARICANDUVA, AV SAO PAULO SP &  ITAQUERA, AV SAO PAULO SP",-23.5479783,-46.5260893
"8888","D051301103",10317,"JOAO GOMES DE ARAUJO, RUA MAEST",351,"AGUA FRIA, AV",0,"","12/05/2013 02:30",4,"AT",20,4358," "," ",1,0,0,0,0,0,0,0,0,0,0,0,0,0,0,0,0,351,"AGUA FRIA, AV",10317,"JOAO GOMES DE ARAUJO, RUA MAEST",71,"SANTANA",1,0,"JOAO GOMES DE ARAUJO, RUA MAEST SAO PAULO SP &  AGUA FRIA, AV SAO PAULO SP",-23.4878346,-46.6220041
"8889","D051301293",33642,"MASAO WATANABE, AV",NA,"",675,"","12/05/2013 02:40",2,"CH",72,4284," "," ",0,1,0,0,0,0,0,0,0,0,0,0,0,0,0,0,0,33642,"MASAO WATANABE, AV",NA,"",8,"BELEM",2,0,"MASAO WATANABE, AV 675 SAO PAULO SP",-23.461277,-46.6658622
"8890","D051301909",17820,"TITO, AV MAL",NA,"",5500,"","12/05/2013 03:00",2,"CO",50,6311," "," ",1,1,0,0,0,0,0,0,0,0,0,0,0,0,0,0,0,17820,"TITO, AV MAL",NA,"",53,"MOEMA",1,0,"TITO, AV MAL 5500 SAO PAULO SP",-23.4967577,-46.3934365
"8891","D051301007",36061,"LUIZ DUMONT VILLARES, AV",NA,"",794,"","12/05/2013 03:46",4,"AT",9,4359," "," ",1,0,0,0,0,0,0,0,0,0,0,0,0,0,0,0,0,36061,"LUIZ DUMONT VILLARES, AV",NA,"",22,"CIDADE ADEMAR",1,0,"LUIZ DUMONT VILLARES, AV 794 SAO PAULO SP",-23.4947825,-46.6116437
"8892","D051300157",6624,"ESPIRITO SANTO, RUA",3699,"BUENO DE ANDRADE, RUA",0,"","12/05/2013 05:10",2,"QM",6,3709," "," ",0,1,0,0,0,0,0,0,0,0,0,0,0,0,0,0,0,797,"ALMEIDA TORRES, RUA",3699,"BUENO DE ANDRADE, RUA",NA,"",1,0,"ESPIRITO SANTO, RUA SAO PAULO SP &  BUENO DE ANDRADE, RUA SAO PAULO SP",-23.5681951,-46.6304197
"8893","D051301129",18151,"SEZEFREDO FAGUNDES, AV CEL",12716,"MANUEL GAYA, RUA",0,"","12/05/2013 05:57",2,"CO",20,5012," "," ",1,1,0,0,0,0,0,0,0,0,0,0,0,0,0,0,0,12716,"MANUEL GAYA, RUA",18151,"SEZEFREDO FAGUNDES, AV CEL",83,"TREMEMBE",2,0,"SEZEFREDO FAGUNDES, AV CEL SAO PAULO SP &  MANUEL GAYA, RUA SAO PAULO SP",-23.4550902,-46.6022715
"8894","D051300566",8714,"HENRIQUE SCHAUMANN, RUA",18813,"TEODORO SAMPAIO, RUA",0,"","12/05/2013 06:20",2,"CO",14,4740," "," ",1,0,0,0,0,0,0,1,0,0,0,0,0,0,0,0,0,8714,"HENRIQUE SCHAUMANN, RUA",18813,"TEODORO SAMPAIO, RUA",NA,"",5,0,"HENRIQUE SCHAUMANN, RUA SAO PAULO SP &  TEODORO SAMPAIO, RUA SAO PAULO SP",-23.5592028,-46.6816806
"8895","D051301724",62988,"CANUTO LUIZ DO NASCIMENTO, RUA",NA,"",520,"","12/05/2013 06:30",2,"CO",92,2966," "," ",1,0,0,0,0,0,0,0,0,0,0,0,0,0,0,1,0,62988,"CANUTO LUIZ DO NASCIMENTO, RUA",NA,"",32,"IGUATEMI",1,0,"CANUTO LUIZ DO NASCIMENTO, RUA 520 SAO PAULO SP",-23.6550974,-46.7525347
"8896","D051300096",2497,"AUGUSTA, RUA",NA,"",835,"","12/05/2013 06:30",4,"AT",4,3973," "," ",1,0,0,0,0,0,0,0,0,0,0,0,0,0,0,0,0,2497,"AUGUSTA, RUA",NA,"",26,"CONSOLACAO",2,0,"AUGUSTA, RUA 835 SAO PAULO SP",-23.5527312,-46.6537626
"8898","D051300407",9715,"JABAQUARA, AV",13915,"MIGUEL ESTEFANO, AV",0,"","12/05/2013 07:10",2,"CO",35,6364," "," ",2,1,0,0,0,0,0,0,0,0,0,0,0,0,0,0,0,9715,"JABAQUARA, AV",13915,"MIGUEL ESTEFANO, AV",79,"SAUDE",1,0,"JABAQUARA, AV SAO PAULO SP &  MIGUEL ESTEFANO, AV SAO PAULO SP",-23.6202152,-46.6396897
"8900","D051300645",18519,"SUMARE, AV",2900,"BARTIRA, RUA",0,"","12/05/2013 07:25",2,"CH",23,3329," "," ",1,0,0,0,0,0,0,0,0,0,0,0,0,0,0,0,0,2900,"BARTIRA, RUA",18519,"SUMARE, AV",61,"PERDIZES",2,0,"SUMARE, AV SAO PAULO SP &  BARTIRA, RUA SAO PAULO SP",-22.8071539,-47.223149