"","id_acidente","codloga","logradouroA","codlogb","logradouroB","alt_num","referencia","data","cod_acid","tipo_acidente","dp","numero_BO","sentido","pista","automovel","moto","onibus","caminhao","bicicleta","moto_taxi","onibus_fretado","onibus_urbano","microonibus","van","vuc","caminhonete","carreta","jipe","outros","sem_informacao","carroca","princ_a","paiA","princ_b","paiB","cod_distrito","distrito","vit_ferida","vit_morta","local","lat","lon"
"8901","D051302318",2181,"ARICANDUVA, AV",NA,"",12001,"","12/05/2013 07:52",2,"CH",49,6559," "," ",1,0,0,0,0,0,0,0,0,0,0,0,0,0,0,0,0,2181,"ARICANDUVA, AV",NA,"",60,"PENHA",4,1,"ARICANDUVA, AV 12001 SAO PAULO SP",-23.5924783,-46.4723879
"8902","D051302317",67786,"FRANCISCO DO PIAUI, RUA S",46936,"JACU-PESSEGO/NOVA TRABALHADORE, AV",0,"","12/05/2013 08:00",2,"CV",63,3775," "," ",0,1,1,0,0,0,0,0,0,0,0,0,0,0,0,0,0,46936,"JACU-PESSEGO/NOVA TRABALHADORE, AV",67786,"FRANCISCO DO PIAUI, RUA S",36,"ITAQUERA",0,1,"FRANCISCO DO PIAUI, RUA S SAO PAULO SP &  JACU-PESSEGO/NOVA TRABALHADORE, AV SAO PAULO SP",-23.5392101,-46.4464333
"8903","D051301225",11321,"JULIO BUONO, AV",2737,"BAIXA, RUA",0,"","12/05/2013 10:30",2,"QM",39,2292," "," ",0,1,0,0,0,0,0,0,0,0,0,0,0,0,0,0,0,2737,"BAIXA, RUA",11321,"JULIO BUONO, AV",94,"VILA MEDEIROS",1,0,"JULIO BUONO, AV SAO PAULO SP &  BAIXA, RUA SAO PAULO SP",-23.497339,-46.598904
"8904","D051302041",20804,"LUIS MATEUS (GUAIANAZES), RUA",NA,"",1704,"","12/05/2013 10:31",2,"CO",103,3780," "," ",1,1,0,0,0,0,0,0,0,0,0,0,0,0,0,0,0,20804,"LUIS MATEUS (GUAIANAZES), RUA",NA,"",51,"MANDAQUI",1,0,"LUIS MATEUS (GUAIANAZES), RUA 1704 SAO PAULO SP",-23.0602933,-45.6222887
"8905","D051300801",1429,"ANHANGUERA, VIA",NA,"",22500,"","12/05/2013 10:35",2,"CO",46,4493," "," ",1,1,0,0,0,0,0,0,0,0,0,0,0,0,0,0,0,1429,"ANHANGUERA, VIA",NA,"",73,"SAO DOMINGOS",2,0,"ANHANGUERA, VIA 22500 SAO PAULO SP",-23.4900941,-46.7665396
"8906","D051300571",18813,"TEODORO SAMPAIO, RUA",NA,"",800,"","12/05/2013 10:57",2,"CO",14,4864," "," ",1,0,0,0,0,0,0,1,0,0,0,0,0,0,0,0,0,18813,"TEODORO SAMPAIO, RUA",NA,"",20,"CARRAO",1,0,"TEODORO SAMPAIO, RUA 800 SAO PAULO SP",-23.5578603,-46.6780114
"8907","D051300567",6819,"EUSEBIO MATOSO, AV",NA,"",100,"","12/05/2013 12:00",4,"AT",14,4746," "," ",1,0,0,0,0,0,0,0,0,0,0,0,0,0,0,0,0,6819,"EUSEBIO MATOSO, AV",NA,"",63,"PINHEIROS",2,0,"EUSEBIO MATOSO, AV 100 SAO PAULO SP",-23.5706576,-46.6911491
"8908","D051302319",19162,"TRIESTE, RUA",NA,"",17,"","12/05/2013 12:10",2,"CH",10,5356," "," ",1,0,0,0,1,0,0,0,0,0,0,0,0,0,0,0,0,19162,"TRIESTE, RUA",NA,"",38,"JACANA",0,1,"TRIESTE, RUA 17 SAO PAULO SP",-23.5565829,-46.4992239
"8909","D051300097",14804,"NOVE DE JULHO, AV",NA,"",2040,"","12/05/2013 12:24",2,"QD",4,3984," "," ",0,0,0,0,0,0,0,1,0,0,0,0,0,0,0,0,0,14804,"NOVE DE JULHO, AV",NA,"",63,"PINHEIROS",1,0,"NOVE DE JULHO, AV 2040 SAO PAULO SP",-23.5587637,-46.6541532
"8910","D051301367",33234,"MARGINAL DIREITA DO TIETE, AV",NA,"",20500,"","12/05/2013 12:30",2,"CO",90,5024," "," ",3,0,0,0,0,0,0,0,0,0,0,0,0,0,0,0,0,29772,"MARGINAL DO RIO TIETE, AV",NA,"",39,"JAGUARA",1,0,"MARGINAL DIREITA DO TIETE, AV 20500 SAO PAULO SP",-23.5167857,-46.7428458
"8911","D051302122",13294,"MARIA LUIZA AMERICANO, AV",11830,"LIDER, AV",0,"","12/05/2013 13:41",2,"CO",53,3335," "," ",1,1,0,0,0,0,0,0,0,0,0,0,0,0,0,0,0,11830,"LIDER, AV",13294,"MARIA LUIZA AMERICANO, AV",24,"CIDADE LIDER",1,0,"MARIA LUIZA AMERICANO, AV SAO PAULO SP &  LIDER, AV SAO PAULO SP",-23.5790785,-46.4814067
"8912","D051301008",6039,"DOMINGOS LUIS, PQ",NA,"",572,"","12/05/2013 13:44",2,"CH",9,4374," "," ",1,0,0,0,0,0,0,0,0,0,0,0,0,0,0,0,0,6039,"DOMINGOS LUIS, PQ",NA,"",71,"SANTANA",1,0,"DOMINGOS LUIS, PQ 572 SAO PAULO SP",-23.4940604,-46.6138977
"8913","D051301314",8320,"GUAPIRA, AV",NA,"",2862,"","12/05/2013 14:00",4,"AT",73,5022," "," ",0,1,0,0,0,0,0,0,0,0,0,0,0,0,0,0,0,8320,"GUAPIRA, AV",NA,"",38,"JACANA",1,0,"GUAPIRA, AV 2862 SAO PAULO SP",-23.4646551,-46.5834264
"8915","D051301511",1111,"AMERICO VESPUCCI, RUA",24338,"LUIZ IGNACIO ANHAIA MELLO, AV PROF",0,"","12/05/2013 14:19",2,"CO",56,3161," "," ",1,1,0,0,0,0,0,0,0,0,0,0,0,0,0,0,0,1111,"AMERICO VESPUCCI, RUA",24338,"LUIZ IGNACIO ANHAIA MELLO, AV PROF",95,"VILA PRUDENTE",1,0,"AMERICO VESPUCCI, RUA SAO PAULO SP &  LUIZ IGNACIO ANHAIA MELLO, AV PROF SAO PAULO SP",-23.5837284,-46.5787406
"8916","D051300442",4369,"JOAO CORREA DE BRITO, RUA",6925,"FAWCETT, RUA CEL",0,"","12/05/2013 14:30",2,"CL",83,4158," "," ",1,1,0,0,0,0,0,0,0,0,0,0,0,0,0,0,0,4369,"JOAO CORREA DE BRITO, RUA",6925,"FAWCETT, RUA CEL",27,"CURSINO",1,0,"JOAO CORREA DE BRITO, RUA SAO PAULO SP &  FAWCETT, RUA CEL SAO PAULO SP",-23.6330841,-46.6106558
"8917","D051300743",17566,"SABIN, AV",NA,"",210,"","12/05/2013 14:40",2,"CO",37,3746," "," ",0,1,0,0,0,0,0,0,0,0,0,1,0,0,0,0,0,17566,"SABIN, AV",NA,"",19,"CAPAO REDONDO",1,0,"SABIN, AV 210 SAO PAULO SP",-23.6569069,-46.7691491
"8919","D051301368",10471,"JOAO SIMAO DE CASTRO, AV",NA,"",2100,"","12/05/2013 15:20",2,"QM",90,5027," "," ",0,1,0,0,0,0,0,0,0,0,0,0,0,0,0,0,0,10471,"JOAO SIMAO DE CASTRO, AV",NA,"",94,"VILA MEDEIROS",2,0,"JOAO SIMAO DE CASTRO, AV 2100 SAO PAULO SP",-23.4891204,-46.5676727
"8921","D051301841",15996,"PEDRO SOARES DE ANDRADE, RUA",NA,"",931,"","12/05/2013 15:37",2,"CF",22,3785," "," ",2,0,0,0,0,0,0,0,0,0,0,0,0,0,0,0,0,15996,"PEDRO SOARES DE ANDRADE, RUA",NA,"",53,"MOEMA",1,0,"PEDRO SOARES DE ANDRADE, RUA 931 SAO PAULO SP",-23.5034499,-46.435588
"8922","D051301806",67052,"LEONFORTE, RUA",NA,"",80,"","12/05/2013 16:00",4,"AT",101,3613," "," ",0,1,0,0,0,0,0,0,0,0,0,0,0,0,0,0,0,67052,"LEONFORTE, RUA",NA,"",32,"IGUATEMI",1,0,"LEONFORTE, RUA 80 SAO PAULO SP",-23.7512341,-46.6711501
"8923","D051302121",45313,"CONFISSAO, RUA",NA,"",147,"","12/05/2013 16:05",4,"AT",53,3334," "," ",0,1,0,0,0,0,0,0,0,0,0,0,0,0,0,0,0,45313,"CONFISSAO, RUA",NA,"",58,"PARQUE DO CARMO",1,0,"CONFISSAO, RUA 147 SAO PAULO SP",-23.5820909,-46.4542378
"8924","D051301294",67406,"IRATAUA, RUA",74306,"ITATIBA DO SUL, RUA",0,"","12/05/2013 16:20",2,"CO",72,4302," "," ",1,1,0,0,0,0,0,0,0,0,0,0,0,0,0,0,0,67406,"IRATAUA, RUA",74306,"ITATIBA DO SUL, RUA",NA,"",1,0,"IRATAUA, RUA SAO PAULO SP &  ITATIBA DO SUL, RUA SAO PAULO SP",-23.4510506,-46.6855291
"8925","D051301842",17820,"TITO, AV MAL",NA,"",2683,"","12/05/2013 17:20",2,"CT",22,3799," "," ",1,1,0,0,0,0,0,0,0,0,0,0,0,0,0,0,0,17820,"TITO, AV MAL",NA,"",53,"MOEMA",2,0,"TITO, AV MAL 2683 SAO PAULO SP",-23.4938243,-46.4197007
"8927","D051300309",1247,"ANCHIETA, VIA",NA,"",999,"","12/05/2013 18:00",2,"CO",17,1221," "," ",1,0,0,0,0,0,0,0,0,0,0,1,0,0,0,1,0,1247,"ANCHIETA, VIA",NA,"",33,"IPIRANGA",2,0,"ANCHIETA, VIA 999 SAO PAULO SP",-23.6104809,-46.5999579
"8928","D051301577",6238,"NACOES UNIDAS, AV DAS",NA,"",20025,"","12/05/2013 18:00",2,"CT",11,5415," "," ",0,1,0,0,0,0,0,0,0,0,0,0,0,0,0,1,0,13014,"MARGINAL DO RIO PINHEIROS, AV",NA,"",90,"VILA LEOPOLDINA",1,0,"NACOES UNIDAS, AV DAS 20025 SAO PAULO SP",-23.6791493,-46.6960629
"8929","D051300800",1681,"ANTONIO DE PADUA DIAS, RUA",NA,"",1114,"","12/05/2013 18:19",2,"CH",46,4457," "," ",1,0,0,0,0,0,0,0,0,0,0,0,0,0,0,0,0,1681,"ANTONIO DE PADUA DIAS, RUA",NA,"",62,"PERUS",3,0,"ANTONIO DE PADUA DIAS, RUA 1114 SAO PAULO SP",-23.3998462,-46.7553237
"8930","D051301200",277,"AFONSO LOPES VIEIRA, RUA",8096,"GOMES LEAL, RUA",0,"","12/05/2013 18:23",4,"AT",38,4308," "," ",1,0,0,0,0,0,0,0,0,0,0,0,0,0,0,0,0,277,"AFONSO LOPES VIEIRA, RUA",8096,"GOMES LEAL, RUA",13,"CACHOEIRINHA",1,0,"AFONSO LOPES VIEIRA, RUA SAO PAULO SP &  GOMES LEAL, RUA SAO PAULO SP",-23.464584,-46.6646161
"8931","D051301199",13374,"MARIANA CALIGIORI RONCHETTI, AV",NA,"",1183,"","12/05/2013 18:30",2,"CO",38,4304," "," ",0,1,0,0,0,0,0,0,0,0,0,1,0,0,0,0,0,13374,"MARIANA CALIGIORI RONCHETTI, AV",NA,"",13,"CACHOEIRINHA",1,0,"MARIANA CALIGIORI RONCHETTI, AV 1183 SAO PAULO SP",-23.4581895,-46.6604251
"8933","D051301653",73126,"IVANIR FERNANDES, RUA",NA,"",286,"","12/05/2013 19:06",2,"CO",47,5940," "," ",0,1,0,0,0,0,0,0,0,0,0,1,0,0,0,0,0,73126,"IVANIR FERNANDES, RUA",NA,"",29,"FREGUESIA DO O",1,0,"IVANIR FERNANDES, RUA 286 SAO PAULO SP",-23.6760183,-46.7852102
"8934","D051302194",17135,"RIO DAS PEDRAS, AV",NA,"",3185,"","12/05/2013 19:30",2,"CH",66,3338," "," ",0,1,0,0,0,0,0,0,0,0,0,0,0,0,0,0,0,17135,"RIO DAS PEDRAS, AV",NA,"",27,"CURSINO",1,0,"RIO DAS PEDRAS, AV 3185 SAO PAULO SP",-23.5802352,-46.5014134
"8935","D051300210",543,"ALCANTARA MACHADO, AV",NA,"",3832,"","12/05/2013 19:30",2,"CT",8,5113," "," ",2,0,0,0,0,0,0,0,0,0,0,0,0,0,0,0,0,543,"ALCANTARA MACHADO, AV",NA,"",10,"BRAS",1,0,"ALCANTARA MACHADO, AV 3832 SAO PAULO SP",-23.5507838,-46.6078971
"8936","D051300839",13019,"ESCOLA POLITECNICA, AV",67130,"JOAQUIM DIAS BICALHO, RUA",0,"","12/05/2013 19:40",2,"CO",51,4761," "," ",1,1,0,0,0,0,0,0,0,0,0,0,0,0,0,0,0,13019,"ESCOLA POLITECNICA, AV",67130,"JOAQUIM DIAS BICALHO, RUA",68,"RIO PEQUENO",1,0,"ESCOLA POLITECNICA, AV SAO PAULO SP &  JOAQUIM DIAS BICALHO, RUA SAO PAULO SP",-23.5585284,-46.7466636
"8937","D051302042",37933,"SILVIO BARBINI, RUA",39240,"EMILIA BRASAO, RUA",0,"","12/05/2013 20:00",4,"AT",103,3796," "," ",1,0,0,0,0,0,0,0,0,0,0,0,0,0,0,0,0,37933,"SILVIO BARBINI, RUA",39240,"EMILIA BRASAO, RUA",46,"JOSE BONIFACIO",1,0,"SILVIO BARBINI, RUA SAO PAULO SP &  EMILIA BRASAO, RUA SAO PAULO SP",-23.5398113,-46.4350035
"8938","D051302290",7500,"FRANCISCO MORATO, AV PROF",NA,"",5200,"","12/05/2013 20:00",4,"AT",89,4151,"B"," ",0,1,0,0,0,0,0,0,0,0,0,0,0,0,0,0,0,7500,"FRANCISCO MORATO, AV PROF",NA,"",12,"BUTANTA",1,1,"FRANCISCO MORATO, AV PROF 5200 SAO PAULO SP",-23.6008882,-46.7428419
"8939","D051302010",13850,"ALDEIA MANUEL ANTONIO, AV",NA,"",7,"","12/05/2013 20:10",2,"CO",65,5112," "," ",1,1,0,0,0,0,0,0,0,0,0,0,0,0,0,0,0,13850,"ALDEIA MANUEL ANTONIO, AV",NA,"",5,"ARTUR ALVIM",1,0,"ALDEIA MANUEL ANTONIO, AV 7 SAO PAULO SP",-23.543413,-46.4926995
"8940","D051301104",3813,"CAETANO ALVARES, AV ENG",NA,"",5100,"","12/05/2013 20:30",2,"QM",20,4385," "," ",0,1,0,0,0,0,0,0,0,0,0,0,0,0,0,0,0,3813,"CAETANO ALVARES, AV ENG",NA,"",21,"CASA VERDE",1,0,"CAETANO ALVARES, AV ENG 5100 SAO PAULO SP",-23.4861005,-46.6390393
"8943","D051301295",3771,"INAJAR DE SOUZA, AV",NA,"",6000,"","12/05/2013 22:15",2,"CO",72,4315," "," ",2,0,0,0,0,0,0,0,0,0,0,0,0,0,0,0,0,3771,"INAJAR DE SOUZA, AV",NA,"",50,"LIMAO",8,0,"INAJAR DE SOUZA, AV 6000 SAO PAULO SP",-23.4595858,-46.6735483
"8944","D051300235",17180,"RITA, RUA STA",NA,"",800,"","12/05/2013 22:20",4,"AT",12,3764," "," ",0,1,0,0,0,0,0,0,0,0,0,0,0,0,0,0,0,17180,"RITA, RUA STA",NA,"",25,"CIDADE TIRADENT",1,0,"RITA, RUA STA 800 SAO PAULO SP",-23.5281992,-46.6070602
"8945","D051301698",20048,"YERVANT KISSAJIKIAN, AV",NA,"",1371,"","12/05/2013 22:25",2,"CO",80,5094," "," ",0,1,1,0,0,0,0,0,0,0,0,0,0,0,0,0,0,20048,"YERVANT KISSAJIKIAN, AV",NA,"",29,"FREGUESIA DO O",1,0,"YERVANT KISSAJIKIAN, AV 1371 SAO PAULO SP",-23.672291,-46.6667803
"8946","D051301320",13822,"MENDES DA ROCHA, AV",9512,"ITAMONTE, RUA",0,"","12/05/2013 22:30",2,"CO",73,5223," "," ",0,0,0,0,1,0,0,0,0,0,0,0,0,0,0,1,0,9512,"ITAMONTE, RUA",13822,"MENDES DA ROCHA, AV",94,"VILA MEDEIROS",1,0,"MENDES DA ROCHA, AV SAO PAULO SP &  ITAMONTE, RUA SAO PAULO SP",-23.4817987,-46.5712184
"8947","D051302275",12436,"MACEDO SOARES, AV EMB",NA,"",7729,"","12/05/2013 22:38",2,"CH",91,3354," "," ",1,0,0,0,0,0,0,0,0,0,0,0,0,0,0,0,0,29772,"MARGINAL DO RIO TIETE, AV",NA,"",48,"LAPA",4,1,"MACEDO SOARES, AV EMB 7729 SAO PAULO SP",-23.5184662,-46.7431364
"8950","D051301389",4128,"CANGAIBA, AV",NA,"",2362,"","12/05/2013 23:52",2,"CH",10,5374," "," ",1,0,0,0,0,0,0,0,0,0,0,0,0,0,0,0,0,4128,"CANGAIBA, AV",NA,"",18,"CANGAIBA",1,0,"CANGAIBA, AV 2362 SAO PAULO SP",-23.5068836,-46.5328106
"8951","D051300179",543,"ALCANTARA MACHADO, AV",NA,"",600,"","13/05/2013 00:48",2,"CH",8,3732," "," ",1,0,0,0,0,0,0,0,0,0,0,0,0,0,0,0,0,543,"ALCANTARA MACHADO, AV",NA,"",10,"BRAS",1,0,"ALCANTARA MACHADO, AV 600 SAO PAULO SP",-23.5465965,-46.5995613
"8952","D051302259",67821,"JESUINO ANTONIO BATISTA, RUA",NA,"",207,"","13/05/2013 02:20",4,"AT",72,4317," "," ",0,0,0,0,0,0,0,0,0,0,0,0,0,0,0,1,0,67821,"JESUINO ANTONIO BATISTA, RUA",NA,"",40,"JAGUARE",0,1,"JESUINO ANTONIO BATISTA, RUA 207 SAO PAULO SP",-23.4580503,-46.6928855
"8953","D051301943",15263,"OVIDIO LOPES, RUA",NA,"",428,"","13/05/2013 02:25",2,"CH",62,5330," "," ",2,0,0,0,0,0,0,0,0,0,0,1,0,0,0,0,0,15263,"OVIDIO LOPES, RUA",NA,"",0,"NULL",1,0,"OVIDIO LOPES, RUA 428 SAO PAULO SP",-23.4977757,-46.4813104
"8954","D051300950",831,"ALTINO, AV PRES",NA,"",2939,"","13/05/2013 05:00",4,"AT",93,3045," "," ",1,0,0,0,0,0,0,0,0,0,0,0,0,0,0,0,0,831,"ALTINO, AV PRES",NA,"",40,"JAGUARE",1,0,"ALTINO, AV PRES 2939 SAO PAULO SP",-23.5314542,-46.7562123
"8955","D051300145",6642,"ESTADO, AV DO",15967,"PEDRO I, AV DOM",0,"","13/05/2013 05:20",2,"CO",6,2236," "," ",2,0,0,0,0,0,0,0,0,0,0,0,0,0,0,0,0,6642,"ESTADO, AV DO",14805,"ALBERTO LION, PCA",14,"CAMBUCI",1,0,"ESTADO, AV DO SAO PAULO SP &  PEDRO I, AV DOM SAO PAULO SP",-23.5635869,-46.6112253
"8956","D051301632",34128,"JOAO DE LUCA, AV VER",NA,"",1455,"","13/05/2013 06:00",2,"CO",43,1788," "," ",0,1,0,0,0,0,0,0,0,0,0,1,0,0,0,0,0,34128,"JOAO DE LUCA, AV VER",NA,"",42,"JARDIM ANGELA",1,0,"JOAO DE LUCA, AV VER 1455 SAO PAULO SP",-23.6551105,-46.6666792
"8958","D051301904",18940,"TIBURCIO DE SOUSA, RUA",NA,"",379,"","13/05/2013 06:40",2,"CL",50,5930," "," ",1,1,0,0,0,0,0,0,0,0,0,0,0,0,0,0,0,18940,"TIBURCIO DE SOUSA, RUA",NA,"",35,"ITAIM PAULISTA",2,0,"TIBURCIO DE SOUSA, RUA 379 SAO PAULO SP",-23.5006166,-46.3984583
"8959","D051301354",14270,"MORVAN DIAS DE FIGUEIREDO, AV",21161,"FRANCISCO FANGANIELO, RUA",0,"","13/05/2013 07:00",2,"CO",90,1896," "," ",0,2,0,0,0,0,0,0,0,0,0,0,0,0,0,0,0,14270,"MORVAN DIAS DE FIGUEIREDO, AV",21161,"FRANCISCO FANGANIELO, RUA",91,"VILA MARIA",2,0,"MORVAN DIAS DE FIGUEIREDO, AV SAO PAULO SP &  FRANCISCO FANGANIELO, RUA SAO PAULO SP",-23.5218788,-46.6058375
"8960","D051300180",543,"ALCANTARA MACHADO, AV",8798,"HIPODROMO, RUA",0,"","13/05/2013 07:20",4,"AT",8,3738," "," ",1,0,0,0,0,0,0,0,0,0,0,0,0,0,0,0,0,543,"ALCANTARA MACHADO, AV",8798,"HIPODROMO, RUA",54,"MOOCA",1,0,"ALCANTARA MACHADO, AV SAO PAULO SP &  HIPODROMO, RUA SAO PAULO SP",-23.5528151,-46.613419
"8961","D051302142",99564,"CONJUNTO SITIO DA CONCEICAO, RUA",45265,"QUINTA SINFONIA, RUA",0,"","13/05/2013 07:22",4,"AT",54,2617," "," ",0,0,1,0,0,0,0,0,0,0,0,0,0,0,0,0,0,45265,"QUINTA SINFONIA, RUA",99564,"CONJUNTO SITIO DA CONCEICAO, RUA",25,"CIDADE TIRADENT",1,0,"CONJUNTO SITIO DA CONCEICAO, RUA SAO PAULO SP &  QUINTA SINFONIA, RUA SAO PAULO SP",-23.5791767,-46.3945149
"8963","D051300289",12242,"LUIS GOIS, RUA",NA,"",357,"","13/05/2013 08:00",4,"AT",16,6403," "," ",0,1,0,0,0,0,0,0,0,0,0,0,0,0,0,0,0,12242,"LUIS GOIS, RUA",NA,"",79,"SAUDE",1,0,"LUIS GOIS, RUA 357 SAO PAULO SP",-23.6042305,-46.6309465
"8964","D051300740",34682,"CAMPO LIMPO, ES DO",NA,"",5696,"","13/05/2013 08:20",2,"CT",37,3733," "," ",1,1,0,0,0,0,0,0,0,0,0,0,0,0,0,0,0,34682,"CAMPO LIMPO, ES DO",NA,"",17,"CAMPO LIMPO",1,0,"CAMPO LIMPO, ES DO 5696 SAO PAULO SP",-23.2019463,-46.785846
"8965","D051300698",7500,"FRANCISCO MORATO, AV PROF",NA,"",3814,"","13/05/2013 08:40",4,"AT",34,2855," "," ",1,1,0,0,0,0,0,0,0,0,0,0,0,0,0,0,0,7500,"FRANCISCO MORATO, AV PROF",NA,"",12,"BUTANTA",2,0,"FRANCISCO MORATO, AV PROF 3814 SAO PAULO SP",-23.5924837,-46.7327597
"8967","D051300494",19100,"BANDEIRANTES, AV DOS",9195,"INHAMBU, RUA",0,"","13/05/2013 09:23",2,"CO",96,4993," "," ",3,1,0,0,0,0,0,0,0,0,0,0,0,0,0,0,0,9195,"INHAMBU, RUA",19100,"BANDEIRANTES, AV DOS",53,"MOEMA",1,0,"BANDEIRANTES, AV DOS SAO PAULO SP &  INHAMBU, RUA SAO PAULO SP",-23.6016317,-46.6827292
"8968","D051300244",10101,"JOAO, AV S",NA,"",1889,"","13/05/2013 09:28",2,"SI",77,1986," "," ",0,2,0,0,0,0,0,0,0,0,0,0,0,0,0,0,0,10101,"JOAO, AV S",NA,"",67,"REPUBLICA",1,0,"JOAO, AV S 1889 SAO PAULO SP",-23.5366653,-46.6506463
"8969","D051301139",3771,"INAJAR DE SOUZA, AV",NA,"",2000,"","13/05/2013 09:40",2,"CO",28,2539," "," ",1,1,0,0,0,0,0,0,0,0,0,0,0,0,0,0,0,3771,"INAJAR DE SOUZA, AV",NA,"",50,"LIMAO",2,0,"INAJAR DE SOUZA, AV 2000 SAO PAULO SP",-23.4883925,-46.6833461
"8970","D051300469",15598,"PATENTE, AV",21035,"ANTONIO DA SILVA B. JUNIOR, RUA",0,"","13/05/2013 09:40",2,"CO",95,2211," "," ",1,1,0,0,0,0,0,0,0,0,0,0,0,0,0,0,0,15598,"PATENTE, AV",59016,"APOLONIA MANELLI, RUA",69,"SACOMA",1,0,"PATENTE, AV SAO PAULO SP &  ANTONIO DA SILVA B. JUNIOR, RUA SAO PAULO SP",-23.6261313,-46.58659
"8971","D051302257",23462,"JORGE PIRES RAMALHO, RUA",NA,"",573,"","13/05/2013 10:05",2,"CF",74,2077," "," ",0,1,1,0,0,0,0,0,0,0,0,0,0,0,0,0,0,23462,"JORGE PIRES RAMALHO, RUA",NA,"",40,"JAGUARE",0,1,"JORGE PIRES RAMALHO, RUA 573 SAO PAULO SP",-23.4604372,-46.6987143
"8972","D051300681",1571,"ANTONIO AYROSA, RUA",NA,"",455,"","13/05/2013 10:15",2,"CO",33,4476," "," ",2,0,0,0,0,0,0,0,0,0,0,0,0,0,0,0,0,1571,"ANTONIO AYROSA, RUA",NA,"",39,"JAGUARA",3,0,"ANTONIO AYROSA, RUA 455 SAO PAULO SP",-23.5129863,-46.7543323
"8974","D051300568",6897,"FARIA LIMA, AV BRIG",NA,"",800,"","13/05/2013 11:20",4,"AT",14,4773," "," ",1,0,0,0,0,0,0,0,0,0,0,0,0,0,0,0,0,6897,"FARIA LIMA, AV BRIG",NA,"",63,"PINHEIROS",1,0,"FARIA LIMA, AV BRIG 800 SAO PAULO SP",-23.5732587,-46.6895415
"8975","D051300701",12214,"PAULO BOURROUL, RUA",NA,"",377,"","13/05/2013 11:30",4,"AT",34,2881," "," ",0,0,0,1,0,0,0,0,0,0,0,0,0,0,0,0,0,12214,"PAULO BOURROUL, RUA",NA,"",55,"MORUMBI",3,0,"PAULO BOURROUL, RUA 377 SAO PAULO SP",-23.6094531,-46.7021403
"8977","D051300682",14350,"MUTINGA, AV",NA,"",5580,"","13/05/2013 11:40",2,"CO",33,4478," "," ",1,1,0,0,0,0,0,0,0,0,0,0,0,0,0,0,0,14350,"MUTINGA, AV",NA,"",64,"PIRITUBA",1,0,"MUTINGA, AV 5580 SAO PAULO SP",-23.5079549,-46.7616537
"8978","D051302258",30556,"DURANDE, RUA",10995,"JOSE GIORDANO, RUA",0,"","13/05/2013 11:46",2,"CH",64,3900," "," ",0,1,0,0,0,0,0,0,0,0,0,0,0,0,0,0,0,10995,"JOSE GIORDANO, RUA",30556,"DURANDE, RUA",5,"ARTUR ALVIM",0,1,"DURANDE, RUA SAO PAULO SP &  JOSE GIORDANO, RUA SAO PAULO SP",-23.5381681,-46.4838161
"8979","D051301799",15507,"TEOTONIO VILELA, AV SEN",3509,"BELMIRA MARIN, AV DONA",0,"","13/05/2013 12:00",2,"CT",101,2413," "," ",2,1,0,0,0,0,0,0,0,0,0,0,0,0,0,0,0,3509,"BELMIRA MARIN, AV DONA",15507,"TEOTONIO VILELA, AV SEN",23,"CIDADE DUTRA",1,0,"TEOTONIO VILELA, AV SEN SAO PAULO SP &  BELMIRA MARIN, AV DONA SAO PAULO SP",-23.7290679,-46.698928
"8980","D051302000",6252,"EDUARDO LEJEUNE, RUA CEL",6187,"EDGAR SANTOS, AV PROF",0,"","13/05/2013 12:10",4,"AT",65,1624," "," ",1,0,0,0,0,0,0,0,0,0,0,0,0,0,0,0,0,6187,"EDGAR SANTOS, AV PROF",6252,"EDUARDO LEJEUNE, RUA CEL",5,"ARTUR ALVIM",1,0,"EDUARDO LEJEUNE, RUA CEL SAO PAULO SP &  EDGAR SANTOS, AV PROF SAO PAULO SP",-23.5487198,-46.4987919
"8981","D051300538",16299,"PIO XI, RUA",2736,"BAIRI, RUA",0,"","13/05/2013 12:11",2,"CO",7,2992," "," ",1,1,0,0,0,0,0,0,0,0,0,0,0,0,0,0,0,2736,"BAIRI, RUA",16299,"PIO XI, RUA",48,"LAPA",1,0,"PIO XI, RUA SAO PAULO SP &  BAIRI, RUA SAO PAULO SP",-23.5309008,-46.7120844
"8983","D051300181",543,"ALCANTARA MACHADO, AV",1307,"ANDRE DE LEAO, RUA",0,"","13/05/2013 12:15",4,"AT",8,3749," "," ",1,0,0,0,0,0,0,0,0,0,0,0,0,0,0,0,0,543,"ALCANTARA MACHADO, AV",1307,"ANDRE DE LEAO, RUA",10,"BRAS",1,0,"ALCANTARA MACHADO, AV SAO PAULO SP &  ANDRE DE LEAO, RUA SAO PAULO SP",-23.5528151,-46.613419
"8984","D051300985",14916,"OLAVO EGIDIO, RUA DR",5567,"CRUZEIRO DO SUL, AV",0,"","13/05/2013 12:20",4,"AT",9,2721," "," ",1,0,0,0,0,0,0,0,0,0,0,0,0,0,0,0,0,5567,"CRUZEIRO DO SUL, AV",14916,"OLAVO EGIDIO, RUA DR",71,"SANTANA",1,0,"OLAVO EGIDIO, RUA DR SAO PAULO SP &  CRUZEIRO DO SUL, AV SAO PAULO SP",-23.4999667,-46.6205539