"","id_acidente","codloga","logradouroA","codlogb","logradouroB","alt_num","referencia","data","cod_acid","tipo_acidente","dp","numero_BO","sentido","pista","automovel","moto","onibus","caminhao","bicicleta","moto_taxi","onibus_fretado","onibus_urbano","microonibus","van","vuc","caminhonete","carreta","jipe","outros","sem_informacao","carroca","princ_a","paiA","princ_b","paiB","cod_distrito","distrito","vit_ferida","vit_morta","local","lat","lon"
"9325","D051301044",27187,"OLAVO FONTOURA, AV",NA,"",1000,"","17/05/2013 20:30",2,"CO",13,5489,"B"," ",1,1,0,0,0,0,0,0,0,0,0,0,0,0,0,0,0,27187,"OLAVO FONTOURA, AV",NA,"",8,"BELEM",1,0,"OLAVO FONTOURA, AV 1000 SAO PAULO SP",-23.5139508,-46.6346012
"9328","D051302151",99997,"TEXTEIS, RUA DOS",45511,"CRISTOVAO DE MOLINA, RUA",0,"","17/05/2013 21:20",4,"AT",54,6849," "," ",1,0,0,0,0,0,0,0,0,0,0,0,0,0,0,0,0,45511,"CRISTOVAO DE MOLINA, RUA",99997,"TEXTEIS, RUA DOS",25,"CIDADE TIRADENT",2,0,"TEXTEIS, RUA DOS SAO PAULO SP &  CRISTOVAO DE MOLINA, RUA SAO PAULO SP",-23.5912399,-46.4037089
"9330","D051301500",4807,"CESARIO GALERO, RUA",NA,"",448,"","17/05/2013 22:10",4,"AT",52,5603," "," ",1,0,0,0,0,0,0,0,0,0,0,0,0,0,0,0,0,4807,"CESARIO GALERO, RUA",NA,"",82,"TATUAPE",1,0,"CESARIO GALERO, RUA 448 SAO PAULO SP",-23.5360557,-46.5598842
"9331","D051302195",2181,"ARICANDUVA, AV",NA,"",8500,"","17/05/2013 22:50",2,"CH",66,3474," "," ",1,0,0,0,0,0,0,0,0,0,0,0,0,0,0,0,0,2181,"ARICANDUVA, AV",NA,"",60,"PENHA",1,0,"ARICANDUVA, AV 8500 SAO PAULO SP",-23.5873008,-46.4829311
"9332","D051301843",1100,"AMERICO GOMES DA COSTA, RUA",NA,"",162,"","17/05/2013 22:50",4,"AT",22,3998," "," ",1,0,0,0,0,0,0,0,0,0,0,0,0,0,0,0,0,1100,"AMERICO GOMES DA COSTA, RUA",NA,"",76,"SAO MIGUEL",1,0,"AMERICO GOMES DA COSTA, RUA 162 SAO PAULO SP",-23.4950027,-46.4410099
"9333","D051300132",10512,"JOAQUIM, RUA S",NA,"",288,"","17/05/2013 22:59",4,"AT",5,4189," "," ",1,0,0,0,0,0,0,0,0,0,0,0,0,0,0,0,0,10512,"JOAQUIM, RUA S",NA,"",47,"LAJEADO",1,0,"JOAQUIM, RUA S 288 SAO PAULO SP",-23.5616361,-46.635876
"9334","D051301879",8214,"GREGORIO RAMALHO, RUA",NA,"",380,"","17/05/2013 23:30",4,"AT",32,8919," "," ",1,0,0,0,0,0,0,0,0,0,0,0,0,0,0,0,0,8214,"GREGORIO RAMALHO, RUA",NA,"",36,"ITAQUERA",1,0,"GREGORIO RAMALHO, RUA 380 SAO PAULO SP",-23.5384116,-46.4557241
"9335","D051300421",14642,"NOE AZEVEDO, AV PROF",19583,"VERGUEIRO, RUA",0,"","17/05/2013 23:30",4,"AT",36,5191," "," ",1,0,0,0,0,0,0,0,0,0,0,0,0,0,0,0,0,14642,"NOE AZEVEDO, AV PROF",19583,"VERGUEIRO, RUA",92,"VILA MARIANA",2,0,"NOE AZEVEDO, AV PROF SAO PAULO SP &  VERGUEIRO, RUA SAO PAULO SP",-23.5888326,-46.6346832
"9336","D051302032",11542,"NORDESTINA, AV",NA,"",5700,"","18/05/2013 00:22",2,"CO",68,6162," "," ",1,1,0,0,0,0,0,0,0,0,0,0,0,0,0,0,0,11542,"NORDESTINA, AV",NA,"",76,"SAO MIGUEL",2,0,"NORDESTINA, AV 5700 SAO PAULO SP",-23.5283087,-46.4177143
"9337","D051301699",65908,"CARLOS DECOURT, RUA PROF",NA,"",110,"","18/05/2013 01:00",2,"CO",80,5251," "," ",0,1,0,0,0,0,0,0,0,0,0,1,0,0,0,0,0,65908,"CARLOS DECOURT, RUA PROF",NA,"",29,"FREGUESIA DO O",1,0,"CARLOS DECOURT, RUA PROF 110 SAO PAULO SP",-23.6867412,-46.6620544
"9338","D051301322",42220,"USHIKICHI KAMYIA, RUA",NA,"",1134,"","18/05/2013 01:05",2,"SI",73,5289," "," ",1,1,0,0,0,0,0,0,0,0,0,0,0,0,0,0,0,42220,"USHIKICHI KAMYIA, RUA",NA,"",38,"JACANA",1,0,"USHIKICHI KAMYIA, RUA 1134 SAO PAULO SP",-23.4393428,-46.5722434
"9339","D051301422",2181,"ARICANDUVA, AV",NA,"",1656,"","18/05/2013 01:10",2,"CH",21,3147," "," ",1,0,0,0,0,0,0,0,0,0,0,0,0,0,0,0,0,2181,"ARICANDUVA, AV",NA,"",60,"PENHA",1,0,"ARICANDUVA, AV 1656 SAO PAULO SP",-23.5424132,-46.5345976
"9340","D051300601",2476,"ATILIO INNOCENTI, RUA PROF",7104,"FIANDEIRAS, RUA",0,"","18/05/2013 02:27",2,"SI",15,4340," "," ",2,0,0,0,0,0,0,0,0,0,0,1,0,0,0,0,0,2476,"ATILIO INNOCENTI, RUA PROF",7104,"FIANDEIRAS, RUA",34,"ITAIM BIBI",2,0,"ATILIO INNOCENTI, RUA PROF SAO PAULO SP &  FIANDEIRAS, RUA SAO PAULO SP",-23.5921236,-46.679861
"9341","D051301009",20089,"ZUQUIM, RUA DR",NA,"",327,"","18/05/2013 03:40",2,"CO",9,4588," "," ",2,0,0,0,0,0,0,0,0,0,0,0,0,0,0,0,0,20089,"ZUQUIM, RUA DR",NA,"",8,"BELEM",4,0,"ZUQUIM, RUA DR 327 SAO PAULO SP",-23.5026632,-46.6224264
"9343","D051301585",999,"SANTO AMARO, AV",NA,"",7000,"","18/05/2013 04:20",2,"QM",11,5687," "," ",0,1,0,0,0,0,0,0,0,0,0,0,0,0,0,0,0,999,"SANTO AMARO, AV",NA,"",34,"ITAIM BIBI",2,0,"SANTO AMARO, AV 7000 SAO PAULO SP",-23.6418946,-46.6993656
"9345","D051300325",19988,"XAVIER DE ALMEIDA, RUA",17063,"RIBEIRO DO AMARAL, RUA",0,"","18/05/2013 07:30",2,"CO",17,6684," "," ",2,0,0,0,0,0,0,0,0,0,0,0,0,0,0,0,0,17063,"RIBEIRO DO AMARAL, RUA",19988,"XAVIER DE ALMEIDA, RUA",33,"IPIRANGA",1,0,"XAVIER DE ALMEIDA, RUA SAO PAULO SP &  RIBEIRO DO AMARAL, RUA SAO PAULO SP",-23.5977259,-46.6075014
"9346","D051301201",9078,"IMIRIM, AV",NA,"",2388,"","18/05/2013 08:14",2,"CT",38,4494,"C"," ",0,1,0,0,0,0,0,0,0,0,0,1,0,0,0,0,0,9078,"IMIRIM, AV",NA,"",71,"SANTANA",1,0,"IMIRIM, AV 2388 SAO PAULO SP",-23.4860082,-46.6528663
"9347","D051300362",999,"SANTO AMARO, AV",NA,"",1423,"","18/05/2013 08:30",4,"AT",27,5198," "," ",1,0,0,0,0,0,0,0,0,0,0,0,0,0,0,0,0,999,"SANTO AMARO, AV",NA,"",34,"ITAIM BIBI",1,0,"SANTO AMARO, AV 1423 SAO PAULO SP",-23.5964786,-46.6734149
"9348","D051301517",24338,"LUIZ IGNACIO ANHAIA MELLO, AV PROF",NA,"",675,"","18/05/2013 08:46",2,"CT",56,3302," "," ",1,1,0,0,0,0,0,0,0,0,0,0,0,0,0,0,0,24338,"LUIZ IGNACIO ANHAIA MELLO, AV PROF",NA,"",26,"CONSOLACAO",1,0,"LUIZ IGNACIO ANHAIA MELLO, AV PROF 675 SAO PAULO SP",-23.5845114,-46.586893
"9351","D051300190",10585,"JOAQUIM NABUCO, RUA",16870,"RANGEL PESTANA, AV",0,"","18/05/2013 10:07",2,"CO",8,3901," "," ",1,1,0,0,0,0,0,0,0,0,0,0,0,0,0,0,0,10585,"JOAQUIM NABUCO, RUA",16870,"RANGEL PESTANA, AV",10,"BRAS",1,0,"JOAQUIM NABUCO, RUA SAO PAULO SP &  RANGEL PESTANA, AV SAO PAULO SP",-23.6292068,-46.6772389
"9352","D051301700",20048,"YERVANT KISSAJIKIAN, AV",NA,"",3355,"","18/05/2013 10:20",4,"AT",80,5281," "," ",0,1,0,0,0,0,0,0,0,0,0,0,0,0,0,0,0,20048,"YERVANT KISSAJIKIAN, AV",NA,"",29,"FREGUESIA DO O",1,0,"YERVANT KISSAJIKIAN, AV 3355 SAO PAULO SP",-23.6831793,-46.6509527
"9354","D051300444",5288,"BENEDITO TOLOSA, RUA DR",NA,"",747,"","18/05/2013 11:40",2,"QM",83,4350," "," ",0,1,0,0,0,0,0,0,0,0,0,0,0,0,0,0,0,5288,"BENEDITO TOLOSA, RUA DR",NA,"",21,"CASA VERDE",1,0,"BENEDITO TOLOSA, RUA DR 747 SAO PAULO SP",-23.6461448,-46.6079886
"9355","D051301465",6932,"FEIJO, AV REG",NA,"",1019,"","18/05/2013 12:02",2,"CL",30,2959," "," ",0,0,0,0,1,0,0,0,0,0,0,1,0,0,0,0,0,6932,"FEIJO, AV REG",NA,"",1,"AGUA RASA",1,0,"FEIJO, AV REG 1019 SAO PAULO SP",-22.9092557,-47.0582751
"9356","D051301466",14178,"MONTE SERRAT, RUA",18961,"TIJUCO PRETO, RUA",0,"","18/05/2013 12:20",2,"CO",30,2968," "," ",1,1,0,0,0,0,0,0,0,0,0,0,0,0,0,0,0,14178,"MONTE SERRAT, RUA",18961,"TIJUCO PRETO, RUA",82,"TATUAPE",1,0,"MONTE SERRAT, RUA SAO PAULO SP &  TIJUCO PRETO, RUA SAO PAULO SP",-23.5478352,-46.5605446
"9357","D051302134",11830,"LIDER, AV",NA,"",671,"","18/05/2013 12:30",2,"CO",53,3922,"B"," ",1,1,0,0,0,0,0,0,0,0,0,0,0,0,0,0,0,11830,"LIDER, AV",NA,"",24,"CIDADE LIDER",1,0,"LIDER, AV 671 SAO PAULO SP",-23.5567486,-46.4868429
"9358","D051301161",9420,"ITABERABA, AV",NA,"",3726,"","18/05/2013 12:36",4,"AT",28,5512," "," ",1,0,0,0,0,0,0,0,0,0,0,0,0,0,0,0,0,9420,"ITABERABA, AV",NA,"",29,"FREGUESIA DO O",1,0,"ITABERABA, AV 3726 SAO PAULO SP",-23.4772239,-46.6811149
"9359","D051300868",23484,"DENIS CHAUDET, RUA",NA,"",189,"","18/05/2013 13:00",2,"CH",75,4349," "," ",1,0,0,0,0,0,0,0,0,0,0,0,0,0,0,0,0,23484,"DENIS CHAUDET, RUA",NA,"",13,"CACHOEIRINHA",1,0,"DENIS CHAUDET, RUA 189 SAO PAULO SP",-23.5918286,-46.7553119
"9361","D051300295",12451,"MACHADO BITENCOURT, RUA",15914,"PEDRO DE TOLEDO, RUA",0,"","18/05/2013 13:20",2,"CF",16,6687," "," ",1,1,0,0,0,0,0,0,0,0,0,0,0,0,0,0,0,12451,"MACHADO BITENCOURT, RUA",15914,"PEDRO DE TOLEDO, RUA",92,"VILA MARIANA",1,0,"MACHADO BITENCOURT, RUA SAO PAULO SP &  PEDRO DE TOLEDO, RUA SAO PAULO SP",-23.5989875,-46.6383463
"9362","D051301613",19931,"WASHINGTON LUIS, AV",NA,"",1800,"","18/05/2013 13:57",2,"CL",11,900090," "," ",1,1,0,0,0,0,0,0,0,0,0,0,0,0,0,0,0,19931,"WASHINGTON LUIS, AV",NA,"",30,"GRAJAU",1,0,"WASHINGTON LUIS, AV 1800 SAO PAULO SP",-23.6531933,-46.6888769
"9364","D051302071",98990,"RAUL SEIXAS, AV",NA,"",92,"","18/05/2013 14:09",4,"AT",44,3500," "," ",1,0,0,0,0,0,0,0,0,0,0,0,0,0,0,0,0,98990,"RAUL SEIXAS, AV",NA,"",32,"IGUATEMI",1,0,"RAUL SEIXAS, AV 92 SAO PAULO SP",-23.4865749,-46.4625756
"9366","D051300886",3132,"BENEDITO ANDRADE, AV",NA,"",267,"","18/05/2013 14:40",4,"AT",87,4652," "," ",1,0,0,0,0,0,0,0,0,0,0,0,0,0,0,0,0,3132,"BENEDITO ANDRADE, AV",NA,"",64,"PIRITUBA",1,0,"BENEDITO ANDRADE, AV 267 SAO PAULO SP",-23.4876844,-46.7179984
"9367","D051301529",11234,"JOSE ZAPPI, RUA",NA,"",57,"","18/05/2013 14:50",4,"AT",57,3307," "," ",1,0,0,0,0,0,0,0,0,0,0,0,0,0,0,0,0,11234,"JOSE ZAPPI, RUA",NA,"",95,"VILA PRUDENTE",1,0,"JOSE ZAPPI, RUA 57 SAO PAULO SP",-23.5809363,-46.5854919
"9368","D051300522",7655,"FULFARO, AV",NA,"",62,"","18/05/2013 15:27",4,"AT",97,4370," "," ",0,0,0,0,0,0,0,0,0,0,0,0,0,0,0,1,0,7655,"FULFARO, AV",NA,"",22,"CIDADE ADEMAR",1,0,"FULFARO, AV 62 SAO PAULO SP",-23.6734748,-46.637249
"9370","D051300521",5393,"CORRUIRAS, RUA DAS",NA,"",369,"","18/05/2013 15:50",4,"AT",97,4337," "," ",0,0,0,0,0,0,0,0,0,0,0,0,0,0,0,1,0,5393,"CORRUIRAS, RUA DAS",NA,"",37,"JABAQUARA",1,0,"CORRUIRAS, RUA DAS 369 SAO PAULO SP",-23.6554219,-46.6456338
"9371","D051300100",15311,"PAIM, RUA",14804,"NOVE DE JULHO, AV",0,"","18/05/2013 16:58",2,"QM",4,4212," "," ",0,1,0,0,0,0,0,0,0,0,0,0,0,0,0,0,0,14804,"NOVE DE JULHO, AV",15311,"PAIM, RUA",NA,"",1,0,"PAIM, RUA SAO PAULO SP &  NOVE DE JULHO, AV SAO PAULO SP",-23.553731,-46.6504681
"9372","D051301755",65628,"MANUEL RODRIGUES MEXELHAO, RUA",NA,"",146,"","18/05/2013 17:00",2,"CF",98,5291," "," ",1,1,0,0,0,0,0,0,0,0,0,0,0,0,0,0,0,65628,"MANUEL RODRIGUES MEXELHAO, RUA",NA,"",29,"FREGUESIA DO O",1,0,"MANUEL RODRIGUES MEXELHAO, RUA 146 SAO PAULO SP",-23.6910865,-46.6558181
"9373","D051301393",6713,"ETELVINA, RUA",NA,"",33,"","18/05/2013 17:20",2,"CO",10,5628," "," ",0,0,0,0,1,0,0,0,0,0,0,1,0,0,0,0,0,6713,"ETELVINA, RUA",NA,"",60,"PENHA",1,0,"ETELVINA, RUA 33 SAO PAULO SP",-23.5157698,-46.5291074
"9375","D051300265",5743,"DAVID CAMPISTA, RUA DR",19544,"VENEZA, RUA",0,"","18/05/2013 17:35",2,"CO",78,4213," "," ",2,0,0,0,0,0,0,0,0,0,0,0,0,0,0,0,0,5743,"DAVID CAMPISTA, RUA DR",19544,"VENEZA, RUA",44,"JARDIM PAULISTA",2,0,"DAVID CAMPISTA, RUA DR SAO PAULO SP &  VENEZA, RUA SAO PAULO SP",-23.5770164,-46.6627992
"9376","D051300869",6855,"EZEQUIEL CAMPOS DIAS, AV DR",NA,"",266,"","18/05/2013 18:00",4,"AT",75,4499," "," ",1,0,0,0,0,0,0,0,0,0,0,0,0,0,0,0,0,6855,"EZEQUIEL CAMPOS DIAS, AV DR",NA,"",96,"VILA SONIA",1,0,"EZEQUIEL CAMPOS DIAS, AV DR 266 SAO PAULO SP",-23.6009006,-46.7507199
"9377","D051300364",19931,"WASHINGTON LUIS, AV",18640,"TAMOIOS, RUA",0,"","18/05/2013 18:14",2,"CO",27,5220,"B"," ",1,0,0,1,0,0,0,0,0,0,0,0,0,0,0,0,0,18640,"TAMOIOS, RUA",19931,"WASHINGTON LUIS, AV",15,"CAMPO BELO",1,0,"WASHINGTON LUIS, AV SAO PAULO SP &  TAMOIOS, RUA SAO PAULO SP",-23.6605391,-46.7039265
"9378","D051300842",16878,"RAPOSO TAVARES, VIA",NA,"",12800,"","18/05/2013 18:15",2,"CO",51,5016," "," ",1,1,0,0,0,0,0,0,0,0,0,0,0,0,0,0,0,16878,"RAPOSO TAVARES, VIA",NA,"",13,"CACHOEIRINHA",1,0,"RAPOSO TAVARES, VIA 12800 SAO PAULO SP",-23.5325862,-48.4380912
"9379","D051301693",911,"JOSE FUGULIN, RUA",34824,"ZIKE TUMA, RUA",0,"","18/05/2013 19:00",4,"AT",80,1808," "," ",1,0,0,0,0,0,0,0,0,0,0,0,0,0,0,0,0,911,"JOSE FUGULIN, RUA",42148,"BRUNO TAUT, RUA",16,"CAMPO GRANDE",1,0,"JOSE FUGULIN, RUA SAO PAULO SP &  ZIKE TUMA, RUA SAO PAULO SP",-23.6854956,-46.6726951
"9380","D051300802",28036,"MIGUEL RIBAS, RUA",NA,"",37,"","18/05/2013 19:06",4,"AT",46,4666," "," ",0,1,0,0,0,0,0,0,0,0,0,0,0,0,0,0,0,28036,"MIGUEL RIBAS, RUA",NA,"",52,"MARSILAC",1,0,"MIGUEL RIBAS, RUA 37 SAO PAULO SP",-23.4473655,-46.7510422
"9381","D051301297",66114,"GONCALO DO ABAETE, RUA S",NA,"",216,"","18/05/2013 19:25",4,"AT",72,4525," "," ",1,0,0,0,0,0,0,0,0,0,0,0,0,0,0,0,0,66114,"GONCALO DO ABAETE, RUA S",NA,"",11,"BRASILANDIA",1,0,"GONCALO DO ABAETE, RUA S 216 SAO PAULO SP",-23.4601842,-46.6765862
"9382","D051300622",61,"ABRAAO RIBEIRO, AV DR",NA,"",497,"","18/05/2013 19:26",2,"CT",23,2042," "," ",1,1,0,0,0,0,0,0,0,0,0,0,0,0,0,0,0,61,"ABRAAO RIBEIRO, AV DR",NA,"",70,"SANTA CECILIA",1,0,"ABRAAO RIBEIRO, AV DR 497 SAO PAULO SP",-23.9955053,-46.4228798
"9383","D051300611",17003,"REPUBLICA DO LIBANO, AV",10517,"ANTONIO JOAQUIM DE MOURA ANDRA, AV",0,"","18/05/2013 19:30",2,"CO",15,5022," "," ",1,1,0,0,0,0,0,0,0,0,0,0,0,0,0,0,0,10517,"ANTONIO JOAQUIM DE MOURA ANDRA, AV",17003,"REPUBLICA DO LIBANO, AV",NA,"",1,0,"REPUBLICA DO LIBANO, AV SAO PAULO SP &  ANTONIO JOAQUIM DE MOURA ANDRA, AV SAO PAULO SP",-23.5877683,-46.6640953
"9385","D051301302",65521,"GERVASIO LEITE REBELO, RUA",NA,"",17,"","18/05/2013 20:15",2,"CO",72,4876," "," ",1,1,0,0,0,0,0,0,0,0,0,0,0,0,0,0,0,65521,"GERVASIO LEITE REBELO, RUA",NA,"",40,"JAGUARE",1,0,"GERVASIO LEITE REBELO, RUA 17 SAO PAULO SP",-23.4580616,-46.6680859
"9386","D051300969",12407,"MAC ARTHUR, AV GAL",NA,"",265,"","18/05/2013 20:30",2,"CL",93,3558," "," ",1,1,0,0,0,0,0,0,0,0,0,0,0,0,0,0,0,12407,"MAC ARTHUR, AV GAL",NA,"",40,"JAGUARE",1,0,"MAC ARTHUR, AV GAL 265 SAO PAULO SP",-23.5548954,-46.7485649
"9387","D051301490",17824,"SAPOPEMBA, AV",NA,"",5400,"","18/05/2013 20:32",4,"AT",42,3314," "," ",1,0,0,0,0,0,0,0,0,0,0,0,0,0,0,0,0,17824,"SAPOPEMBA, AV",NA,"",33,"IPIRANGA",1,0,"SAPOPEMBA, AV 5400 SAO PAULO SP",-23.5808491,-46.5385778
"9388","D051302309",9580,"ITAQUERA, AV",NA,"",3200,"","18/05/2013 20:39",4,"AT",53,3625,"B"," ",0,1,0,0,0,0,0,0,0,0,0,0,0,0,0,0,0,9580,"ITAQUERA, AV",NA,"",NA,"",1,1,"ITAQUERA, AV 3200 SAO PAULO SP",-23.5517733,-46.4955445
"9390","D051301930",9293,"CORDAO DE SAO FRANCISCO, RUA",NA,"",150,"","18/05/2013 21:30",4,"AT",59,6209," "," ",1,0,0,0,0,0,0,0,0,0,0,0,0,0,0,0,0,9293,"CORDAO DE SAO FRANCISCO, RUA",NA,"",43,"JARDIM HELENA",1,0,"CORDAO DE SAO FRANCISCO, RUA 150 SAO PAULO SP",-23.4938835,-46.4078949
"9391","D051302293",24491,"IMIGRANTES, VIA DOS",NA,"",11500,"","18/05/2013 22:15",2,"CO",26,4378," "," ",0,1,0,0,0,0,0,0,0,0,0,0,0,0,0,1,0,24491,"IMIGRANTES, VIA DOS",NA,"",NA,"",0,1,"IMIGRANTES, VIA DOS 11500 SAO PAULO SP",-23.9525792,-46.4114659
"9393","D051301394",7203,"FLORENCIO, RUA S",28134,"ERVA DE PASSARINHO, PCA",0,"","18/05/2013 22:30",2,"CO",10,5636," "," ",1,1,0,0,0,0,0,0,0,0,0,0,0,0,0,0,0,7203,"FLORENCIO, RUA S",28134,"ERVA DE PASSARINHO, PCA",NA,"",2,0,"FLORENCIO, RUA S SAO PAULO SP &  ERVA DE PASSARINHO, PCA SAO PAULO SP",-23.5154798,-46.5299415
"9394","D051300803",1427,"ANHANGUERA, RUA",NA,"",19900,"","18/05/2013 22:55",4,"AT",46,4669," "," ",1,0,0,0,0,0,0,0,0,0,0,0,0,0,0,0,0,1427,"ANHANGUERA, RUA",NA,"",70,"SANTA CECILIA",1,0,"ANHANGUERA, RUA 19900 SAO PAULO SP",-23.4900941,-46.7665396
"9396","D051300666",1429,"ANHANGUERA, VIA",NA,"",1200,"","18/05/2013 23:15",4,"AT",33,4672," "," ",1,0,0,0,0,0,0,0,0,0,0,0,0,0,0,0,0,1429,"ANHANGUERA, VIA",NA,"",73,"SAO DOMINGOS",1,0,"ANHANGUERA, VIA 1200 SAO PAULO SP",-23.4724493,-46.7761602
"9397","D051300409",10041,"JEQUITIBAS, RUA DOS",NA,"",141,"","18/05/2013 23:18",4,"AT",35,6711," "," ",0,1,0,0,0,0,0,0,0,0,0,0,0,0,0,0,0,10041,"JEQUITIBAS, RUA DOS",NA,"",37,"JABAQUARA",3,0,"JEQUITIBAS, RUA DOS 141 SAO PAULO SP",-23.6465452,-46.6418087
"9398","D051301844",17820,"TITO, AV MAL",NA,"",1514,"","18/05/2013 23:30",2,"CO",22,4018," "," ",0,1,0,0,0,0,0,0,0,0,0,0,0,0,0,1,0,17820,"TITO, AV MAL",NA,"",53,"MOEMA",2,0,"TITO, AV MAL 1514 SAO PAULO SP",-23.4953578,-46.4311695
"9399","D051300067",10101,"JOAO, AV S",NA,"",1247,"","18/05/2013 23:30",4,"AT",3,2969," "," ",1,0,0,0,0,0,0,0,0,0,0,0,0,0,0,0,0,10101,"JOAO, AV S",NA,"",67,"REPUBLICA",1,0,"JOAO, AV S 1247 SAO PAULO SP",-23.5396976,-46.6453202
"9401","D051301675",35432,"LETICIA, RUA",NA,"",1,"","18/05/2013 23:34",2,"CO",47,6220," "," ",0,2,0,0,0,0,0,0,0,0,0,0,0,0,0,0,0,35432,"LETICIA, RUA",NA,"",29,"FREGUESIA DO O",4,0,"LETICIA, RUA 1 SAO PAULO SP",-23.6897895,-46.7891328
"9402","D051300101",14804,"NOVE DE JULHO, AV",NA,"",848,"","18/05/2013 23:38",2,"SI",4,4223," "," ",0,2,0,0,0,0,0,0,0,0,0,0,0,0,0,0,0,14804,"NOVE DE JULHO, AV",NA,"",63,"PINHEIROS",2,0,"NOVE DE JULHO, AV 848 SAO PAULO SP",-23.5513225,-46.6464442
"9404","D051300365",8944,"IBIRAPUERA, AV",NA,"",3103,"","19/05/2013 01:10",4,"AT",27,5230," "," ",1,0,0,0,0,0,0,0,0,0,0,0,0,0,0,0,0,8944,"IBIRAPUERA, AV",NA,"",53,"MOEMA",2,0,"IBIRAPUERA, AV 3103 SAO PAULO SP",-23.6099797,-46.6671302
"9405","D051300133",10548,"JOAQUIM EUGENIO DE LIMA, AL",17044,"RIBEIRAO PRETO, AL",0,"","19/05/2013 01:20",2,"CO",5,4221," "," ",1,1,0,0,0,0,0,0,0,0,0,0,0,0,0,0,0,10548,"JOAQUIM EUGENIO DE LIMA, AL",17044,"RIBEIRAO PRETO, AL",7,"BELA VISTA",1,0,"JOAQUIM EUGENIO DE LIMA, AL SAO PAULO SP &  RIBEIRAO PRETO, AL SAO PAULO SP",-23.5687356,-46.6533992
"9406","D051300924",5885,"DIOGENES RIBEIRO DE LIMA, AV",NA,"",311,"","19/05/2013 01:30",4,"AT",91,3191," "," ",1,0,0,0,0,0,0,0,0,0,0,0,0,0,0,0,0,5885,"DIOGENES RIBEIRO DE LIMA, AV",NA,"",2,"ALTO DE PINHEIR",1,0,"DIOGENES RIBEIRO DE LIMA, AV 311 SAO PAULO SP",-23.5526777,-46.705121
"9408","D051301862",13881,"MIGUEL, AV S",NA,"",3668,"","19/05/2013 02:00",2,"CO",24,5382," "," ",4,0,0,0,0,0,0,0,0,0,0,0,0,0,0,0,0,13881,"MIGUEL, AV S",NA,"",65,"PONTE RASA",1,0,"MIGUEL, AV S 3668 SAO PAULO SP",-23.5100467,-46.4972681
"9409","D051300612",8838,"HORACIO LAFER, AV",NA,"",210,"","19/05/2013 02:02",4,"AT",15,5031," "," ",0,0,0,0,0,0,0,0,0,0,0,0,0,0,0,1,0,8838,"HORACIO LAFER, AV",NA,"",34,"ITAIM BIBI",1,0,"HORACIO LAFER, AV 210 SAO PAULO SP",-23.5872491,-46.6813461
"9410","D051302011",47022,"MIGUEL IGNACIO CURI, AV",NA,"",50,"","19/05/2013 02:03",4,"AT",65,5375," "," ",0,1,0,0,0,0,0,0,0,0,0,0,0,0,0,0,0,47022,"MIGUEL IGNACIO CURI, AV",NA,"",36,"ITAQUERA",1,0,"MIGUEL IGNACIO CURI, AV 50 SAO PAULO SP",-23.5443738,-46.4644917
"9411","D051301426",18454,"SOUSA BANDEIRA, AV",44742,"BERNARDINO BRITO FONSECA DE CA, AV",0,"","19/05/2013 02:30",2,"CO",21,5640," "," ",2,0,0,0,0,0,0,0,0,0,0,0,0,0,0,0,0,18454,"SOUSA BANDEIRA, AV",44742,"BERNARDINO BRITO FONSECA DE CA, AV",93,"VILA MATILDE",3,0,"SOUSA BANDEIRA, AV SAO PAULO SP &  BERNARDINO BRITO FONSECA DE CA, AV SAO PAULO SP",-23.5462024,-46.5013255
"9412","D051300665",35449,"BANDEIRANTES, VIA DOS",NA,"",14100,"","19/05/2013 03:06",2,"CO",33,4671," "," ",2,0,0,0,0,0,0,0,0,0,0,0,0,0,0,0,0,35449,"BANDEIRANTES, VIA DOS",NA,"",64,"PIRITUBA",1,0,"BANDEIRANTES, VIA DOS 14100 SAO PAULO SP",-23.4393535,-46.7580065
"9413","D051300726",855,"ALVARENGA, RUA",NA,"",51,"","19/05/2013 05:00",2,"CO",34,4387," "," ",1,0,0,0,0,0,0,0,0,0,0,1,0,0,0,0,0,855,"ALVARENGA, RUA",NA,"",55,"MORUMBI",1,0,"ALVARENGA, RUA 51 SAO PAULO SP",-23.579852,-46.7065756
"9414","D051301889",24220,"MAE D'AGUA, RUA",11542,"NORDESTINA, AV",0,"","19/05/2013 05:10",4,"AT",32,4020," "," ",1,0,0,0,0,0,0,0,0,0,0,0,0,0,0,0,0,11542,"NORDESTINA, AV",59298,"MORRO DO CAIEIRO, RUA",86,"VILA CURUCA",1,0,"MAE D'AGUA, RUA SAO PAULO SP &  NORDESTINA, AV SAO PAULO SP",-23.5139274,-46.4283647
"9415","D051300266",11989,"LORENA, AL",14804,"NOVE DE JULHO, AV",0,"","19/05/2013 05:30",2,"CO",78,4231," "," ",1,1,0,0,0,0,0,0,0,0,0,0,0,0,0,0,0,11989,"LORENA, AL",14804,"NOVE DE JULHO, AV",44,"JARDIM PAULISTA",1,0,"LORENA, AL SAO PAULO SP &  NOVE DE JULHO, AV SAO PAULO SP",-23.5692166,-46.6600477
"9417","D051301965",9806,"PIRES DO RIO, AV",NA,"",1994,"","19/05/2013 06:05",2,"CF",63,4024," "," ",1,1,0,0,0,0,0,0,0,0,0,0,0,0,0,0,0,9806,"PIRES DO RIO, AV",NA,"",76,"SAO MIGUEL",2,0,"PIRES DO RIO, AV 1994 SAO PAULO SP",-23.514365,-46.4438745