"","id_acidente","codloga","logradouroA","codlogb","logradouroB","alt_num","referencia","data","cod_acid","tipo_acidente","dp","numero_BO","sentido","pista","automovel","moto","onibus","caminhao","bicicleta","moto_taxi","onibus_fretado","onibus_urbano","microonibus","van","vuc","caminhonete","carreta","jipe","outros","sem_informacao","carroca","princ_a","paiA","princ_b","paiB","cod_distrito","distrito","vit_ferida","vit_morta","local","lat","lon"
"9418","D051300422",18911,"TOMAS CARVALHAL, RUA",NA,"",162,"","19/05/2013 06:23",2,"QM",36,5233," "," ",0,1,0,0,0,0,0,0,0,0,0,0,0,0,0,0,0,18911,"TOMAS CARVALHAL, RUA",NA,"",9,"BOM RETIRO",1,0,"TOMAS CARVALHAL, RUA 162 SAO PAULO SP",-23.575661,-46.6428995
"9420","D051301576",1085,"AMERICO BRASILIENSE, RUA",NA,"",2171,"","19/05/2013 06:40",2,"CO",11,5299," "," ",1,1,0,0,0,0,0,0,0,0,0,0,0,0,0,0,0,1085,"AMERICO BRASILIENSE, RUA",NA,"",72,"SANTO AMARO",1,0,"AMERICO BRASILIENSE, RUA 2171 SAO PAULO SP",-23.6286928,-46.706953
"9421","D051300930",12436,"MACEDO SOARES, AV EMB",16838,"RAIMUNDO PEREIRA DE MAGAL., AV",0,"","19/05/2013 07:00",2,"CH",91,3563," "," ",1,0,0,0,0,0,0,0,0,0,0,0,0,0,0,0,0,12436,"MACEDO SOARES, AV EMB",16838,"RAIMUNDO PEREIRA DE MAGAL., AV",48,"LAPA",1,0,"MACEDO SOARES, AV EMB SAO PAULO SP &  RAIMUNDO PEREIRA DE MAGAL., AV SAO PAULO SP",-23.509526,-46.7091748
"9422","D051300047",18993,"TIRADENTES, AV",NA,"",128,"","19/05/2013 07:05",2,"CH",2,2984," "," ",1,0,0,0,0,0,0,0,0,0,0,0,0,0,0,0,0,18993,"TIRADENTES, AV",NA,"",9,"BOM RETIRO",3,0,"TIRADENTES, AV 128 SAO PAULO SP",-23.5345768,-46.6330702
"9423","D051301863",13881,"MIGUEL, AV S",NA,"",5416,"","19/05/2013 08:03",2,"CO",24,5386," "," ",0,1,0,0,0,0,0,0,0,0,0,1,0,0,0,0,0,13881,"MIGUEL, AV S",NA,"",65,"PONTE RASA",1,0,"MIGUEL, AV S 5416 SAO PAULO SP",-23.507409,-46.4809744
"9424","D051301467",18071,"SERRA DE JAPI, RUA",18961,"TIJUCO PRETO, RUA",0,"","19/05/2013 08:05",2,"CO",30,2983," "," ",0,1,0,0,0,0,0,0,0,0,0,1,0,0,0,0,0,18071,"SERRA DE JAPI, RUA",18961,"TIJUCO PRETO, RUA",NA,"",1,0,"SERRA DE JAPI, RUA SAO PAULO SP &  TIJUCO PRETO, RUA SAO PAULO SP",-23.5392387,-46.570409
"9425","D051300014",11649,"LAVAPES, RUA DO",8029,"GLORIA, RUA DA",0,"","19/05/2013 08:55",4,"AT",1,3938," "," ",1,0,0,0,0,0,0,0,0,0,0,0,0,0,0,0,0,3699,"BUENO DE ANDRADE, RUA",11649,"LAVAPES, RUA DO",49,"LIBERDADE",3,0,"LAVAPES, RUA DO SAO PAULO SP &  GLORIA, RUA DA SAO PAULO SP",-23.5614377,-46.6264296
"9426","D051301323",9066,"IMBIRAS, RUA",NA,"",271,"","19/05/2013 09:50",2,"CO",73,5342," "," ",1,1,0,0,0,0,0,0,0,0,0,0,0,0,0,0,0,9066,"IMBIRAS, RUA",NA,"",83,"TREMEMBE",1,0,"IMBIRAS, RUA 271 SAO PAULO SP",-23.463911,-46.5957655
"9427","D051301927",78743,"ANAJATUBA, RUA",NA,"",5,"","19/05/2013 10:00",2,"CT",59,1953," "," ",0,1,0,0,0,0,0,0,0,0,0,0,0,0,0,1,0,78743,"ANAJATUBA, RUA",NA,"",53,"MOEMA",1,0,"ANAJATUBA, RUA 5 SAO PAULO SP",-23.506793,-46.4113608
"9428","D051302250",6361,"ELISIO TEIXEIRA LEITE, AV",NA,"",7400,"","19/05/2013 10:30",4,"AT",72,4552,"B"," ",0,1,0,0,0,0,0,0,0,0,0,0,0,0,0,0,0,6361,"ELISIO TEIXEIRA LEITE, AV",NA,"",29,"FREGUESIA DO O",0,1,"ELISIO TEIXEIRA LEITE, AV 7400 SAO PAULO SP",-23.4399044,-46.7168029
"9429","D051300193",14213,"MOOCA, RUA DA",9831,"JAGUARA, RUA BR DE",0,"","19/05/2013 11:21",2,"CO",8,3948," "," ",1,0,0,0,0,0,0,1,0,0,0,0,0,0,0,0,0,9831,"JAGUARA, RUA BR DE",14213,"MOOCA, RUA DA",14,"CAMBUCI",1,0,"MOOCA, RUA DA SAO PAULO SP &  JAGUARA, RUA BR DE SAO PAULO SP",-23.5549376,-46.6077126
"9432","D051301339",39169,"JOAO AMADO COUTINHO, RUA",NA,"",158,"","19/05/2013 12:40",4,"AT",74,4565," "," ",1,0,0,0,0,0,0,0,0,0,0,0,0,0,0,0,0,39169,"JOAO AMADO COUTINHO, RUA",NA,"",52,"MARSILAC",1,0,"JOAO AMADO COUTINHO, RUA 158 SAO PAULO SP",-23.4481477,-46.7155487
"9433","D051301944",4899,"OSVALDO ANDREANI, RUA ENG",16490,"PONTE RASA, RUA",0,"","19/05/2013 13:00",2,"CO",62,5394," "," ",1,1,0,0,0,0,0,0,0,0,0,0,0,0,0,0,0,4899,"OSVALDO ANDREANI, RUA ENG",17116,"ANSELMO BARCELOS, AV CAP",65,"PONTE RASA",1,0,"OSVALDO ANDREANI, RUA ENG SAO PAULO SP &  PONTE RASA, RUA SAO PAULO SP",-23.5110366,-46.4912134
"9434","D051300102",7026,"FERNANDO DE ALBUQUERQUE, RUA",5245,"CONSOLACAO, RUA DA",0,"","19/05/2013 13:10",2,"SI",4,4234," "," ",2,1,0,0,0,0,0,0,0,0,0,0,0,0,0,0,0,5245,"CONSOLACAO, RUA DA",7026,"FERNANDO DE ALBUQUERQUE, RUA",26,"CONSOLACAO",1,0,"FERNANDO DE ALBUQUERQUE, RUA SAO PAULO SP &  CONSOLACAO, RUA DA SAO PAULO SP",-23.5540766,-46.6575139
"9435","D051301586",19844,"VITOR MANZINI, AV",NA,"",392,"","19/05/2013 13:20",2,"CO",11,5729," "," ",0,3,0,0,0,0,0,0,0,0,0,0,0,0,0,0,0,19844,"VITOR MANZINI, AV",NA,"",29,"FREGUESIA DO O",1,0,"VITOR MANZINI, AV 392 SAO PAULO SP",-23.6637484,-46.7083297
"9437","D051301340",18594,"TAIPAS, ES",NA,"",2381,"","19/05/2013 14:25",4,"AT",74,4567," "," ",0,1,0,0,0,0,0,0,0,0,0,0,0,0,0,0,0,18594,"TAIPAS, ES",NA,"",52,"MARSILAC",1,0,"TAIPAS, ES 2381 SAO PAULO SP",-23.4261258,-46.7260757
"9438","D051301324",45819,"ARI DA ROCHA MIRANDA, RUA",NA,"",15,"","19/05/2013 14:43",2,"CF",73,5346," "," ",0,1,1,0,0,0,0,0,0,0,0,0,0,0,0,0,0,45819,"ARI DA ROCHA MIRANDA, RUA",NA,"",38,"JACANA",1,0,"ARI DA ROCHA MIRANDA, RUA 15 SAO PAULO SP",-23.4522339,-46.5778226
"9439","D051300613",14804,"NOVE DE JULHO, AV",NA,"",4984,"","19/05/2013 15:00",2,"CH",15,5052," "," ",0,1,0,0,0,0,0,0,0,0,0,0,0,0,0,0,0,14804,"NOVE DE JULHO, AV",NA,"",63,"PINHEIROS",1,0,"NOVE DE JULHO, AV 4984 SAO PAULO SP",-23.5771935,-46.6738448
"9441","D051300277",15656,"PAULISTA, AV",12165,"LUIS ANTONIO, AV BRIG",0,"","19/05/2013 15:50",2,"SI",78,6755,"C"," ",1,0,0,0,0,0,0,1,0,0,0,0,0,0,0,0,0,12165,"LUIS ANTONIO, AV BRIG",15656,"PAULISTA, AV",44,"JARDIM PAULISTA",1,0,"PAULISTA, AV SAO PAULO SP &  LUIS ANTONIO, AV BRIG SAO PAULO SP",-23.5625897,-46.6549244
"9442","D051301162",28883,"MARIA SUZANA, RUA",NA,"",20,"","19/05/2013 16:00",2,"CH",28,5555," "," ",1,0,0,0,0,0,0,0,0,0,0,0,0,0,0,0,0,28883,"MARIA SUZANA, RUA",NA,"",4,"ARICANDUVA",2,0,"MARIA SUZANA, RUA 20 SAO PAULO SP",-23.491418,-46.7046449
"9443","D051300523",7844,"GAZETA, RUA",NA,"",82,"","19/05/2013 16:09",4,"AT",97,4423," "," ",0,1,0,0,0,0,0,0,0,0,0,0,0,0,0,0,0,7844,"GAZETA, RUA",NA,"",29,"FREGUESIA DO O",2,0,"GAZETA, RUA 82 SAO PAULO SP",-23.6646091,-46.6320017
"9445","D051300445",5618,"CURSINO, AV DO",15239,"OURIVES, AV DOS",0,"","19/05/2013 17:10",2,"CO",83,4418," "," ",1,1,0,0,0,0,0,0,0,0,0,0,0,0,0,0,0,5618,"CURSINO, AV DO",15239,"OURIVES, AV DOS",27,"CURSINO",2,0,"CURSINO, AV DO SAO PAULO SP &  OURIVES, AV DOS SAO PAULO SP",-23.6106139,-46.6176401
"9446","D051301773",9220,"INTERLAGOS, AV",NA,"",285,"","19/05/2013 19:30",2,"CO",99,2332,"C"," ",2,0,0,0,0,0,0,0,0,0,0,0,0,0,0,0,0,9220,"INTERLAGOS, AV",NA,"",16,"CAMPO GRANDE",1,0,"INTERLAGOS, AV 285 SAO PAULO SP",-23.6537091,-46.6799765
"9447","D051301966",30308,"MANOEL DOS SANTOS BRAGA, AV",NA,"",1352,"","19/05/2013 19:30",2,"CO",63,4059," "," ",1,1,0,0,0,0,0,0,0,0,0,0,0,0,0,0,0,30308,"MANOEL DOS SANTOS BRAGA, AV",NA,"",89,"VILA JACUI",2,0,"MANOEL DOS SANTOS BRAGA, AV 1352 SAO PAULO SP",-23.508483,-46.4671038
"9448","D051301908",62716,"FERNANDO PACHECO JORDAO, AV",NA,"",543,"","19/05/2013 19:40",2,"CH",50,6243," "," ",1,1,0,0,0,0,0,0,0,0,0,0,0,0,0,0,0,62716,"FERNANDO PACHECO JORDAO, AV",NA,"",54,"MOOCA",2,0,"FERNANDO PACHECO JORDAO, AV 543 SAO PAULO SP",-23.4977297,-46.3825155
"9450","D051300158",5886,"DIOGO, RUA CEL",NA,"",1460,"","19/05/2013 20:02",2,"CO",6,3961," "," ",0,1,0,0,0,0,0,0,0,0,0,0,0,0,0,1,0,5886,"DIOGO, RUA CEL",NA,"",92,"VILA MARIANA",1,0,"DIOGO, RUA CEL 1460 SAO PAULO SP",-23.5815158,-46.61485
"9452","D051301084",18287,"SIMAO BORGES, RUA",NA,"",1808,"","19/05/2013 20:54",2,"CF",19,4651," "," ",2,0,0,0,0,0,0,0,0,0,0,0,0,0,0,0,0,18287,"SIMAO BORGES, RUA",NA,"",36,"ITAQUERA",1,0,"SIMAO BORGES, RUA 1808 SAO PAULO SP",-23.5068333,-46.5948066
"9453","D051301111",14767,"NOVA CANTAREIRA, AV",NA,"",2315,"","19/05/2013 21:40",2,"CO",20,4657," "," ",2,0,0,0,0,0,0,0,0,0,0,0,0,0,0,0,0,14767,"NOVA CANTAREIRA, AV",NA,"",83,"TREMEMBE",2,0,"NOVA CANTAREIRA, AV 2315 SAO PAULO SP",-23.4770362,-46.6106303
"9454","D051301110",3813,"CAETANO ALVARES, AV ENG",NA,"",5590,"","19/05/2013 21:55",4,"AT",20,4653," "," ",1,0,0,0,0,0,0,0,0,0,0,0,0,0,0,0,0,3813,"CAETANO ALVARES, AV ENG",NA,"",21,"CASA VERDE",1,0,"CAETANO ALVARES, AV ENG 5590 SAO PAULO SP",-23.4833168,-46.6355591
"9456","D051300103",2497,"AUGUSTA, RUA",3874,"CAIO PRADO, RUA",0,"","20/05/2013 01:00",2,"CO",4,4250," "," ",2,1,0,0,0,0,0,0,0,0,0,0,0,0,0,0,0,2497,"AUGUSTA, RUA",3874,"CAIO PRADO, RUA",26,"CONSOLACAO",1,0,"AUGUSTA, RUA SAO PAULO SP &  CAIO PRADO, RUA SAO PAULO SP",-23.5560595,-46.658132
"9457","D051302294",34682,"CAMPO LIMPO, ES DO",NA,"",2476,"","20/05/2013 01:45",2,"CH",92,3205," "," ",0,1,0,0,0,0,0,0,0,0,0,0,0,0,0,0,0,34682,"CAMPO LIMPO, ES DO",NA,"",NA,"",1,1,"CAMPO LIMPO, ES DO 2476 SAO PAULO SP",-23.2019463,-46.785846
"9458","D051301071",4775,"CEREJEIRAS, AV DAS",NA,"",342,"","20/05/2013 04:30",2,"CO",19,1873," "," ",1,1,0,0,0,0,0,0,0,0,0,0,0,0,0,0,0,4775,"CEREJEIRAS, AV DAS",NA,"",94,"VILA MEDEIROS",2,0,"CEREJEIRAS, AV DAS 342 SAO PAULO SP",-23.5122993,-46.5803886
"9459","D051301112",14687,"MANOEL SIMOES DA SILVA, RUA",NA,"",138,"","20/05/2013 05:10",2,"CO",20,4464," "," ",1,0,1,0,0,0,0,0,0,0,0,0,0,0,0,0,0,14687,"MANOEL SIMOES DA SILVA, RUA",NA,"",83,"TREMEMBE",1,0,"MANOEL SIMOES DA SILVA, RUA 138 SAO PAULO SP",-23.4545975,-46.6030733
"9460","D051300194",9831,"JAGUARA, RUA BR DE",6642,"ESTADO, AV DO",0,"","20/05/2013 06:20",2,"CO",8,3969," "," ",1,1,0,0,0,0,0,0,0,0,0,0,0,0,0,0,0,6642,"ESTADO, AV DO",9831,"JAGUARA, RUA BR DE",14,"CAMBUCI",1,0,"JAGUARA, RUA BR DE SAO PAULO SP &  ESTADO, AV DO SAO PAULO SP",-23.5582769,-46.6178952
"9462","D051300790",1429,"ANHANGUERA, VIA",NA,"",22100,"","20/05/2013 06:36",2,"CT",46,2350," "," ",1,1,0,0,0,0,0,0,0,0,0,0,0,0,0,0,0,1429,"ANHANGUERA, VIA",NA,"",73,"SAO DOMINGOS",1,0,"ANHANGUERA, VIA 22100 SAO PAULO SP",-23.4900941,-46.7665396
"9463","D051300396",2235,"ARMANDO DE ARRUDA PEREIRA, AV ENG",NA,"",439,"","20/05/2013 06:40",2,"CO",35,4146," "," ",1,1,0,0,0,0,0,0,0,0,0,0,0,0,0,0,0,2235,"ARMANDO DE ARRUDA PEREIRA, AV ENG",NA,"",37,"JABAQUARA",1,0,"ARMANDO DE ARRUDA PEREIRA, AV ENG 439 SAO PAULO SP",-23.6328496,-46.6448339
"9466","D051301934",69058,"ARLINDO BETTIO, RUA",NA,"",100,"","20/05/2013 07:20",2,"CO",62,2023," "," ",1,1,0,0,0,0,0,0,0,0,0,0,0,0,0,0,0,69058,"ARLINDO BETTIO, RUA",NA,"",49,"LIBERDADE",1,0,"ARLINDO BETTIO, RUA 100 SAO PAULO SP",-23.4839991,-46.4961243
"9467","D051301454",34122,"MELO FREIRE, RUA",18071,"SERRA DE JAPI, RUA",0,"","20/05/2013 07:25",2,"CO",30,2640," "," ",0,1,0,0,0,0,0,0,0,0,0,0,0,0,0,1,0,18071,"SERRA DE JAPI, RUA",34122,"MELO FREIRE, RUA",82,"TATUAPE",1,0,"MELO FREIRE, RUA SAO PAULO SP &  SERRA DE JAPI, RUA SAO PAULO SP",-23.5391715,-46.5695321
"9469","D051301072",4775,"CEREJEIRAS, AV DAS",NA,"",773,"","20/05/2013 07:40",2,"CO",19,1876," "," ",1,0,0,0,0,0,0,0,0,0,0,1,0,0,0,0,0,4775,"CEREJEIRAS, AV DAS",NA,"",NA,"",1,0,"CEREJEIRAS, AV DAS 773 SAO PAULO SP",-23.508738,-46.5805373
"9470","D051302093",9044,"RAGUEB CHOHFI, AV",NA,"",2769,"","20/05/2013 07:43",4,"AT",49,6977," "," ",0,1,0,0,0,0,0,0,0,0,0,0,0,0,0,0,0,9044,"RAGUEB CHOHFI, AV",NA,"",32,"IGUATEMI",1,0,"RAGUEB CHOHFI, AV 2769 SAO PAULO SP",-23.5978371,-46.4584834
"9471","D051301455",35652,"PIRES DO RIO, VD",27094,"SALIM FARAH MALUF, AV",0,"","20/05/2013 07:48",2,"CL",30,2642,"C"," ",0,0,0,0,1,0,0,1,0,0,0,0,0,0,0,0,0,27094,"SALIM FARAH MALUF, AV",35652,"PIRES DO RIO, VD",NA,"",1,0,"PIRES DO RIO, VD SAO PAULO SP &  SALIM FARAH MALUF, AV SAO PAULO SP",-23.5420917,-46.5807526
"9472","D051300667",14350,"MUTINGA, AV",NA,"",3115,"","20/05/2013 07:50",2,"CO",33,4616," "," ",1,1,0,0,0,0,0,0,0,0,0,0,0,0,0,0,0,14350,"MUTINGA, AV",NA,"",64,"PIRITUBA",1,0,"MUTINGA, AV 3115 SAO PAULO SP",-23.4917845,-46.7508466
"9473","D051301523",906,"ALVARO RAMOS, AV",NA,"",1992,"","20/05/2013 07:50",4,"AT",57,2044," "," ",1,0,0,0,0,0,0,0,0,0,0,0,0,0,0,0,0,906,"ALVARO RAMOS, AV",NA,"",8,"BELEM",1,0,"ALVARO RAMOS, AV 1992 SAO PAULO SP",-23.5526488,-46.5792438
"9474","D051301766",4121,"SOCRATES, RUA",73717,"DEKLA, RUA",0,"","20/05/2013 08:05",2,"CO",99,2149," "," ",1,1,0,0,0,0,0,0,0,0,0,0,0,0,0,0,0,4121,"SOCRATES, RUA",73717,"DEKLA, RUA",16,"CAMPO GRANDE",1,0,"SOCRATES, RUA SAO PAULO SP &  DEKLA, RUA SAO PAULO SP",-23.6596063,-46.6917903
"9475","D051301767",7917,"GERALDO SANT'ANA, AV SARG",NA,"",978,"","20/05/2013 08:24",2,"CO",99,2150," "," ",1,1,0,0,0,0,0,0,0,0,0,0,0,0,0,0,0,7917,"GERALDO SANT'ANA, AV SARG",NA,"",16,"CAMPO GRANDE",1,0,"GERALDO SANT'ANA, AV SARG 978 SAO PAULO SP",-23.6634362,-46.6818794
"9476","D051302155",99312,"EDUARDO SANCHEZ, RUA",NA,"",144,"","20/05/2013 08:30",2,"CH",54,900014," "," ",1,0,0,0,0,0,0,0,0,0,0,0,0,0,0,0,0,99312,"EDUARDO SANCHEZ, RUA",NA,"",25,"CIDADE TIRADENT",1,0,"EDUARDO SANCHEZ, RUA 144 SAO PAULO SP",-23.5891259,-46.3997681
"9477","D051300397",4596,"CATARINA, AV STA",NA,"",1020,"","20/05/2013 08:32",2,"CO",35,4154," "," ",1,1,0,0,0,0,0,0,0,0,0,0,0,0,0,0,0,4596,"CATARINA, AV STA",NA,"",37,"JABAQUARA",2,0,"CATARINA, AV STA 1020 SAO PAULO SP",-23.6447158,-46.6650288
"9478","D051300791",1429,"ANHANGUERA, VIA",NA,"",25200,"","20/05/2013 08:49",4,"AT",46,2357," "," ",0,1,0,0,0,0,0,0,0,0,0,0,0,0,0,0,0,1429,"ANHANGUERA, VIA",NA,"",73,"SAO DOMINGOS",2,0,"ANHANGUERA, VIA 25200 SAO PAULO SP",-23.4900941,-46.7665396
"9480","D051300483",8341,"GUARAIUVA, RUA",4564,"CASTILHO, RUA",0,"","20/05/2013 09:41",2,"SI",96,2364," "," ",2,0,0,0,0,0,0,0,0,0,0,0,0,0,0,0,0,4564,"CASTILHO, RUA",8341,"GUARAIUVA, RUA",34,"ITAIM BIBI",1,0,"GUARAIUVA, RUA SAO PAULO SP &  CASTILHO, RUA SAO PAULO SP",-23.6105962,-46.6890653
"9482","D051301299",65066,"IBIRAIARAS, RUA",NA,"",495,"","20/05/2013 10:01",4,"AT",72,4598," "," ",0,1,0,0,0,0,0,0,0,0,0,0,0,0,0,0,0,65066,"IBIRAIARAS, RUA",NA,"",40,"JAGUARE",1,0,"IBIRAIARAS, RUA 495 SAO PAULO SP",-23.4507718,-46.6889141
"9483","D051301181",27884,"GILBERTO MENEZES DE GOES, TR",NA,"",28,"","20/05/2013 10:10",4,"AT",38,2471," "," ",1,0,0,0,0,0,0,0,0,0,0,0,0,0,0,0,0,27884,"GILBERTO MENEZES DE GOES, TR",NA,"",48,"LAPA",1,0,"GILBERTO MENEZES DE GOES, TR 28 SAO PAULO SP",-23.4664653,-46.6596416
"9484","D051302094",9044,"RAGUEB CHOHFI, AV",NA,"",4669,"","20/05/2013 10:30",2,"CL",49,6992," "," ",0,1,0,1,0,0,0,0,0,0,0,0,0,0,0,0,0,9044,"RAGUEB CHOHFI, AV",NA,"",32,"IGUATEMI",1,0,"RAGUEB CHOHFI, AV 4669 SAO PAULO SP",-23.5948619,-46.4404031
"9485","D051302184",2181,"ARICANDUVA, AV",NA,"",8049,"","20/05/2013 10:40",2,"QM",66,2175," "," ",0,1,0,0,0,0,0,0,0,0,0,0,0,0,0,0,0,2181,"ARICANDUVA, AV",NA,"",60,"PENHA",2,0,"ARICANDUVA, AV 8049 SAO PAULO SP",-23.5856445,-46.4880427
"9486","D051302138",35713,"ITALIA GIUSTI, RUA",NA,"",468,"","20/05/2013 11:00",2,"CH",53,900063," "," ",1,0,0,0,0,0,0,0,0,0,0,0,0,0,0,0,0,35713,"ITALIA GIUSTI, RUA",NA,"",50,"LIMAO",1,0,"ITALIA GIUSTI, RUA 468 SAO PAULO SP",-23.5674701,-46.4533048
"9489","D051300195",6642,"ESTADO, AV DO",NA,"",5800,"","20/05/2013 11:35",2,"CT",8,3979," "," ",0,1,0,0,0,0,0,0,0,0,0,1,0,0,0,0,0,6642,"ESTADO, AV DO",NA,"",9,"BOM RETIRO",1,0,"ESTADO, AV DO 5800 SAO PAULO SP",-23.5471749,-46.629431
"9490","D051301358",15126,"OSCAR ROSSINI, RUA CABO",16819,"RAFAEL PEREIRA, RUA SOLD",0,"","20/05/2013 12:02",2,"CO",90,2006," "," ",0,0,0,0,0,0,0,0,0,0,0,2,0,0,0,0,0,15126,"OSCAR ROSSINI, RUA CABO",16819,"RAFAEL PEREIRA, RUA SOLD",91,"VILA MARIA",1,0,"OSCAR ROSSINI, RUA CABO SAO PAULO SP &  RAFAEL PEREIRA, RUA SOLD SAO PAULO SP",-23.5160731,-46.570264
"9491","D051301967",1688,"ANTONIO DE SIQUEIRA, RUA",NA,"",297,"","20/05/2013 12:15",4,"AT",63,4078," "," ",0,0,0,0,0,0,0,0,1,0,0,0,0,0,0,0,0,1688,"ANTONIO DE SIQUEIRA, RUA",NA,"",89,"VILA JACUI",1,0,"ANTONIO DE SIQUEIRA, RUA 297 SAO PAULO SP",-23.4972057,-46.4623102
"9492","D051301045",4743,"CENTENARIO, PCA DO",NA,"",88,"","20/05/2013 12:40",2,"CO",13,5588," "," ",1,1,0,0,0,0,0,0,0,0,0,0,0,0,0,0,0,4743,"CENTENARIO, PCA DO",NA,"",23,"CIDADE DUTRA",1,0,"CENTENARIO, PCA DO 88 SAO PAULO SP",-23.5088406,-46.6570601
"9493","D051302216",65872,"ANTONIO DE FRANCA E SILVA, RUA",NA,"",651,"","20/05/2013 12:50",2,"CO",69,5351," "," ",1,1,0,0,0,0,0,0,0,0,0,0,0,0,0,0,0,65872,"ANTONIO DE FRANCA E SILVA, RUA",NA,"",56,"PARELHEIROS",2,0,"ANTONIO DE FRANCA E SILVA, RUA 651 SAO PAULO SP",-23.6203814,-46.5028212
"9494","D051301695",20048,"YERVANT KISSAJIKIAN, AV",NA,"",2800,"","20/05/2013 13:00",2,"OU",80,1827,"C"," ",1,1,0,0,0,0,0,0,0,0,0,0,0,0,0,0,0,20048,"YERVANT KISSAJIKIAN, AV",NA,"",29,"FREGUESIA DO O",1,0,"YERVANT KISSAJIKIAN, AV 2800 SAO PAULO SP",-23.6800349,-46.6550832
"9495","D051301257",3813,"CAETANO ALVARES, AV ENG",3091,"BELISARIO CAMPANHA, RUA",0,"","20/05/2013 13:50",4,"AT",40,1650," "," ",1,0,0,0,0,0,0,0,0,0,0,0,0,0,0,0,0,3091,"BELISARIO CAMPANHA, RUA",3813,"CAETANO ALVARES, AV ENG",21,"CASA VERDE",1,0,"CAETANO ALVARES, AV ENG SAO PAULO SP &  BELISARIO CAMPANHA, RUA SAO PAULO SP",-23.4830811,-46.6330478
"9496","D051302276",99949,"CARLOS CALDEIRA FILHO, AV",3079,"BELEZAS, AV DAS",0,"","20/05/2013 14:00",2,"CT",37,3943," "," ",4,0,0,0,0,0,0,0,0,0,0,0,0,0,0,0,0,3079,"BELEZAS, AV DAS",99949,"CARLOS CALDEIRA FILHO, AV",85,"VILA ANDRADE",2,1,"CARLOS CALDEIRA FILHO, AV SAO PAULO SP &  BELEZAS, AV DAS SAO PAULO SP",-23.6481998,-46.7582692
"9497","D051300990",37607,"ORLANDO SILVA, PCA",36061,"LUIZ DUMONT VILLARES, AV",0,"","20/05/2013 14:19",4,"AT",9,2869," "," ",0,0,0,0,0,0,0,0,0,0,0,1,0,0,0,0,0,2455,"ATALIBA LEONEL, AV GAL",4219,"ZAKI NARCHI, AV",71,"SANTANA",1,0,"ORLANDO SILVA, PCA SAO PAULO SP &  LUIZ DUMONT VILLARES, AV SAO PAULO SP",-23.500772,-46.6148834
"9498","D051301811",5127,"FREDERICO RENE DE JAEGHER, RUA",NA,"",17,"","20/05/2013 14:20",2,"CO",101,3805," "," ",1,1,0,0,0,0,0,0,0,0,0,0,0,0,0,0,0,5127,"FREDERICO RENE DE JAEGHER, RUA",NA,"",23,"CIDADE DUTRA",1,0,"FREDERICO RENE DE JAEGHER, RUA 17 SAO PAULO SP",-23.7225196,-46.7081038
"9499","D051301182",15426,"PARADA PINTO, AV",NA,"",3000,"","20/05/2013 15:04",2,"CO",38,2483," "," ",1,1,0,0,0,0,0,0,0,0,0,0,0,0,0,0,0,15426,"PARADA PINTO, AV",NA,"",8,"BELEM",1,0,"PARADA PINTO, AV 3000 SAO PAULO SP",-23.4676832,-46.6429912
"9500","D051301395",4128,"CANGAIBA, AV",NA,"",3189,"","20/05/2013 15:30",2,"CL",10,5709," "," ",0,1,0,0,0,0,0,0,0,0,0,1,0,0,0,0,0,4128,"CANGAIBA, AV",NA,"",18,"CANGAIBA",1,0,"CANGAIBA, AV 3189 SAO PAULO SP",-23.5062979,-46.5251858
"9501","D051300398",2235,"ARMANDO DE ARRUDA PEREIRA, AV ENG",NA,"",650,"","20/05/2013 15:30",4,"AT",35,4173," "," ",0,1,0,0,0,0,0,0,0,0,0,0,0,0,0,0,0,2235,"ARMANDO DE ARRUDA PEREIRA, AV ENG",NA,"",37,"JABAQUARA",2,0,"ARMANDO DE ARRUDA PEREIRA, AV ENG 650 SAO PAULO SP",-23.6340375,-46.6431708
"9502","D051301273",15485,"PARAPUA, RUA",NA,"",1000,"","20/05/2013 15:45",4,"AT",45,1279," "," ",0,1,0,0,0,0,0,0,0,0,0,1,0,0,0,0,0,15485,"PARAPUA, RUA",NA,"",4,"ARICANDUVA",1,0,"PARAPUA, RUA 1000 SAO PAULO SP",-23.4759483,-46.6906695
"9503","D051302251",18519,"SUMARE, AV",NA,"",840,"","20/05/2013 16:10",2,"QM",23,2850," "," ",0,1,0,0,0,0,0,0,0,0,0,0,0,0,0,0,0,18519,"SUMARE, AV",NA,"",61,"PERDIZES",0,1,"SUMARE, AV 840 SAO PAULO SP",-23.5376023,-46.6745562
"9504","D051302217",59148,"XAVIER SAMPAIO, TR",75435,"ARRAIAS DO ARAGUAIA, AV",0,"","20/05/2013 16:15",2,"CO",69,5354," "," ",3,0,1,0,0,0,0,0,0,0,0,0,0,0,0,0,0,59148,"XAVIER SAMPAIO, TR",75435,"ARRAIAS DO ARAGUAIA, AV",78,"SAPOPEMBA",3,0,"XAVIER SAMPAIO, TR SAO PAULO SP &  ARRAIAS DO ARAGUAIA, AV SAO PAULO SP",-23.5951374,-46.5062786