"","id_acidente","codloga","logradouroA","codlogb","logradouroB","alt_num","referencia","data","cod_acid","tipo_acidente","dp","numero_BO","sentido","pista","automovel","moto","onibus","caminhao","bicicleta","moto_taxi","onibus_fretado","onibus_urbano","microonibus","van","vuc","caminhonete","carreta","jipe","outros","sem_informacao","carroca","princ_a","paiA","princ_b","paiB","cod_distrito","distrito","vit_ferida","vit_morta","local","lat","lon"
"9505","D051301203",7592,"FRANKLIN DO AMARAL, RUA",NA,"",601,"","20/05/2013 16:25",2,"CO",38,4615,"B"," ",0,2,0,0,0,0,0,0,0,0,0,0,0,0,0,0,0,7592,"FRANKLIN DO AMARAL, RUA",NA,"",13,"CACHOEIRINHA",2,0,"FRANKLIN DO AMARAL, RUA 601 SAO PAULO SP",-23.4746966,-46.6580891
"9506","D051301183",12493,"MADRIGAIS, RUA",15599,"PATIS, RUA DOS",0,"","20/05/2013 16:31",4,"AT",38,2486," "," ",1,0,0,0,0,0,0,0,0,0,0,0,0,0,0,0,0,12493,"MADRIGAIS, RUA",15599,"PATIS, RUA DOS",13,"CACHOEIRINHA",1,0,"MADRIGAIS, RUA SAO PAULO SP &  PATIS, RUA DOS SAO PAULO SP",-23.4700196,-46.6621077
"9507","D051301891",18537,"SUZANA DE MELO, RUA",NA,"",2,"","20/05/2013 16:48",2,"CO",32,4091," "," ",1,0,0,0,0,0,0,1,0,0,0,0,0,0,0,0,0,18537,"SUZANA DE MELO, RUA",NA,"",51,"MANDAQUI",3,0,"SUZANA DE MELO, RUA 2 SAO PAULO SP",-23.5206919,-46.4413037
"9508","D051302051",2878,"BARREIRA GRANDE, AV DA",NA,"",2500,"","20/05/2013 16:50",4,"AT",41,2574," "," ",0,0,0,0,0,0,0,0,0,0,0,1,0,0,0,0,0,2878,"BARREIRA GRANDE, AV DA",NA,"",78,"SAPOPEMBA",1,0,"BARREIRA GRANDE, AV DA 2500 SAO PAULO SP",-23.5872017,-46.5125348
"9509","D051302252",9607,"ANTONIO DE ITABERAVA, RUA STO",NA,"",498,"","20/05/2013 17:03",4,"AT",32,2940," "," ",0,0,0,1,0,0,0,0,0,0,0,0,0,0,0,0,0,9607,"ANTONIO DE ITABERAVA, RUA STO",NA,"",36,"ITAQUERA",1,1,"ANTONIO DE ITABERAVA, RUA STO 498 SAO PAULO SP",-23.5546335,-46.4504882
"9510","D051301745",21326,"GERALDO FRAGA DE OLIVEIRA, RUA",NA,"",489,"","20/05/2013 17:21",4,"AT",92,6299," "," ",0,1,0,0,0,0,0,0,0,0,0,0,0,0,0,0,0,21326,"GERALDO FRAGA DE OLIVEIRA, RUA",NA,"",29,"FREGUESIA DO O",1,0,"GERALDO FRAGA DE OLIVEIRA, RUA 489 SAO PAULO SP",-23.6531205,-46.7390466
"9512","D051301627",33015,"SADAMU INOUE, AV",15507,"TEOTONIO VILELA, AV SEN",0,"","20/05/2013 17:30",2,"CO",25,3810," "," ",1,1,0,0,0,0,0,0,0,0,0,0,0,0,0,0,0,33015,"SADAMU INOUE, AV",36000,"AMARO ALVES DO ROSARIO, RUA",56,"PARELHEIROS",2,0,"SADAMU INOUE, AV SAO PAULO SP &  TEOTONIO VILELA, AV SEN SAO PAULO SP",-23.8028142,-46.7343267
"9513","D051300614",14804,"NOVE DE JULHO, AV",NA,"",5520,"","20/05/2013 17:32",2,"SI",15,5093," "," ",0,0,0,0,0,0,0,0,0,0,0,0,0,0,0,1,0,14804,"NOVE DE JULHO, AV",NA,"",63,"PINHEIROS",1,0,"NOVE DE JULHO, AV 5520 SAO PAULO SP",-23.5798635,-46.6780922
"9514","D051301478",6825,"EVANGELINA, RUA",NA,"",1083,"","20/05/2013 17:45",2,"CF",31,3037," "," ",3,0,0,0,0,0,0,0,0,0,0,0,0,0,0,0,0,6825,"EVANGELINA, RUA",NA,"",15,"CAMPO BELO",1,0,"EVANGELINA, RUA 1083 SAO PAULO SP",-23.5522274,-46.5454466
"9515","D051300382",16675,"ANTONIO DE MACEDO SOARES, RUA",14226,"MORAIS DE BARROS, RUA",0,"","20/05/2013 17:47",2,"CO",27,900094," "," ",1,1,0,0,0,0,0,0,0,0,0,0,0,0,0,0,0,14226,"MORAIS DE BARROS, RUA",16675,"ANTONIO DE MACEDO SOARES, RUA",15,"CAMPO BELO",1,0,"ANTONIO DE MACEDO SOARES, RUA SAO PAULO SP &  MORAIS DE BARROS, RUA SAO PAULO SP",-23.6191755,-46.6725158
"9516","D051301588",6238,"NACOES UNIDAS, AV DAS",NA,"",19739,"","20/05/2013 18:10",2,"CO",11,5798," "," ",1,1,0,0,0,0,0,0,0,0,0,0,0,0,0,0,0,13014,"MARGINAL DO RIO PINHEIROS, AV",NA,"",90,"VILA LEOPOLDINA",1,0,"NACOES UNIDAS, AV DAS 19739 SAO PAULO SP",-23.6791492,-46.6960638
"9517","D051300319",11379,"JUNTAS PROVISORIAS, AV",5972,"DOIS DE JULHO, RUA",0,"","20/05/2013 18:13",4,"AT",17,2742," "," ",1,0,0,0,0,0,0,0,0,0,0,0,0,0,0,0,0,5972,"DOIS DE JULHO, RUA",11379,"JUNTAS PROVISORIAS, AV",33,"IPIRANGA",1,0,"JUNTAS PROVISORIAS, AV SAO PAULO SP &  DOIS DE JULHO, RUA SAO PAULO SP",-23.6035256,-46.6020793
"9519","D051300669",21629,"ELISIO CORDEIRO DE SIQUEIRA, AV",NA,"",1200,"","20/05/2013 18:30",2,"CO",33,4741," "," ",0,1,0,0,0,0,0,0,0,0,0,1,0,0,0,0,0,21629,"ELISIO CORDEIRO DE SIQUEIRA, AV",NA,"",31,"GUAIANASES",1,0,"ELISIO CORDEIRO DE SIQUEIRA, AV 1200 SAO PAULO SP",-23.4955336,-46.7465384
"9520","D051301396",42369,"AIRTON SENNA DA SILVA, VIA",NA,"",100,"","20/05/2013 18:30",2,"CL",10,5711," "," ",1,1,0,0,0,0,0,0,0,0,0,0,0,0,0,0,0,42369,"AIRTON SENNA DA SILVA, VIA",NA,"",18,"CANGAIBA",2,0,"AIRTON SENNA DA SILVA, VIA 100 SAO PAULO SP",-23.5190647,-46.5551668
"9522","D051300223",3653,"BRESSER, RUA",NA,"",900,"","20/05/2013 18:30",4,"AT",12,2807," "," ",0,1,0,0,0,0,0,0,0,0,0,0,0,0,0,0,0,3653,"BRESSER, RUA",NA,"",10,"BRAS",1,0,"BRESSER, RUA 900 SAO PAULO SP",-23.5380267,-46.608404
"9523","D051301587",999,"SANTO AMARO, AV",NA,"",6863,"","20/05/2013 18:30",2,"SI",11,5796," "," ",0,1,0,0,0,0,0,0,0,0,0,0,0,0,0,0,0,999,"SANTO AMARO, AV",NA,"",34,"ITAIM BIBI",2,0,"SANTO AMARO, AV 6863 SAO PAULO SP",-23.6407814,-46.6983136
"9524","D051300192",543,"ALCANTARA MACHADO, AV",11492,"KENNEDY, PCA PRES",0,"","20/05/2013 18:53",2,"CO",8,3943," "," ",1,1,0,0,0,0,0,0,0,0,0,0,0,0,0,0,0,543,"ALCANTARA MACHADO, AV",11492,"KENNEDY, PCA PRES",54,"MOOCA",1,0,"ALCANTARA MACHADO, AV SAO PAULO SP &  KENNEDY, PCA PRES SAO PAULO SP",-23.5528151,-46.613419
"9525","D051300792",77501,"JUVENCIO DE ARAUJO FIGUEIREDO, RUA",NA,"",432,"","20/05/2013 19:00",2,"CO",46,2379," "," ",5,1,0,0,0,0,0,0,0,0,0,0,0,0,0,0,0,77501,"JUVENCIO DE ARAUJO FIGUEIREDO, RUA",NA,"",52,"MARSILAC",2,0,"JUVENCIO DE ARAUJO FIGUEIREDO, RUA 432 SAO PAULO SP",-23.407157,-46.7558394
"9526","D051300727",7500,"FRANCISCO MORATO, AV PROF",NA,"",1752,"","20/05/2013 19:20",2,"SI",34,4444," "," ",0,2,0,0,0,0,0,0,0,0,0,0,0,0,0,0,0,7500,"FRANCISCO MORATO, AV PROF",NA,"",12,"BUTANTA",1,0,"FRANCISCO MORATO, AV PROF 1752 SAO PAULO SP",-23.5835119,-46.7159834
"9527","D051301245",15728,"PAULO DE FARIA, RUA",NA,"",182,"","20/05/2013 19:50",4,"AT",39,5413," "," ",1,0,0,0,0,0,0,0,0,0,0,0,0,0,0,0,0,15728,"PAULO DE FARIA, RUA",NA,"",84,"TUCURUVI",1,0,"PAULO DE FARIA, RUA 182 SAO PAULO SP",-23.4799532,-46.6020069
"9528","D051301117",18151,"SEZEFREDO FAGUNDES, AV CEL",NA,"",1740,"","20/05/2013 20:00",4,"AT",20,4775," "," ",0,0,1,0,0,0,0,0,0,0,0,0,0,0,0,0,0,18151,"SEZEFREDO FAGUNDES, AV CEL",NA,"",22,"CIDADE ADEMAR",1,0,"SEZEFREDO FAGUNDES, AV CEL 1740 SAO PAULO SP",-23.4638565,-46.6034168
"9531","D051302219",5049,"CLAUDIO AUGUSTO FERNANDES, AV",NA,"",250,"","20/05/2013 21:20",4,"AT",69,5365," "," ",0,0,0,0,0,0,0,0,0,0,0,0,0,0,0,1,0,5049,"CLAUDIO AUGUSTO FERNANDES, AV",NA,"",55,"MORUMBI",2,0,"CLAUDIO AUGUSTO FERNANDES, AV 250 SAO PAULO SP",-23.6070595,-46.480656
"9532","D051300615",10189,"JOAO CACHOEIRA, RUA",NA,"",1152,"","20/05/2013 21:40",2,"QM",15,5099," "," ",0,1,0,0,0,0,0,0,0,0,0,0,0,0,0,0,0,10189,"JOAO CACHOEIRA, RUA",NA,"",34,"ITAIM BIBI",1,0,"JOAO CACHOEIRA, RUA 1152 SAO PAULO SP",-23.5903615,-46.676154
"9533","D051300650",6471,"SAO VICENTE, AV MARQ DE",1077,"AMERICANOS, RUA DOS",0,"","20/05/2013 21:40",2,"CL",23,3629," "," ",0,1,1,0,0,0,0,0,0,0,0,0,0,0,0,0,0,1077,"AMERICANOS, RUA DOS",12372,"NORMA PIERUCCINI GIANNOTTI, RUA",70,"SANTA CECILIA",2,0,"SAO VICENTE, AV MARQ DE SAO PAULO SP &  AMERICANOS, RUA DOS SAO PAULO SP",-23.518671,-46.6777488
"9534","D051301496",5052,"CLAUDIO FURQUIM, RUA",13805,"MELO PEIXOTO, RUA",0,"","20/05/2013 21:40",4,"AT",52,1576," "," ",1,0,0,0,0,0,0,0,0,0,0,0,0,0,0,0,0,5052,"CLAUDIO FURQUIM, RUA",13805,"MELO PEIXOTO, RUA",82,"TATUAPE",1,0,"CLAUDIO FURQUIM, RUA SAO PAULO SP &  MELO PEIXOTO, RUA SAO PAULO SP",-23.535373,-46.5579895
"9535","D051301046",17799,"SANTOS DUMONT, AV",NA,"",421,"","20/05/2013 21:48",2,"CO",13,5615," "," ",1,0,0,0,1,0,0,0,0,0,0,0,0,0,0,0,0,17799,"SANTOS DUMONT, AV",NA,"",15,"CAMPO BELO",1,0,"SANTOS DUMONT, AV 421 SAO PAULO SP",-23.5086215,-46.6289856
"9536","D051302012",18093,"SERRANA, RUA",NA,"",256,"","20/05/2013 21:51",2,"CH",65,5455," "," ",1,0,0,0,0,0,0,0,0,0,0,0,0,0,0,0,0,18093,"SERRANA, RUA",NA,"",51,"MANDAQUI",2,0,"SERRANA, RUA 256 SAO PAULO SP",-23.5503984,-46.4672651
"9537","D051300326",2984,"BATISTA PEREIRA, RUA PRES",5438,"COSTA PEREIRA, RUA PRES",0,"","20/05/2013 22:14",2,"CL",17,6824," "," ",1,0,0,0,0,0,0,0,0,0,0,1,0,0,0,0,0,2984,"BATISTA PEREIRA, RUA PRES",5438,"COSTA PEREIRA, RUA PRES",14,"CAMBUCI",1,0,"BATISTA PEREIRA, RUA PRES SAO PAULO SP &  COSTA PEREIRA, RUA PRES SAO PAULO SP",-23.5678389,-46.6067041
"9538","D051301614",11063,"JOSE MARIA, AV PDE",17122,"RIO BRANCO, RUA BR DO",0,"","20/05/2013 22:46",4,"AT",11,900102," "," ",0,1,0,0,0,0,0,0,0,0,0,0,0,0,0,0,0,11063,"JOSE MARIA, AV PDE",17122,"RIO BRANCO, RUA BR DO",72,"SANTO AMARO",1,0,"JOSE MARIA, AV PDE SAO PAULO SP &  RIO BRANCO, RUA BR DO SAO PAULO SP",-23.6666035,-47.5854944
"9540","D051300843",13019,"ESCOLA POLITECNICA, AV",NA,"",4930,"","20/05/2013 23:30",2,"CO",51,5102," "," ",1,1,0,0,0,0,0,0,0,0,0,0,0,0,0,0,0,13019,"ESCOLA POLITECNICA, AV",NA,"",40,"JAGUARE",1,0,"ESCOLA POLITECNICA, AV 4930 SAO PAULO SP",-23.5740682,-46.7651555
"9542","D051302095",9044,"RAGUEB CHOHFI, AV",NA,"",1910,"","21/05/2013 05:00",2,"CH",49,7028,"B"," ",1,0,0,0,0,0,0,0,0,0,0,0,0,0,0,0,0,9044,"RAGUEB CHOHFI, AV",NA,"",32,"IGUATEMI",1,0,"RAGUEB CHOHFI, AV 1910 SAO PAULO SP",-23.5988671,-46.4662241
"9543","D051300992",13172,"MARIA CANDIDA, RUA",12656,"MANUEL DE ALMEIDA, RUA",0,"","21/05/2013 06:00",2,"CO",9,2883," "," ",1,1,0,0,0,0,0,0,0,0,0,0,0,0,0,0,0,12656,"MANUEL DE ALMEIDA, RUA",13172,"MARIA CANDIDA, RUA",88,"VILA GUILHERME",2,0,"MARIA CANDIDA, RUA SAO PAULO SP &  MANUEL DE ALMEIDA, RUA SAO PAULO SP",-23.503332,-46.6092835
"9544","D051301835",17820,"TITO, AV MAL",NA,"",911,"","21/05/2013 06:20",2,"CT",22,2458," "," ",0,1,1,0,0,0,0,0,0,0,0,0,0,0,0,0,0,17820,"TITO, AV MAL",NA,"",53,"MOEMA",1,0,"TITO, AV MAL 911 SAO PAULO SP",-23.4950415,-46.4354985
"9545","D051301185",27689,"LUIS CARLOS GENTILE DE LAET, RUA",9170,"INES, AV STA",0,"","21/05/2013 06:21",2,"CO",38,2500," "," ",1,1,0,0,0,0,0,0,0,0,0,0,0,0,0,0,0,9170,"INES, AV STA",27689,"LUIS CARLOS GENTILE DE LAET, RUA",51,"MANDAQUI",1,0,"LUIS CARLOS GENTILE DE LAET, RUA SAO PAULO SP &  INES, AV STA SAO PAULO SP",-23.4570346,-46.6294063
"9546","D051300369",35829,"MOREIRA GUIMARAES, AV",NA,"",884,"","21/05/2013 06:30",2,"CO",27,5318," "," ",1,1,0,0,0,0,0,0,0,0,0,0,0,0,0,0,0,35829,"MOREIRA GUIMARAES, AV",NA,"",24,"CIDADE LIDER",1,0,"MOREIRA GUIMARAES, AV 884 SAO PAULO SP",-23.6137259,-46.6585863
"9547","D051301001",14270,"MORVAN DIAS DE FIGUEIREDO, AV",NA,"",3300,"","21/05/2013 06:30",2,"CO",9,4127," "," ",1,1,0,0,0,0,0,0,0,0,0,0,0,0,0,0,0,29772,"MARGINAL DO RIO TIETE, AV",NA,"",0,"NULL",1,0,"MORVAN DIAS DE FIGUEIREDO, AV 3300 SAO PAULO SP",-23.5232302,-46.601019
"9548","D051301589",6238,"NACOES UNIDAS, AV DAS",NA,"",17321,"","21/05/2013 06:40",2,"QD",11,5807," "," ",0,0,0,0,0,0,0,1,0,0,0,0,0,0,0,0,0,13014,"MARGINAL DO RIO PINHEIROS, AV",NA,"",90,"VILA LEOPOLDINA",1,0,"NACOES UNIDAS, AV DAS 17321 SAO PAULO SP",-23.6791507,-46.6960758
"9549","D051300960",13604,"CANDIDO MOTTA FILHO, AV DR",22198,"RENATO EGIDIO DE SOUZA ARANHA, RUA",0,"","21/05/2013 06:44",2,"SI",93,3229," "," ",1,1,0,0,0,0,0,0,0,0,0,0,0,0,0,0,0,13604,"CANDIDO MOTTA FILHO, AV DR",22198,"RENATO EGIDIO DE SOUZA ARANHA, RUA",68,"RIO PEQUENO",1,0,"CANDIDO MOTTA FILHO, AV DR SAO PAULO SP &  RENATO EGIDIO DE SOUZA ARANHA, RUA SAO PAULO SP",-23.5573771,-46.7626566
"9551","D051300484",8086,"GOMES DE CARVALHO, RUA",NA,"",900,"","21/05/2013 07:13",4,"AT",96,2385," "," ",0,0,0,0,0,0,0,0,0,0,0,1,0,0,0,0,0,8086,"GOMES DE CARVALHO, RUA",NA,"",34,"ITAIM BIBI",1,0,"GOMES DE CARVALHO, RUA 900 SAO PAULO SP",-23.5985825,-46.6819964
"9552","D051302175",28733,"ANA SANTESSO, RUA",2181,"ARICANDUVA, AV",0,"","21/05/2013 07:20",2,"CO",66,1897,"C"," ",1,1,0,0,0,0,0,0,0,0,0,0,0,0,0,0,0,2181,"ARICANDUVA, AV",28733,"ANA SANTESSO, RUA",75,"SAO MATEUS",1,0,"ANA SANTESSO, RUA SAO PAULO SP &  ARICANDUVA, AV SAO PAULO SP",-23.5836194,-46.4944672
"9553","D051300368",10918,"JOSE DINIZ, AV VER",NA,"",3600,"","21/05/2013 07:28",2,"CO",27,5315," "," ",1,1,0,0,0,0,0,0,0,0,0,0,0,0,0,0,0,10918,"JOSE DINIZ, AV VER",NA,"",15,"CAMPO BELO",1,0,"JOSE DINIZ, AV VER 3600 SAO PAULO SP",-23.6166492,-46.6743859
"9555","D051302127",46936,"JACU-PESSEGO/NOVA TRABALHADORE, AV",NA,"",1000,"","21/05/2013 07:30",4,"AT",53,3575," "," ",0,1,0,0,0,0,0,0,0,0,0,1,0,0,0,0,0,46936,"JACU-PESSEGO/NOVA TRABALHADORE, AV",NA,"",46,"JOSE BONIFACIO",2,0,"JACU-PESSEGO/NOVA TRABALHADORE, AV 1000 SAO PAULO SP",-23.5239177,-46.45724
"9556","D051300858",16878,"RAPOSO TAVARES, VIA",NA,"",16500,"","21/05/2013 07:30",2,"CO",75,1737," "," ",1,1,0,0,0,0,0,0,0,0,0,0,0,0,0,0,0,16878,"RAPOSO TAVARES, VIA",NA,"",13,"CACHOEIRINHA",1,0,"RAPOSO TAVARES, VIA 16500 SAO PAULO SP",-23.520952,-48.4927693
"9559","D051300432",13915,"MIGUEL ESTEFANO, AV",NA,"",5515,"","21/05/2013 08:00",2,"CO",83,1178," "," ",1,1,0,0,0,0,0,0,0,0,0,0,0,0,0,0,0,13915,"MIGUEL ESTEFANO, AV",NA,"",27,"CURSINO",1,0,"MIGUEL ESTEFANO, AV 5515 SAO PAULO SP",-23.6570895,-46.6167098
"9560","D051301768",9220,"INTERLAGOS, AV",NA,"",451,"","21/05/2013 08:21",2,"CO",99,2168," "," ",0,1,0,0,0,0,0,0,0,0,0,1,0,0,0,0,0,9220,"INTERLAGOS, AV",NA,"",16,"CAMPO GRANDE",1,0,"INTERLAGOS, AV 451 SAO PAULO SP",-23.6536948,-46.6799762
"9561","D051302002",12156,"LUIZ AYRES, RUA DR",285,"AFONSO PORTO, RUA",0,"","21/05/2013 08:25",2,"CT",65,1744,"C"," ",1,1,0,0,0,0,0,0,0,0,0,0,0,0,0,0,0,285,"AFONSO PORTO, RUA",12156,"LUIZ AYRES, RUA DR",5,"ARTUR ALVIM",1,0,"LUIZ AYRES, RUA DR SAO PAULO SP &  AFONSO PORTO, RUA SAO PAULO SP",-23.5423381,-46.4672547
"9563","D051300121",19764,"VINTE E TRES DE MAIO, AV",NA,"",300,"","21/05/2013 09:36",2,"CT",5,2693," "," ",1,1,0,0,0,0,0,0,0,0,0,0,0,0,0,0,0,19764,"VINTE E TRES DE MAIO, AV",NA,"",17,"CAMPO LIMPO",1,0,"VINTE E TRES DE MAIO, AV 300 SAO PAULO SP",-23.5830744,-46.652254
"9565","D051300827",17822,"SAPETUBA, RUA",16913,"REACAO, RUA",0,"","21/05/2013 10:00",2,"CO",51,2277," "," ",1,1,0,0,0,0,0,0,0,0,0,0,0,0,0,0,0,16913,"REACAO, RUA",17822,"SAPETUBA, RUA",12,"BUTANTA",1,0,"SAPETUBA, RUA SAO PAULO SP &  REACAO, RUA SAO PAULO SP",-23.5733923,-46.7111489
"9566","D051300597",16919,"REBOUCAS, AV",NA,"",3073,"","21/05/2013 10:30",2,"CO",15,2505," "," ",1,1,0,0,0,0,0,0,0,0,0,1,0,0,0,0,0,16919,"REBOUCAS, AV",NA,"",44,"JARDIM PAULISTA",2,0,"REBOUCAS, AV 3073 SAO PAULO SP",-23.5705169,-46.6895166
"9567","D051301710",66029,"JOAO CABANAS, RUA CEL",NA,"",129,"","21/05/2013 10:40",2,"CP",85,2537," "," ",0,0,0,1,0,0,0,0,0,0,0,0,0,0,0,0,0,66029,"JOAO CABANAS, RUA CEL",NA,"",32,"IGUATEMI",1,0,"JOAO CABANAS, RUA CEL 129 SAO PAULO SP",-23.7620487,-46.6853104
"9568","D051300150",23981,"DOMINGO DE SOTO, RUA",19583,"VERGUEIRO, RUA",0,"","21/05/2013 10:40",2,"QM",6,2395," "," ",0,1,0,0,0,0,0,0,0,0,0,0,0,0,0,0,0,19583,"VERGUEIRO, RUA",23981,"DOMINGO DE SOTO, RUA",NA,"",1,0,"DOMINGO DE SOTO, RUA SAO PAULO SP &  VERGUEIRO, RUA SAO PAULO SP",-23.5932235,-46.6286997
"9569","D051302096",64019,"CRISTOVAO DE OLIVEIRA, RUA",2181,"ARICANDUVA, AV",0,"","21/05/2013 10:40",2,"QF",49,7045," "," ",0,0,0,1,0,0,0,0,0,0,0,0,0,0,0,0,0,2181,"ARICANDUVA, AV",64019,"CRISTOVAO DE OLIVEIRA, RUA",75,"SAO MATEUS",1,0,"CRISTOVAO DE OLIVEIRA, RUA SAO PAULO SP &  ARICANDUVA, AV SAO PAULO SP",-23.5887497,-46.4850522
"9570","D051301925",30718,"JOSE MARTINS LISBOA, AV",65494,"TETIXIMIRA, RUA",0,"","21/05/2013 10:50",2,"CL",59,1829," "," ",1,1,0,0,0,0,0,0,0,0,0,0,0,0,0,0,0,30718,"JOSE MARTINS LISBOA, AV",65494,"TETIXIMIRA, RUA",43,"JARDIM HELENA",1,0,"JOSE MARTINS LISBOA, AV SAO PAULO SP &  TETIXIMIRA, RUA SAO PAULO SP",-23.481479,-46.4160044
"9571","D051300296",11958,"LOEFGREEN, RUA",12451,"MACHADO BITENCOURT, RUA",0,"","21/05/2013 11:00",2,"QD",16,6849," "," ",0,0,0,0,0,0,0,1,0,0,0,0,0,0,0,0,0,11958,"LOEFGREEN, RUA",12451,"MACHADO BITENCOURT, RUA",92,"VILA MARIANA",1,0,"LOEFGREEN, RUA SAO PAULO SP &  MACHADO BITENCOURT, RUA SAO PAULO SP",-23.6220341,-46.5693528
"9572","D051300825",16878,"RAPOSO TAVARES, VIA",NA,"",12000,"","21/05/2013 11:30",2,"TB",51,2267," "," ",0,0,0,1,0,0,0,0,0,0,0,0,0,0,0,0,0,16878,"RAPOSO TAVARES, VIA",NA,"",13,"CACHOEIRINHA",1,0,"RAPOSO TAVARES, VIA 12000 SAO PAULO SP",-23.5338555,-48.4306036
"9573","D051301186",44645,"DIREITOS HUMANOS, AV",NA,"",1842,"","21/05/2013 11:30",2,"CO",38,2508," "," ",1,1,0,0,0,0,0,0,0,0,0,0,0,0,0,0,0,44645,"DIREITOS HUMANOS, AV",NA,"",8,"BELEM",1,0,"DIREITOS HUMANOS, AV 1842 SAO PAULO SP",-23.4772437,-46.6423256
"9574","D051301114",18151,"SEZEFREDO FAGUNDES, AV CEL",NA,"",876,"","21/05/2013 11:54",2,"CO",20,4716," "," ",1,1,0,0,0,0,0,0,0,0,0,0,0,0,0,0,0,18151,"SEZEFREDO FAGUNDES, AV CEL",NA,"",22,"CIDADE ADEMAR",1,0,"SEZEFREDO FAGUNDES, AV CEL 876 SAO PAULO SP",-23.4522775,-46.6013327
"9575","D051301325",19719,"JAUPACI, RUA",NA,"",688,"","21/05/2013 13:00",2,"CO",73,5466," "," ",0,0,0,0,1,0,0,0,0,0,0,0,0,0,0,1,0,19719,"JAUPACI, RUA",NA,"",22,"CIDADE ADEMAR",1,0,"JAUPACI, RUA 688 SAO PAULO SP",-23.4517195,-46.5918564
"9576","D051302066",16494,"MIGUEL ACHIOLE DA FONCECA, AV",NA,"",100,"","21/05/2013 13:05",2,"CO",44,3009," "," ",1,0,0,0,1,0,0,0,0,0,0,0,0,0,0,0,0,16494,"MIGUEL ACHIOLE DA FONCECA, AV",NA,"",50,"LIMAO",1,0,"MIGUEL ACHIOLE DA FONCECA, AV 100 SAO PAULO SP",-23.5529967,-46.4054103
"9577","D051300826",21766,"JOSE GERALDO DE LIMA, RUA PROF",NA,"",433,"","21/05/2013 13:20",2,"CF",51,2276," "," ",2,0,0,1,0,0,0,0,0,0,0,0,0,0,0,0,0,21766,"JOSE GERALDO DE LIMA, RUA PROF",NA,"",13,"CACHOEIRINHA",2,0,"JOSE GERALDO DE LIMA, RUA PROF 433 SAO PAULO SP",-23.5761339,-46.7550985
"9578","D051300911",18561,"LUIZ MIGLIANO, RUA DR",NA,"",972,"","21/05/2013 13:40",2,"CL",89,4468," "," ",1,1,0,0,0,0,0,0,0,0,0,0,0,0,0,0,0,18561,"LUIZ MIGLIANO, RUA DR",NA,"",0,"NULL",1,0,"LUIZ MIGLIANO, RUA DR 972 SAO PAULO SP",-23.620331,-46.7424003
"9579","D051301145",13417,"MARINA, AV STA",NA,"",800,"","21/05/2013 14:00",2,"CO",28,2783," "," ",1,1,0,0,0,0,0,0,0,0,0,0,0,0,0,0,0,13417,"MARINA, AV STA",NA,"",6,"BARRA FUNDA",1,0,"MARINA, AV STA 800 SAO PAULO SP",-23.5175394,-46.6898716
"9580","D051300939",5309,"CORIFEU DE AZEVEDO MARQUES, AV",NA,"",2883,"","21/05/2013 14:05",4,"AT",93,2282," "," ",1,1,0,0,0,0,0,0,0,0,0,0,0,0,0,0,0,5309,"CORIFEU DE AZEVEDO MARQUES, AV",NA,"",12,"BUTANTA",2,0,"CORIFEU DE AZEVEDO MARQUES, AV 2883 SAO PAULO SP",-23.570846,-46.7403626
"9581","D051301266",8131,"GONCALVES FIGUEIRA, RUA",NA,"",100,"","21/05/2013 14:10",2,"CO",40,5645," "," ",0,0,0,0,1,0,0,0,0,0,0,0,0,0,0,1,0,8131,"GONCALVES FIGUEIRA, RUA",NA,"",21,"CASA VERDE",1,0,"GONCALVES FIGUEIRA, RUA 100 SAO PAULO SP",-23.4950526,-46.6622134
"9582","D051301518",24338,"LUIZ IGNACIO ANHAIA MELLO, AV PROF",NA,"",675,"","21/05/2013 14:10",2,"QM",56,3375," "," ",0,1,0,0,0,0,0,0,0,0,0,0,0,0,0,0,0,24338,"LUIZ IGNACIO ANHAIA MELLO, AV PROF",NA,"",26,"CONSOLACAO",1,0,"LUIZ IGNACIO ANHAIA MELLO, AV PROF 675 SAO PAULO SP",-23.5845114,-46.586893
"9583","D051301073",25709,"DIAMANTINA, RUA",15131,"GUARANESIA, RUA",0,"","21/05/2013 14:10",2,"CO",19,1907," "," ",1,1,0,0,0,0,0,0,0,0,0,0,0,0,0,0,0,15131,"GUARANESIA, RUA",25709,"DIAMANTINA, RUA",NA,"",1,0,"DIAMANTINA, RUA SAO PAULO SP &  GUARANESIA, RUA SAO PAULO SP",-23.5200423,-46.5909403
"9585","D051301187",44645,"DIREITOS HUMANOS, AV",NA,"",770,"","21/05/2013 14:20",2,"CO",38,2514," "," ",1,1,0,0,0,0,0,0,0,0,0,0,0,0,0,0,0,44645,"DIREITOS HUMANOS, AV",NA,"",8,"BELEM",1,0,"DIREITOS HUMANOS, AV 770 SAO PAULO SP",-23.4831914,-46.6487988
"9587","D051300598",16371,"PIRES DE ANDRADE, PCA CEL",7691,"GABRIEL MONTEIRO DA SILVA, AL",0,"","21/05/2013 14:37",2,"CO",15,2508," "," ",1,1,0,0,0,0,0,0,0,0,0,0,0,0,0,0,0,7691,"GABRIEL MONTEIRO DA SILVA, AL",16371,"PIRES DE ANDRADE, PCA CEL",63,"PINHEIROS",1,0,"PIRES DE ANDRADE, PCA CEL SAO PAULO SP &  GABRIEL MONTEIRO DA SILVA, AL SAO PAULO SP",-23.5761454,-46.6905641