"","id_acidente","codloga","logradouroA","codlogb","logradouroB","alt_num","referencia","data","cod_acid","tipo_acidente","dp","numero_BO","sentido","pista","automovel","moto","onibus","caminhao","bicicleta","moto_taxi","onibus_fretado","onibus_urbano","microonibus","van","vuc","caminhonete","carreta","jipe","outros","sem_informacao","carroca","princ_a","paiA","princ_b","paiB","cod_distrito","distrito","vit_ferida","vit_morta","local","lat","lon"
"9588","D051301524",2944,"BASILIO, RUA MAJ",NA,"",307,"","21/05/2013 14:50",2,"CO",57,2074," "," ",2,0,0,0,0,0,0,0,0,0,0,0,0,0,0,0,0,2944,"BASILIO, RUA MAJ",NA,"",1,"AGUA RASA",2,0,"BASILIO, RUA MAJ 307 SAO PAULO SP",-23.5581269,-46.5833349
"9589","D051300543",5072,"CLELIA, RUA",NA,"",5042,"","21/05/2013 15:00",2,"CO",7,3182," "," ",2,0,0,0,0,0,0,0,0,0,0,0,0,0,0,0,0,5072,"CLELIA, RUA",NA,"",48,"LAPA",1,0,"CLELIA, RUA 5042 SAO PAULO SP",-23.5249704,-46.6908623
"9590","D051302204",17824,"SAPOPEMBA, AV",NA,"",12000,"","21/05/2013 15:21",2,"QD",69,2768," "," ",0,0,0,0,0,0,0,1,0,0,0,0,0,0,0,0,0,17824,"SAPOPEMBA, AV",NA,"",33,"IPIRANGA",1,0,"SAPOPEMBA, AV 12000 SAO PAULO SP",-23.6131325,-46.4925023
"9591","D051300578",14447,"NAZARE PAULISTA, RUA",NA,"",800,"","21/05/2013 15:40",2,"QD",14,5252," "," ",0,0,0,0,0,0,0,1,0,0,0,0,0,0,0,0,0,14447,"NAZARE PAULISTA, RUA",NA,"",2,"ALTO DE PINHEIR",1,0,"NAZARE PAULISTA, RUA 800 SAO PAULO SP",-23.5448737,-46.6972149
"9592","D051301397",43777,"CARVALHO PINTO, AV GOV",NA,"",100,"","21/05/2013 15:57",2,"CO",10,5753," "," ",0,1,0,0,0,0,0,0,0,0,0,1,0,0,0,0,0,43777,"CARVALHO PINTO, AV GOV",NA,"",41,"JARAGUA",1,0,"CARVALHO PINTO, AV GOV 100 SAO PAULO SP",-23.5151205,-46.5490547
"9593","D051301732",13929,"MIGUEL LOPES, RUA",7801,"GASPAR DOS REIS, RUA",0,"","21/05/2013 16:20",2,"CO",92,3227," "," ",1,1,0,0,0,0,0,0,0,0,0,0,0,0,0,0,0,7801,"GASPAR DOS REIS, RUA",13929,"MIGUEL LOPES, RUA",19,"CAPAO REDONDO",1,0,"MIGUEL LOPES, RUA SAO PAULO SP &  GASPAR DOS REIS, RUA SAO PAULO SP",-23.6669137,-46.7647435
"9594","D051300619",6897,"FARIA LIMA, AV BRIG",18552,"TABAPUA, RUA",0,"","21/05/2013 17:30",4,"AT",15,900015," "," ",0,1,0,0,0,0,0,0,0,0,0,0,0,0,0,0,0,6897,"FARIA LIMA, AV BRIG",18552,"TABAPUA, RUA",34,"ITAIM BIBI",1,0,"FARIA LIMA, AV BRIG SAO PAULO SP &  TABAPUA, RUA SAO PAULO SP",-23.5786046,-46.685823
"9595","D051300224",4561,"CASTELO BRANCO, AV PRES",NA,"",3333,"","21/05/2013 17:56",4,"AT",12,2824," "," ",0,1,0,0,0,0,0,0,0,0,0,0,0,0,0,0,0,29772,"MARGINAL DO RIO TIETE, AV",NA,"",6,"BARRA FUNDA",1,0,"CASTELO BRANCO, AV PRES 3333 SAO PAULO SP",-23.5199513,-46.6217445
"9596","D051301785",7917,"GERALDO SANT'ANA, AV SARG",NA,"",200,"","21/05/2013 18:00",4,"AT",99,5841," "," ",1,0,0,0,0,0,0,0,0,0,0,0,0,0,0,0,0,7917,"GERALDO SANT'ANA, AV SARG",NA,"",NA,"",1,0,"GERALDO SANT'ANA, AV SARG 200 SAO PAULO SP",-23.6635491,-46.6895381
"9597","D051301491",5425,"COSTA BARROS, RUA",NA,"",3030,"","21/05/2013 18:05",2,"CO",42,3414," "," ",1,1,0,0,0,0,0,0,0,0,0,0,0,0,0,0,0,5425,"COSTA BARROS, RUA",NA,"",95,"VILA PRUDENTE",1,0,"COSTA BARROS, RUA 3030 SAO PAULO SP",-23.6055675,-46.543267
"9598","D051301267",30803,"ANTONIO VERA CRUZ, RUA",NA,"",222,"","21/05/2013 18:15",4,"AT",40,5654,"C"," ",0,1,0,0,0,0,0,0,0,0,0,0,0,0,0,0,0,30803,"ANTONIO VERA CRUZ, RUA",NA,"",44,"JARDIM PAULISTA",1,0,"ANTONIO VERA CRUZ, RUA 222 SAO PAULO SP",-23.4942476,-46.6638807
"9599","D051300068",8536,"GUSMOES, RUA DOS",NA,"",580,"","21/05/2013 19:00",4,"AT",3,3057," "," ",0,0,0,0,0,0,0,0,0,0,0,0,0,0,0,1,0,8536,"GUSMOES, RUA DOS",NA,"",70,"SANTA CECILIA",1,0,"GUSMOES, RUA DOS 580 SAO PAULO SP",-23.5385444,-46.6416437
"9600","D051301659",17772,"SANT'ANNA, AV COMEN",NA,"",21,"","21/05/2013 19:00",4,"AT",47,6346," "," ",0,0,0,0,0,0,0,0,0,0,0,0,0,0,0,1,0,17772,"SANT'ANNA, AV COMEN",NA,"",29,"FREGUESIA DO O",1,0,"SANT'ANNA, AV COMEN 21 SAO PAULO SP",-23.5200854,-46.7011304
"9601","D051301163",9292,"THEREZINHA DI SPAGNA LOBO, RUA",NA,"",67,"","21/05/2013 19:15",2,"CO",28,5657," "," ",1,1,0,0,0,0,0,0,0,0,0,0,0,0,0,0,0,9292,"THEREZINHA DI SPAGNA LOBO, RUA",NA,"",29,"FREGUESIA DO O",1,0,"THEREZINHA DI SPAGNA LOBO, RUA 67 SAO PAULO SP",-23.4812397,-46.6931157
"9604","D051300806",93813,"RAUL SEIXAS (ANHANGUERA), RUA",NA,"",165,"","21/05/2013 19:30",2,"TB",46,4783," "," ",0,0,0,0,0,0,0,0,0,0,0,1,0,0,0,0,0,93813,"RAUL SEIXAS (ANHANGUERA), RUA",NA,"",3,"ANHANGUERA",1,0,"RAUL SEIXAS (ANHANGUERA), RUA 165 SAO PAULO SP",-23.526363,-46.6528917
"9605","D051302044",7933,"PACAJAS, RUA",20804,"LUIS MATEUS (GUAIANAZES), RUA",0,"","21/05/2013 20:07",2,"CH",103,4127," "," ",0,1,0,0,0,0,0,0,0,0,0,0,0,0,0,0,0,7933,"PACAJAS, RUA",20804,"LUIS MATEUS (GUAIANAZES), RUA",31,"GUAIANASES",2,0,"PACAJAS, RUA SAO PAULO SP &  LUIS MATEUS (GUAIANAZES), RUA SAO PAULO SP",-23.5634151,-46.4202182
"9606","D051300575",8290,"GUALTER, AV S",NA,"",1778,"","21/05/2013 20:10",2,"CO",14,5136," "," ",1,1,0,0,0,0,0,0,0,0,0,0,0,0,0,0,0,8290,"GUALTER, AV S",NA,"",2,"ALTO DE PINHEIR",1,0,"GUALTER, AV S 1778 SAO PAULO SP",-23.5509049,-46.7096671
"9607","D051302198",2181,"ARICANDUVA, AV",NA,"",5555,"","21/05/2013 20:30",2,"CO",66,3586," "," ",1,2,0,0,0,0,0,0,0,0,0,0,0,0,0,0,0,2181,"ARICANDUVA, AV",NA,"",60,"PENHA",2,0,"ARICANDUVA, AV 5555 SAO PAULO SP",-23.5610792,-46.5113397
"9608","D051300048",4561,"CASTELO BRANCO, AV PRES",NA,"",130,"","21/05/2013 21:07",2,"CT",2,3059," "," ",1,1,0,0,0,0,0,0,0,0,0,0,0,0,0,0,0,29772,"MARGINAL DO RIO TIETE, AV",NA,"",6,"BARRA FUNDA",1,0,"CASTELO BRANCO, AV PRES 130 SAO PAULO SP",-23.5211906,-46.6374509
"9609","D051300552",16919,"REBOUCAS, AV",NA,"",3111,"","21/05/2013 21:30",2,"CO",14,2749," "," ",1,1,0,0,0,0,0,0,0,0,0,0,0,0,0,0,0,16919,"REBOUCAS, AV",NA,"",44,"JARDIM PAULISTA",1,0,"REBOUCAS, AV 3111 SAO PAULO SP",-23.5703592,-46.6890136
"9610","D051301468",34122,"MELO FREIRE, RUA",19206,"TUIUTI, RUA",0,"","21/05/2013 21:46",2,"CL",30,3069," "," ",2,1,0,0,0,0,0,0,0,0,0,1,0,0,0,0,0,19206,"TUIUTI, RUA",34122,"MELO FREIRE, RUA",82,"TATUAPE",1,0,"MELO FREIRE, RUA SAO PAULO SP &  TUIUTI, RUA SAO PAULO SP",-23.5391715,-46.5695321
"9612","D051302197",22268,"OSVALDO VALLE CORDEIRO, AV",79033,"ITUA PRETO, RUA",0,"","21/05/2013 22:24",2,"CO",66,3585," "," ",1,1,0,0,0,0,0,0,0,0,0,0,0,0,0,0,0,22268,"OSVALDO VALLE CORDEIRO, AV",79033,"ITUA PRETO, RUA",NA,"",1,0,"OSVALDO VALLE CORDEIRO, AV SAO PAULO SP &  ITUA PRETO, RUA SAO PAULO SP",-23.5590948,-46.4886862
"9613","D051300651",44885,"AURO SOARES DE M.ANDRADE, AV",NA,"",664,"","21/05/2013 22:36",4,"AT",23,3659," "," ",0,0,1,0,0,0,0,0,0,0,0,0,0,0,0,0,0,44885,"AURO SOARES DE M.ANDRADE, AV",NA,"",6,"BARRA FUNDA",1,0,"AURO SOARES DE M.ANDRADE, AV 664 SAO PAULO SP",-23.526747,-46.6664618
"9614","D051302097",13671,"MATEO BEI, AV",NA,"",224,"","21/05/2013 23:00",2,"CH",49,7081," "," ",0,0,0,0,0,0,0,0,0,0,0,1,0,0,0,0,0,13671,"MATEO BEI, AV",NA,"",75,"SAO MATEUS",2,0,"MATEO BEI, AV 224 SAO PAULO SP",-23.585482,-46.4915815
"9615","D051301519",24338,"LUIZ IGNACIO ANHAIA MELLO, AV PROF",NA,"",820,"","21/05/2013 23:40",2,"CO",56,3386," "," ",1,1,0,0,0,0,0,0,0,0,0,0,0,0,0,0,0,24338,"LUIZ IGNACIO ANHAIA MELLO, AV PROF",NA,"",26,"CONSOLACAO",1,0,"LUIZ IGNACIO ANHAIA MELLO, AV PROF 820 SAO PAULO SP",-23.5843818,-46.5852916
"9616","D051301756",5606,"CUPECE, AV",NA,"",5015,"","22/05/2013 00:01",4,"AT",98,5442," "," ",0,1,0,0,0,0,0,0,0,0,0,0,0,0,0,0,0,5606,"CUPECE, AV",NA,"",22,"CIDADE ADEMAR",1,0,"CUPECE, AV 5015 SAO PAULO SP",-23.6780939,-46.6410441
"9618","D051300807",35449,"BANDEIRANTES, VIA DOS",NA,"",28000,"","22/05/2013 02:00",2,"CL",46,4795," "," ",1,0,0,1,0,0,0,0,0,0,0,0,0,0,0,0,0,35449,"BANDEIRANTES, VIA DOS",NA,"",64,"PIRITUBA",1,0,"BANDEIRANTES, VIA DOS 28000 SAO PAULO SP",-23.5962255,-46.6921266
"9622","D051300544",6922,"FAUSTOLO, RUA",NA,"",1,"","22/05/2013 04:50",2,"CO",7,3188," "," ",0,1,1,0,0,0,0,0,0,0,0,0,0,0,0,0,0,6922,"FAUSTOLO, RUA",NA,"",48,"LAPA",1,0,"FAUSTOLO, RUA 1 SAO PAULO SP",-23.5239495,-46.6954185
"9623","D051301812",3509,"BELMIRA MARIN, AV DONA",NA,"",2450,"","22/05/2013 05:30",4,"AT",101,3859," "," ",0,2,0,0,0,0,0,0,0,0,0,0,0,0,0,0,0,3509,"BELMIRA MARIN, AV DONA",NA,"",30,"GRAJAU",1,0,"BELMIRA MARIN, AV DONA 2450 SAO PAULO SP",-23.750822,-46.6882146
"9625","D051300828",16878,"RAPOSO TAVARES, VIA",NA,"",10200,"","22/05/2013 06:20",2,"CO",51,2287," "," ",1,1,0,0,0,0,0,0,0,0,0,0,0,0,0,0,0,16878,"RAPOSO TAVARES, VIA",NA,"",13,"CACHOEIRINHA",2,0,"RAPOSO TAVARES, VIA 10200 SAO PAULO SP",-23.6133809,-46.996041
"9626","D051301258",3813,"CAETANO ALVARES, AV ENG",14120,"BAIA FORMOSA, RUA",0,"","22/05/2013 06:20",4,"AT",40,1671," "," ",0,0,1,0,0,0,0,0,0,0,0,0,0,0,0,0,0,3813,"CAETANO ALVARES, AV ENG",14120,"BAIA FORMOSA, RUA",21,"CASA VERDE",1,0,"CAETANO ALVARES, AV ENG SAO PAULO SP &  BAIA FORMOSA, RUA SAO PAULO SP",-23.4830811,-46.6330478
"9627","D051301590",19931,"WASHINGTON LUIS, AV",NA,"",2333,"","22/05/2013 06:33",2,"CT",11,5857," "," ",1,1,0,0,0,0,0,0,0,0,0,0,0,0,0,0,0,19931,"WASHINGTON LUIS, AV",NA,"",30,"GRAJAU",1,0,"WASHINGTON LUIS, AV 2333 SAO PAULO SP",-23.651446,-46.6842713
"9629","D051301864",954,"AMADOR BUENO DA VEIGA, AV",NA,"",2419,"","22/05/2013 07:35",2,"CO",24,5503," "," ",1,1,0,0,0,0,0,0,0,0,0,0,0,0,0,0,0,954,"AMADOR BUENO DA VEIGA, AV",NA,"",60,"PENHA",1,0,"AMADOR BUENO DA VEIGA, AV 2419 SAO PAULO SP",-23.5229316,-46.5228424
"9631","D051301144",4492,"CAROLINA MARIA DO CARMO, RUA",7562,"FRANCISCO SIQUEIRA BRITO, RUA",0,"","22/05/2013 07:50",2,"CO",28,2738," "," ",1,1,0,0,0,0,0,0,0,0,0,0,0,0,0,0,0,4492,"CAROLINA MARIA DO CARMO, RUA",7562,"FRANCISCO SIQUEIRA BRITO, RUA",29,"FREGUESIA DO O",1,0,"CAROLINA MARIA DO CARMO, RUA SAO PAULO SP &  FRANCISCO SIQUEIRA BRITO, RUA SAO PAULO SP",-23.503864,-46.6921903
"9632","D051301525",4847,"CHAMANTA, RUA",NA,"",694,"","22/05/2013 08:00",2,"SI",57,2080," "," ",1,1,0,0,0,0,0,0,0,0,0,0,0,0,0,0,0,4847,"CHAMANTA, RUA",NA,"",54,"MOOCA",1,0,"CHAMANTA, RUA 694 SAO PAULO SP",-23.5773285,-46.5858403
"9633","D051300962",3376,"BILLINGS, AV ENG",13019,"ESCOLA POLITECNICA, AV",0,"","22/05/2013 08:11",2,"CO",93,3267," "," ",0,2,0,0,0,0,0,0,0,0,0,0,0,0,0,0,0,3376,"BILLINGS, AV ENG",13019,"ESCOLA POLITECNICA, AV",12,"BUTANTA",1,0,"BILLINGS, AV ENG SAO PAULO SP &  ESCOLA POLITECNICA, AV SAO PAULO SP",-23.5355054,-46.7476126
"9634","D051302308",30228,"LEUCIPO, RUA",NA,"",89,"","22/05/2013 09:00",4,"AT",53,3613," "," ",0,1,0,0,0,0,0,0,0,0,0,0,0,0,0,0,0,30228,"LEUCIPO, RUA",NA,"",NA,"",0,1,"LEUCIPO, RUA 89 SAO PAULO SP",-23.5056616,-46.4349368
"9635","D051300545",6544,"ERMANO MARCHETTI, AV",NA,"",600,"","22/05/2013 09:15",4,"AT",7,3195," "," ",0,0,0,0,0,0,0,1,0,0,0,0,0,0,0,0,0,6544,"ERMANO MARCHETTI, AV",NA,"",48,"LAPA",1,0,"ERMANO MARCHETTI, AV 600 SAO PAULO SP",-23.5149692,-46.6979474
"9636","D051300485",6238,"NACOES UNIDAS, AV DAS",NA,"",10,"","22/05/2013 09:45",2,"CL",96,2426," "," ",1,1,0,0,0,0,0,0,0,0,0,0,0,0,0,0,0,13014,"MARGINAL DO RIO PINHEIROS, AV",NA,"",90,"VILA LEOPOLDINA",1,0,"NACOES UNIDAS, AV DAS 10 SAO PAULO SP",-23.5439296,-46.73441
"9637","D051301188",9170,"INES, AV STA",NA,"",916,"","22/05/2013 10:00",2,"CH",38,2533," "," ",1,0,0,0,0,0,0,0,0,0,0,0,0,0,0,0,0,9170,"INES, AV STA",NA,"",51,"MANDAQUI",1,0,"INES, AV STA 916 SAO PAULO SP",-23.4717043,-46.6298767
"9638","D051300888",16838,"RAIMUNDO PEREIRA DE MAGAL., AV",NA,"",1560,"","22/05/2013 10:20",2,"QM",87,4807," "," ",0,1,0,0,0,0,0,0,0,0,0,0,0,0,0,0,0,16838,"RAIMUNDO PEREIRA DE MAGAL., AV",NA,"",31,"GUAIANASES",1,0,"RAIMUNDO PEREIRA DE MAGAL., AV 1560 SAO PAULO SP",-23.506697,-46.7129381
"9639","D051300549",6544,"ERMANO MARCHETTI, AV",NA,"",1058,"","22/05/2013 10:45",2,"CO",7,3693," "," ",0,0,0,0,1,0,0,0,0,0,0,0,0,0,0,1,0,6544,"ERMANO MARCHETTI, AV",NA,"",48,"LAPA",1,0,"ERMANO MARCHETTI, AV 1058 SAO PAULO SP",-23.5137577,-46.7024206
"9640","D051300756",34682,"CAMPO LIMPO, ES DO",19840,"VITOR GABRIEL, AV",0,"","22/05/2013 11:00",2,"CO",37,4013," "," ",1,0,0,0,1,0,0,0,0,0,0,0,0,0,0,0,0,19840,"VITOR GABRIEL, AV",34682,"CAMPO LIMPO, ES DO",NA,"",1,0,"CAMPO LIMPO, ES DO SAO PAULO SP &  VITOR GABRIEL, AV SAO PAULO SP",-23.2019463,-46.785846
"9641","D051301408",15304,"PAES DE BARROS, AV",NA,"",3300,"","22/05/2013 11:20",4,"AT",18,884,"B"," ",0,1,0,0,0,0,0,0,0,0,0,0,0,0,0,0,0,15304,"PAES DE BARROS, AV",NA,"",16,"CAMPO GRANDE",1,0,"PAES DE BARROS, AV 3300 SAO PAULO SP",-23.5797354,-46.5870139
"9643","D051300400",9715,"JABAQUARA, AV",NA,"",3096,"","22/05/2013 11:45",4,"AT",35,4237," "," ",0,0,0,0,0,0,0,0,0,0,0,1,0,0,0,0,0,9715,"JABAQUARA, AV",NA,"",79,"SAUDE",1,0,"JABAQUARA, AV 3096 SAO PAULO SP",-23.6291323,-46.6458674
"9644","D051300576",8714,"HENRIQUE SCHAUMANN, RUA",NA,"",1088,"","22/05/2013 11:55",2,"CO",14,5163," "," ",2,0,0,0,0,0,0,0,0,0,0,0,0,0,0,0,0,8714,"HENRIQUE SCHAUMANN, RUA",NA,"",63,"PINHEIROS",1,0,"HENRIQUE SCHAUMANN, RUA 1088 SAO PAULO SP",-23.5558524,-46.6836065
"9645","D051300020",7122,"FIGUEIRA, RUA DA",NA,"",500,"","22/05/2013 12:00",4,"AT",1,4161," "," ",1,0,0,0,0,0,0,0,0,0,0,0,0,0,0,0,0,7122,"FIGUEIRA, RUA DA",NA,"",10,"BRAS",1,0,"FIGUEIRA, RUA DA 500 SAO PAULO SP",-23.5494595,-46.6255548
"9646","D051301591",19931,"WASHINGTON LUIS, AV",NA,"",1900,"","22/05/2013 12:01",2,"CH",11,5873," "," ",1,0,0,0,0,0,0,0,0,0,0,0,0,0,0,0,0,19931,"WASHINGTON LUIS, AV",NA,"",30,"GRAJAU",1,0,"WASHINGTON LUIS, AV 1900 SAO PAULO SP",-23.6524981,-46.6878981
"9647","D051300151",9148,"INDEPENDENCIA (CAMBUCI), RUA DA",NA,"",889,"","22/05/2013 12:18",2,"CO",6,2426," "," ",0,2,0,0,0,0,0,0,0,0,0,0,0,0,0,0,0,9148,"INDEPENDENCIA (CAMBUCI), RUA DA",NA,"",14,"CAMBUCI",1,0,"INDEPENDENCIA (CAMBUCI), RUA DA 889 SAO PAULO SP",-23.5628704,-46.6211166
"9648","D051301813",3509,"BELMIRA MARIN, AV DONA",NA,"",3710,"","22/05/2013 12:30",2,"CO",101,3860,"C"," ",0,1,0,0,0,0,0,0,0,0,0,0,0,0,0,0,0,3509,"BELMIRA MARIN, AV DONA",NA,"",30,"GRAJAU",1,0,"BELMIRA MARIN, AV DONA 3710 SAO PAULO SP",-23.754111,-46.6805531
"9649","D051300049",6642,"ESTADO, AV DO",NA,"",900,"","22/05/2013 12:30",4,"AT",2,3072," "," ",0,1,0,0,0,0,0,0,0,0,0,0,0,0,0,0,0,6642,"ESTADO, AV DO",NA,"",9,"BOM RETIRO",2,0,"ESTADO, AV DO 900 SAO PAULO SP",-23.5239515,-46.6321446
"9650","D051301359",14270,"MORVAN DIAS DE FIGUEIREDO, AV",NA,"",19,"","22/05/2013 12:30",2,"CH",90,2054," "," ",0,0,0,1,0,0,0,0,0,0,0,0,0,0,0,0,0,29772,"MARGINAL DO RIO TIETE, AV",NA,"",0,"NULL",1,0,"MORVAN DIAS DE FIGUEIREDO, AV 19 SAO PAULO SP",-23.5184148,-46.6264906
"9651","D051301880",1528,"BOTUPORA, RUA",NA,"",1200,"","22/05/2013 12:40",2,"CO",32,2986," "," ",1,1,0,0,0,0,0,0,0,0,0,0,0,0,0,0,0,1528,"BOTUPORA, RUA",NA,"",86,"VILA CURUCA",1,0,"BOTUPORA, RUA 1200 SAO PAULO SP",-23.5395919,-46.440919
"9652","D051301392",13177,"MARIA CARLOTA, RUA",NA,"",204,"","22/05/2013 12:52",2,"CL",10,5520," "," ",1,0,0,0,1,0,0,0,0,0,0,0,0,0,0,0,0,13177,"MARIA CARLOTA, RUA",NA,"",60,"PENHA",1,0,"MARIA CARLOTA, RUA 204 SAO PAULO SP",-23.5232077,-46.5288028
"9653","D051300320",14308,"MUNICIPALIDADES, RUA DAS",NA,"",351,"","22/05/2013 13:27",4,"AT",17,2789," "," ",1,0,0,1,0,0,0,0,0,0,0,0,0,0,0,0,0,14308,"MUNICIPALIDADES, RUA DAS",NA,"",18,"CANGAIBA",1,0,"MUNICIPALIDADES, RUA DAS 351 SAO PAULO SP",-23.5906269,-46.59645
"9654","D051301226",11321,"JULIO BUONO, AV",NA,"",2122,"","22/05/2013 13:30",2,"CO",39,2348," "," ",1,1,0,0,0,0,0,0,0,0,0,0,0,0,0,0,0,11321,"JULIO BUONO, AV",NA,"",94,"VILA MEDEIROS",1,0,"JULIO BUONO, AV 2122 SAO PAULO SP",-23.4822482,-46.5891036
"9655","D051300124",19764,"VINTE E TRES DE MAIO, AV",NA,"",151,"","22/05/2013 13:40",2,"CO",5,2740," "," ",0,1,0,0,0,0,0,0,0,0,0,0,0,0,0,0,0,19764,"VINTE E TRES DE MAIO, AV",NA,"",NA,"",1,0,"VINTE E TRES DE MAIO, AV 151 SAO PAULO SP",-23.5507514,-46.6376711
"9656","D051300079",19764,"VINTE E TRES DE MAIO, AV",NA,"",11,"","22/05/2013 13:47",2,"CT",3,4154," "," ",1,1,0,0,0,0,0,0,0,0,0,0,0,0,0,0,0,19764,"VINTE E TRES DE MAIO, AV",NA,"",NA,"",1,0,"VINTE E TRES DE MAIO, AV 11 SAO PAULO SP",-23.5512034,-46.6377673
"9657","D051301865",13881,"MIGUEL, AV S",NA,"",2850,"","22/05/2013 14:00",4,"AT",24,5519," "," ",0,1,0,0,0,0,0,0,0,0,0,0,0,0,0,0,0,13881,"MIGUEL, AV S",NA,"",65,"PONTE RASA",1,0,"MIGUEL, AV S 2850 SAO PAULO SP",-23.5106283,-46.503748
"9659","D051300122",19583,"VERGUEIRO, RUA",NA,"",133,"","22/05/2013 15:00",2,"CO",5,2729,"B"," ",1,1,0,0,0,0,0,0,0,0,0,0,0,0,0,0,0,19583,"VERGUEIRO, RUA",NA,"",33,"IPIRANGA",1,0,"VERGUEIRO, RUA 133 SAO PAULO SP",-23.5631395,-46.6387801
"9660","D051302052",15970,"PEDRO RABELO, RUA",NA,"",632,"","22/05/2013 15:39",2,"CO",41,2630," "," ",1,1,0,0,0,0,0,0,0,0,0,0,0,0,0,0,0,15970,"PEDRO RABELO, RUA",NA,"",27,"CURSINO",1,0,"PEDRO RABELO, RUA 632 SAO PAULO SP",-23.5847127,-46.5055497
"9662","D051302199",23730,"CELSO PACHECO BENTIM, RUA DR",NA,"",247,"","22/05/2013 15:47",2,"CO",66,3610," "," ",1,1,0,0,0,0,0,0,0,0,0,0,0,0,0,0,0,23730,"CELSO PACHECO BENTIM, RUA DR",NA,"",38,"JACANA",1,0,"CELSO PACHECO BENTIM, RUA DR 247 SAO PAULO SP",-23.5699915,-46.4866922
"9663","D051301936",3546,"BOTURUSSU, AV",NA,"",132,"","22/05/2013 16:10",2,"CL",62,2058,"C"," ",1,1,0,0,0,0,0,0,0,0,0,0,0,0,0,0,0,3546,"BOTURUSSU, AV",NA,"",28,"ERMELINO MATARA",1,0,"BOTURUSSU, AV 132 SAO PAULO SP",-23.5063081,-46.4884452
"9664","D051301115",19884,"VOLUNTARIOS DA PATRIA, RUA",NA,"",3262,"","22/05/2013 17:00",2,"CO",20,4764,"C"," ",1,1,0,0,0,0,0,0,0,0,0,0,0,0,0,0,0,19884,"VOLUNTARIOS DA PATRIA, RUA",NA,"",8,"BELEM",1,0,"VOLUNTARIOS DA PATRIA, RUA 3262 SAO PAULO SP",-23.491531,-46.6260262
"9665","D051301189",14811,"NOVE DE NOVEMBRO, RUA",NA,"",154,"","22/05/2013 17:15",2,"CO",38,2547," "," ",1,1,0,0,0,0,0,0,0,0,0,0,0,0,0,0,0,14811,"NOVE DE NOVEMBRO, RUA",NA,"",13,"CACHOEIRINHA",1,0,"NOVE DE NOVEMBRO, RUA 154 SAO PAULO SP",-23.4707122,-46.6581212
"9667","D051301134",6275,"EDUARDO ZUMKELLER, RUA",NA,"",226,"","22/05/2013 17:20",2,"QF",20,5487," "," ",0,0,0,0,0,0,0,1,0,0,0,0,0,0,0,0,0,6275,"EDUARDO ZUMKELLER, RUA",NA,"",8,"BELEM",1,0,"EDUARDO ZUMKELLER, RUA 226 SAO PAULO SP",-23.4754928,-46.6359209
"9668","D051301592",1085,"AMERICO BRASILIENSE, RUA",NA,"",1800,"","22/05/2013 17:44",2,"CO",11,5898," "," ",1,1,0,0,0,0,0,0,0,0,0,0,0,0,0,0,0,1085,"AMERICO BRASILIENSE, RUA",NA,"",72,"SANTO AMARO",1,0,"AMERICO BRASILIENSE, RUA 1800 SAO PAULO SP",-23.6304069,-46.703728
"9669","D051301628",33015,"SADAMU INOUE, AV",NA,"",4500,"","22/05/2013 17:50",4,"AT",25,3878," "," ",0,1,0,0,0,0,0,0,0,0,0,0,0,0,0,0,0,33015,"SADAMU INOUE, AV",NA,"",76,"SAO MIGUEL",1,0,"SADAMU INOUE, AV 4500 SAO PAULO SP",-23.7996719,-46.7327558
"9670","D051301502",4618,"CATIGUA, RUA",6961,"FILIPE CAMARAO, RUA",0,"","22/05/2013 17:55",2,"CO",52,5812," "," ",0,0,0,0,1,0,0,0,0,0,0,1,0,0,0,0,0,4618,"CATIGUA, RUA",6961,"FILIPE CAMARAO, RUA",82,"TATUAPE",1,0,"CATIGUA, RUA SAO PAULO SP &  FILIPE CAMARAO, RUA SAO PAULO SP",-23.5402011,-46.5782071
"9671","D051301049",15038,"ORDEM E PROGRESSO, AV",NA,"",1020,"","22/05/2013 18:15",4,"AT",13,5711,"B"," ",1,0,0,0,0,0,0,0,0,0,0,0,0,0,0,0,0,15038,"ORDEM E PROGRESSO, AV",NA,"",35,"ITAIM PAULISTA",1,0,"ORDEM E PROGRESSO, AV 1020 SAO PAULO SP",-23.5188286,-46.6672041
"9672","D051301116",19884,"VOLUNTARIOS DA PATRIA, RUA",NA,"",4873,"","22/05/2013 18:20",4,"AT",20,4766," "," ",1,0,0,0,0,0,0,0,0,0,0,0,0,0,0,0,0,19884,"VOLUNTARIOS DA PATRIA, RUA",NA,"",8,"BELEM",2,0,"VOLUNTARIOS DA PATRIA, RUA 4873 SAO PAULO SP",-23.4791547,-46.6326983
"9673","D051300808",18262,"SILVIO DE CAMPOS, AV DR",30279,"FRANCISCO JOSE DE BARROS, RUA",0,"","22/05/2013 18:30",2,"CO",46,4826," "," ",2,0,0,0,0,0,0,0,0,0,0,0,0,0,0,0,0,18262,"SILVIO DE CAMPOS, AV DR",30279,"FRANCISCO JOSE DE BARROS, RUA",NA,"",1,0,"SILVIO DE CAMPOS, AV DR SAO PAULO SP &  FRANCISCO JOSE DE BARROS, RUA SAO PAULO SP",-23.4061492,-46.75402