"","id_acidente","codloga","logradouroA","codlogb","logradouroB","alt_num","referencia","data","cod_acid","tipo_acidente","dp","numero_BO","sentido","pista","automovel","moto","onibus","caminhao","bicicleta","moto_taxi","onibus_fretado","onibus_urbano","microonibus","van","vuc","caminhonete","carreta","jipe","outros","sem_informacao","carroca","princ_a","paiA","princ_b","paiB","cod_distrito","distrito","vit_ferida","vit_morta","local","lat","lon"
"9674","D051300502",7708,"GAIVOTA, RUA",10834,"JOSE CANDIDO DE SOUZA, RUA DR",0,"","22/05/2013 18:30",2,"CT",96,5481," "," ",2,0,0,0,0,0,0,0,0,0,0,0,0,0,0,0,0,7708,"GAIVOTA, RUA",10834,"JOSE CANDIDO DE SOUZA, RUA DR",53,"MOEMA",1,0,"GAIVOTA, RUA SAO PAULO SP &  JOSE CANDIDO DE SOUZA, RUA DR SAO PAULO SP",-24.2085409,-46.8329304
"9675","D051300246",10101,"JOAO, AV S",8023,"GLETE, AL",0,"","22/05/2013 18:30",4,"AT",77,2209," "," ",0,1,0,0,0,0,0,0,0,0,0,0,0,0,0,0,0,8023,"GLETE, AL",10101,"JOAO, AV S",70,"SANTA CECILIA",1,0,"JOAO, AV S SAO PAULO SP &  GLETE, AL SAO PAULO SP",-23.54057,-46.6434402
"9676","D051300197",11046,"TIETE, PCA BR DE",NA,"",10,"","22/05/2013 18:36",2,"QM",8,4052," "," ",0,1,0,0,0,0,0,0,0,0,0,0,0,0,0,0,0,11046,"TIETE, PCA BR DE",NA,"",54,"MOOCA",1,0,"TIETE, PCA BR DE 10 SAO PAULO SP",-23.5466984,-46.594376
"9677","D051302098",9044,"RAGUEB CHOHFI, AV",36068,"MARIA APARECIDA CUSTODIO, RUA",0,"","22/05/2013 18:55",4,"AT",49,7107," "," ",0,0,0,0,0,0,0,0,0,0,0,1,0,0,0,0,0,9044,"RAGUEB CHOHFI, AV",22915,"FORTE DE SANTOS, RUA",75,"SAO MATEUS",1,0,"RAGUEB CHOHFI, AV SAO PAULO SP &  MARIA APARECIDA CUSTODIO, RUA SAO PAULO SP",-23.5962789,-46.4358414
"9678","D051301786",13035,"MIGUEL YUNES, RUA",NA,"",581,"","22/05/2013 19:00",2,"CO",99,5900," "," ",2,0,0,0,0,0,0,0,0,0,0,0,0,0,0,0,0,13035,"MIGUEL YUNES, RUA",NA,"",16,"CAMPO GRANDE",1,0,"MIGUEL YUNES, RUA 581 SAO PAULO SP",-23.6945516,-46.6805183
"9680","D051300104",5245,"CONSOLACAO, RUA DA",NA,"",1376,"","22/05/2013 19:00",2,"CO",4,4365," "," ",1,2,0,0,0,0,0,0,0,0,0,0,0,0,0,0,0,5245,"CONSOLACAO, RUA DA",NA,"",26,"CONSOLACAO",1,0,"CONSOLACAO, RUA DA 1376 SAO PAULO SP",-23.5499278,-46.6542628
"9681","D051300198",543,"ALCANTARA MACHADO, AV",NA,"",630,"","22/05/2013 19:00",2,"CH",8,4071," "," ",1,0,0,0,0,0,0,0,0,0,0,0,0,0,0,0,0,543,"ALCANTARA MACHADO, AV",NA,"",10,"BRAS",1,0,"ALCANTARA MACHADO, AV 630 SAO PAULO SP",-23.5526244,-46.6189918
"9683","D051301012",5567,"CRUZEIRO DO SUL, AV",NA,"",1700,"","22/05/2013 19:20",4,"AT",9,5819," "," ",1,0,0,0,0,0,0,0,0,0,0,0,0,0,0,0,0,5567,"CRUZEIRO DO SUL, AV",NA,"",5,"ARTUR ALVIM",1,0,"CRUZEIRO DO SUL, AV 1700 SAO PAULO SP",-23.5154613,-46.6249797
"9684","D051301364",27099,"DUTRA, VIA PRES",NA,"",22800,"","22/05/2013 19:30",4,"AT",90,4768," "," ",1,0,0,0,0,0,0,0,0,0,0,0,0,0,0,0,0,27099,"DUTRA, VIA PRES",NA,"",36,"ITAQUERA",1,0,"DUTRA, VIA PRES 22800 SAO PAULO SP",-22.5440862,-44.7846755
"9686","D051301866",4128,"CANGAIBA, AV",NA,"",3934,"","22/05/2013 19:34",4,"AT",24,5535," "," ",0,0,1,0,0,0,0,0,0,0,0,0,0,0,0,0,0,4128,"CANGAIBA, AV",NA,"",18,"CANGAIBA",1,0,"CANGAIBA, AV 3934 SAO PAULO SP",-23.5053729,-46.5190066
"9687","D051301085",29772,"MARGINAL DO RIO TIETE, AV",NA,"",17500,"","22/05/2013 19:38",2,"CT",19,4772," "," ",2,0,0,0,0,0,0,0,0,0,0,0,0,0,0,0,0,29772,"MARGINAL DO RIO TIETE, AV",NA,"",13,"CACHOEIRINHA",3,0,"MARGINAL DO RIO TIETE, AV 17500 SAO PAULO SP",-23.52257,-46.7501547
"9688","D051300254",1356,"ANGELICA, AV",NA,"",750,"","22/05/2013 20:00",4,"AT",77,4373," "," ",0,0,0,0,0,0,0,0,0,0,0,1,0,0,0,0,0,1356,"ANGELICA, AV",NA,"",70,"SANTA CECILIA",1,0,"ANGELICA, AV 750 SAO PAULO SP",-23.5393197,-46.655162
"9689","D051302099",13671,"MATEO BEI, AV",NA,"",3149,"","22/05/2013 20:13",4,"AT",49,7117," "," ",0,0,1,0,0,0,0,0,0,0,0,0,0,0,0,0,0,13671,"MATEO BEI, AV",NA,"",75,"SAO MATEUS",1,0,"MATEO BEI, AV 3149 SAO PAULO SP",-23.6083778,-46.4778984
"9691","D051301593",4121,"SOCRATES, RUA",NA,"",186,"","22/05/2013 21:00",2,"CT",11,5904," "," ",1,1,0,0,0,0,0,0,0,0,0,0,0,0,0,0,0,4121,"SOCRATES, RUA",NA,"",16,"CAMPO GRANDE",1,0,"SOCRATES, RUA 186 SAO PAULO SP",-23.6560927,-46.691612
"9692","D051301204",9078,"IMIRIM, AV",NA,"",4000,"","22/05/2013 21:23",2,"QM",38,4686," "," ",0,1,0,0,0,0,0,0,0,0,0,0,0,0,0,0,0,9078,"IMIRIM, AV",NA,"",71,"SANTANA",1,0,"IMIRIM, AV 4000 SAO PAULO SP",-23.4773588,-46.6626643
"9693","D051301326",10059,"JERONIMO FURTADO, RUA GAL",NA,"",700,"","22/05/2013 21:40",2,"CO",73,5491," "," ",1,1,0,0,0,0,0,0,0,0,0,0,0,0,0,0,0,10059,"JERONIMO FURTADO, RUA GAL",NA,"",38,"JACANA",1,0,"JERONIMO FURTADO, RUA GAL 700 SAO PAULO SP",-23.4646894,-46.5692947
"9694","D051300970",831,"ALTINO, AV PRES",NA,"",2301,"","22/05/2013 21:41",2,"CO",93,3694," "," ",0,1,0,1,0,0,0,0,0,0,0,0,0,0,0,0,0,831,"ALTINO, AV PRES",NA,"",40,"JAGUARE",1,0,"ALTINO, AV PRES 2301 SAO PAULO SP",-23.5356524,-46.7552344
"9695","D051301048",10712,"JORGE VALIM, RUA",NA,"",351,"","22/05/2013 22:10",4,"AT",13,5708," "," ",1,0,0,0,0,0,0,0,0,0,0,0,0,0,0,0,0,10712,"JORGE VALIM, RUA",NA,"",21,"CASA VERDE",1,0,"JORGE VALIM, RUA 351 SAO PAULO SP",-23.4968807,-46.6462603
"9696","D051301484",16826,"RAIMUNDO, RUA S",NA,"",5300,"","22/05/2013 22:15",2,"CO",42,1918," "," ",1,1,0,0,0,0,0,0,0,0,0,0,0,0,0,0,0,16826,"RAIMUNDO, RUA S",NA,"",26,"CONSOLACAO",1,0,"RAIMUNDO, RUA S 5300 SAO PAULO SP",-23.6059924,-46.5479054
"9697","D051301487",2750,"BALTAR, RUA",NA,"",1027,"","22/05/2013 22:22",2,"CO",42,3087," "," ",3,0,0,0,0,0,0,0,0,0,0,0,0,0,0,0,0,2750,"BALTAR, RUA",NA,"",95,"VILA PRUDENTE",1,0,"BALTAR, RUA 1027 SAO PAULO SP",-23.6055283,-46.5656015
"9698","D051301284",99571,"MARCIO MUNHOS, AV DR",NA,"",10,"","22/05/2013 23:00",4,"AT",45,4684," "," ",0,0,0,0,0,0,0,0,0,0,0,1,0,0,0,0,0,99571,"MARCIO MUNHOS, AV DR",NA,"",4,"ARICANDUVA",1,0,"MARCIO MUNHOS, AV DR 10 SAO PAULO SP",-23.4744361,-46.684374
"9699","D051300050",6642,"ESTADO, AV DO",NA,"",500,"","22/05/2013 23:09",2,"CO",2,3086," "," ",0,2,0,0,0,0,0,0,0,0,0,0,0,0,0,0,1,6642,"ESTADO, AV DO",NA,"",9,"BOM RETIRO",1,0,"ESTADO, AV DO 500 SAO PAULO SP",-23.5416045,-46.6286417
"9700","D051300070",11883,"LIMEIRA, AL BR DE",4659,"CAXIAS, AV DUQ DE",0,"","22/05/2013 23:47",4,"AT",3,3087," "," ",0,0,0,0,0,0,0,0,0,0,0,0,0,0,0,1,0,4659,"CAXIAS, AV DUQ DE",11883,"LIMEIRA, AL BR DE",67,"REPUBLICA",1,0,"LIMEIRA, AL BR DE SAO PAULO SP &  CAXIAS, AV DUQ DE SAO PAULO SP",-23.5390841,-46.6438827
"9702","D051301118",19884,"VOLUNTARIOS DA PATRIA, RUA",22266,"LUIS LUSTOSA DA SILVA, RUA DR",0,"","23/05/2013 01:15",4,"AT",20,4785," "," ",1,0,0,0,0,0,0,0,0,0,0,0,0,0,0,0,0,19884,"VOLUNTARIOS DA PATRIA, RUA",22266,"LUIS LUSTOSA DA SILVA, RUA DR",71,"SANTANA",1,0,"VOLUNTARIOS DA PATRIA, RUA SAO PAULO SP &  LUIS LUSTOSA DA SILVA, RUA DR SAO PAULO SP",-23.5033096,-46.6263934
"9703","D051302263",16878,"RAPOSO TAVARES, VIA",NA,"",10900,"","23/05/2013 02:00",2,"QM",14,5188," "," ",0,1,0,0,0,0,0,0,0,0,0,0,0,0,0,0,0,16878,"RAPOSO TAVARES, VIA",NA,"",13,"CACHOEIRINHA",0,1,"RAPOSO TAVARES, VIA 10900 SAO PAULO SP",-23.533371,-48.4197023
"9704","D051300844",855,"ALVARENGA, RUA",18783,"TEIXEIRA SOARES, RUA ENG",0,"","23/05/2013 03:20",2,"CT",51,5190," "," ",2,0,0,0,0,0,0,0,0,0,0,0,0,0,0,0,0,855,"ALVARENGA, RUA",18783,"TEIXEIRA SOARES, RUA ENG",12,"BUTANTA",1,0,"ALVARENGA, RUA SAO PAULO SP &  TEIXEIRA SOARES, RUA ENG SAO PAULO SP",-23.56847,-46.7117265
"9705","D051301770",9220,"INTERLAGOS, AV",NA,"",635,"","23/05/2013 04:50",2,"CO",99,3200," "," ",0,0,0,0,0,0,0,0,1,0,0,1,0,0,0,0,0,9220,"INTERLAGOS, AV",NA,"",16,"CAMPO GRANDE",4,0,"INTERLAGOS, AV 635 SAO PAULO SP",-23.6597557,-46.6793765
"9706","D051302229",12895,"ANTONIO MARQUES JULIAO, RUA",NA,"",400,"","23/05/2013 06:05",4,"AT",70,2582," "," ",0,1,0,0,0,0,0,0,0,0,0,0,0,0,0,0,0,12895,"ANTONIO MARQUES JULIAO, RUA",NA,"",74,"SAO LUCAS",1,0,"ANTONIO MARQUES JULIAO, RUA 400 SAO PAULO SP",-23.601933,-46.5401643
"9707","D051300759",99949,"CARLOS CALDEIRA FILHO, AV",29443,"CAPO-ERE, RUA",0,"","23/05/2013 06:15",2,"CO",37,4047," "," ",1,1,0,0,0,0,0,0,0,0,0,0,0,0,0,0,0,29443,"CAPO-ERE, RUA",99949,"CARLOS CALDEIRA FILHO, AV",NA,"",1,0,"CARLOS CALDEIRA FILHO, AV SAO PAULO SP &  CAPO-ERE, RUA SAO PAULO SP",-23.6481998,-46.7582692
"9708","D051301636",5606,"CUPECE, AV",NA,"",1886,"","23/05/2013 06:30",4,"AT",43,2096," "," ",1,0,0,0,0,0,0,0,0,0,0,0,0,0,0,0,0,5606,"CUPECE, AV",NA,"",22,"CIDADE ADEMAR",1,0,"CUPECE, AV 1886 SAO PAULO SP",-23.6600395,-46.6650384
"9710","D051301771",6238,"NACOES UNIDAS, AV DAS",NA,"",22265,"","23/05/2013 07:30",2,"CO",99,2206," "," ",0,1,0,0,0,0,0,0,0,0,0,0,0,0,0,0,0,13014,"MARGINAL DO RIO PINHEIROS, AV",NA,"",90,"VILA LEOPOLDINA",1,0,"NACOES UNIDAS, AV DAS 22265 SAO PAULO SP",-23.6791496,-46.6960554
"9712","D051300829",296,"AFRANIO PEIXOTO, AV",NA,"",280,"","23/05/2013 07:50",2,"QM",51,2315," "," ",0,1,0,0,0,0,0,0,0,0,0,0,0,0,0,0,0,296,"AFRANIO PEIXOTO, AV",NA,"",12,"BUTANTA",1,0,"AFRANIO PEIXOTO, AV 280 SAO PAULO SP",-23.5666833,-46.7101569
"9713","D051301405",13177,"MARIA CARLOTA, RUA",NA,"",36,"","23/05/2013 08:00",2,"CO",10,6163," "," ",1,1,0,0,0,0,0,0,0,0,0,0,0,0,0,0,0,13177,"MARIA CARLOTA, RUA",NA,"",60,"PENHA",1,0,"MARIA CARLOTA, RUA 36 SAO PAULO SP",-23.521839,-46.5290317
"9714","D051300670",1232,"ANASTACIO, AV DO",NA,"",285,"","23/05/2013 08:05",2,"CO",33,4834," "," ",1,0,0,0,1,0,0,0,0,0,0,0,0,0,0,0,0,1232,"ANASTACIO, AV DO",NA,"",73,"SAO DOMINGOS",1,0,"ANASTACIO, AV DO 285 SAO PAULO SP",-23.505844,-46.7335084
"9715","D051301823",17110,"RIO BONITO, AV DO",NA,"",2663,"","23/05/2013 08:20",2,"CO",102,1444," "," ",2,0,0,0,0,0,0,0,0,0,0,1,0,0,0,0,0,17110,"RIO BONITO, AV DO",NA,"",32,"IGUATEMI",1,0,"RIO BONITO, AV DO 2663 SAO PAULO SP",-23.6961313,-46.7014477
"9716","D051300021",6642,"ESTADO, AV DO",NA,"",3974,"","23/05/2013 08:30",2,"QM",1,4178," "," ",0,1,0,0,0,0,0,0,0,0,0,0,0,0,0,0,0,6642,"ESTADO, AV DO",NA,"",9,"BOM RETIRO",1,0,"ESTADO, AV DO 3974 SAO PAULO SP",-23.5475746,-46.629171
"9717","D051300051",17507,"RUDGE, AV",NA,"",1098,"","23/05/2013 08:55",2,"QD",2,3093," "," ",0,0,0,0,0,0,0,1,0,0,0,0,0,0,0,0,0,17507,"RUDGE, AV",NA,"",70,"SANTA CECILIA",1,0,"RUDGE, AV 1098 SAO PAULO SP",-23.5189881,-46.6528541
"9718","D051300994",36061,"LUIZ DUMONT VILLARES, AV",NA,"",623,"","23/05/2013 09:30",4,"AT",9,2935," "," ",1,0,0,0,0,0,0,0,0,0,0,0,0,0,0,0,0,36061,"LUIZ DUMONT VILLARES, AV",NA,"",22,"CIDADE ADEMAR",1,0,"LUIZ DUMONT VILLARES, AV 623 SAO PAULO SP",-23.4939156,-46.6115208
"9719","D051300225",5567,"CRUZEIRO DO SUL, AV",NA,"",359,"","23/05/2013 09:39",4,"AT",12,2852," "," ",0,0,0,0,0,0,0,0,0,0,0,1,0,0,0,0,0,5567,"CRUZEIRO DO SUL, AV",NA,"",5,"ARTUR ALVIM",1,0,"CRUZEIRO DO SUL, AV 359 SAO PAULO SP",-23.5285347,-46.6256851
"9720","D051301937",16634,"ABEL TAVARES, AV",NA,"",997,"","23/05/2013 09:40",2,"CL",62,2072," "," ",1,1,0,0,0,0,0,0,0,0,0,0,0,0,0,0,0,16634,"ABEL TAVARES, AV",NA,"",28,"ERMELINO MATARA",1,0,"ABEL TAVARES, AV 997 SAO PAULO SP",-23.4908434,-46.4697282
"9722","D051301327",17728,"SANATORIO, AV",26804,"APERIBE, RUA",0,"","23/05/2013 10:30",4,"AT",73,5505," "," ",1,0,0,0,0,0,0,0,0,0,0,0,0,0,0,0,0,17728,"SANATORIO, AV",26804,"APERIBE, RUA",NA,"",1,0,"SANATORIO, AV SAO PAULO SP &  APERIBE, RUA SAO PAULO SP",-23.4696865,-46.5651743
"9723","D051301682",9220,"INTERLAGOS, AV",NA,"",5115,"","23/05/2013 10:59",2,"CO",48,1961," "," ",1,1,0,0,0,0,0,0,0,0,0,0,0,0,0,0,0,9220,"INTERLAGOS, AV",NA,"",16,"CAMPO GRANDE",1,0,"INTERLAGOS, AV 5115 SAO PAULO SP",-23.6906253,-46.6976871
"9724","D051302185",68271,"MANUEL PINHEIRO DE ALBUQUERQUE, RUA",NA,"",195,"","23/05/2013 11:00",2,"CO",66,2246," "," ",1,1,0,0,0,0,0,0,0,0,0,0,0,0,0,0,0,68271,"MANUEL PINHEIRO DE ALBUQUERQUE, RUA",NA,"",38,"JACANA",1,0,"MANUEL PINHEIRO DE ALBUQUERQUE, RUA 195 SAO PAULO SP",-23.5557528,-46.4955604
"9725","D051301418",6,"ABADIANIA, RUA",NA,"",923,"","23/05/2013 11:10",2,"CL",21,1758," "," ",1,1,0,0,0,0,0,0,0,0,0,0,0,0,0,0,0,6,"ABADIANIA, RUA",NA,"",93,"VILA MATILDE",1,0,"ABADIANIA, RUA 923 SAO PAULO SP",-23.5380328,-46.5158943
"9726","D051300639",4561,"CASTELO BRANCO, AV PRES",NA,"",8500,"","23/05/2013 11:24",2,"CO",23,2942," "," ",1,1,0,0,0,0,0,0,0,0,0,0,0,0,0,0,0,29772,"MARGINAL DO RIO TIETE, AV",NA,"",6,"BARRA FUNDA",1,0,"CASTELO BRANCO, AV PRES 8500 SAO PAULO SP",-23.5107983,-46.6853317
"9727","D051302310",17824,"SAPOPEMBA, AV",NA,"",15850,"","23/05/2013 12:00",2,"CO",55,2030," "," ",0,1,0,1,0,0,0,0,0,0,0,0,0,0,0,0,0,17824,"SAPOPEMBA, AV",NA,"",33,"IPIRANGA",0,1,"SAPOPEMBA, AV 15850 SAO PAULO SP",-23.6227178,-46.4489902
"9728","D051300912",13014,"MARGINAL DO RIO PINHEIROS, AV",NA,"",14000,"","23/05/2013 12:00",2,"SI",89,4539," "," ",0,0,0,0,0,0,0,0,0,0,0,0,0,0,0,1,0,13014,"MARGINAL DO RIO PINHEIROS, AV",NA,"",40,"JAGUARE",1,0,"MARGINAL DO RIO PINHEIROS, AV 14000 SAO PAULO SP",-23.5604208,-46.6574734
"9729","D051301398",4128,"CANGAIBA, AV",NA,"",950,"","23/05/2013 12:00",2,"CO",10,5840," "," ",2,0,0,0,0,0,0,0,0,0,0,0,0,0,0,0,0,4128,"CANGAIBA, AV",NA,"",18,"CANGAIBA",1,0,"CANGAIBA, AV 950 SAO PAULO SP",-23.5116918,-46.5445993
"9730","D051300022",7204,"FLORENCIO DE ABREU, RUA",NA,"",344,"","23/05/2013 12:26",4,"AT",1,4191," "," ",1,0,0,0,0,0,0,0,0,0,0,0,0,0,0,0,0,7204,"FLORENCIO DE ABREU, RUA",NA,"",8,"BELEM",1,0,"FLORENCIO DE ABREU, RUA 344 SAO PAULO SP",-23.5410332,-46.6327301
"9731","D051301409",332,"AGOSTINHO LATTARI, RUA",6027,"DOMINGOS DA FONSECA, RUA",0,"","23/05/2013 12:30",4,"AT",18,891," "," ",3,1,0,0,0,0,0,0,0,0,0,2,0,0,0,0,0,332,"AGOSTINHO LATTARI, RUA",6027,"DOMINGOS DA FONSECA, RUA",54,"MOOCA",1,0,"AGOSTINHO LATTARI, RUA SAO PAULO SP &  DOMINGOS DA FONSECA, RUA SAO PAULO SP",-23.5785317,-46.5917601
"9732","D051301837",19824,"MOACIR DANTAS ITAPICURU, AV",NA,"",63,"","23/05/2013 13:01",2,"CO",22,2511," "," ",2,0,0,0,0,0,0,0,0,0,0,0,0,0,0,0,0,19824,"MOACIR DANTAS ITAPICURU, AV",NA,"",53,"MOEMA",1,0,"MOACIR DANTAS ITAPICURU, AV 63 SAO PAULO SP",-23.5108261,-46.4346374
"9733","D051301595",19931,"WASHINGTON LUIS, AV",NA,"",2306,"","23/05/2013 14:20",2,"CT",11,5947," "," ",0,2,0,0,0,0,0,0,0,0,0,0,0,0,0,0,0,19931,"WASHINGTON LUIS, AV",NA,"",30,"GRAJAU",1,0,"WASHINGTON LUIS, AV 2306 SAO PAULO SP",-23.6514523,-46.6844066
"9735","D051301817",17439,"ROSALINA ROSCHEL POLETTI, RUA",NA,"",300,"","23/05/2013 14:30",4,"AT",101,4268," "," ",0,0,0,1,0,0,0,0,0,0,0,0,0,0,0,0,0,17439,"ROSALINA ROSCHEL POLETTI, RUA",NA,"",32,"IGUATEMI",1,0,"ROSALINA ROSCHEL POLETTI, RUA 300 SAO PAULO SP",-23.7417948,-46.7113406
"9736","D051300298",9159,"INDIANOPOLIS, AV",NA,"",100,"","23/05/2013 14:30",2,"CO",16,7014," "," ",1,0,0,0,0,0,0,1,0,0,0,0,0,0,0,0,0,9159,"INDIANOPOLIS, AV",NA,"",79,"SAUDE",2,0,"INDIANOPOLIS, AV 100 SAO PAULO SP",-23.570485,-46.6451425
"9737","D051302322",9044,"RAGUEB CHOHFI, AV",NA,"",830,"","23/05/2013 15:00",2,"CT",53,3731," "," ",0,1,0,1,0,0,0,0,0,0,0,0,0,0,0,0,0,9044,"RAGUEB CHOHFI, AV",NA,"",NA,"",0,1,"RAGUEB CHOHFI, AV 830 SAO PAULO SP",-23.6055653,-46.4710654
"9738","D051300247",17115,"RIO BRANCO, AV",NA,"",1550,"","23/05/2013 15:20",4,"AT",77,2227," "," ",0,0,0,0,0,0,0,0,0,0,0,1,0,0,0,0,0,17115,"RIO BRANCO, AV",NA,"",5,"ARTUR ALVIM",1,0,"RIO BRANCO, AV 1550 SAO PAULO SP",-23.5310961,-46.6462821
"9739","D051301227",11321,"JULIO BUONO, AV",NA,"",1008,"","23/05/2013 15:30",4,"AT",39,2369,"C"," ",1,0,0,0,0,0,0,0,0,0,0,0,0,0,0,0,0,11321,"JULIO BUONO, AV",NA,"",94,"VILA MEDEIROS",1,0,"JULIO BUONO, AV 1008 SAO PAULO SP",-23.490323,-46.5954067
"9741","D051302101",13671,"MATEO BEI, AV",NA,"",2153,"","23/05/2013 15:50",2,"CL",49,7160," "," ",0,0,1,0,1,0,0,0,0,0,0,0,0,0,0,0,0,13671,"MATEO BEI, AV",NA,"",75,"SAO MATEUS",1,0,"MATEO BEI, AV 2153 SAO PAULO SP",-23.601076,-46.4837334
"9742","D051301596",999,"SANTO AMARO, AV",NA,"",7031,"","23/05/2013 16:10",2,"CO",11,5949,"B"," ",1,1,0,0,0,0,0,0,0,0,0,0,0,0,0,0,0,999,"SANTO AMARO, AV",NA,"",34,"ITAIM BIBI",1,0,"SANTO AMARO, AV 7031 SAO PAULO SP",-23.6422074,-46.6992134
"9743","D051300931",7955,"JASPE-NEGRO, RUA",NA,"",10,"","23/05/2013 16:46",4,"AT",91,3714," "," ",0,0,0,0,0,0,0,1,0,0,0,0,0,0,0,0,0,7955,"JASPE-NEGRO, RUA",NA,"",48,"LAPA",1,0,"JASPE-NEGRO, RUA 10 SAO PAULO SP",-23.5312295,-46.4842452
"9744","D051301399",954,"AMADOR BUENO DA VEIGA, AV",NA,"",1750,"","23/05/2013 17:00",2,"CO",10,5856," "," ",1,1,0,0,0,0,0,0,0,0,0,0,0,0,0,0,0,954,"AMADOR BUENO DA VEIGA, AV",NA,"",60,"PENHA",1,0,"AMADOR BUENO DA VEIGA, AV 1750 SAO PAULO SP",-23.5215109,-46.52889
"9745","D051302200",6700,"UACUMA, RUA",NA,"",615,"","23/05/2013 17:00",2,"CO",66,3639," "," ",1,1,0,0,0,0,0,0,0,0,0,0,0,0,0,0,0,6700,"UACUMA, RUA",NA,"",24,"CIDADE LIDER",1,0,"UACUMA, RUA 615 SAO PAULO SP",-23.5526139,-46.5093372
"9746","D051301119",3813,"CAETANO ALVARES, AV ENG",NA,"",5498,"","23/05/2013 17:10",2,"CO",20,4798," "," ",0,1,0,0,0,0,0,0,0,0,0,1,0,0,0,0,0,3813,"CAETANO ALVARES, AV ENG",NA,"",21,"CASA VERDE",2,0,"CAETANO ALVARES, AV ENG 5498 SAO PAULO SP",-23.4837961,-46.6364573
"9748","D051300762",1208,"ANACE, AV",NA,"",300,"","23/05/2013 17:40",2,"CO",37,4140," "," ",0,1,0,0,0,0,0,0,0,0,0,0,0,0,0,0,0,1208,"ANACE, AV",NA,"",17,"CAMPO LIMPO",1,0,"ANACE, AV 300 SAO PAULO SP",-23.6197139,-46.7568983
"9749","D051300137",19583,"VERGUEIRO, RUA",NA,"",1211,"","23/05/2013 18:00",2,"CL",5,4487," "," ",1,1,0,0,0,0,0,0,0,0,0,0,0,0,0,0,0,19583,"VERGUEIRO, RUA",NA,"",33,"IPIRANGA",1,0,"VERGUEIRO, RUA 1211 SAO PAULO SP",-23.5728983,-46.6399329
"9750","D051301845",6065,"DOMITILIA D'ABRIL, RUA",98752,"JOSE ARISTODEMO PINOTTI, AV. DEP",0,"","23/05/2013 18:00",2,"CL",22,4175," "," ",1,1,0,0,0,0,0,0,0,0,0,0,0,0,0,0,0,6065,"DOMITILIA D'ABRIL, RUA",98752,"JOSE ARISTODEMO PINOTTI, AV. DEP",86,"VILA CURUCA",1,0,"DOMITILIA D'ABRIL, RUA SAO PAULO SP &  JOSE ARISTODEMO PINOTTI, AV. DEP SAO PAULO SP",-23.5107089,-46.432573
"9751","D051300809",1429,"ANHANGUERA, VIA",NA,"",22500,"","23/05/2013 18:22",2,"CO",46,4860," "," ",2,1,0,0,0,0,0,0,0,0,0,0,0,0,0,0,0,1429,"ANHANGUERA, VIA",NA,"",73,"SAO DOMINGOS",2,0,"ANHANGUERA, VIA 22500 SAO PAULO SP",-23.4900941,-46.7665396
"9752","D051300889",15626,"PAULA FERREIRA, AV",NA,"",2935,"","23/05/2013 18:30",4,"AT",87,4873," "," ",1,0,0,0,0,0,0,0,0,0,0,0,0,0,0,0,0,15626,"PAULA FERREIRA, AV",NA,"",64,"PIRITUBA",1,0,"PAULA FERREIRA, AV 2935 SAO PAULO SP",-23.4885256,-46.7199882
"9753","D051300672",310,"AGENOR COUTO DE MAGALHAES, AV",NA,"",85,"","23/05/2013 18:40",2,"CO",33,4871," "," ",1,1,0,0,0,0,0,0,0,0,0,0,0,0,0,0,0,310,"AGENOR COUTO DE MAGALHAES, AV",NA,"",64,"PIRITUBA",1,0,"AGENOR COUTO DE MAGALHAES, AV 85 SAO PAULO SP",-23.4843461,-46.740735
"9754","D051301164",34562,"JOAO PAULO I, AV",16928,"RECIFE, RUA MARQ DE",0,"","23/05/2013 18:40",2,"CO",28,5740," "," ",1,0,0,0,1,0,0,0,0,0,0,0,0,0,0,0,0,16928,"RECIFE, RUA MARQ DE",34562,"JOAO PAULO I, AV",NA,"",1,0,"JOAO PAULO I, AV SAO PAULO SP &  RECIFE, RUA MARQ DE SAO PAULO SP",-23.4905859,-46.6887778
"9755","D051300671",14350,"MUTINGA, AV",NA,"",1733,"","23/05/2013 19:00",2,"CO",33,4854," "," ",1,1,0,0,0,0,0,0,0,0,0,0,0,0,0,0,0,14350,"MUTINGA, AV",NA,"",64,"PIRITUBA",1,0,"MUTINGA, AV 1733 SAO PAULO SP",-23.4843057,-46.7429589
"9756","D051300685",14350,"MUTINGA, AV",NA,"",4996,"","23/05/2013 19:15",2,"CO",33,5049," "," ",1,1,0,0,0,0,0,0,0,0,0,0,0,0,0,0,0,14350,"MUTINGA, AV",NA,"",64,"PIRITUBA",1,0,"MUTINGA, AV 4996 SAO PAULO SP",-23.4913392,-46.7508039
"9757","D051300913",9710,"JOSE HOR. MEIRELLES TEIXEIRA, RUA PROF",69906,"CUSTODIO DE OLIVEIRA, RUA",0,"","23/05/2013 19:20",2,"CO",89,4562," "," ",1,1,0,0,0,0,0,0,0,0,0,0,0,0,0,0,0,9710,"JOSE HOR. MEIRELLES TEIXEIRA, RUA PROF",73454,"JOAO BALDINATO, RUA",96,"VILA SONIA",1,0,"JOSE HOR. MEIRELLES TEIXEIRA, RUA PROF SAO PAULO SP &  CUSTODIO DE OLIVEIRA, RUA SAO PAULO SP",-23.5559971,-46.4105377