"","id_acidente","codloga","logradouroA","codlogb","logradouroB","alt_num","referencia","data","cod_acid","tipo_acidente","dp","numero_BO","sentido","pista","automovel","moto","onibus","caminhao","bicicleta","moto_taxi","onibus_fretado","onibus_urbano","microonibus","van","vuc","caminhonete","carreta","jipe","outros","sem_informacao","carroca","princ_a","paiA","princ_b","paiB","cod_distrito","distrito","vit_ferida","vit_morta","local","lat","lon"
"9758","D051302157",99999,"METALURGICOS, AV DOS",NA,"",431,"","23/05/2013 19:37",2,"SI",54,900013," "," ",1,1,0,0,0,0,0,0,0,0,0,0,0,0,0,0,0,99999,"METALURGICOS, AV DOS",NA,"",25,"CIDADE TIRADENT",1,0,"METALURGICOS, AV DOS 431 SAO PAULO SP",-23.5883367,-46.4089315
"9759","D051301050",9078,"IMIRIM, AV",NA,"",1353,"","23/05/2013 19:45",2,"CO",13,5741,"C"," ",1,1,0,0,0,0,0,0,0,0,0,0,0,0,0,0,0,9078,"IMIRIM, AV",NA,"",71,"SANTANA",1,0,"IMIRIM, AV 1353 SAO PAULO SP",-23.4935769,-46.6473936
"9760","D051301051",4534,"BERNARDINO FANGANIELLO, RUA",NA,"",302,"","23/05/2013 20:00",4,"AT",13,5746," "," ",1,0,0,0,0,0,0,0,0,0,0,0,0,0,0,0,0,4534,"BERNARDINO FANGANIELLO, RUA",NA,"",21,"CASA VERDE",1,0,"BERNARDINO FANGANIELLO, RUA 302 SAO PAULO SP",-23.5130981,-46.6588284
"9761","D051301492",5425,"COSTA BARROS, RUA",NA,"",2290,"","23/05/2013 20:30",2,"CO",42,3436," "," ",2,0,0,0,0,0,0,0,0,0,0,0,0,0,0,0,0,5425,"COSTA BARROS, RUA",NA,"",95,"VILA PRUDENTE",2,0,"COSTA BARROS, RUA 2290 SAO PAULO SP",-23.6015526,-46.5459984
"9763","D051301597",10270,"JOAO DIAS, AV",NA,"",23,"","23/05/2013 21:34",2,"CO",11,5957," "," ",1,3,0,0,0,0,0,0,0,0,0,0,0,0,0,0,0,10270,"JOAO DIAS, AV",NA,"",72,"SANTO AMARO",5,0,"JOAO DIAS, AV 23 SAO PAULO SP",-23.6445217,-46.731183
"9764","D051301307",15425,"CANTIDIO SAMPAIO, AV DEP",42042,"CARLOS MARIGHELLA, RUA",0,"","23/05/2013 23:15",2,"CL",72,5091,"B"," ",1,1,0,0,0,0,0,0,0,0,0,0,0,0,0,0,0,15425,"CANTIDIO SAMPAIO, AV DEP",42042,"CARLOS MARIGHELLA, RUA",11,"BRASILANDIA",1,0,"CANTIDIO SAMPAIO, AV DEP SAO PAULO SP &  CARLOS MARIGHELLA, RUA SAO PAULO SP",-23.4351468,-46.7178155
"9765","D051301892",19133,"PAULO LOPES DE LEAO, RUA",1801,"ANTONIO MOURA ANDRADE, RUA",0,"","23/05/2013 23:17",2,"CO",32,4180," "," ",1,1,0,0,0,0,0,0,0,0,0,0,0,0,0,0,0,1801,"ANTONIO MOURA ANDRADE, RUA",19133,"PAULO LOPES DE LEAO, RUA",36,"ITAQUERA",2,0,"PAULO LOPES DE LEAO, RUA SAO PAULO SP &  ANTONIO MOURA ANDRADE, RUA SAO PAULO SP",-23.5334937,-46.4473764
"9766","D051302058",10503,"JOAO XXIII, AV",NA,"",1130,"","23/05/2013 23:35",2,"CO",41,5491," "," ",1,1,0,0,0,0,0,0,0,0,0,0,0,0,0,0,0,10503,"JOAO XXIII, AV",NA,"",4,"ARICANDUVA",1,0,"JOAO XXIII, AV 1130 SAO PAULO SP",-23.5711212,-46.5312832
"9767","D051301165",29027,"MIGUEL CONEJO, AV",7522,"PEDROSO XAVIER, RUA",0,"","24/05/2013 00:45",2,"CO",28,5754," "," ",1,0,0,0,0,0,0,0,0,0,0,1,0,0,0,0,0,7522,"PEDROSO XAVIER, RUA",29027,"MIGUEL CONEJO, AV",29,"FREGUESIA DO O",1,0,"MIGUEL CONEJO, AV SAO PAULO SP &  PEDROSO XAVIER, RUA SAO PAULO SP",-23.5034438,-46.6937789
"9768","D051300370",4269,"CARINAS, AV DAS",8944,"IBIRAPUERA, AV",0,"","24/05/2013 02:30",2,"CF",27,5447," "," ",1,1,0,0,0,0,0,0,0,0,0,0,0,0,0,0,0,8944,"IBIRAPUERA, AV",9784,"JACIRA, RUA",53,"MOEMA",1,0,"CARINAS, AV DAS SAO PAULO SP &  IBIRAPUERA, AV SAO PAULO SP",-23.6157835,-46.6637206
"9769","D051301328",13133,"MARIA AMALIA LOPES AZEVEDO, RUA",NA,"",3198,"","24/05/2013 02:57",2,"CH",73,5526," "," ",1,0,0,0,0,0,0,0,0,0,0,0,0,0,0,0,0,13133,"MARIA AMALIA LOPES AZEVEDO, RUA",NA,"",83,"TREMEMBE",1,0,"MARIA AMALIA LOPES AZEVEDO, RUA 3198 SAO PAULO SP",-23.4575145,-46.5957366
"9770","D051300845",16878,"RAPOSO TAVARES, VIA",NA,"",11700,"","24/05/2013 03:30",2,"QM",51,5245," "," ",0,1,0,0,0,0,0,0,0,0,0,0,0,0,0,0,0,16878,"RAPOSO TAVARES, VIA",NA,"",13,"CACHOEIRINHA",2,0,"RAPOSO TAVARES, VIA 11700 SAO PAULO SP",-23.5343605,-48.4275941
"9771","D051301091",9170,"INES, AV STA",NA,"",1851,"","24/05/2013 03:40",2,"CH",20,2574," "," ",1,0,0,0,0,0,0,0,0,0,0,0,0,0,0,0,0,9170,"INES, AV STA",NA,"",51,"MANDAQUI",2,0,"INES, AV STA 1851 SAO PAULO SP",-23.4650933,-46.6333089
"9773","D051300673",14618,"NILVA, RUA",14350,"MUTINGA, AV",0,"","24/05/2013 06:10",2,"CO",33,4880," "," ",0,1,0,0,0,0,0,1,0,0,0,0,0,0,0,0,0,14350,"MUTINGA, AV",14618,"NILVA, RUA",39,"JAGUARA",1,0,"NILVA, RUA SAO PAULO SP &  MUTINGA, AV SAO PAULO SP",-23.5025851,-46.7599341
"9774","D051300125",18340,"SIQUEIRA CAMPOS, RUA DR",NA,"",330,"","24/05/2013 06:15",2,"CH",5,2767," "," ",2,0,0,0,0,0,0,0,0,0,0,0,0,0,0,0,0,18340,"SIQUEIRA CAMPOS, RUA DR",NA,"",2,"ALTO DE PINHEIR",1,0,"SIQUEIRA CAMPOS, RUA DR 330 SAO PAULO SP",-23.5640452,-46.6358659
"9775","D051301598",7600,"FRATERNIDADE, RUA DA",99852,"ROBERTO CARDOSO ALVES, RUA MIN",0,"","24/05/2013 06:20",2,"CL",11,5966," "," ",1,1,0,0,0,0,0,0,0,0,0,0,0,0,0,0,0,7600,"FRATERNIDADE, RUA DA",99852,"ROBERTO CARDOSO ALVES, RUA MIN",72,"SANTO AMARO",1,0,"FRATERNIDADE, RUA DA SAO PAULO SP &  ROBERTO CARDOSO ALVES, RUA MIN SAO PAULO SP",-23.6432531,-46.6954527
"9777","D051302320",60675,"AFONSO DE SAMPAIO E SOUSA, AV",NA,"",2680,"","24/05/2013 06:30",2,"CO",53,3650," "," ",0,1,1,1,0,0,0,0,0,0,0,0,0,0,0,0,0,60675,"AFONSO DE SAMPAIO E SOUSA, AV",NA,"",51,"MANDAQUI",0,1,"AFONSO DE SAMPAIO E SOUSA, AV 2680 SAO PAULO SP",-23.5792906,-46.4818019
"9779","D051302129",29296,"BLECAUTE, RUA",NA,"",68,"","24/05/2013 06:50",2,"CH",53,3652," "," ",1,0,0,1,0,0,0,0,0,0,0,0,0,0,0,0,0,29296,"BLECAUTE, RUA",NA,"",51,"MANDAQUI",3,0,"BLECAUTE, RUA 68 SAO PAULO SP",-23.5658009,-46.4641516
"9780","D051301882",98912,"JOSE PINHEIRO BORGES, AV",4974,"COROA DE FRADE, AV",0,"","24/05/2013 06:58",2,"CO",32,3030," "," ",2,0,0,0,0,0,0,0,0,0,0,0,0,0,0,0,0,4974,"COROA DE FRADE, AV",98912,"JOSE PINHEIRO BORGES, AV",88,"VILA GUILHERME",1,0,"JOSE PINHEIRO BORGES, AV SAO PAULO SP &  COROA DE FRADE, AV SAO PAULO SP",-23.5379455,-46.4560852
"9781","D051302156",99999,"METALURGICOS, AV DOS",NA,"",1062,"","24/05/2013 07:00",2,"CO",54,900017," "," ",1,1,0,0,0,0,0,0,0,0,0,0,0,0,0,0,0,99999,"METALURGICOS, AV DOS",NA,"",25,"CIDADE TIRADENT",1,0,"METALURGICOS, AV DOS 1062 SAO PAULO SP",-23.5917348,-46.4073243
"9782","D051301912",18940,"TIBURCIO DE SOUSA, RUA",NA,"",10,"","24/05/2013 07:01",2,"CT",50,6711," "," ",2,0,0,0,0,0,0,0,0,0,0,0,0,0,0,0,0,18940,"TIBURCIO DE SOUSA, RUA",NA,"",35,"ITAIM PAULISTA",1,0,"TIBURCIO DE SOUSA, RUA 10 SAO PAULO SP",-23.5139795,-46.3907803
"9783","D051301274",15485,"PARAPUA, RUA",NA,"",1729,"","24/05/2013 07:07",4,"AT",45,1325," "," ",0,0,0,0,0,0,0,0,0,0,0,0,0,0,0,1,0,15485,"PARAPUA, RUA",NA,"",4,"ARICANDUVA",1,0,"PARAPUA, RUA 1729 SAO PAULO SP",-23.4705856,-46.6927572
"9784","D051300433",5618,"CURSINO, AV DO",NA,"",3214,"","24/05/2013 07:51",2,"CO",83,1206,"C"," ",0,1,0,0,0,0,0,0,0,0,0,1,0,0,0,0,0,5618,"CURSINO, AV DO",NA,"",27,"CURSINO",1,0,"CURSINO, AV DO 3214 SAO PAULO SP",-23.6297579,-46.618369
"9785","D051300995",4219,"ZAKI NARCHI, AV",NA,"",1563,"","24/05/2013 08:00",2,"CO",9,2964," "," ",2,1,0,0,0,0,0,0,0,0,0,0,0,0,0,0,0,4219,"ZAKI NARCHI, AV",NA,"",88,"VILA GUILHERME",1,0,"ZAKI NARCHI, AV 1563 SAO PAULO SP",-23.5030811,-46.6155104
"9786","D051300297",19128,"TRES DE MAIO, RUA",NA,"",17,"","24/05/2013 08:00",4,"AT",16,7012," "," ",1,0,0,0,0,0,0,0,0,0,0,0,0,0,0,0,0,19128,"TRES DE MAIO, RUA",NA,"",21,"CASA VERDE",1,0,"TRES DE MAIO, RUA 17 SAO PAULO SP",-23.5998338,-46.6419746
"9787","D051300299",12242,"LUIS GOIS, RUA",10893,"JOSE DE CAMARGO, RUA",0,"","24/05/2013 08:00",2,"CO",16,7015," "," ",1,1,0,0,0,0,0,0,0,0,0,0,0,0,0,0,0,10893,"JOSE DE CAMARGO, RUA",12242,"LUIS GOIS, RUA",79,"SAUDE",2,0,"LUIS GOIS, RUA SAO PAULO SP &  JOSE DE CAMARGO, RUA SAO PAULO SP",-23.6039229,-46.6432874
"9788","D051302186",69800,"GOMIDE, RUA",NA,"",3,"","24/05/2013 08:15",2,"QD",66,2259," "," ",0,0,0,0,0,0,0,0,0,0,0,1,0,0,0,0,0,69800,"GOMIDE, RUA",NA,"",38,"JACANA",1,0,"GOMIDE, RUA 3 SAO PAULO SP",-23.5581007,-46.4952302
"9789","D051301052",3637,"BRAZ LEME, AV",NA,"",3351,"","24/05/2013 08:20",4,"AT",13,5774," "," ",1,0,0,0,0,0,0,0,0,0,0,0,0,0,0,0,0,3637,"BRAZ LEME, AV",NA,"",21,"CASA VERDE",1,0,"BRAZ LEME, AV 3351 SAO PAULO SP",-23.5038673,-46.6281229
"9791","D051301757",3633,"BRAS DE ABREU, AV",NA,"",13,"","24/05/2013 08:32",4,"AT",98,5513," "," ",0,0,0,0,0,0,0,1,0,0,0,0,0,0,0,0,0,3633,"BRAS DE ABREU, AV",NA,"",22,"CIDADE ADEMAR",1,0,"BRAS DE ABREU, AV 13 SAO PAULO SP",-23.6809722,-46.642086
"9792","D051300487",19100,"BANDEIRANTES, AV DOS",NA,"",1600,"","24/05/2013 08:40",2,"CO",96,2585," "," ",1,1,0,0,0,0,0,0,0,0,0,0,0,0,0,0,0,19100,"BANDEIRANTES, AV DOS",NA,"",24,"CIDADE LIDER",1,0,"BANDEIRANTES, AV DOS 1600 SAO PAULO SP",-23.6039421,-46.6805178
"9793","D051300879",6939,"FEIZ ZARZUR, RUA COMEN",NA,"",1200,"","24/05/2013 08:50",2,"QM",87,2652," "," ",0,1,0,0,0,0,0,0,0,0,0,0,0,0,0,0,0,6939,"FEIZ ZARZUR, RUA COMEN",NA,"",64,"PIRITUBA",1,0,"FEIZ ZARZUR, RUA COMEN 1200 SAO PAULO SP",-23.474501,-46.7251869
"9794","D051301335",24271,"MORRO DAS MANGUEIRAS, RUA",NA,"",197,"","24/05/2013 09:20",4,"AA",74,1329,"B"," ",0,1,0,0,0,0,0,0,0,0,0,0,0,0,0,0,0,24271,"MORRO DAS MANGUEIRAS, RUA",NA,"",40,"JAGUARE",1,0,"MORRO DAS MANGUEIRAS, RUA 197 SAO PAULO SP",-23.4603864,-46.6925774
"9795","D051302163",17824,"SAPOPEMBA, AV",NA,"",16885,"","24/05/2013 09:43",2,"CO",55,2044," "," ",1,0,0,1,0,0,0,0,0,0,0,0,0,0,0,0,0,17824,"SAPOPEMBA, AV",NA,"",33,"IPIRANGA",2,0,"SAPOPEMBA, AV 16885 SAO PAULO SP",-23.6199823,-46.4602739
"9796","D051300546",13605,"MARTINELLI, AV COMEN",NA,"",342,"","24/05/2013 09:50",4,"AT",7,3238," "," ",1,0,0,0,0,0,0,0,0,0,0,0,0,0,0,0,0,13605,"MARTINELLI, AV COMEN",NA,"",6,"BARRA FUNDA",1,0,"MARTINELLI, AV COMEN 342 SAO PAULO SP",-23.5186813,-46.6999583
"9797","D051300764",34682,"CAMPO LIMPO, ES DO",NA,"",5800,"","24/05/2013 10:30",2,"CO",37,4148," "," ",1,1,0,0,0,0,0,0,0,0,0,0,0,0,0,0,0,34682,"CAMPO LIMPO, ES DO",NA,"",17,"CAMPO LIMPO",1,0,"CAMPO LIMPO, ES DO 5800 SAO PAULO SP",-23.2019463,-46.785846
"9798","D051301479",7974,"GIL PINHEIRO, RUA COMEN",NA,"",512,"","24/05/2013 10:45",4,"AT",31,3122," "," ",1,0,0,0,0,0,0,0,0,0,0,0,0,0,0,0,0,7974,"GIL PINHEIRO, RUA COMEN",NA,"",20,"CARRAO",1,0,"GIL PINHEIRO, RUA COMEN 512 SAO PAULO SP",-23.5412707,-46.5436744
"9799","D051301814",3509,"BELMIRA MARIN, AV DONA",NA,"",1100,"","24/05/2013 11:00",4,"AT",101,3939," "," ",0,1,0,0,0,0,0,0,0,0,0,0,0,0,0,0,0,3509,"BELMIRA MARIN, AV DONA",NA,"",30,"GRAJAU",1,0,"BELMIRA MARIN, AV DONA 1100 SAO PAULO SP",-23.7398395,-46.6916599
"9800","D051301329",42220,"USHIKICHI KAMYIA, RUA",NA,"",1362,"","24/05/2013 11:40",2,"CL",73,5543," "," ",0,2,0,0,0,0,0,0,0,0,0,0,0,0,0,0,0,42220,"USHIKICHI KAMYIA, RUA",NA,"",38,"JACANA",1,0,"USHIKICHI KAMYIA, RUA 1362 SAO PAULO SP",-23.4386716,-46.5840092
"9801","D051300434",6797,"ENRICO CAVIGLIA, RUA GAL",NA,"",222,"","24/05/2013 11:55",2,"CO",83,1213," "," ",1,1,0,0,0,0,0,0,0,0,0,0,0,0,0,0,0,6797,"ENRICO CAVIGLIA, RUA GAL",NA,"",21,"CASA VERDE",1,0,"ENRICO CAVIGLIA, RUA GAL 222 SAO PAULO SP",-23.6360636,-46.6160274
"9802","D051302187",2181,"ARICANDUVA, AV",NA,"",5695,"","24/05/2013 12:08",2,"SI",66,2273," "," ",0,0,0,0,0,0,0,0,0,0,0,1,0,0,0,0,0,2181,"ARICANDUVA, AV",NA,"",60,"PENHA",1,0,"ARICANDUVA, AV 5695 SAO PAULO SP",-23.5610664,-46.5113553
"9803","D051301439",3705,"BUENOPOLIS, RUA",NA,"",234,"","24/05/2013 12:45",4,"AT",29,1329," "," ",1,0,0,0,0,0,0,0,0,0,0,0,0,0,0,0,0,3705,"BUENOPOLIS, RUA",NA,"",1,"AGUA RASA",1,0,"BUENOPOLIS, RUA 234 SAO PAULO SP",-23.5759492,-46.5641486
"9804","D051301883",18803,"TEODORO, RUA S",NA,"",650,"","24/05/2013 13:00",2,"CO",32,3045," "," ",0,1,0,0,0,0,0,0,1,0,0,0,0,0,0,0,0,18803,"TEODORO, RUA S",NA,"",51,"MANDAQUI",1,0,"TEODORO, RUA S 650 SAO PAULO SP",-23.554607,-46.4545253
"9805","D051301663",37819,"MERCEDARIOS, RUA DOS",NA,"",307,"","24/05/2013 13:00",2,"CO",47,6447," "," ",1,1,0,0,0,0,0,0,0,0,0,0,0,0,0,0,0,37819,"MERCEDARIOS, RUA DOS",NA,"",76,"SAO MIGUEL",1,0,"MERCEDARIOS, RUA DOS 307 SAO PAULO SP",-23.7649816,-46.7010726
"9806","D051300268",12165,"LUIS ANTONIO, AV BRIG",3581,"BRASIL, AV",0,"","24/05/2013 13:09",4,"AT",78,4415,"B"," ",0,0,0,0,0,0,0,1,0,0,0,0,0,0,0,0,0,3581,"BRASIL, AV",12165,"LUIS ANTONIO, AV BRIG",44,"JARDIM PAULISTA",1,0,"LUIS ANTONIO, AV BRIG SAO PAULO SP &  BRASIL, AV SAO PAULO SP",-23.5699897,-46.6512614
"9807","D051302164",17824,"SAPOPEMBA, AV",NA,"",14580,"","24/05/2013 13:15",4,"AT",55,2046,"B"," ",0,0,0,0,0,0,0,0,0,0,0,1,0,0,0,0,0,17824,"SAPOPEMBA, AV",NA,"",33,"IPIRANGA",1,0,"SAPOPEMBA, AV 14580 SAO PAULO SP",-23.6173022,-46.4686624
"9809","D051300415",19583,"VERGUEIRO, RUA",NA,"",1820,"","24/05/2013 13:47",2,"CO",36,2270," "," ",1,1,0,0,0,0,0,0,0,0,0,0,0,0,0,0,0,19583,"VERGUEIRO, RUA",NA,"",33,"IPIRANGA",1,0,"VERGUEIRO, RUA 1820 SAO PAULO SP",-23.5782694,-46.6407072
"9810","D051302003",12156,"LUIZ AYRES, RUA DR",NA,"",3500,"","24/05/2013 13:50",2,"CH",65,1791," "," ",1,0,0,0,0,0,0,0,0,0,0,0,0,0,0,0,0,12156,"LUIZ AYRES, RUA DR",NA,"",5,"ARTUR ALVIM",1,0,"LUIZ AYRES, RUA DR 3500 SAO PAULO SP",-23.54351,-46.4719058
"9811","D051301600",19931,"WASHINGTON LUIS, AV",NA,"",1970,"","24/05/2013 14:00",2,"SI",11,5990," "," ",1,1,0,0,0,0,0,0,0,0,0,0,0,0,0,0,0,19931,"WASHINGTON LUIS, AV",NA,"",30,"GRAJAU",1,0,"WASHINGTON LUIS, AV 1970 SAO PAULO SP",-23.6518662,-46.6870311
"9812","D051301683",15507,"TEOTONIO VILELA, AV SEN",2483,"ATLANTICA ANT. ROBERT KENNEDY, AV",0,"","24/05/2013 14:00",4,"AT",48,1982," "," ",1,0,0,0,0,0,0,0,0,0,0,0,0,0,0,0,0,2483,"ATLANTICA ANT. ROBERT KENNEDY, AV",15507,"TEOTONIO VILELA, AV SEN",23,"CIDADE DUTRA",1,0,"TEOTONIO VILELA, AV SEN SAO PAULO SP &  ATLANTICA ANT. ROBERT KENNEDY, AV SAO PAULO SP",-23.7290679,-46.698928
"9813","D051300932",10487,"JOAO TIBIRICA, RUA",3539,"BOTOCUDOS, RUA",0,"","24/05/2013 14:20",2,"CO",91,3748," "," ",1,0,0,0,0,0,0,0,0,0,0,1,0,0,0,0,0,3539,"BOTOCUDOS, RUA",10487,"JOAO TIBIRICA, RUA",48,"LAPA",2,0,"JOAO TIBIRICA, RUA SAO PAULO SP &  BOTOCUDOS, RUA SAO PAULO SP",-23.5185764,-46.7242305
"9814","D051301543",15187,"OTAVIANO, RUA MAJ",19768,"VINTE E UM DE ABRIL, RUA",0,"","24/05/2013 14:30",2,"CT",81,1501," "," ",1,0,0,0,1,0,0,0,0,0,0,0,0,0,0,0,0,15187,"OTAVIANO, RUA MAJ",19768,"VINTE E UM DE ABRIL, RUA",8,"BELEM",1,0,"OTAVIANO, RUA MAJ SAO PAULO SP &  VINTE E UM DE ABRIL, RUA SAO PAULO SP",-23.5427344,-46.6059469
"9815","D051301330",42220,"USHIKICHI KAMYIA, RUA",NA,"",100,"","24/05/2013 14:50",2,"CO",73,5551," "," ",1,1,0,0,0,0,0,0,0,0,0,0,0,0,0,0,0,42220,"USHIKICHI KAMYIA, RUA",NA,"",38,"JACANA",1,0,"USHIKICHI KAMYIA, RUA 100 SAO PAULO SP",-23.4398635,-46.5759636
"9819","D051301238",2455,"ATALIBA LEONEL, AV GAL",7474,"FRANCISCO LIPI, RUA",0,"","24/05/2013 16:00",2,"CF",39,4835,"B"," ",1,1,0,0,0,0,0,0,0,0,0,0,0,0,0,0,0,2455,"ATALIBA LEONEL, AV GAL",7474,"FRANCISCO LIPI, RUA",84,"TUCURUVI",1,0,"ATALIBA LEONEL, AV GAL SAO PAULO SP &  FRANCISCO LIPI, RUA SAO PAULO SP",-23.4953219,-46.6109674
"9820","D051300371",19179,"TRIUNFO, RUA BR DO",14816,"RITA JOANA DE SOUSA, RUA",0,"","24/05/2013 16:20",2,"CO",27,5478," "," ",1,1,0,0,0,0,0,0,0,0,0,0,0,0,0,0,0,14816,"RITA JOANA DE SOUSA, RUA",19179,"TRIUNFO, RUA BR DO",15,"CAMPO BELO",1,0,"TRIUNFO, RUA BR DO SAO PAULO SP &  RITA JOANA DE SOUSA, RUA SAO PAULO SP",-23.6220498,-46.6808683
"9822","D051300933",4781,"CERRO CORA, RUA",NA,"",915,"","24/05/2013 16:30",2,"CO",91,3757," "," ",2,0,0,0,0,0,0,0,0,0,0,0,0,0,0,0,0,4781,"CERRO CORA, RUA",NA,"",48,"LAPA",1,0,"CERRO CORA, RUA 915 SAO PAULO SP",-23.5393946,-46.7059295
"9823","D051300503",37733,"OCTAVIO DE OLIVEIRA SANTOS, RUA DR",18886,"TEXAS, RUA",0,"","24/05/2013 16:44",2,"CO",96,5490," "," ",3,0,0,0,0,0,0,0,0,0,0,0,0,0,0,0,0,18886,"TEXAS, RUA",37733,"OCTAVIO DE OLIVEIRA SANTOS, RUA DR",NA,"",1,0,"OCTAVIO DE OLIVEIRA SANTOS, RUA DR SAO PAULO SP &  TEXAS, RUA SAO PAULO SP",-23.6024132,-46.6864292
"9824","D051301664",17772,"SANT'ANNA, AV COMEN",NA,"",1794,"","24/05/2013 17:27",2,"CL",47,6451," "," ",1,0,1,0,0,0,0,0,0,0,0,0,0,0,0,0,0,17772,"SANT'ANNA, AV COMEN",NA,"",29,"FREGUESIA DO O",1,0,"SANT'ANNA, AV COMEN 1794 SAO PAULO SP",-23.5186813,-46.6999583
"9825","D051300372",8944,"IBIRAPUERA, AV",9899,"JANDIRA, AV",0,"","24/05/2013 17:29",4,"AT",27,5486," "," ",0,1,0,0,0,0,0,0,0,0,0,0,0,0,0,0,0,8944,"IBIRAPUERA, AV",12465,"MACUCO, AV",53,"MOEMA",3,0,"IBIRAPUERA, AV SAO PAULO SP &  JANDIRA, AV SAO PAULO SP",-23.6014353,-46.6601288
"9826","D051300914",13014,"MARGINAL DO RIO PINHEIROS, AV",NA,"",5000,"","24/05/2013 17:30",2,"CO",89,4592,"B"," ",0,1,0,0,0,0,0,0,0,0,0,1,0,0,0,0,0,13014,"MARGINAL DO RIO PINHEIROS, AV",NA,"",40,"JAGUARE",1,0,"MARGINAL DO RIO PINHEIROS, AV 5000 SAO PAULO SP",-23.5563633,-46.6619688
"9827","D051300846",16878,"RAPOSO TAVARES, VIA",NA,"",11600,"","24/05/2013 18:00",2,"CT",51,5265," "," ",1,2,0,0,0,0,0,0,0,0,0,0,0,0,0,0,0,16878,"RAPOSO TAVARES, VIA",NA,"",13,"CACHOEIRINHA",1,0,"RAPOSO TAVARES, VIA 11600 SAO PAULO SP",-23.5345194,-48.4265883
"9828","D051301893",46936,"JACU-PESSEGO/NOVA TRABALHADORE, AV",9806,"PIRES DO RIO, AV",0,"","24/05/2013 18:00",2,"CO",32,4211," "," ",1,1,0,0,0,0,0,0,0,0,0,0,0,0,0,0,0,9806,"PIRES DO RIO, AV",46936,"JACU-PESSEGO/NOVA TRABALHADORE, AV",36,"ITAQUERA",1,0,"JACU-PESSEGO/NOVA TRABALHADORE, AV SAO PAULO SP &  PIRES DO RIO, AV SAO PAULO SP",-23.5754203,-46.4449094
"9831","D051301538",35211,"GUILHERME GIORGI, AV",NA,"",1750,"","24/05/2013 18:20",2,"QM",58,3136," "," ",0,1,0,0,0,0,0,0,0,0,0,0,0,0,0,0,0,35211,"GUILHERME GIORGI, AV",NA,"",27,"CURSINO",1,0,"GUILHERME GIORGI, AV 1750 SAO PAULO SP",-23.5609903,-46.5433447
"9832","D051301602",222,"ADOLFO PINHEIRO, AV",NA,"",1247,"","24/05/2013 18:30",2,"SI",11,5998," "," ",1,1,0,0,0,0,0,0,0,0,0,0,0,0,0,0,0,222,"ADOLFO PINHEIRO, AV",NA,"",72,"SANTO AMARO",1,0,"ADOLFO PINHEIRO, AV 1247 SAO PAULO SP",-23.6428848,-46.6991474
"9833","D051300052",4561,"CASTELO BRANCO, AV PRES",6642,"ESTADO, AV DO",0,"","24/05/2013 18:35",2,"CO",2,3129," "," ",0,1,0,0,0,0,0,0,0,0,0,1,0,0,0,0,0,2864,"BARRA DO TIBAJI, RUA",4561,"CASTELO BRANCO, AV PRES",9,"BOM RETIRO",1,0,"CASTELO BRANCO, AV PRES SAO PAULO SP &  ESTADO, AV DO SAO PAULO SP",-23.5216047,-46.6390428
"9834","D051301074",35645,"CURUCA, VD",NA,"",120,"","24/05/2013 18:45",4,"AT",19,1961," "," ",0,1,0,0,0,0,0,0,0,0,0,0,0,0,0,0,0,35645,"CURUCA, VD",NA,"",36,"ITAQUERA",1,0,"CURUCA, VD 120 SAO PAULO SP",-23.510633,-46.5938791
"9835","D051302103",78271,"MANUEL VELOSO DA COSTA, RUA",NA,"",971,"","24/05/2013 19:06",4,"AT",49,7216," "," ",0,1,0,0,0,0,0,0,0,0,0,0,0,0,0,0,0,78271,"MANUEL VELOSO DA COSTA, RUA",NA,"",32,"IGUATEMI",1,0,"MANUEL VELOSO DA COSTA, RUA 971 SAO PAULO SP",-23.6101295,-46.453193
"9837","D051301369",73495,"ERNESTO AUGUSTO LOPES, AV",NA,"",177,"","24/05/2013 19:25",2,"QM",90,5556," "," ",0,0,0,0,1,0,0,0,0,1,0,0,0,0,0,0,0,73495,"ERNESTO AUGUSTO LOPES, AV",NA,"",36,"ITAQUERA",1,0,"ERNESTO AUGUSTO LOPES, AV 177 SAO PAULO SP",-23.5176322,-46.5751534
"9838","D051302171",17269,"RODOLFO PIRANI, AV",NA,"",449,"","24/05/2013 20:00",4,"AT",55,7213," "," ",0,1,0,0,0,0,0,0,0,0,0,0,0,0,0,0,0,17269,"RODOLFO PIRANI, AV",NA,"",55,"MORUMBI",1,0,"RODOLFO PIRANI, AV 449 SAO PAULO SP",-23.6285653,-46.4620034
"9839","D051301946",2429,"ASSIS RIBEIRO, RUA DR",NA,"",8800,"","24/05/2013 20:00",2,"CO",62,5614," "," ",1,0,0,0,1,0,0,0,0,0,0,0,0,0,0,0,0,2429,"ASSIS RIBEIRO, RUA DR",NA,"",28,"ERMELINO MATARA",1,0,"ASSIS RIBEIRO, RUA DR 8800 SAO PAULO SP",-23.4834648,-46.4731032
"9840","D051301992",3994,"CAMPANELLA, AV",4665,"CAXINGUELE, RUA",0,"","24/05/2013 20:40",2,"CO",64,5607," "," ",0,0,0,0,0,0,0,1,0,0,0,1,0,0,0,0,0,3994,"CAMPANELLA, AV",4665,"CAXINGUELE, RUA",36,"ITAQUERA",1,0,"CAMPANELLA, AV SAO PAULO SP &  CAXINGUELE, RUA SAO PAULO SP",-23.5352605,-46.4642064