"","id_acidente","codloga","logradouroA","codlogb","logradouroB","alt_num","referencia","data","cod_acid","tipo_acidente","dp","numero_BO","sentido","pista","automovel","moto","onibus","caminhao","bicicleta","moto_taxi","onibus_fretado","onibus_urbano","microonibus","van","vuc","caminhonete","carreta","jipe","outros","sem_informacao","carroca","princ_a","paiA","princ_b","paiB","cod_distrito","distrito","vit_ferida","vit_morta","local","lat","lon"
"9841","D051301787",7917,"GERALDO SANT'ANA, AV SARG",NA,"",1204,"","24/05/2013 20:45",2,"CO",99,6002," "," ",1,1,0,0,0,0,0,0,0,0,0,0,0,0,0,0,0,7917,"GERALDO SANT'ANA, AV SARG",NA,"",16,"CAMPO GRANDE",1,0,"GERALDO SANT'ANA, AV SARG 1204 SAO PAULO SP",-23.6645104,-46.6795922
"9842","D051301788",7917,"GERALDO SANT'ANA, AV SARG",NA,"",411,"","24/05/2013 21:00",2,"CO",99,6020," "," ",1,1,0,0,0,0,0,0,0,0,0,0,0,0,0,0,0,7917,"GERALDO SANT'ANA, AV SARG",NA,"",16,"CAMPO GRANDE",1,0,"GERALDO SANT'ANA, AV SARG 411 SAO PAULO SP",-23.6634699,-46.6873503
"9844","D051301603",11063,"JOSE MARIA, AV PDE",17122,"RIO BRANCO, RUA BR DO",0,"","24/05/2013 21:25",4,"AT",11,5999," "," ",0,1,0,0,0,0,0,0,0,0,0,0,0,0,0,0,0,11063,"JOSE MARIA, AV PDE",17122,"RIO BRANCO, RUA BR DO",72,"SANTO AMARO",1,0,"JOSE MARIA, AV PDE SAO PAULO SP &  RIO BRANCO, RUA BR DO SAO PAULO SP",-23.6666035,-47.5854944
"9845","D051300652",10137,"JOAO ARRUDA, RUA PROF",18519,"SUMARE, AV",0,"","24/05/2013 21:30",2,"CT",23,3767," "," ",1,1,0,0,0,0,0,0,0,0,0,0,0,0,0,0,0,10137,"JOAO ARRUDA, RUA PROF",18519,"SUMARE, AV",61,"PERDIZES",1,0,"JOAO ARRUDA, RUA PROF SAO PAULO SP &  SUMARE, AV SAO PAULO SP",-23.5437451,-46.672414
"9846","D051301401",25957,"ARICANDUVA, PTE",NA,"",10,"","24/05/2013 21:30",2,"CO",10,5912," "," ",1,0,0,0,0,0,0,0,0,0,0,1,0,0,0,0,0,25957,"ARICANDUVA, PTE",NA,"",3,"ANHANGUERA",1,0,"ARICANDUVA, PTE 10 SAO PAULO SP",-23.5988586,-46.5185365
"9847","D051300616",14804,"NOVE DE JULHO, AV",NA,"",4341,"","24/05/2013 21:30",2,"CH",15,5275," "," ",1,0,0,0,0,0,0,0,0,0,0,0,0,0,0,0,0,14804,"NOVE DE JULHO, AV",NA,"",63,"PINHEIROS",1,0,"NOVE DE JULHO, AV 4341 SAO PAULO SP",-23.5749374,-46.6680798
"9848","D051300410",8940,"IBIRAJA, RUA",NA,"",100,"","24/05/2013 21:52",2,"CO",35,7044," "," ",0,1,0,0,0,0,0,0,0,0,0,1,0,0,0,0,0,8940,"IBIRAJA, RUA",NA,"",37,"JABAQUARA",1,0,"IBIRAJA, RUA 100 SAO PAULO SP",-23.6307788,-46.6394924
"9849","D051300300",9715,"JABAQUARA, AV",NA,"",673,"","24/05/2013 22:08",4,"AT",16,7045," "," ",1,0,0,0,0,0,0,0,0,0,0,0,0,0,0,0,0,9715,"JABAQUARA, AV",NA,"",79,"SAUDE",1,0,"JABAQUARA, AV 673 SAO PAULO SP",-23.61007,-46.6377188
"9851","D051300199",543,"ALCANTARA MACHADO, AV",8798,"HIPODROMO, RUA",0,"","24/05/2013 22:11",2,"CO",8,4127," "," ",1,1,0,0,0,0,0,0,0,0,0,0,0,0,0,0,0,543,"ALCANTARA MACHADO, AV",8798,"HIPODROMO, RUA",54,"MOOCA",1,0,"ALCANTARA MACHADO, AV SAO PAULO SP &  HIPODROMO, RUA SAO PAULO SP",-23.5528151,-46.613419
"9852","D051300135",12165,"LUIS ANTONIO, AV BRIG",19154,"TREZE DE MAIO, RUA",0,"","24/05/2013 23:20",2,"CO",5,4431," "," ",1,1,0,0,0,0,0,0,0,0,0,0,0,0,0,0,0,12165,"LUIS ANTONIO, AV BRIG",19154,"TREZE DE MAIO, RUA",7,"BELA VISTA",1,0,"LUIS ANTONIO, AV BRIG SAO PAULO SP &  TREZE DE MAIO, RUA SAO PAULO SP",-23.5699897,-46.6512614
"9853","D051301370",4077,"CANAPOLIS, RUA",2458,"ATALIBA VIEIRA, RUA",0,"","25/05/2013 00:25",2,"CO",90,5563," "," ",0,2,0,0,0,0,0,0,0,0,0,0,0,0,0,0,0,2458,"ATALIBA VIEIRA, RUA",4077,"CANAPOLIS, RUA",94,"VILA MEDEIROS",1,0,"CANAPOLIS, RUA SAO PAULO SP &  ATALIBA VIEIRA, RUA SAO PAULO SP",-23.4919311,-46.5785633
"9855","D051301625",32541,"PAULO GUILGUER REIMBERG, AV",NA,"",2485,"","25/05/2013 00:49",2,"CO",25,3321," "," ",1,1,0,0,0,0,0,0,0,0,0,1,0,0,0,0,0,32541,"PAULO GUILGUER REIMBERG, AV",NA,"",32,"IGUATEMI",1,0,"PAULO GUILGUER REIMBERG, AV 2485 SAO PAULO SP",-23.776843,-46.6958225
"9857","D051300239",17112,"RIO BONITO, RUA",17180,"RITA, RUA STA",0,"","25/05/2013 01:41",2,"CO",12,4134," "," ",2,0,0,0,0,0,0,0,0,0,0,0,0,0,0,0,0,17112,"RIO BONITO, RUA",17180,"RITA, RUA STA",57,"PARI",1,0,"RIO BONITO, RUA SAO PAULO SP &  RITA, RUA STA SAO PAULO SP",-23.5310001,-46.6112944
"9858","D051302139",36391,"IONEJI MATSUBAYASHI, RUA",NA,"",1323,"","25/05/2013 02:50",2,"CH",53,900065," "," ",0,2,0,0,0,0,0,0,0,0,0,0,0,0,0,0,0,36391,"IONEJI MATSUBAYASHI, RUA",NA,"",51,"MANDAQUI",3,0,"IONEJI MATSUBAYASHI, RUA 1323 SAO PAULO SP",-23.5654005,-46.4362285
"9859","D051301469",34122,"MELO FREIRE, RUA",9572,"ITAPURA, RUA",0,"","25/05/2013 03:30",2,"CT",30,3142," "," ",3,0,0,0,0,0,0,0,0,0,0,0,0,0,0,0,0,9572,"ITAPURA, RUA",34122,"MELO FREIRE, RUA",82,"TATUAPE",1,0,"MELO FREIRE, RUA SAO PAULO SP &  ITAPURA, RUA SAO PAULO SP",-23.5391715,-46.5695321
"9860","D051301205",9170,"INES, AV STA",NA,"",1900,"","25/05/2013 04:20",2,"CF",38,4747," "," ",0,1,0,0,0,0,0,1,0,0,0,0,0,0,0,0,0,9170,"INES, AV STA",NA,"",51,"MANDAQUI",1,0,"INES, AV STA 1900 SAO PAULO SP",-23.456645,-46.6490756
"9861","D051301993",98965,"CALIM EID, AV",9007,"IGAROI, RUA",0,"","25/05/2013 05:30",2,"CO",64,5627," "," ",3,0,0,0,0,0,0,0,0,0,0,0,0,0,0,0,0,9007,"IGAROI, RUA",98965,"CALIM EID, AV",5,"ARTUR ALVIM",4,0,"CALIM EID, AV SAO PAULO SP &  IGAROI, RUA SAO PAULO SP",-23.520586,-46.50777
"9862","D051301086",8478,"GUILHERME COTCHING, AV",1719,"ANTONIO FONSECA, RUA",0,"","25/05/2013 06:00",2,"CO",19,4857," "," ",1,1,0,0,0,0,0,0,0,0,0,0,0,0,0,0,0,1719,"ANTONIO FONSECA, RUA",8478,"GUILHERME COTCHING, AV",91,"VILA MARIA",1,0,"GUILHERME COTCHING, AV SAO PAULO SP &  ANTONIO FONSECA, RUA SAO PAULO SP",-23.5186365,-46.5897343
"9863","D051301206",4290,"ADOLFO COELHO, AV",NA,"",618,"","25/05/2013 07:01",2,"CH",38,4748," "," ",2,0,0,0,0,0,0,0,0,0,0,0,0,0,0,0,0,4290,"ADOLFO COELHO, AV",NA,"",51,"MANDAQUI",1,0,"ADOLFO COELHO, AV 618 SAO PAULO SP",-23.4717485,-46.6465403
"9865","D051300327",3454,"BOM PASTOR, RUA",8204,"GREENFELD, RUA",0,"","25/05/2013 08:15",2,"CO",17,7065," "," ",3,0,0,0,0,0,0,0,0,0,0,0,0,0,0,0,0,3454,"BOM PASTOR, RUA",8204,"GREENFELD, RUA",33,"IPIRANGA",1,0,"BOM PASTOR, RUA SAO PAULO SP &  GREENFELD, RUA SAO PAULO SP",-23.5910882,-46.6070284
"9866","D051300847",16878,"RAPOSO TAVARES, VIA",NA,"",10900,"","25/05/2013 08:20",2,"QM",51,5287," "," ",0,1,0,0,0,0,0,0,0,0,0,0,0,0,0,0,0,16878,"RAPOSO TAVARES, VIA",NA,"",13,"CACHOEIRINHA",2,0,"RAPOSO TAVARES, VIA 10900 SAO PAULO SP",-23.533371,-48.4197023
"9867","D051300238",9039,"IGUACU, RUA",5567,"CRUZEIRO DO SUL, AV",0,"","25/05/2013 08:20",4,"AT",12,4133," "," ",0,0,0,0,0,0,0,0,0,0,0,0,0,0,0,1,0,5567,"CRUZEIRO DO SUL, AV",9039,"IGUACU, RUA",57,"PARI",1,0,"IGUACU, RUA SAO PAULO SP &  CRUZEIRO DO SUL, AV SAO PAULO SP",-23.5287289,-46.6262346
"9868","D051301122",18151,"SEZEFREDO FAGUNDES, AV CEL",NA,"",2015,"","25/05/2013 09:26",4,"AT",20,4867," "," ",0,1,0,0,0,0,0,0,0,0,0,0,0,0,0,0,0,18151,"SEZEFREDO FAGUNDES, AV CEL",NA,"",22,"CIDADE ADEMAR",1,0,"SEZEFREDO FAGUNDES, AV CEL 2015 SAO PAULO SP",-23.4614584,-46.6027959
"9869","D051300683",35449,"BANDEIRANTES, VIA DOS",NA,"",19000,"","25/05/2013 09:35",2,"CO",33,4937," "," ",2,0,0,0,0,0,0,0,0,0,0,1,0,0,0,0,0,35449,"BANDEIRANTES, VIA DOS",NA,"",64,"PIRITUBA",2,0,"BANDEIRANTES, VIA DOS 19000 SAO PAULO SP",-23.4391259,-46.7581146
"9870","D051300504",999,"SANTO AMARO, AV",NA,"",4349,"","25/05/2013 09:46",4,"AT",96,5515," "," ",0,1,0,0,0,0,0,0,0,0,0,0,0,0,0,0,0,999,"SANTO AMARO, AV",NA,"",34,"ITAIM BIBI",1,0,"SANTO AMARO, AV 4349 SAO PAULO SP",-23.6214301,-46.6838236
"9872","D051301121",20089,"ZUQUIM, RUA DR",11702,"LEITE DE MORAIS, RUA",0,"","25/05/2013 11:00",2,"CO",20,4864," "," ",2,0,0,0,0,0,0,0,0,0,0,0,0,0,0,0,0,11702,"LEITE DE MORAIS, RUA",20089,"ZUQUIM, RUA DR",71,"SANTANA",3,0,"ZUQUIM, RUA DR SAO PAULO SP &  LEITE DE MORAIS, RUA SAO PAULO SP",-23.491972,-46.6247361
"9873","D051301470",27094,"SALIM FARAH MALUF, AV",NA,"",2255,"","25/05/2013 11:10",2,"CF",30,3154," "," ",1,1,0,0,0,0,0,0,0,0,0,0,0,0,0,0,0,27094,"SALIM FARAH MALUF, AV",NA,"",82,"TATUAPE",1,0,"SALIM FARAH MALUF, AV 2255 SAO PAULO SP",-23.5514691,-46.5774159
"9874","D051301120",14767,"NOVA CANTAREIRA, AV",NA,"",686,"","25/05/2013 11:32",2,"CO",20,4861," "," ",1,1,0,0,0,0,0,0,0,0,0,0,0,0,0,0,0,14767,"NOVA CANTAREIRA, AV",NA,"",83,"TREMEMBE",2,0,"NOVA CANTAREIRA, AV 686 SAO PAULO SP",-23.4866144,-46.6188962
"9875","D051300684",17050,"RIBEIRAO VERMELHO, RUA",19477,"VALOMBROSANOS, RUA PDES",0,"","25/05/2013 11:55",2,"CO",33,4943," "," ",1,1,0,0,0,0,0,0,0,0,0,0,0,0,0,0,0,17050,"RIBEIRAO VERMELHO, RUA",19477,"VALOMBROSANOS, RUA PDES",64,"PIRITUBA",1,0,"RIBEIRAO VERMELHO, RUA SAO PAULO SP &  VALOMBROSANOS, RUA PDES SAO PAULO SP",-23.4823014,-46.7469463
"9876","D051301994",6613,"ESPERANTINA, AV",NA,"",1399,"","25/05/2013 12:00",2,"CO",64,5632," "," ",0,0,0,0,1,0,0,0,0,0,0,1,0,0,0,0,0,6613,"ESPERANTINA, AV",NA,"",5,"ARTUR ALVIM",1,0,"ESPERANTINA, AV 1399 SAO PAULO SP",-23.5353835,-46.4746072
"9877","D051301915",69668,"VELASCO DE MOLINA, RUA",NA,"",10,"","25/05/2013 12:20",4,"AT",50,6938," "," ",1,0,0,0,0,0,0,0,0,0,0,0,0,0,0,0,0,69668,"VELASCO DE MOLINA, RUA",NA,"",53,"MOEMA",1,0,"VELASCO DE MOLINA, RUA 10 SAO PAULO SP",-23.5141299,-46.3972145
"9878","D051302220",42053,"ORESTE DAMOLIN, RUA",NA,"",100,"","25/05/2013 12:27",2,"CT",69,5542," "," ",0,1,1,0,0,0,0,0,0,0,0,0,0,0,0,0,0,42053,"ORESTE DAMOLIN, RUA",NA,"",26,"CONSOLACAO",1,0,"ORESTE DAMOLIN, RUA 100 SAO PAULO SP",-23.6006519,-46.4977181
"9879","D051301428",13789,"MELCHERT, AV",11098,"JOSE MASCARENHAS, RUA",0,"","25/05/2013 12:35",4,"AT",21,5941," "," ",1,0,0,0,0,0,0,0,0,0,0,0,0,0,0,0,0,6072,"DONATO, RUA CEL",11098,"JOSE MASCARENHAS, RUA",93,"VILA MATILDE",2,0,"MELCHERT, AV SAO PAULO SP &  JOSE MASCARENHAS, RUA SAO PAULO SP",-23.5360602,-46.5306416
"9880","D051301341",41998,"BLAS PARERA, RUA",NA,"",16,"","25/05/2013 12:44",2,"CO",74,4773," "," ",0,1,0,0,0,0,0,0,0,0,0,1,0,0,0,0,0,41998,"BLAS PARERA, RUA",NA,"",52,"MARSILAC",1,0,"BLAS PARERA, RUA 16 SAO PAULO SP",-23.4476246,-46.7360447
"9881","D051301701",20048,"YERVANT KISSAJIKIAN, AV",NA,"",2991,"","25/05/2013 13:00",2,"CO",80,5570," "," ",1,1,0,0,0,0,0,0,0,0,0,0,0,0,0,0,0,20048,"YERVANT KISSAJIKIAN, AV",NA,"",29,"FREGUESIA DO O",1,0,"YERVANT KISSAJIKIAN, AV 2991 SAO PAULO SP",-23.6810768,-46.6536684
"9882","D051301947",20990,"ANTONIO DE CASTRO LOPES, RUA PROF",NA,"",539,"","25/05/2013 13:00",2,"CO",62,5639," "," ",1,1,0,0,0,0,0,0,0,0,0,0,0,0,0,0,0,20990,"ANTONIO DE CASTRO LOPES, RUA PROF",NA,"",49,"LIBERDADE",2,0,"ANTONIO DE CASTRO LOPES, RUA PROF 539 SAO PAULO SP",-23.501706,-46.4780345
"9883","D051302296",3509,"BELMIRA MARIN, AV DONA",NA,"",535,"","25/05/2013 13:50",2,"CT",101,3971,"B"," ",1,1,1,0,0,0,0,0,0,0,0,0,0,0,0,0,0,3509,"BELMIRA MARIN, AV DONA",NA,"",30,"GRAJAU",0,1,"BELMIRA MARIN, AV DONA 535 SAO PAULO SP",-23.7358174,-46.6948679
"9884","D051301053",5275,"COPACABANA, RUA",NA,"",457,"","25/05/2013 14:00",2,"CO",13,5823,"C"," ",1,1,0,0,0,0,0,0,0,0,0,0,0,0,0,0,0,5275,"COPACABANA, RUA",NA,"",71,"SANTANA",1,0,"COPACABANA, RUA 457 SAO PAULO SP",-23.4925009,-46.6392295
"9885","D051301429",2181,"ARICANDUVA, AV",9580,"ITAQUERA, AV",0,"","25/05/2013 14:00",4,"AT",21,5954," "," ",0,1,0,0,0,0,0,0,0,0,0,0,0,0,0,0,0,2181,"ARICANDUVA, AV",9580,"ITAQUERA, AV",20,"CARRAO",1,0,"ARICANDUVA, AV SAO PAULO SP &  ITAQUERA, AV SAO PAULO SP",-23.5479783,-46.5260893
"9886","D051300373",11426,"JURUPIS, AL DOS",9899,"JANDIRA, AV",0,"","25/05/2013 14:30",2,"CO",27,5533," "," ",0,1,0,0,0,0,0,0,0,0,0,1,0,0,0,0,0,9899,"JANDIRA, AV",11426,"JURUPIS, AL DOS",53,"MOEMA",1,0,"JURUPIS, AL DOS SAO PAULO SP &  JANDIRA, AV SAO PAULO SP",-23.6099929,-46.6653038
"9887","D051300447",18297,"SIMAO LOPES, RUA",NA,"",566,"","25/05/2013 14:32",2,"CH",83,4598," "," ",1,0,0,0,0,0,0,0,0,0,0,0,0,0,0,0,0,18297,"SIMAO LOPES, RUA",NA,"",21,"CASA VERDE",3,0,"SIMAO LOPES, RUA 566 SAO PAULO SP",-23.6319135,-46.6099028
"9888","D051302265",1429,"ANHANGUERA, VIA",NA,"",23000,"","25/05/2013 14:45",2,"CT",33,4944," "," ",0,1,0,1,0,0,0,0,0,0,0,0,0,0,0,0,0,1429,"ANHANGUERA, VIA",NA,"",73,"SAO DOMINGOS",0,1,"ANHANGUERA, VIA 23000 SAO PAULO SP",-23.4900941,-46.7665396
"9889","D051301746",70322,"CANDIDO JOSE XAVIER, AV",NA,"",11,"","25/05/2013 14:57",4,"AT",92,6486," "," ",1,0,0,0,0,0,0,0,0,0,0,0,0,0,0,0,0,70322,"CANDIDO JOSE XAVIER, AV",NA,"",32,"IGUATEMI",1,0,"CANDIDO JOSE XAVIER, AV 11 SAO PAULO SP",-23.6618808,-46.7527248
"9890","D051301010",14270,"MORVAN DIAS DE FIGUEIREDO, AV",8466,"GUILHERME, AV",0,"","25/05/2013 15:00",2,"CO",9,4872," "," ",1,1,0,0,0,0,0,0,0,0,0,0,0,0,0,0,0,8466,"GUILHERME, AV",14270,"MORVAN DIAS DE FIGUEIREDO, AV",88,"VILA GUILHERME",1,0,"MORVAN DIAS DE FIGUEIREDO, AV SAO PAULO SP &  GUILHERME, AV SAO PAULO SP",-23.5218788,-46.6058375
"9891","D051300136",12478,"MADALENA, RUA STA",694,"ALFREDO ELLIS, RUA DR",0,"","25/05/2013 15:49",4,"AT",5,4458," "," ",1,0,0,0,0,0,0,0,0,0,0,0,0,0,0,0,0,694,"ALFREDO ELLIS, RUA DR",12478,"MADALENA, RUA STA",7,"BELA VISTA",1,0,"MADALENA, RUA STA SAO PAULO SP &  ALFREDO ELLIS, RUA DR SAO PAULO SP",-23.5630928,-46.6432257
"9894","D051302334",21257,"ALVARO DOS SANTOS MATTOS, AV",NA,"",21,"","25/05/2013 16:05",4,"AT",50,4434,"B"," ",1,0,0,0,0,0,0,0,0,0,0,0,0,0,0,0,0,21257,"ALVARO DOS SANTOS MATTOS, AV",NA,"",NA,"",0,1,"ALVARO DOS SANTOS MATTOS, AV 21 SAO PAULO SP",-23.5122584,-46.4120533
"9895","D051302202",197,"ADEMAR PEREIRA DE BARROS, AV",NA,"",282,"","25/05/2013 17:00",2,"SI",66,4984," "," ",2,0,0,0,0,0,0,0,0,0,0,0,0,0,0,0,0,197,"ADEMAR PEREIRA DE BARROS, AV",NA,"",4,"ARICANDUVA",1,0,"ADEMAR PEREIRA DE BARROS, AV 282 SAO PAULO SP",-23.562754,-46.5106668
"9896","D051301480",4502,"CARRAO, AV CONS",11371,"JUNO, RUA",0,"","25/05/2013 17:00",2,"CO",31,3163," "," ",1,0,0,0,0,0,0,2,0,0,0,0,0,0,0,0,0,4502,"CARRAO, AV CONS",11371,"JUNO, RUA",20,"CARRAO",1,0,"CARRAO, AV CONS SAO PAULO SP &  JUNO, RUA SAO PAULO SP",-23.5458958,-46.5434081
"9898","D051301910",17820,"TITO, AV MAL",NA,"",4646,"","25/05/2013 17:30",4,"AT",50,6499,"C"," ",1,0,0,0,0,0,0,0,0,0,0,0,0,0,0,0,0,17820,"TITO, AV MAL",NA,"",53,"MOEMA",1,0,"TITO, AV MAL 4646 SAO PAULO SP",-23.497198,-46.4000946
"9900","D051301064",3813,"CAETANO ALVARES, AV ENG",NA,"",4000,"","25/05/2013 18:00",2,"CO",13,6191," "," ",1,1,0,0,0,0,0,0,0,0,0,0,0,0,0,0,0,3813,"CAETANO ALVARES, AV ENG",NA,"",21,"CASA VERDE",1,0,"CAETANO ALVARES, AV ENG 4000 SAO PAULO SP",-23.4883968,-46.6489672
"9903","D051300306",3523,"BOSQUE DA SAUDE, AV",NA,"",1480,"","25/05/2013 18:30",2,"CO",16,7375,"B"," ",1,1,0,0,0,0,0,0,0,0,0,0,0,0,0,0,0,3523,"BOSQUE DA SAUDE, AV",NA,"",27,"CURSINO",1,0,"BOSQUE DA SAUDE, AV 1480 SAO PAULO SP",-23.6136656,-46.6245715
"9904","D051302131",7320,"FRANCA VELHO, RUA",NA,"",9,"","25/05/2013 18:30",4,"AT",53,3709," "," ",1,0,0,0,0,0,0,0,0,0,0,0,0,0,0,0,0,7320,"FRANCA VELHO, RUA",NA,"",58,"PARQUE DO CARMO",1,0,"FRANCA VELHO, RUA 9 SAO PAULO SP",-23.5573798,-46.4514684
"9905","D051300579",6238,"NACOES UNIDAS, AV DAS",4178,"CAPEPUXIS, RUA",0,"","25/05/2013 18:30",2,"QM",14,5320," "," ",0,1,0,0,0,0,0,0,0,0,0,0,0,0,0,0,0,1581,"ANTONIO BATUIRA, AV",6238,"NACOES UNIDAS, AV DAS",72,"SANTO AMARO",1,0,"NACOES UNIDAS, AV DAS SAO PAULO SP &  CAPEPUXIS, RUA SAO PAULO SP",-23.5735935,-46.7008864
"9906","D051302104",9044,"RAGUEB CHOHFI, AV",36068,"MARIA APARECIDA CUSTODIO, RUA",0,"","25/05/2013 18:46",2,"CH",49,7265," "," ",1,0,0,0,0,0,0,0,0,0,0,0,0,0,0,0,0,9044,"RAGUEB CHOHFI, AV",22915,"FORTE DE SANTOS, RUA",75,"SAO MATEUS",1,0,"RAGUEB CHOHFI, AV SAO PAULO SP &  MARIA APARECIDA CUSTODIO, RUA SAO PAULO SP",-23.5962789,-46.4358414
"9907","D051301758",1005,"DOMENICO ANIBAL, RUA",NA,"",74,"","25/05/2013 19:20",4,"AT",98,5573," "," ",0,0,0,0,0,0,0,0,1,0,0,0,0,0,0,0,0,1005,"DOMENICO ANIBAL, RUA",NA,"",22,"CIDADE ADEMAR",2,0,"DOMENICO ANIBAL, RUA 74 SAO PAULO SP",-23.6848255,-46.6476152
"9909","D051301547",4736,"CELSO GARCIA, AV",4632,"CATUMBI, RUA",0,"","25/05/2013 19:40",4,"AT",81,3167,"C"," ",0,0,1,0,0,0,0,0,0,0,0,0,0,0,0,0,0,4736,"CELSO GARCIA, AV",17613,"SALDANHA MARINHO, RUA",8,"BELEM",1,0,"CELSO GARCIA, AV SAO PAULO SP &  CATUMBI, RUA SAO PAULO SP",-23.5359522,-46.5717652
"9910","D051302132",71982,"ONOFRE JORGE VELHO, RUA",NA,"",173,"","25/05/2013 19:50",2,"CH",53,3720," "," ",1,0,0,0,0,0,0,0,0,0,0,0,0,0,0,0,0,71982,"ONOFRE JORGE VELHO, RUA",NA,"",51,"MANDAQUI",1,0,"ONOFRE JORGE VELHO, RUA 173 SAO PAULO SP",-23.560583,-46.4703476
"9911","D051301054",5681,"DAMIANA DA CUNHA, RUA",NA,"",68,"","25/05/2013 20:05",2,"CT",13,5837," "," ",2,1,0,0,0,0,0,0,0,0,0,0,0,0,0,0,0,5681,"DAMIANA DA CUNHA, RUA",NA,"",71,"SANTANA",2,0,"DAMIANA DA CUNHA, RUA 68 SAO PAULO SP",-23.4987048,-46.6379641
"9912","D051300071",10101,"JOAO, AV S",2595,"AURORA, RUA",0,"","25/05/2013 20:25",4,"AT",30,3153," "," ",0,0,1,0,0,0,0,0,0,0,0,0,0,0,0,0,0,10101,"JOAO, AV S",11883,"LIMEIRA, AL BR DE",67,"REPUBLICA",1,0,"JOAO, AV S SAO PAULO SP &  AURORA, RUA SAO PAULO SP",-23.54057,-46.6434402
"9913","D051301371",27099,"DUTRA, VIA PRES",NA,"",22800,"","25/05/2013 20:30",2,"CO",90,5566," "," ",4,0,0,0,0,0,0,0,0,0,0,0,0,0,0,0,0,27099,"DUTRA, VIA PRES",NA,"",36,"ITAQUERA",1,0,"DUTRA, VIA PRES 22800 SAO PAULO SP",-22.5440862,-44.7846755
"9914","D051300728",22169,"CLEMENTINE BRENNE, RUA",NA,"",100,"","25/05/2013 20:43",2,"QM",34,4633," "," ",0,1,0,0,0,0,0,0,0,0,0,0,0,0,0,0,0,22169,"CLEMENTINE BRENNE, RUA",NA,"",13,"CACHOEIRINHA",1,0,"CLEMENTINE BRENNE, RUA 100 SAO PAULO SP",-23.60774,-46.721505
"9916","D051302105",2181,"ARICANDUVA, AV",64019,"CRISTOVAO DE OLIVEIRA, RUA",0,"","25/05/2013 21:29",2,"CO",49,7287," "," ",1,0,0,0,0,0,0,0,0,0,0,1,0,0,0,0,0,2181,"ARICANDUVA, AV",64019,"CRISTOVAO DE OLIVEIRA, RUA",75,"SAO MATEUS",3,0,"ARICANDUVA, AV SAO PAULO SP &  CRISTOVAO DE OLIVEIRA, RUA SAO PAULO SP",-23.5479783,-46.5260893
"9917","D051300810",1429,"ANHANGUERA, VIA",NA,"",23900,"","25/05/2013 21:39",2,"CO",46,4962," "," ",1,1,0,0,0,0,0,0,0,0,0,0,0,0,0,0,0,1429,"ANHANGUERA, VIA",NA,"",73,"SAO DOMINGOS",2,0,"ANHANGUERA, VIA 23900 SAO PAULO SP",-23.4900941,-46.7665396
"9918","D051300832",13019,"ESCOLA POLITECNICA, AV",9836,"JAGUARE, AV",0,"","25/05/2013 21:50",2,"CO",51,3805," "," ",2,0,0,0,0,0,0,0,0,0,0,0,0,0,0,0,0,5309,"CORIFEU DE AZEVEDO MARQUES, AV",9836,"JAGUARE, AV",55,"MORUMBI",1,0,"ESCOLA POLITECNICA, AV SAO PAULO SP &  JAGUARE, AV SAO PAULO SP",-23.5585284,-46.7466636
"9919","D051301300",41766,"CLARA NUNES, RUA",NA,"",59,"","25/05/2013 21:55",2,"CO",72,4780," "," ",0,2,0,0,0,0,0,0,0,0,0,0,0,0,0,0,0,41766,"CLARA NUNES, RUA",NA,"",40,"JAGUARE",1,0,"CLARA NUNES, RUA 59 SAO PAULO SP",-23.458383,-46.6872467
"9920","D051301207",9078,"IMIRIM, AV",NA,"",2873,"","25/05/2013 22:45",2,"CF",38,4802," "," ",0,2,0,0,0,0,0,0,0,0,0,0,0,0,0,0,0,9078,"IMIRIM, AV",NA,"",71,"SANTANA",2,0,"IMIRIM, AV 2873 SAO PAULO SP",-23.4821726,-46.6549645
"9921","D051301846",15465,"PARANACITY, RUA",17414,"ROSA DE LIMA, RUA STA",0,"","26/05/2013 00:11",2,"CO",22,4266," "," ",2,0,0,0,0,0,0,0,0,0,0,0,0,0,0,0,0,15465,"PARANACITY, RUA",17414,"ROSA DE LIMA, RUA STA",43,"JARDIM HELENA",6,0,"PARANACITY, RUA SAO PAULO SP &  ROSA DE LIMA, RUA STA SAO PAULO SP",-23.4892583,-46.4294937
"9922","D051300774",34682,"CAMPO LIMPO, ES DO",NA,"",3400,"","26/05/2013 00:50",2,"CO",37,4638," "," ",0,2,0,0,0,0,0,0,0,0,0,0,0,0,0,0,0,34682,"CAMPO LIMPO, ES DO",NA,"",17,"CAMPO LIMPO",4,0,"CAMPO LIMPO, ES DO 3400 SAO PAULO SP",-23.2019463,-46.785846
"9923","D051302020",11542,"NORDESTINA, AV",NA,"",4706,"","26/05/2013 01:03",2,"QM",67,6508," "," ",0,1,0,0,0,0,0,0,0,0,0,0,0,0,0,0,0,11542,"NORDESTINA, AV",NA,"",76,"SAO MIGUEL",2,0,"NORDESTINA, AV 4706 SAO PAULO SP",-23.519458,-46.42012
"9924","D051300915",8483,"GUILHERME DUMONT VILARES, AV DR",8000,"GIOVANNI GRONCHI, AV",0,"","26/05/2013 02:31",2,"CT",89,4673," "," ",1,1,0,0,0,0,0,0,0,0,0,0,0,0,0,0,0,8000,"GIOVANNI GRONCHI, AV",8483,"GUILHERME DUMONT VILARES, AV DR",85,"VILA ANDRADE",1,0,"GUILHERME DUMONT VILARES, AV DR SAO PAULO SP &  GIOVANNI GRONCHI, AV SAO PAULO SP",-23.6206538,-46.7398092