"","id_acidente","codloga","logradouroA","codlogb","logradouroB","alt_num","referencia","data","cod_acid","tipo_acidente","dp","numero_BO","sentido","pista","automovel","moto","onibus","caminhao","bicicleta","moto_taxi","onibus_fretado","onibus_urbano","microonibus","van","vuc","caminhonete","carreta","jipe","outros","sem_informacao","carroca","princ_a","paiA","princ_b","paiB","cod_distrito","distrito","vit_ferida","vit_morta","local","lat","lon"
"9925","D051300168",6642,"ESTADO, AV DO",14213,"MOOCA, RUA DA",0,"","26/05/2013 02:38",2,"CH",8,3159," "," ",1,0,0,0,0,0,0,0,0,0,0,0,0,0,0,0,0,6642,"ESTADO, AV DO",7122,"FIGUEIRA, RUA DA",14,"CAMBUCI",1,0,"ESTADO, AV DO SAO PAULO SP &  MOOCA, RUA DA SAO PAULO SP",-23.5635869,-46.6112253
"9926","D051300448",5618,"CURSINO, AV DO",NA,"",3490,"","26/05/2013 03:51",2,"CH",83,4627,"C"," ",1,0,0,0,0,0,0,0,0,0,0,0,0,0,0,0,0,5618,"CURSINO, AV DO",NA,"",27,"CURSINO",1,0,"CURSINO, AV DO 3490 SAO PAULO SP",-23.6319559,-46.6171476
"9927","D051301431",2181,"ARICANDUVA, AV",12612,"MANILHA, RUA",0,"","26/05/2013 04:30",2,"CO",21,5970,"B"," ",2,0,0,0,0,0,0,0,0,0,0,0,0,0,0,0,0,2181,"ARICANDUVA, AV",2440,"ASTARTE, RUA",20,"CARRAO",2,0,"ARICANDUVA, AV SAO PAULO SP &  MANILHA, RUA SAO PAULO SP",-23.5479783,-46.5260893
"9928","D051301301",15425,"CANTIDIO SAMPAIO, AV DEP",NA,"",1725,"","26/05/2013 04:30",2,"CO",72,4803,"B"," ",1,1,0,0,0,0,0,0,0,0,0,0,0,0,0,0,0,15425,"CANTIDIO SAMPAIO, AV DEP",NA,"",41,"JARAGUA",2,0,"CANTIDIO SAMPAIO, AV DEP 1725 SAO PAULO SP",-23.4637333,-46.681073
"9932","D051301342",69792,"ENCRUZILHADA DO SUL, RUA",NA,"",506,"","26/05/2013 10:00",2,"CO",74,4840," "," ",2,0,0,0,0,0,0,0,0,0,0,0,0,0,0,0,0,69792,"ENCRUZILHADA DO SUL, RUA",NA,"",40,"JAGUARE",1,0,"ENCRUZILHADA DO SUL, RUA 506 SAO PAULO SP",-23.4612738,-46.704959
"9934","D051301208",6186,"EDGAR SALES, RUA",12026,"LOURENCO DO SUL, RUA S",0,"","26/05/2013 11:20",2,"CO",38,4811," "," ",0,1,0,0,1,0,0,0,0,0,0,0,0,0,0,0,0,6186,"EDGAR SALES, RUA",12026,"LOURENCO DO SUL, RUA S",13,"CACHOEIRINHA",2,0,"EDGAR SALES, RUA SAO PAULO SP &  LOURENCO DO SUL, RUA S SAO PAULO SP",-23.461498,-46.6512472
"9935","D051300375",8944,"IBIRAPUERA, AV",9880,"JAMARIS, AV",0,"","26/05/2013 11:50",4,"AT",27,5563," "," ",0,0,0,0,0,0,0,1,0,0,0,0,0,0,0,0,0,8944,"IBIRAPUERA, AV",11648,"LAVANDISCA, AV",53,"MOEMA",1,0,"IBIRAPUERA, AV SAO PAULO SP &  JAMARIS, AV SAO PAULO SP",-23.6014353,-46.6601288
"9936","D051302172",17824,"SAPOPEMBA, AV",NA,"",27000,"","26/05/2013 13:00",2,"CO",55,7299," "," ",1,1,0,0,0,0,0,0,0,0,0,0,0,0,0,0,0,17824,"SAPOPEMBA, AV",NA,"",33,"IPIRANGA",1,0,"SAPOPEMBA, AV 27000 SAO PAULO SP",-23.6228321,-46.4438559
"9937","D051300505",12193,"LUIS CARLOS BERRINI, AV ENG",NA,"",550,"","26/05/2013 13:30",2,"CO",96,5565," "," ",1,1,0,0,0,0,0,0,0,0,0,0,0,0,0,0,0,12193,"LUIS CARLOS BERRINI, AV ENG",NA,"",34,"ITAIM BIBI",1,0,"LUIS CARLOS BERRINI, AV ENG 550 SAO PAULO SP",-23.6015001,-46.6916055
"9938","D051301493",59616,"BELCHIOR, PCA",NA,"",377,"","26/05/2013 13:54",2,"CO",42,3501," "," ",1,1,0,0,0,0,0,0,0,0,0,0,0,0,0,0,0,59616,"BELCHIOR, PCA",NA,"",26,"CONSOLACAO",2,0,"BELCHIOR, PCA 377 SAO PAULO SP",-23.5994664,-46.5623551
"9939","D051300870",6816,"EUSEBIO DE PAULA MARCONDES, RUA",NA,"",626,"","26/05/2013 14:22",4,"AT",75,4653," "," ",1,0,0,0,0,0,0,0,0,0,0,0,0,0,0,0,0,6816,"EUSEBIO DE PAULA MARCONDES, RUA",NA,"",68,"RIO PEQUENO",1,0,"EUSEBIO DE PAULA MARCONDES, RUA 626 SAO PAULO SP",-23.5772569,-46.7760993
"9940","D051301209",15599,"PATIS, RUA DOS",NA,"",351,"","26/05/2013 14:30",4,"AT",38,4818," "," ",3,0,0,0,0,0,0,0,0,0,0,0,0,0,0,0,0,15599,"PATIS, RUA DOS",NA,"",13,"CACHOEIRINHA",1,0,"PATIS, RUA DOS 351 SAO PAULO SP",-23.4714413,-46.6611139
"9941","D051300775",74182,"CARDOSO MOREIRA, RUA",NA,"",799,"","26/05/2013 15:15",2,"CO",37,4658," "," ",1,1,0,0,0,0,0,0,0,0,0,0,0,0,0,0,0,74182,"CARDOSO MOREIRA, RUA",NA,"",29,"FREGUESIA DO O",1,0,"CARDOSO MOREIRA, RUA 799 SAO PAULO SP",-23.6283835,-46.7600564
"9942","D051300200",6642,"ESTADO, AV DO",14805,"ALBERTO LION, PCA",0,"","26/05/2013 15:20",2,"CT",8,4171," "," ",1,0,0,0,0,0,0,0,0,0,0,1,0,0,0,0,0,6642,"ESTADO, AV DO",14805,"ALBERTO LION, PCA",14,"CAMBUCI",1,0,"ESTADO, AV DO SAO PAULO SP &  ALBERTO LION, PCA SAO PAULO SP",-23.5635869,-46.6112253
"9943","D051300935",8406,"GUARIPE, RUA",NA,"",158,"","26/05/2013 15:30",4,"AT",91,3827," "," ",1,0,0,0,0,0,0,0,0,0,0,0,0,0,0,0,0,8406,"GUARIPE, RUA",NA,"",21,"CASA VERDE",1,0,"GUARIPE, RUA 158 SAO PAULO SP",-23.6203792,-46.6304373
"9945","D051302059",2666,"AZEREDO COUTINHO, AV DOM",NA,"",468,"","26/05/2013 15:32",2,"CL",41,5579," "," ",1,1,0,0,0,0,0,0,0,0,0,0,0,0,0,0,0,2666,"AZEREDO COUTINHO, AV DOM",NA,"",4,"ARICANDUVA",1,0,"AZEREDO COUTINHO, AV DOM 468 SAO PAULO SP",-23.5667872,-46.522319
"9946","D051301848",17820,"TITO, AV MAL",NA,"",1314,"","26/05/2013 15:56",4,"AT",22,4290," "," ",0,0,0,0,0,0,0,1,0,0,0,0,0,0,0,0,0,17820,"TITO, AV MAL",NA,"",53,"MOEMA",1,0,"TITO, AV MAL 1314 SAO PAULO SP",-23.4952084,-46.4336804
"9947","D051301247",8320,"GUAPIRA, AV",NA,"",1000,"","26/05/2013 16:20",2,"QD",39,5621," "," ",0,0,1,0,0,0,0,0,0,0,0,0,0,0,0,0,0,8320,"GUAPIRA, AV",NA,"",38,"JACANA",1,0,"GUAPIRA, AV 1000 SAO PAULO SP",-23.4762238,-46.5950165
"9948","D051301305",16051,"PENHA BRASIL, AV GAL",NA,"",2000,"","26/05/2013 16:30",2,"QD",72,4943," "," ",0,0,0,0,0,0,0,0,1,0,0,0,0,0,0,0,0,16051,"PENHA BRASIL, AV GAL",NA,"",48,"LAPA",1,0,"PENHA BRASIL, AV GAL 2000 SAO PAULO SP",-23.4585548,-46.6751172
"9949","D051301345",6361,"ELISIO TEIXEIRA LEITE, AV",NA,"",7500,"","26/05/2013 16:30",2,"CO",74,2281,"B"," ",1,1,0,0,0,0,0,0,0,0,0,0,0,0,0,0,0,6361,"ELISIO TEIXEIRA LEITE, AV",NA,"",29,"FREGUESIA DO O",1,0,"ELISIO TEIXEIRA LEITE, AV 7500 SAO PAULO SP",-23.4372298,-46.7174133
"9950","D051301747",13910,"MIGUEL CORREIA DE SANDE, RUA",NA,"",308,"","26/05/2013 16:45",4,"AT",92,6520," "," ",0,1,0,0,0,0,0,0,0,0,0,0,0,0,0,0,0,13910,"MIGUEL CORREIA DE SANDE, RUA",NA,"",32,"IGUATEMI",1,0,"MIGUEL CORREIA DE SANDE, RUA 308 SAO PAULO SP",-23.6702949,-46.7472254
"9951","D051302336",4053,"MARIO LOPES LEAO, AV",NA,"",200,"","26/05/2013 17:10",4,"AT",11,6070,"B"," ",0,0,1,0,0,0,0,0,0,0,0,0,0,0,0,0,0,4053,"MARIO LOPES LEAO, AV",NA,"",NA,"",0,1,"MARIO LOPES LEAO, AV 200 SAO PAULO SP",-23.6508251,-46.7083086
"9952","D051302073",69719,"BENTO SOARES MOTA, RUA",NA,"",190,"","26/05/2013 17:30",2,"CO",44,3743," "," ",1,1,0,0,0,0,0,0,0,0,0,0,0,0,0,0,0,69719,"BENTO SOARES MOTA, RUA",NA,"",31,"GUAIANASES",1,0,"BENTO SOARES MOTA, RUA 190 SAO PAULO SP",-23.559411,-46.4106456
"9953","D051301210",33642,"MASAO WATANABE, AV",64137,"FRANCISCO MACHADO DA SILVA, AV",0,"","26/05/2013 17:30",2,"CL",38,4830," "," ",1,1,0,0,0,0,0,0,0,0,0,0,0,0,0,0,0,33642,"MASAO WATANABE, AV",64137,"FRANCISCO MACHADO DA SILVA, AV",13,"CACHOEIRINHA",1,0,"MASAO WATANABE, AV SAO PAULO SP &  FRANCISCO MACHADO DA SILVA, AV SAO PAULO SP",-23.4622425,-46.6663518
"9955","D051300450",4380,"GIOVANNI DA CONEGLIANO, RUA",NA,"",1539,"","26/05/2013 19:23",2,"CO",83,4653," "," ",2,1,0,0,0,0,0,0,0,0,0,0,0,0,0,0,0,4380,"GIOVANNI DA CONEGLIANO, RUA",NA,"",69,"SACOMA",1,0,"GIOVANNI DA CONEGLIANO, RUA 1539 SAO PAULO SP",-23.6508273,-46.5979494
"9957","D051301948",13881,"MIGUEL, AV S",NA,"",4537,"","26/05/2013 19:45",2,"CH",62,5701," "," ",0,0,1,0,0,0,0,0,0,0,0,0,0,0,0,0,0,13881,"MIGUEL, AV S",NA,"",65,"PONTE RASA",1,0,"MIGUEL, AV S 4537 SAO PAULO SP",-23.5073491,-46.4895871
"9958","D051301011",8466,"GUILHERME, AV",16759,"QUIRINO, RUA S",0,"","26/05/2013 19:50",2,"CO",9,4898,"C"," ",1,1,0,0,0,0,0,0,0,0,0,0,0,0,0,1,0,8466,"GUILHERME, AV",16759,"QUIRINO, RUA S",88,"VILA GUILHERME",1,0,"GUILHERME, AV SAO PAULO SP &  QUIRINO, RUA S SAO PAULO SP",-23.5148697,-46.6037158
"9962","D051301606",9220,"INTERLAGOS, AV",NA,"",1000,"","26/05/2013 21:20",2,"CO",11,6076," "," ",0,1,0,0,0,0,0,1,0,0,0,0,0,0,0,0,0,9220,"INTERLAGOS, AV",NA,"",16,"CAMPO GRANDE",2,0,"INTERLAGOS, AV 1000 SAO PAULO SP",-23.6536678,-46.6799757
"9963","D051301248",8320,"GUAPIRA, AV",NA,"",1963,"","26/05/2013 22:00",4,"AT",39,5634," "," ",1,0,0,0,0,0,0,0,0,0,0,0,0,0,0,0,0,8320,"GUAPIRA, AV",NA,"",38,"JACANA",1,0,"GUAPIRA, AV 1963 SAO PAULO SP",-23.4719177,-46.5876479
"9964","D051301995",3994,"CAMPANELLA, AV",NA,"",696,"","26/05/2013 22:11",2,"CO",64,5702," "," ",1,1,0,0,0,0,0,0,0,0,0,0,0,0,0,0,0,3994,"CAMPANELLA, AV",NA,"",36,"ITAQUERA",1,0,"CAMPANELLA, AV 696 SAO PAULO SP",-23.5361729,-46.4678379
"9965","D051302300",38494,"FUNCIONARIOS PUBLICOS, AV DOS",NA,"",110,"","26/05/2013 22:15",4,"AT",11,6168," "," ",1,0,0,0,0,0,0,0,0,0,0,0,0,0,0,0,0,38494,"FUNCIONARIOS PUBLICOS, AV DOS",NA,"",NA,"",1,1,"FUNCIONARIOS PUBLICOS, AV DOS 110 SAO PAULO SP",-23.7318594,-46.7853956
"9966","D051302266",13088,"BANDEIRANTES DO SUL, AV",NA,"",1003,"","26/05/2013 22:30",4,"AT",20,4901," "," ",1,0,0,0,0,0,0,0,0,0,0,0,0,0,0,0,0,13088,"BANDEIRANTES DO SUL, AV",NA,"",94,"VILA MEDEIROS",0,1,"BANDEIRANTES DO SUL, AV 1003 SAO PAULO SP",-23.5114682,-46.5758101
"9967","D051300580",14447,"NAZARE PAULISTA, RUA",NA,"",522,"","26/05/2013 22:40",2,"CH",14,5359," "," ",0,1,0,0,0,0,0,0,0,0,0,0,0,0,0,0,0,14447,"NAZARE PAULISTA, RUA",NA,"",2,"ALTO DE PINHEIR",1,0,"NAZARE PAULISTA, RUA 522 SAO PAULO SP",-23.5450838,-46.6975123
"9968","D051301211",277,"AFONSO LOPES VIEIRA, RUA",78227,"ARAUJO CASTRO, RUA DR",0,"","26/05/2013 22:50",2,"CO",38,4835," "," ",2,0,0,0,0,0,0,0,0,0,0,0,0,0,0,0,0,277,"AFONSO LOPES VIEIRA, RUA",78227,"ARAUJO CASTRO, RUA DR",NA,"",2,0,"AFONSO LOPES VIEIRA, RUA SAO PAULO SP &  ARAUJO CASTRO, RUA DR SAO PAULO SP",-23.464584,-46.6646161
"9969","D051300654",4248,"CARDOSO DE ALMEIDA, RUA",19927,"VANDERLEI, RUA",0,"","26/05/2013 23:00",2,"CO",23,3837," "," ",1,1,0,0,0,0,0,0,0,0,0,0,0,0,0,0,0,4248,"CARDOSO DE ALMEIDA, RUA",19927,"VANDERLEI, RUA",61,"PERDIZES",1,0,"CARDOSO DE ALMEIDA, RUA SAO PAULO SP &  VANDERLEI, RUA SAO PAULO SP",-23.548295,-46.6740951
"9970","D051300376",19100,"BANDEIRANTES, AV DOS",NA,"",2056,"","26/05/2013 23:25",2,"CT",27,5578," "," ",1,0,0,0,0,0,0,0,0,0,0,0,0,0,1,0,0,19100,"BANDEIRANTES, AV DOS",NA,"",24,"CIDADE LIDER",1,0,"BANDEIRANTES, AV DOS 2056 SAO PAULO SP",-23.608054,-46.677712
"9971","D051302153",34500,"IGUATEMI, AV",NA,"",1964,"","26/05/2013 23:26",2,"CO",54,7323," "," ",1,0,1,0,0,0,0,0,0,0,0,0,0,0,0,0,0,34500,"IGUATEMI, AV",NA,"",50,"LIMAO",1,0,"IGUATEMI, AV 1964 SAO PAULO SP",-23.590516,-46.4166332
"9972","D051300138",1521,"ANTONIO, RUA STO",NA,"",820,"","27/05/2013 00:02",2,"CT",5,4499," "," ",1,1,0,0,0,0,0,0,0,0,0,0,0,0,0,0,0,1521,"ANTONIO, RUA STO",NA,"",67,"REPUBLICA",1,0,"ANTONIO, RUA STO 820 SAO PAULO SP",-23.5523094,-46.6461269
"9973","D051301607",19844,"VITOR MANZINI, AV",NA,"",200,"","27/05/2013 02:40",2,"CF",11,6079," "," ",1,1,0,0,0,0,0,0,0,0,0,0,0,0,0,0,0,19844,"VITOR MANZINI, AV",NA,"",29,"FREGUESIA DO O",1,0,"VITOR MANZINI, AV 200 SAO PAULO SP",-23.6627497,-46.7072436
"9975","D051301911",17820,"TITO, AV MAL",NA,"",4200,"","27/05/2013 04:50",4,"AT",50,6568," "," ",0,1,0,0,0,0,0,0,0,0,0,0,0,0,0,0,0,17820,"TITO, AV MAL",NA,"",53,"MOEMA",2,0,"TITO, AV MAL 4200 SAO PAULO SP",-23.4961169,-46.4027721
"9976","D051301471",18067,"SERRA DE BOTUCATU, RUA",1657,"ANTONIO DE BARROS, RUA",0,"","27/05/2013 05:45",2,"QD",30,3235," "," ",0,0,1,0,0,0,0,0,0,0,0,0,0,0,0,0,0,1657,"ANTONIO DE BARROS, RUA",18067,"SERRA DE BOTUCATU, RUA",82,"TATUAPE",1,0,"SERRA DE BOTUCATU, RUA SAO PAULO SP &  ANTONIO DE BARROS, RUA SAO PAULO SP",-23.5406817,-46.552644
"9977","D051300996",5567,"CRUZEIRO DO SUL, AV",NA,"",2363,"","27/05/2013 06:15",4,"AT",9,2989," "," ",0,1,0,0,0,0,0,0,0,0,0,0,0,0,0,0,0,5567,"CRUZEIRO DO SUL, AV",NA,"",5,"ARTUR ALVIM",1,0,"CRUZEIRO DO SUL, AV 2363 SAO PAULO SP",-23.5103876,-46.6252361
"9978","D051301824",12751,"OLIVIA GUEDES PENTEADO, RUA",NA,"",387,"","27/05/2013 06:15",2,"CO",102,1473," "," ",1,1,0,0,0,0,0,0,0,0,0,0,0,0,0,0,0,12751,"OLIVIA GUEDES PENTEADO, RUA",NA,"",81,"SOCORRO",1,0,"OLIVIA GUEDES PENTEADO, RUA 387 SAO PAULO SP",-23.6706703,-46.7109266
"9979","D051301544",4736,"CELSO GARCIA, AV",NA,"",1638,"","27/05/2013 06:20",2,"CO",81,1512," "," ",1,0,0,0,1,0,0,0,0,0,0,0,0,0,0,0,0,4736,"CELSO GARCIA, AV",NA,"",82,"TATUAPE",1,0,"CELSO GARCIA, AV 1638 SAO PAULO SP",-23.5376723,-46.5965089
"9980","D051301055",17799,"SANTOS DUMONT, AV",15937,"PEDRO LEON SCHNEIDER, AV GAL",0,"","27/05/2013 06:38",2,"CL",13,5887,"C"," ",0,1,0,0,0,0,0,0,0,0,0,0,0,0,0,0,0,15937,"PEDRO LEON SCHNEIDER, AV GAL",17799,"SANTOS DUMONT, AV",71,"SANTANA",1,0,"SANTOS DUMONT, AV SAO PAULO SP &  PEDRO LEON SCHNEIDER, AV GAL SAO PAULO SP",-23.5257861,-46.6307889
"9981","D051300793",16838,"RAIMUNDO PEREIRA DE MAGAL., AV",NA,"",16000,"","27/05/2013 07:00",2,"CO",46,2459,"C"," ",1,1,0,0,0,0,0,0,0,0,0,0,0,0,0,0,0,16838,"RAIMUNDO PEREIRA DE MAGAL., AV",NA,"",31,"GUAIANASES",1,0,"RAIMUNDO PEREIRA DE MAGAL., AV 16000 SAO PAULO SP",-23.4065284,-46.734975
"9982","D051300880",16838,"RAIMUNDO PEREIRA DE MAGAL., AV",NA,"",7800,"","27/05/2013 07:05",2,"CH",87,2678," "," ",1,0,0,0,0,0,0,0,0,0,0,0,0,0,0,0,0,16838,"RAIMUNDO PEREIRA DE MAGAL., AV",NA,"",31,"GUAIANASES",3,0,"RAIMUNDO PEREIRA DE MAGAL., AV 7800 SAO PAULO SP",-23.4677172,-46.7245328
"9983","D051300080",2595,"AURORA, RUA",11883,"LIMEIRA, AL BR DE",0,"","27/05/2013 07:13",2,"CL",3,4256," "," ",2,0,0,0,0,0,0,0,0,0,0,0,0,0,0,0,0,10101,"JOAO, AV S",11883,"LIMEIRA, AL BR DE",67,"REPUBLICA",1,0,"AURORA, RUA SAO PAULO SP &  LIMEIRA, AL BR DE SAO PAULO SP",-23.5379264,-46.6370191
"9984","D051300964",19092,"TORRES DE OLIVEIRA, AV",NA,"",330,"","27/05/2013 07:20",2,"CO",93,3360," "," ",0,1,0,0,0,0,0,0,1,0,0,0,0,0,0,0,0,19092,"TORRES DE OLIVEIRA, AV",NA,"",13,"CACHOEIRINHA",2,0,"TORRES DE OLIVEIRA, AV 330 SAO PAULO SP",-23.5519186,-46.7358817
"9986","D051301696",12977,"MARFIM, RUA",NA,"",377,"","27/05/2013 07:30",4,"AT",80,1920," "," ",1,0,0,0,0,0,0,0,0,0,0,0,0,0,0,0,0,12977,"MARFIM, RUA",NA,"",16,"CAMPO GRANDE",1,0,"MARFIM, RUA 377 SAO PAULO SP",-23.6839234,-46.6774847
"9987","D051300226",4561,"CASTELO BRANCO, AV PRES",6984,"FELISBERTO DE CARVALHO, RUA",0,"","27/05/2013 07:50",2,"QM",12,2893," "," ",0,1,0,0,0,0,0,0,0,0,0,0,0,0,0,0,0,4561,"CASTELO BRANCO, AV PRES",6984,"FELISBERTO DE CARVALHO, RUA",NA,"",1,0,"CASTELO BRANCO, AV PRES SAO PAULO SP &  FELISBERTO DE CARVALHO, RUA SAO PAULO SP",-23.5216047,-46.6390428
"9988","D051301474",34122,"MELO FREIRE, RUA",1657,"ANTONIO DE BARROS, RUA",0,"","27/05/2013 08:00",2,"CT",30,4602," "," ",1,1,0,0,0,0,0,0,0,0,0,0,0,0,0,0,0,1657,"ANTONIO DE BARROS, RUA",34122,"MELO FREIRE, RUA",82,"TATUAPE",1,0,"MELO FREIRE, RUA SAO PAULO SP &  ANTONIO DE BARROS, RUA SAO PAULO SP",-23.5391715,-46.5695321
"9989","D051301733",13357,"MARIA COELHO AGUIAR, AV",NA,"",1226,"","27/05/2013 08:00",2,"CO",92,3283," "," ",2,1,0,0,0,0,0,0,0,0,0,0,0,0,0,0,0,13357,"MARIA COELHO AGUIAR, AV",NA,"",45,"JARDIM SAO LUIS",1,0,"MARIA COELHO AGUIAR, AV 1226 SAO PAULO SP",-23.6547901,-46.7358108
"9990","D051300486",12362,"LUISIANIA, RUA",NA,"",416,"","27/05/2013 08:30",2,"CH",96,2536," "," ",2,0,0,0,0,0,0,0,0,0,0,0,0,0,0,0,0,12362,"LUISIANIA, RUA",NA,"",34,"ITAIM BIBI",1,0,"LUISIANIA, RUA 416 SAO PAULO SP",-23.6095355,-46.6808472
"9991","D051300024",11824,"LIBERO BADARO, RUA",4831,"CHA, VD DO",0,"","27/05/2013 08:40",2,"CT",1,4246," "," ",1,1,0,0,0,0,0,0,0,0,0,0,0,0,0,0,0,6889,"FALCAO FILHO, RUA DR",11824,"LIBERO BADARO, RUA",80,"SE",1,0,"LIBERO BADARO, RUA SAO PAULO SP &  CHA, VD DO SAO PAULO SP",-23.5491121,-46.6374832
"9994","D051300997",6110,"DUARTE DE AZEVEDO, RUA",NA,"",550,"","27/05/2013 10:00",2,"CO",9,3016," "," ",1,1,0,0,0,0,0,0,0,0,0,0,0,0,0,0,0,6110,"DUARTE DE AZEVEDO, RUA",NA,"",71,"SANTANA",1,0,"DUARTE DE AZEVEDO, RUA 550 SAO PAULO SP",-23.501054,-46.6205588
"9995","D051302267",12436,"MACEDO SOARES, AV EMB",NA,"",350,"","27/05/2013 10:00",2,"QM",91,3847," "," ",0,1,0,1,0,0,0,0,0,0,0,0,0,0,0,0,0,29772,"MARGINAL DO RIO TIETE, AV",NA,"",48,"LAPA",0,1,"MACEDO SOARES, AV EMB 350 SAO PAULO SP",-23.5128748,-46.7220258
"9996","D051301884",63908,"DAMASCO, RUA",NA,"",454,"","27/05/2013 10:00",2,"CH",32,3063," "," ",0,0,0,0,0,0,0,1,0,0,0,0,0,0,0,0,0,63908,"DAMASCO, RUA",NA,"",29,"FREGUESIA DO O",1,0,"DAMASCO, RUA 454 SAO PAULO SP",-23.6779244,-46.7737074
"9997","D051301331",12307,"LUIS STAMATIS, AV",NA,"",356,"","27/05/2013 10:30",2,"CO",73,5646," "," ",1,1,0,0,0,0,0,0,0,0,0,0,0,0,0,0,0,12307,"LUIS STAMATIS, AV",NA,"",38,"JACANA",1,0,"LUIS STAMATIS, AV 356 SAO PAULO SP",-23.4681727,-46.5817204
"9999","D051301526",19163,"TRILHOS, RUA DOS",19018,"TOBIAS BARRETO, RUA",0,"","27/05/2013 11:55",2,"SI",57,2147," "," ",0,1,0,0,0,0,0,0,0,0,0,1,0,0,0,0,0,19018,"TOBIAS BARRETO, RUA",19163,"TRILHOS, RUA DOS",NA,"",1,0,"TRILHOS, RUA DOS SAO PAULO SP &  TOBIAS BARRETO, RUA SAO PAULO SP",-23.5548552,-46.5928758
"10000","D051301135",2563,"AUGUSTO TOLLE, RUA",NA,"",933,"","27/05/2013 12:00",4,"AT",20,5897," "," ",1,0,0,0,0,0,0,0,0,0,0,0,0,0,0,0,0,2563,"AUGUSTO TOLLE, RUA",NA,"",8,"BELEM",1,0,"AUGUSTO TOLLE, RUA 933 SAO PAULO SP",-23.4854003,-46.6334384
"10001","D051300965",99137,"LINEU PRESTES (C.UNIVERS.), AV PROF",NA,"",2227,"","27/05/2013 12:30",2,"SI",93,3368," "," ",1,1,0,0,0,0,0,0,0,0,0,0,0,0,0,0,0,99137,"LINEU PRESTES (C.UNIVERS.), AV PROF",NA,"",2,"ALTO DE PINHEIR",1,0,"LINEU PRESTES (C.UNIVERS.), AV PROF 2227 SAO PAULO SP",-23.5538878,-46.7298014
"10003","D051302133",7320,"FRANCA VELHO, RUA",NA,"",25,"","27/05/2013 13:00",4,"AT",53,3758," "," ",1,0,0,0,0,0,0,0,0,0,0,0,0,0,0,0,0,7320,"FRANCA VELHO, RUA",NA,"",58,"PARQUE DO CARMO",1,0,"FRANCA VELHO, RUA 25 SAO PAULO SP",-23.5573825,-46.4513864
"10004","D051300581",5885,"DIOGENES RIBEIRO DE LIMA, AV",9862,"JAIME FONSECA RODRIGUES, RUA ARQ",0,"","27/05/2013 14:30",2,"CO",14,5373," "," ",0,1,0,0,0,0,0,0,0,0,0,1,0,0,0,0,0,5885,"DIOGENES RIBEIRO DE LIMA, AV",9862,"JAIME FONSECA RODRIGUES, RUA ARQ",2,"ALTO DE PINHEIR",1,0,"DIOGENES RIBEIRO DE LIMA, AV SAO PAULO SP &  JAIME FONSECA RODRIGUES, RUA ARQ SAO PAULO SP",-23.5335586,-46.7188173
"10005","D051300936",16726,"QUEIROZ FILHO, AV",NA,"",1700,"","27/05/2013 15:15",2,"QM",91,3856," "," ",0,1,0,0,0,0,0,0,0,0,0,0,0,0,0,0,0,16726,"QUEIROZ FILHO, AV",NA,"",14,"CAMBUCI",1,0,"QUEIROZ FILHO, AV 1700 SAO PAULO SP",-23.544498,-46.7335097
"10006","D051300860",16878,"RAPOSO TAVARES, VIA",NA,"",18000,"","27/05/2013 16:00",2,"QM",75,1875," "," ",0,1,0,0,0,0,0,0,0,0,0,0,0,0,0,0,0,16878,"RAPOSO TAVARES, VIA",NA,"",13,"CACHOEIRINHA",1,0,"RAPOSO TAVARES, VIA 18000 SAO PAULO SP",-23.5138709,-48.5061497
"10008","D051300811",46890,"ALEXIOS JAFET (ESTR.CAMPINAS), AV",NA,"",63,"","27/05/2013 16:20",2,"CH",46,5023," "," ",1,0,0,0,0,0,0,0,0,0,0,0,0,0,0,0,0,46890,"ALEXIOS JAFET (ESTR.CAMPINAS), AV",NA,"",41,"JARAGUA",2,0,"ALEXIOS JAFET (ESTR.CAMPINAS), AV 63 SAO PAULO SP",-23.5629769,-46.6503446
"10010","D051300026",16870,"RANGEL PESTANA, AV",15984,"PEDRO II, PQ DOM",0,"","27/05/2013 16:27",4,"AT",1,4282," "," ",0,1,0,0,0,0,0,0,0,0,0,0,0,0,0,0,0,15984,"PEDRO II, PQ DOM",16870,"RANGEL PESTANA, AV",74,"SAO LUCAS",1,0,"RANGEL PESTANA, AV SAO PAULO SP &  PEDRO II, PQ DOM SAO PAULO SP",-23.5447812,-46.6196928
"10011","D051300451",13915,"MIGUEL ESTEFANO, AV",NA,"",5500,"","27/05/2013 16:50",2,"CF",83,4690," "," ",1,0,0,0,0,0,0,1,0,0,0,0,0,0,0,0,0,13915,"MIGUEL ESTEFANO, AV",NA,"",27,"CURSINO",2,0,"MIGUEL ESTEFANO, AV 5500 SAO PAULO SP",-23.6569661,-46.6166637
"10012","D051301853",9632,"ITINGUCU, RUA",NA,"",2782,"","27/05/2013 16:50",2,"CO",24,4475," "," ",2,0,0,0,0,0,0,0,0,0,0,0,0,0,0,0,0,9632,"ITINGUCU, RUA",NA,"",60,"PENHA",1,0,"ITINGUCU, RUA 2782 SAO PAULO SP",-23.5346027,-46.4915733