"","id_acidente","codloga","logradouroA","codlogb","logradouroB","alt_num","referencia","data","cod_acid","tipo_acidente","dp","numero_BO","sentido","pista","automovel","moto","onibus","caminhao","bicicleta","moto_taxi","onibus_fretado","onibus_urbano","microonibus","van","vuc","caminhonete","carreta","jipe","outros","sem_informacao","carroca","princ_a","paiA","princ_b","paiB","cod_distrito","distrito","vit_ferida","vit_morta","local","lat","lon"
"10014","D051301643",5606,"CUPECE, AV",NA,"",4019,"","27/05/2013 18:00",4,"AT",43,5654," "," ",0,1,0,0,0,0,0,0,0,0,0,0,0,0,0,0,0,5606,"CUPECE, AV",NA,"",22,"CIDADE ADEMAR",1,0,"CUPECE, AV 4019 SAO PAULO SP",-23.6706041,-46.6471315
"10015","D051302239",34273,"MORAIS COSTA, AV",NA,"",767,"","27/05/2013 18:00",2,"CO",70,5638," "," ",2,0,0,0,0,0,0,0,0,0,0,0,0,0,0,0,0,34273,"MORAIS COSTA, AV",NA,"",56,"PARELHEIROS",2,0,"MORAIS COSTA, AV 767 SAO PAULO SP",-23.6093404,-46.532479
"10017","D051300794",65051,"FRANCISCO DA CUNHA MENEZES, RUA",NA,"",120,"","27/05/2013 18:30",4,"AT",46,2484," "," ",1,0,0,0,0,0,0,0,0,0,0,0,0,0,0,0,0,65051,"FRANCISCO DA CUNHA MENEZES, RUA",NA,"",52,"MARSILAC",2,0,"FRANCISCO DA CUNHA MENEZES, RUA 120 SAO PAULO SP",-23.4461313,-46.7436427
"10018","D051301056",3637,"BRAZ LEME, AV",NA,"",1500,"","27/05/2013 19:00",4,"AA",13,5920,"B"," ",0,1,0,0,0,0,0,0,0,0,0,0,0,0,0,0,0,3637,"BRAZ LEME, AV",NA,"",21,"CASA VERDE",1,0,"BRAZ LEME, AV 1500 SAO PAULO SP",-23.5069197,-46.645606
"10019","D051300203",543,"ALCANTARA MACHADO, AV",3653,"BRESSER, RUA",0,"","27/05/2013 19:01",2,"CH",8,4191," "," ",1,0,0,0,0,0,0,0,0,0,0,0,0,0,0,0,0,543,"ALCANTARA MACHADO, AV",3653,"BRESSER, RUA",54,"MOOCA",1,0,"ALCANTARA MACHADO, AV SAO PAULO SP &  BRESSER, RUA SAO PAULO SP",-23.5528151,-46.613419
"10020","D051302238",22002,"FREDERICO M. DA COSTA CARVALHO, AV DR",NA,"",320,"","27/05/2013 19:30",4,"AT",70,5636," "," ",0,0,1,0,0,0,0,0,0,0,0,0,0,0,0,0,0,22002,"FREDERICO M. DA COSTA CARVALHO, AV DR",NA,"",56,"PARELHEIROS",1,0,"FREDERICO M. DA COSTA CARVALHO, AV DR 320 SAO PAULO SP",-23.6055564,-46.512104
"10021","D051300201",11492,"KENNEDY, PCA PRES",NA,"",20,"","27/05/2013 19:55",2,"CO",8,4187," "," ",1,1,0,0,0,0,0,0,0,0,0,0,0,0,0,0,0,11492,"KENNEDY, PCA PRES",NA,"",54,"MOOCA",1,0,"KENNEDY, PCA PRES 20 SAO PAULO SP",-23.5216784,-46.7812004
"10023","D051301268",6450,"EMILIO CARLOS, AV DEP",NA,"",3500,"","27/05/2013 20:05",2,"CT",40,5925," "," ",2,0,0,0,0,0,0,0,0,0,0,0,0,0,0,0,0,6450,"EMILIO CARLOS, AV DEP",NA,"",50,"LIMAO",1,0,"EMILIO CARLOS, AV DEP 3500 SAO PAULO SP",-23.4798639,-46.6729634
"10024","D051301608",3203,"BENTA VIEIRA, PCA DONA",9384,"ISABEL SCHMIDT, RUA",0,"","27/05/2013 20:15",4,"AT",11,6144," "," ",1,0,0,0,0,0,0,0,0,0,0,0,0,0,0,0,0,3203,"BENTA VIEIRA, PCA DONA",9384,"ISABEL SCHMIDT, RUA",72,"SANTO AMARO",1,0,"BENTA VIEIRA, PCA DONA SAO PAULO SP &  ISABEL SCHMIDT, RUA SAO PAULO SP",-23.6500459,-46.7056841
"10027","D051301503",27094,"SALIM FARAH MALUF, AV",NA,"",217,"","27/05/2013 23:48",4,"AT",52,6025," "," ",0,0,0,0,0,0,0,0,0,0,0,0,0,0,0,1,0,27094,"SALIM FARAH MALUF, AV",NA,"",82,"TATUAPE",1,0,"SALIM FARAH MALUF, AV 217 SAO PAULO SP",-23.5306967,-46.5834713
"10028","D051301166",17171,"RIO VERDE, RUA",21926,"HERMENEGILDO DE BARROS, RUA MIN",0,"","28/05/2013 00:00",2,"CO",28,5929," "," ",1,1,0,0,0,0,0,0,0,0,0,0,0,0,0,0,0,10212,"JOAO CORDEIRO, RUA",21926,"HERMENEGILDO DE BARROS, RUA MIN",NA,"",1,0,"RIO VERDE, RUA SAO PAULO SP &  HERMENEGILDO DE BARROS, RUA MIN SAO PAULO SP",-23.4885725,-46.7064062
"10029","D051302335",1196,"ANA NERI, RUA DONA",6642,"ESTADO, AV DO",0,"","28/05/2013 00:42",2,"CH",6,7514," "," ",1,0,0,0,0,0,0,0,0,0,0,0,0,0,0,0,0,1196,"ANA NERI, RUA DONA",6642,"ESTADO, AV DO",NA,"",2,1,"ANA NERI, RUA DONA SAO PAULO SP &  ESTADO, AV DO SAO PAULO SP",-23.5573512,-46.6146092
"10030","D051300253",8771,"HIGIENOPOLIS, AV",1356,"ANGELICA, AV",0,"","28/05/2013 03:23",2,"CO",77,3207," "," ",1,1,0,0,0,0,0,0,0,0,0,0,0,0,0,0,0,1356,"ANGELICA, AV",8771,"HIGIENOPOLIS, AV",26,"CONSOLACAO",2,0,"HIGIENOPOLIS, AV SAO PAULO SP &  ANGELICA, AV SAO PAULO SP",-23.5414149,-46.6603878
"10031","D051301825",16247,"PINEDO, AV DE",NA,"",652,"","28/05/2013 06:15",2,"CO",102,1484," "," ",1,1,0,0,0,0,0,0,0,0,0,0,0,0,0,0,0,16247,"PINEDO, AV DE",NA,"",32,"IGUATEMI",1,0,"PINEDO, AV DE 652 SAO PAULO SP",-23.6707583,-46.7152545
"10032","D051302108",9044,"RAGUEB CHOHFI, AV",NA,"",2100,"","28/05/2013 06:50",2,"CT",49,7394," "," ",1,0,1,0,0,0,0,0,0,0,0,0,0,0,0,0,0,9044,"RAGUEB CHOHFI, AV",NA,"",32,"IGUATEMI",2,0,"RAGUEB CHOHFI, AV 2100 SAO PAULO SP",-23.5986919,-46.4639096
"10033","D051302268",4896,"CHICO PONTES, RUA",10622,"JOAQUINA RAMALHO, AV",0,"","28/05/2013 06:50",2,"CV",9,3004," "," ",1,1,0,0,0,0,0,0,0,0,0,0,0,0,0,0,0,4896,"CHICO PONTES, RUA",10622,"JOAQUINA RAMALHO, AV",88,"VILA GUILHERME",1,1,"CHICO PONTES, RUA SAO PAULO SP &  JOAQUINA RAMALHO, AV SAO PAULO SP",-23.5067282,-46.6042965
"10034","D051300859",20507,"CANDIDO FONTOURA, RUA",NA,"",888,"","28/05/2013 07:00",2,"CO",75,1826," "," ",2,1,0,0,0,0,0,0,0,0,0,0,0,0,0,0,0,20507,"CANDIDO FONTOURA, RUA",NA,"",13,"CACHOEIRINHA",1,0,"CANDIDO FONTOURA, RUA 888 SAO PAULO SP",-23.5831678,-46.793638
"10036","D051301057",20878,"LEITAO DE CARVALHO, RUA MAL",NA,"",65,"","28/05/2013 07:30",4,"AT",13,5937," "," ",0,1,0,0,0,0,0,0,0,0,0,0,0,0,0,0,0,20878,"LEITAO DE CARVALHO, RUA MAL",NA,"",8,"BELEM",1,0,"LEITAO DE CARVALHO, RUA MAL 65 SAO PAULO SP",-23.5161509,-46.6317658
"10037","D051301867",13881,"MIGUEL, AV S",NA,"",1591,"","28/05/2013 08:00",2,"CT",24,5774," "," ",1,1,0,0,0,0,0,0,0,0,0,0,0,0,0,0,0,13881,"MIGUEL, AV S",NA,"",65,"PONTE RASA",1,0,"MIGUEL, AV S 1591 SAO PAULO SP",-23.5125064,-46.5153391
"10038","D051300917",8000,"GIOVANNI GRONCHI, AV",NA,"",5340,"","28/05/2013 08:20",2,"CO",89,4720," "," ",1,1,0,0,0,0,0,0,0,0,0,0,0,0,0,0,0,8000,"GIOVANNI GRONCHI, AV",NA,"",55,"MORUMBI",1,0,"GIOVANNI GRONCHI, AV 5340 SAO PAULO SP",-23.6253355,-46.7343239
"10039","D051301460",4144,"CANTAGALO, RUA",1657,"ANTONIO DE BARROS, RUA",0,"","28/05/2013 08:30",2,"CL",30,2787," "," ",1,1,0,0,0,0,0,0,0,0,0,0,0,0,0,0,0,1657,"ANTONIO DE BARROS, RUA",4144,"CANTAGALO, RUA",82,"TATUAPE",1,0,"CANTAGALO, RUA SAO PAULO SP &  ANTONIO DE BARROS, RUA SAO PAULO SP",-23.5438735,-46.5572797
"10040","D051300641",13464,"MARIO DE ANDRADE, RUA",15270,"PACAEMBU, AV",0,"","28/05/2013 08:40",4,"AT",23,3028," "," ",0,0,0,0,0,0,0,1,0,0,0,0,0,0,0,0,0,15270,"PACAEMBU, AV",19624,"VICENTE CELESTINO, PCA",70,"SANTA CECILIA",1,0,"MARIO DE ANDRADE, RUA SAO PAULO SP &  PACAEMBU, AV SAO PAULO SP",-23.5321515,-46.6587722
"10041","D051301303",3771,"INAJAR DE SOUZA, AV",15425,"CANTIDIO SAMPAIO, AV DEP",0,"","28/05/2013 08:42",4,"AT",72,4878," "," ",0,1,0,0,0,0,0,0,0,0,0,0,0,0,0,0,0,3771,"INAJAR DE SOUZA, AV",15425,"CANTIDIO SAMPAIO, AV DEP",13,"CACHOEIRINHA",1,0,"INAJAR DE SOUZA, AV SAO PAULO SP &  CANTIDIO SAMPAIO, AV DEP SAO PAULO SP",-23.461436,-46.6729346
"10042","D051301734",13357,"MARIA COELHO AGUIAR, AV",NA,"",215,"","28/05/2013 09:20",2,"CO",92,3316," "," ",1,0,1,0,0,0,0,0,0,0,0,0,0,0,0,0,0,13357,"MARIA COELHO AGUIAR, AV",NA,"",45,"JARDIM SAO LUIS",1,0,"MARIA COELHO AGUIAR, AV 215 SAO PAULO SP",-23.6483613,-46.7316463
"10043","D051301125",13133,"MARIA AMALIA LOPES AZEVEDO, RUA",NA,"",400,"","28/05/2013 09:30",2,"QD",20,5001," "," ",0,0,0,0,0,0,0,1,0,0,0,0,0,0,0,0,0,13133,"MARIA AMALIA LOPES AZEVEDO, RUA",NA,"",83,"TREMEMBE",1,0,"MARIA AMALIA LOPES AZEVEDO, RUA 400 SAO PAULO SP",-23.4567171,-46.5893765
"10044","D051300204",19163,"TRILHOS, RUA DOS",18703,"TAQUARI, RUA",0,"","28/05/2013 09:40",2,"CL",8,4205," "," ",1,1,0,0,0,0,0,0,0,0,0,0,0,0,0,0,0,18703,"TAQUARI, RUA",19163,"TRILHOS, RUA DOS",54,"MOOCA",1,0,"TRILHOS, RUA DOS SAO PAULO SP &  TAQUARI, RUA SAO PAULO SP",-23.5548552,-46.5928758
"10045","D051302145",34500,"IGUATEMI, AV",NA,"",700,"","28/05/2013 10:20",4,"AT",54,2881," "," ",0,0,0,0,0,0,0,0,0,0,0,0,0,0,0,1,0,34500,"IGUATEMI, AV",NA,"",50,"LIMAO",1,0,"IGUATEMI, AV 700 SAO PAULO SP",-23.6110366,-46.400157
"10046","D051301191",44645,"DIREITOS HUMANOS, AV",NA,"",2487,"","28/05/2013 10:27",2,"CO",38,2642," "," ",1,1,0,0,0,0,0,0,0,0,0,0,0,0,0,0,0,44645,"DIREITOS HUMANOS, AV",NA,"",8,"BELEM",1,0,"DIREITOS HUMANOS, AV 2487 SAO PAULO SP",-23.4736125,-46.6363447
"10047","D051301668",76244,"HUMBERTO PASCALE, RUA DR",67955,"ADRIATICO, RUA",0,"","28/05/2013 10:53",2,"CO",47,6595," "," ",0,2,0,0,0,0,0,0,0,0,0,0,0,0,0,0,0,67955,"ADRIATICO, RUA",76244,"HUMBERTO PASCALE, RUA DR",NA,"",1,0,"HUMBERTO PASCALE, RUA DR SAO PAULO SP &  ADRIATICO, RUA SAO PAULO SP",-23.67495,-46.7765526
"10049","D051301192",15426,"PARADA PINTO, AV",NA,"",1496,"","28/05/2013 11:10",2,"CT",38,2646," "," ",1,1,0,0,0,0,0,0,0,0,0,0,0,0,0,0,0,15426,"PARADA PINTO, AV",NA,"",8,"BELEM",1,0,"PARADA PINTO, AV 1496 SAO PAULO SP",-23.4696875,-46.656013
"10050","D051300227",16006,"PEDRO VICENTE, RUA",4135,"CANINDE, RUA",0,"","28/05/2013 11:10",2,"CF",12,2930," "," ",2,0,0,0,0,0,0,0,0,0,0,0,0,0,0,0,0,4135,"CANINDE, RUA",16006,"PEDRO VICENTE, RUA",57,"PARI",1,0,"PEDRO VICENTE, RUA SAO PAULO SP &  CANINDE, RUA SAO PAULO SP",-23.5251839,-46.6273038
"10053","D051300205",543,"ALCANTARA MACHADO, AV",NA,"",4477,"","28/05/2013 12:10",2,"QM",8,4208," "," ",0,1,0,0,0,0,0,0,0,0,0,0,0,0,0,0,0,543,"ALCANTARA MACHADO, AV",NA,"",10,"BRAS",1,0,"ALCANTARA MACHADO, AV 4477 SAO PAULO SP",-23.5507913,-46.607911
"10054","D051301736",35858,"GUIDO CALOI, AV",NA,"",3200,"","28/05/2013 12:13",2,"CO",92,3329," "," ",0,1,0,0,0,0,0,0,0,0,0,1,0,0,0,0,0,35858,"GUIDO CALOI, AV",NA,"",32,"IGUATEMI",1,0,"GUIDO CALOI, AV 3200 SAO PAULO SP",-23.6671059,-46.7272917
"10055","D051300321",12611,"MANIFESTO, RUA",11506,"LABATUT, RUA",0,"","28/05/2013 12:30",2,"CO",17,2877," "," ",1,1,0,0,0,0,0,0,0,0,0,0,0,0,0,0,0,11506,"LABATUT, RUA",12611,"MANIFESTO, RUA",33,"IPIRANGA",1,0,"MANIFESTO, RUA SAO PAULO SP &  LABATUT, RUA SAO PAULO SP",-23.5996621,-46.5993074
"10056","D051301123",9170,"INES, AV STA",NA,"",659,"","28/05/2013 12:32",2,"CO",20,4915," "," ",2,0,0,0,0,0,0,0,0,0,0,0,0,0,0,0,0,9170,"INES, AV STA",NA,"",51,"MANDAQUI",1,0,"INES, AV STA 659 SAO PAULO SP",-23.4738867,-46.6301157
"10057","D051301735",10509,"JOAO ZELTNER, TR",NA,"",75,"","28/05/2013 12:36",2,"CO",92,3320," "," ",1,1,0,0,0,0,0,0,0,0,0,0,0,0,0,0,0,10509,"JOAO ZELTNER, TR",NA,"",29,"FREGUESIA DO O",1,0,"JOAO ZELTNER, TR 75 SAO PAULO SP",-23.6621849,-46.7681212
"10058","D051300658",12372,"NORMA PIERUCCINI GIANNOTTI, RUA",NA,"",600,"","28/05/2013 12:40",2,"CT",23,4582," "," ",2,0,0,0,0,0,0,0,0,0,0,0,0,0,0,0,0,12372,"NORMA PIERUCCINI GIANNOTTI, RUA",NA,"",70,"SANTA CECILIA",1,0,"NORMA PIERUCCINI GIANNOTTI, RUA 600 SAO PAULO SP",-23.5230795,-46.6563139
"10059","D051301996",46936,"JACU-PESSEGO/NOVA TRABALHADORE, AV",NA,"",100,"","28/05/2013 13:00",2,"CT",64,5787," "," ",0,1,0,0,0,0,0,0,0,0,0,1,0,0,0,0,0,46936,"JACU-PESSEGO/NOVA TRABALHADORE, AV",NA,"",46,"JOSE BONIFACIO",1,0,"JACU-PESSEGO/NOVA TRABALHADORE, AV 100 SAO PAULO SP",-23.5318107,-46.4561889
"10060","D051302188",2181,"ARICANDUVA, AV",NA,"",5555,"","28/05/2013 13:04",2,"SI",66,2328," "," ",0,0,1,1,0,0,0,0,0,0,0,0,0,0,0,0,0,2181,"ARICANDUVA, AV",NA,"",60,"PENHA",1,0,"ARICANDUVA, AV 5555 SAO PAULO SP",-23.5610792,-46.5113397
"10063","D051300655",7491,"FRANCISCO MATARAZZO, AV",NA,"",854,"","28/05/2013 13:20",2,"CL",23,3900," "," ",1,1,0,1,0,0,0,0,0,0,0,0,0,0,0,0,0,7491,"FRANCISCO MATARAZZO, AV",NA,"",6,"BARRA FUNDA",1,0,"FRANCISCO MATARAZZO, AV 854 SAO PAULO SP",-23.5278879,-46.6709275
"10064","D051300301",3523,"BOSQUE DA SAUDE, AV",NA,"",751,"","28/05/2013 14:00",2,"CO",16,7246," "," ",1,0,0,1,0,0,0,0,0,0,0,0,0,0,0,0,0,3523,"BOSQUE DA SAUDE, AV",NA,"",27,"CURSINO",1,0,"BOSQUE DA SAUDE, AV 751 SAO PAULO SP",-23.6112716,-46.6309739
"10065","D051300583",2350,"ARTUR DE AZEVEDO, RUA",13682,"MATEUS GROU, RUA",0,"","28/05/2013 14:00",2,"CO",14,5420," "," ",1,1,0,0,0,0,0,0,0,0,0,0,0,0,0,0,0,2350,"ARTUR DE AZEVEDO, RUA",13682,"MATEUS GROU, RUA",63,"PINHEIROS",1,0,"ARTUR DE AZEVEDO, RUA SAO PAULO SP &  MATEUS GROU, RUA SAO PAULO SP",-23.563285,-46.6827351
"10068","D051300027",11824,"LIBERO BADARO, RUA",NA,"",568,"","28/05/2013 15:10",2,"CO",1,4305," "," ",2,1,0,0,0,0,0,0,0,0,0,0,0,0,0,0,0,11824,"LIBERO BADARO, RUA",NA,"",80,"SE",1,0,"LIBERO BADARO, RUA 568 SAO PAULO SP",-23.5449405,-46.6352002
"10069","D051300584",2350,"ARTUR DE AZEVEDO, RUA",NA,"",1526,"","28/05/2013 15:25",4,"AT",14,5431," "," ",1,0,0,0,0,0,0,0,0,0,0,0,0,0,0,0,0,2350,"ARTUR DE AZEVEDO, RUA",NA,"",63,"PINHEIROS",1,0,"ARTUR DE AZEVEDO, RUA 1526 SAO PAULO SP",-23.564905,-46.6855606
"10070","D051301146",29031,"FREGUESIA DO O, PTE",NA,"",2839,"","28/05/2013 15:50",2,"QM",28,2866," "," ",0,1,0,0,0,0,0,0,0,0,0,0,0,0,0,0,0,13605,"MARTINELLI, AV COMEN",NA,"",44,"JARDIM PAULISTA",1,0,"FREGUESIA DO O, PTE 2839 SAO PAULO SP",-23.5091074,-46.6896838
"10071","D051301972",9086,"IMPERADOR, RUA DO",NA,"",3000,"","28/05/2013 16:10",2,"CH",63,4344," "," ",1,0,0,0,0,0,0,0,0,0,0,0,0,0,0,0,0,9086,"IMPERADOR, RUA DO",NA,"",88,"VILA GUILHERME",2,0,"IMPERADOR, RUA DO 3000 SAO PAULO SP",-23.5192695,-46.4729269
"10072","D051301228",8538,"GUSTAVO ADOLFO, AV",15280,"CAMATEI, RUA",0,"","28/05/2013 16:39",2,"QM",39,2437," "," ",0,1,0,0,0,0,0,0,0,0,0,0,0,0,0,0,0,8538,"GUSTAVO ADOLFO, AV",15280,"CAMATEI, RUA",84,"TUCURUVI",1,0,"GUSTAVO ADOLFO, AV SAO PAULO SP &  CAMATEI, RUA SAO PAULO SP",-23.4894901,-46.5783227
"10073","D051301249",13767,"MAZZEI, AV",NA,"",1849,"","28/05/2013 17:00",4,"AT",39,5716," "," ",0,1,0,0,0,0,0,0,0,0,0,0,0,0,0,0,0,13767,"MAZZEI, AV",NA,"",84,"TUCURUVI",1,0,"MAZZEI, AV 1849 SAO PAULO SP",-23.4663152,-46.5972318
"10076","D051300161",10908,"JOSE DE QUEIROS ARANHA, RUA DR",553,"ALCEU WAMOSY, RUA",0,"","28/05/2013 17:45",4,"AT",6,4223,"C"," ",1,0,0,0,0,0,0,0,0,0,0,0,0,0,0,0,0,553,"ALCEU WAMOSY, RUA",10908,"JOSE DE QUEIROS ARANHA, RUA DR",92,"VILA MARIANA",1,0,"JOSE DE QUEIROS ARANHA, RUA DR SAO PAULO SP &  ALCEU WAMOSY, RUA SAO PAULO SP",-23.5804687,-46.6366519
"10077","D051301152",3771,"INAJAR DE SOUZA, AV",2921,"BARTHOLOMEU DO CANTO, RUA",0,"","28/05/2013 18:00",2,"CO",28,4893," "," ",1,0,0,0,1,0,0,0,0,0,0,0,0,0,0,0,0,2921,"BARTHOLOMEU DO CANTO, RUA",3771,"INAJAR DE SOUZA, AV",NA,"",1,0,"INAJAR DE SOUZA, AV SAO PAULO SP &  BARTHOLOMEU DO CANTO, RUA SAO PAULO SP",-23.461436,-46.6729346
"10078","D051301432",9963,"JARBAS DE CARVALHO, RUA",9210,"INOCENCIO CORREIA, RUA",0,"","28/05/2013 18:00",2,"CO",21,6078," "," ",1,1,0,0,0,0,0,0,0,0,0,0,0,0,0,0,0,9210,"INOCENCIO CORREIA, RUA",9963,"JARBAS DE CARVALHO, RUA",93,"VILA MATILDE",1,0,"JARBAS DE CARVALHO, RUA SAO PAULO SP &  INOCENCIO CORREIA, RUA SAO PAULO SP",-23.5337391,-46.5056862
"10079","D051300139",18618,"TAMANDARE, RUA",NA,"",393,"","28/05/2013 18:10",2,"CO",5,4561," "," ",1,1,0,0,0,0,0,0,0,0,0,0,0,0,0,0,0,18618,"TAMANDARE, RUA",NA,"",49,"LIBERDADE",1,0,"TAMANDARE, RUA 393 SAO PAULO SP",-23.5626473,-46.6336627
"10080","D051301869",24282,"THOMAS COOKE, RUA",NA,"",70,"","28/05/2013 18:44",4,"AT",24,5795," "," ",1,0,0,0,0,0,0,0,0,0,0,0,0,0,0,0,0,24282,"THOMAS COOKE, RUA",NA,"",49,"LIBERDADE",1,0,"THOMAS COOKE, RUA 70 SAO PAULO SP",-23.5008434,-46.5069127
"10081","D051300642",14146,"MONTE ALEGRE, RUA",10436,"JOAO RAMALHO, RUA",0,"","28/05/2013 18:45",4,"AT",23,3050," "," ",1,0,0,0,0,0,0,0,0,0,0,0,0,0,0,0,0,10436,"JOAO RAMALHO, RUA",14146,"MONTE ALEGRE, RUA",61,"PERDIZES",1,0,"MONTE ALEGRE, RUA SAO PAULO SP &  JOAO RAMALHO, RUA SAO PAULO SP",-23.5418374,-46.6734089
"10082","D051300585",8290,"GUALTER, AV S",NA,"",520,"","28/05/2013 19:00",2,"CO",14,5433," "," ",1,1,0,0,0,0,0,0,0,0,0,0,0,0,0,0,0,8290,"GUALTER, AV S",NA,"",2,"ALTO DE PINHEIR",1,0,"GUALTER, AV S 520 SAO PAULO SP",-23.5398867,-46.7122119
"10083","D051301895",18803,"TEODORO, RUA S",46936,"JACU-PESSEGO/NOVA TRABALHADORE, AV",0,"","28/05/2013 19:00",2,"CO",32,4353," "," ",0,1,1,0,0,0,0,0,0,0,0,0,0,0,0,0,0,16173,"PESSEGO, ES DO",46936,"JACU-PESSEGO/NOVA TRABALHADORE, AV",58,"PARQUE DO CARMO",1,0,"TEODORO, RUA S SAO PAULO SP &  JACU-PESSEGO/NOVA TRABALHADORE, AV SAO PAULO SP",-23.5554372,-46.4526667
"10084","D051300160",11922,"LINS DE VASCONCELOS, AV",NA,"",809,"","28/05/2013 19:05",4,"AT",6,4241," "," ",1,0,0,0,0,0,0,0,0,0,0,0,0,0,0,0,0,11922,"LINS DE VASCONCELOS, AV",NA,"",92,"VILA MARIANA",1,0,"LINS DE VASCONCELOS, AV 809 SAO PAULO SP",-23.570574,-46.6223322
"10085","D051301167",34562,"JOAO PAULO I, AV",NA,"",100,"","28/05/2013 19:09",2,"SI",28,5968," "," ",1,1,0,0,0,0,0,0,0,0,0,0,0,0,0,0,0,34562,"JOAO PAULO I, AV",NA,"",4,"ARICANDUVA",1,0,"JOAO PAULO I, AV 100 SAO PAULO SP",-23.4922121,-46.6906708
"10086","D051301537",6239,"EDUARDO COTCHING, AV DR",NA,"",1390,"","28/05/2013 19:30",2,"CO",58,2830," "," ",1,1,0,0,0,0,0,0,0,0,0,0,0,0,0,0,0,6239,"EDUARDO COTCHING, AV DR",NA,"",87,"VILA FORMOSA",1,0,"EDUARDO COTCHING, AV DR 1390 SAO PAULO SP",-23.568855,-46.5404873
"10088","D051301304",66114,"GONCALO DO ABAETE, RUA S",NA,"",476,"","28/05/2013 19:38",4,"AT",72,4892," "," ",1,0,0,0,0,0,0,0,0,0,0,0,0,0,0,0,0,66114,"GONCALO DO ABAETE, RUA S",NA,"",11,"BRASILANDIA",1,0,"GONCALO DO ABAETE, RUA S 476 SAO PAULO SP",-23.4608402,-46.6789621
"10089","D051302060",3852,"CIPRIANO RODRIGUES, AV",NA,"",998,"","28/05/2013 19:48",4,"AT",41,5668," "," ",0,0,0,0,0,0,0,0,0,0,0,1,0,0,0,0,0,3852,"CIPRIANO RODRIGUES, AV",NA,"",4,"ARICANDUVA",1,0,"CIPRIANO RODRIGUES, AV 998 SAO PAULO SP",-23.5775457,-46.5251187
"10090","D051300276",5245,"CONSOLACAO, RUA DA",NA,"",585,"","28/05/2013 19:50",2,"QM",78,6034," "," ",0,1,0,0,0,0,0,0,0,0,0,0,0,0,0,0,0,5245,"CONSOLACAO, RUA DA",NA,"",26,"CONSOLACAO",2,0,"CONSOLACAO, RUA DA 585 SAO PAULO SP",-23.5473924,-46.6471162
"10091","D051301334",16305,"ANTONELO DA MESSINA, AV",13133,"MARIA AMALIA LOPES AZEVEDO, RUA",0,"","28/05/2013 20:00",2,"QM",73,5800," "," ",0,1,0,0,0,0,0,0,0,0,0,0,0,0,0,0,0,13133,"MARIA AMALIA LOPES AZEVEDO, RUA",16305,"ANTONELO DA MESSINA, AV",83,"TREMEMBE",1,0,"ANTONELO DA MESSINA, AV SAO PAULO SP &  MARIA AMALIA LOPES AZEVEDO, RUA SAO PAULO SP",-23.4493684,-46.5887966
"10093","D051301609",32119,"SUZANA RODRIGUES, PCA",NA,"",250,"","28/05/2013 20:45",4,"AT",11,61764," "," ",0,1,0,0,0,0,0,0,0,0,0,0,0,0,0,0,0,32119,"SUZANA RODRIGUES, PCA",NA,"",NA,"",2,0,"SUZANA RODRIGUES, PCA 250 SAO PAULO SP",-23.6920272,-46.7114314
"10094","D051301168",34562,"JOAO PAULO I, AV",NA,"",1457,"","28/05/2013 21:00",4,"AT",28,5974," "," ",0,0,0,0,0,0,0,0,0,0,0,0,0,0,0,1,0,34562,"JOAO PAULO I, AV",NA,"",4,"ARICANDUVA",1,0,"JOAO PAULO I, AV 1457 SAO PAULO SP",-23.4810157,-46.686762
"10095","D051301494",5425,"COSTA BARROS, RUA",NA,"",207,"","28/05/2013 21:06",4,"AT",42,3562," "," ",1,0,0,0,0,0,0,0,0,0,0,0,0,0,0,0,0,5425,"COSTA BARROS, RUA",NA,"",95,"VILA PRUDENTE",1,0,"COSTA BARROS, RUA 207 SAO PAULO SP",-23.5973383,-46.5632382
"10096","D051301610",6238,"NACOES UNIDAS, AV DAS",21251,"RUBENS GOMES BUENO, RUA DR",0,"","28/05/2013 22:40",2,"CP",11,6177," "," ",1,0,0,0,0,0,0,0,0,0,0,0,0,0,0,0,0,6238,"NACOES UNIDAS, AV DAS",21251,"RUBENS GOMES BUENO, RUA DR",72,"SANTO AMARO",2,0,"NACOES UNIDAS, AV DAS SAO PAULO SP &  RUBENS GOMES BUENO, RUA DR SAO PAULO SP",-23.5735935,-46.7008864
"10097","D051300207",543,"ALCANTARA MACHADO, AV",3653,"BRESSER, RUA",0,"","28/05/2013 22:54",4,"AT",8,4226," "," ",1,0,0,0,0,0,0,0,0,0,0,0,0,0,0,0,0,543,"ALCANTARA MACHADO, AV",3653,"BRESSER, RUA",54,"MOOCA",1,0,"ALCANTARA MACHADO, AV SAO PAULO SP &  BRESSER, RUA SAO PAULO SP",-23.5528151,-46.613419
"10099","D051301241",11321,"JULIO BUONO, AV",NA,"",500,"","29/05/2013 05:00",2,"CO",39,5042," "," ",1,1,0,0,0,0,0,0,0,0,0,0,0,0,0,0,0,11321,"JULIO BUONO, AV",NA,"",94,"VILA MEDEIROS",2,0,"JULIO BUONO, AV 500 SAO PAULO SP",-23.4940014,-46.5978224