"","id_acidente","codloga","logradouroA","codlogb","logradouroB","alt_num","referencia","data","cod_acid","tipo_acidente","dp","numero_BO","sentido","pista","automovel","moto","onibus","caminhao","bicicleta","moto_taxi","onibus_fretado","onibus_urbano","microonibus","van","vuc","caminhonete","carreta","jipe","outros","sem_informacao","carroca","princ_a","paiA","princ_b","paiB","cod_distrito","distrito","vit_ferida","vit_morta","local","lat","lon"
"10188","D051300273",2497,"AUGUSTA, RUA",15656,"PAULISTA, AV",0,"","30/05/2013 06:30",4,"AT",78,4615," "," ",1,0,0,0,0,0,0,0,0,0,0,0,0,0,0,0,0,2497,"AUGUSTA, RUA",15656,"PAULISTA, AV",26,"CONSOLACAO",1,0,"AUGUSTA, RUA SAO PAULO SP &  PAULISTA, AV SAO PAULO SP",-23.5560595,-46.658132
"10189","D051302014",12156,"LUIZ AYRES, RUA DR",NA,"",2500,"","30/05/2013 06:47",2,"CO",65,5840,"B"," ",2,1,0,0,0,0,0,0,1,0,0,0,0,0,0,0,0,12156,"LUIZ AYRES, RUA DR",NA,"",5,"ARTUR ALVIM",4,0,"LUIZ AYRES, RUA DR 2500 SAO PAULO SP",-23.5422396,-46.4814708
"10190","D051301849",17820,"TITO, AV MAL",NA,"",794,"","30/05/2013 07:06",2,"CT",22,4407," "," ",1,0,1,0,0,0,0,1,0,0,0,0,0,0,0,0,0,17820,"TITO, AV MAL",NA,"",53,"MOEMA",2,0,"TITO, AV MAL 794 SAO PAULO SP",-23.4947263,-46.4381239
"10191","D051300848",16878,"RAPOSO TAVARES, VIA",NA,"",12000,"","30/05/2013 09:15",2,"CH",51,5493," "," ",1,0,0,0,0,0,0,0,0,0,0,0,0,0,0,0,0,16878,"RAPOSO TAVARES, VIA",NA,"",13,"CACHOEIRINHA",2,0,"RAPOSO TAVARES, VIA 12000 SAO PAULO SP",-23.5338555,-48.4306036
"10192","D051300586",8714,"HENRIQUE SCHAUMANN, RUA",33683,"PAULO VI, AV",0,"","30/05/2013 09:20",2,"CO",14,5495," "," ",0,1,0,0,1,0,0,0,0,0,0,0,0,0,0,0,0,2400,"ASIA, RUA",8714,"HENRIQUE SCHAUMANN, RUA",63,"PINHEIROS",1,0,"HENRIQUE SCHAUMANN, RUA SAO PAULO SP &  PAULO VI, AV SAO PAULO SP",-23.5592028,-46.6816806
"10193","D051300242",6642,"ESTADO, AV DO",18993,"TIRADENTES, AV",0,"","30/05/2013 11:40",2,"CO",12,4262," "," ",1,1,0,0,0,0,0,0,0,0,0,0,0,0,0,0,0,6642,"ESTADO, AV DO",18993,"TIRADENTES, AV",9,"BOM RETIRO",2,0,"ESTADO, AV DO SAO PAULO SP &  TIRADENTES, AV SAO PAULO SP",-23.5635869,-46.6112253
"10194","D051300056",17799,"SANTOS DUMONT, AV",10714,"JORGE VELHO, RUA",0,"","30/05/2013 14:20",2,"CO",2,3267," "," ",1,1,0,0,0,0,0,0,0,0,0,0,0,0,0,0,0,10714,"JORGE VELHO, RUA",17799,"SANTOS DUMONT, AV",9,"BOM RETIRO",1,0,"SANTOS DUMONT, AV SAO PAULO SP &  JORGE VELHO, RUA SAO PAULO SP",-23.5257861,-46.6307889
"10195","D051300587",18813,"TEODORO SAMPAIO, RUA",NA,"",2829,"","30/05/2013 14:45",2,"CO",14,5509," "," ",1,1,0,0,0,0,0,0,0,0,0,0,0,0,0,0,0,18813,"TEODORO SAMPAIO, RUA",NA,"",20,"CARRAO",2,0,"TEODORO SAMPAIO, RUA 2829 SAO PAULO SP",-23.5676393,-46.6946654
"10197","D051302269",45342,"ANFITRIAO, RUA",45341,"AQUINO, RUA DOM",0,"","30/05/2013 16:09",2,"CL",72,4950," "," ",0,1,1,0,0,0,0,0,0,0,0,0,0,0,0,0,0,45341,"AQUINO, RUA DOM",45342,"ANFITRIAO, RUA",13,"CACHOEIRINHA",0,1,"ANFITRIAO, RUA SAO PAULO SP &  AQUINO, RUA DOM SAO PAULO SP",-23.456948,-46.6591856
"10199","D051302201",76066,"FAUSTO GUEDES TEIXEIRA, RUA",NA,"",226,"","30/05/2013 16:30",2,"CF",66,3832," "," ",1,0,0,0,0,0,0,0,0,0,0,1,0,0,0,0,0,76066,"FAUSTO GUEDES TEIXEIRA, RUA",NA,"",38,"JACANA",1,0,"FAUSTO GUEDES TEIXEIRA, RUA 226 SAO PAULO SP",-23.5616222,-46.4804898
"10200","D051302240",17824,"SAPOPEMBA, AV",NA,"",8600,"","30/05/2013 16:45",2,"CF",70,5758," "," ",1,1,0,0,0,0,0,0,0,0,0,0,0,0,0,0,0,17824,"SAPOPEMBA, AV",NA,"",33,"IPIRANGA",1,0,"SAPOPEMBA, AV 8600 SAO PAULO SP",-23.5989513,-46.5174738
"10201","D051302110",2181,"ARICANDUVA, AV",68283,"CAETANO RODRIGUES, RUA",0,"","30/05/2013 17:40",2,"CL",49,7548," "," ",1,1,0,0,0,0,0,0,0,0,0,0,0,0,0,0,0,2181,"ARICANDUVA, AV",68283,"CAETANO RODRIGUES, RUA",75,"SAO MATEUS",1,0,"ARICANDUVA, AV SAO PAULO SP &  CAETANO RODRIGUES, RUA SAO PAULO SP",-23.5479783,-46.5260893
"10202","D051301776",7917,"GERALDO SANT'ANA, AV SARG",NA,"",200,"","30/05/2013 18:00",2,"CO",99,2350," "," ",1,1,0,0,0,0,0,0,0,0,0,0,0,0,0,0,0,7917,"GERALDO SANT'ANA, AV SARG",NA,"",16,"CAMPO GRANDE",1,0,"GERALDO SANT'ANA, AV SARG 200 SAO PAULO SP",-23.6635491,-46.6895381
"10203","D051300767",16339,"CARLOS LACERDA, AV",NA,"",2131,"","30/05/2013 18:30",2,"CO",37,4259," "," ",1,1,0,0,0,0,0,0,0,0,0,0,0,0,0,0,0,16339,"CARLOS LACERDA, AV",NA,"",29,"FREGUESIA DO O",1,0,"CARLOS LACERDA, AV 2131 SAO PAULO SP",-23.650189,-46.7792069
"10204","D051301749",12134,"ANTONIO RAMOS ROSA, RUA",NA,"",70,"","30/05/2013 18:40",2,"CO",92,6691," "," ",1,1,0,0,0,0,0,0,0,0,0,0,0,0,0,0,0,12134,"ANTONIO RAMOS ROSA, RUA",NA,"",45,"JARDIM SAO LUIS",1,0,"ANTONIO RAMOS ROSA, RUA 70 SAO PAULO SP",-23.6616863,-46.7507165
"10205","D051301132",18151,"SEZEFREDO FAGUNDES, AV CEL",NA,"",2250,"","30/05/2013 19:12",2,"SI",20,5097," "," ",0,1,0,0,0,0,0,0,0,0,0,0,0,0,0,0,0,18151,"SEZEFREDO FAGUNDES, AV CEL",NA,"",22,"CIDADE ADEMAR",1,0,"SEZEFREDO FAGUNDES, AV CEL 2250 SAO PAULO SP",-23.4594691,-46.6024706
"10206","D051300768",99949,"CARLOS CALDEIRA FILHO, AV",NA,"",190,"","30/05/2013 19:30",2,"CO",37,4272," "," ",1,1,0,0,0,0,0,0,0,0,0,0,0,0,0,0,0,99949,"CARLOS CALDEIRA FILHO, AV",NA,"",19,"CAPAO REDONDO",1,0,"CARLOS CALDEIRA FILHO, AV 190 SAO PAULO SP",-23.6384291,-46.7414155
"10207","D051302271",16305,"ANTONELO DA MESSINA, AV",NA,"",222,"","30/05/2013 19:38",2,"CH",73,5813," "," ",1,0,0,0,0,0,0,0,0,0,0,0,0,0,0,0,0,16305,"ANTONELO DA MESSINA, AV",NA,"",83,"TREMEMBE",4,1,"ANTONELO DA MESSINA, AV 222 SAO PAULO SP",-23.4546313,-46.5895067
"10208","D051300872",99658,"CACHOEIRA PORAQUE, RUA",NA,"",16,"","30/05/2013 20:00",4,"AT",75,4879," "," ",0,1,0,0,0,0,0,0,0,0,0,0,0,0,0,0,0,99658,"CACHOEIRA PORAQUE, RUA",NA,"",13,"CACHOEIRINHA",2,0,"CACHOEIRA PORAQUE, RUA 16 SAO PAULO SP",-23.58552,-46.8039817
"10210","D051301548",4736,"CELSO GARCIA, AV",3072,"BELEM, RUA",0,"","30/05/2013 20:00",2,"CO",81,3289," "," ",0,0,1,1,0,0,0,0,0,0,0,0,0,0,0,0,0,3072,"BELEM, RUA",4736,"CELSO GARCIA, AV",8,"BELEM",1,0,"CELSO GARCIA, AV SAO PAULO SP &  BELEM, RUA SAO PAULO SP",-23.5359522,-46.5717652
"10211","D051301530",9593,"ITAQUERI, RUA",906,"ALVARO RAMOS, AV",0,"","30/05/2013 20:15",2,"CO",57,3617," "," ",1,0,0,0,0,0,0,0,0,0,0,1,0,0,0,0,0,906,"ALVARO RAMOS, AV",9593,"ITAQUERI, RUA",8,"BELEM",3,0,"ITAQUERI, RUA SAO PAULO SP &  ALVARO RAMOS, AV SAO PAULO SP",-23.5534559,-46.5859799
"10212","D051302302",1247,"ANCHIETA, VIA",NA,"",1162,"","30/05/2013 20:43",4,"AT",26,4780," "," ",1,0,0,0,0,0,0,0,0,0,0,0,0,0,0,0,0,1247,"ANCHIETA, VIA",NA,"",33,"IPIRANGA",0,1,"ANCHIETA, VIA 1162 SAO PAULO SP",-23.6119855,-46.6004898
"10213","D051301504",27094,"SALIM FARAH MALUF, AV",NA,"",300,"","30/05/2013 20:52",2,"CH",52,6148," "," ",2,0,0,0,0,0,0,0,0,0,0,0,0,0,0,0,0,27094,"SALIM FARAH MALUF, AV",NA,"",82,"TATUAPE",2,0,"SALIM FARAH MALUF, AV 300 SAO PAULO SP",-23.5786852,-46.5718964
"10214","D051301133",13133,"MARIA AMALIA LOPES AZEVEDO, RUA",NA,"",1300,"","30/05/2013 21:00",4,"AT",20,5063," "," ",0,0,0,0,0,0,0,0,0,0,0,1,0,0,0,0,0,13133,"MARIA AMALIA LOPES AZEVEDO, RUA",NA,"",83,"TREMEMBE",1,0,"MARIA AMALIA LOPES AZEVEDO, RUA 1300 SAO PAULO SP",-23.4582368,-46.6130106
"10215","D051301611",10270,"JOAO DIAS, AV",21251,"RUBENS GOMES BUENO, RUA DR",0,"","30/05/2013 21:15",4,"AT",11,6260," "," ",1,0,0,0,0,0,0,0,0,0,0,0,0,0,0,0,0,10270,"JOAO DIAS, AV",21251,"RUBENS GOMES BUENO, RUA DR",72,"SANTO AMARO",1,0,"JOAO DIAS, AV SAO PAULO SP &  RUBENS GOMES BUENO, RUA DR SAO PAULO SP",-23.6448965,-46.7188468
"10216","D051301214",9170,"INES, AV STA",NA,"",1600,"","30/05/2013 21:17",2,"CF",38,4960," "," ",2,0,0,0,0,0,0,0,0,0,0,0,0,0,0,0,0,9170,"INES, AV STA",NA,"",51,"MANDAQUI",1,0,"INES, AV STA 1600 SAO PAULO SP",-23.456645,-46.6490756
"10217","D051301061",9078,"IMIRIM, AV",NA,"",1036,"","30/05/2013 21:45",2,"CO",13,6043," "," ",1,0,0,0,0,0,0,1,0,0,0,0,0,0,0,0,0,9078,"IMIRIM, AV",NA,"",71,"SANTANA",2,0,"IMIRIM, AV 1036 SAO PAULO SP",-23.4951375,-46.6447228
"10218","D051301250",7474,"FRANCISCO LIPI, RUA",NA,"",636,"","30/05/2013 22:10",2,"QM",39,5817," "," ",0,1,0,0,0,0,0,0,0,0,0,0,0,0,0,0,0,7474,"FRANCISCO LIPI, RUA",NA,"",84,"TUCURUVI",1,0,"FRANCISCO LIPI, RUA 636 SAO PAULO SP",-23.491445,-46.6041329
"10219","D051300164",19163,"TRILHOS, RUA DOS",12916,"MARCIAL, RUA",0,"","30/05/2013 22:30",2,"QM",8,2204," "," ",0,1,0,0,0,0,0,0,0,0,0,0,0,0,0,0,0,12916,"MARCIAL, RUA",19163,"TRILHOS, RUA DOS",54,"MOOCA",1,0,"TRILHOS, RUA DOS SAO PAULO SP &  MARCIAL, RUA SAO PAULO SP",-23.5548552,-46.5928758
"10220","D051302272",16305,"ANTONELO DA MESSINA, AV",NA,"",700,"","30/05/2013 22:40",2,"CO",73,5819," "," ",0,0,1,0,1,0,0,0,0,0,0,0,0,0,0,0,0,16305,"ANTONELO DA MESSINA, AV",NA,"",83,"TREMEMBE",0,1,"ANTONELO DA MESSINA, AV 700 SAO PAULO SP",-23.4505056,-46.5885897
"10221","D051300379",9309,"IRAI, AV",11426,"JURUPIS, AL DOS",0,"","30/05/2013 22:51",2,"CO",27,5741," "," ",2,0,0,0,0,0,0,0,0,0,0,0,0,0,0,0,0,9309,"IRAI, AV",11426,"JURUPIS, AL DOS",53,"MOEMA",1,0,"IRAI, AV SAO PAULO SP &  JURUPIS, AL DOS SAO PAULO SP",-23.6145681,-46.6582054
"10222","D051301816",15507,"TEOTONIO VILELA, AV SEN",NA,"",6799,"","30/05/2013 23:30",4,"AT",101,4141," "," ",1,0,0,0,0,0,0,0,0,0,0,0,0,0,0,0,0,15507,"TEOTONIO VILELA, AV SEN",NA,"",23,"CIDADE DUTRA",1,0,"TEOTONIO VILELA, AV SEN 6799 SAO PAULO SP",-23.759285,-46.7153534
"10223","D051301404",43777,"CARVALHO PINTO, AV GOV",13783,"MEIRELES, RUA CEL",0,"","30/05/2013 23:52",2,"CO",10,6151," "," ",2,0,0,0,0,0,0,0,0,0,0,0,0,0,0,0,0,13783,"MEIRELES, RUA CEL",43777,"CARVALHO PINTO, AV GOV",60,"PENHA",1,0,"CARVALHO PINTO, AV GOV SAO PAULO SP &  MEIRELES, RUA CEL SAO PAULO SP",-23.5149544,-46.5203738
"10224","D051301997",98965,"CALIM EID, AV",NA,"",2217,"","31/05/2013 00:15",2,"CO",64,5875," "," ",1,0,0,0,0,0,0,1,0,0,0,0,0,0,0,0,0,98965,"CALIM EID, AV",NA,"",60,"PENHA",1,0,"CALIM EID, AV 2217 SAO PAULO SP",-23.5242467,-46.4926738
"10225","D051301539",35211,"GUILHERME GIORGI, AV",NA,"",1839,"","31/05/2013 05:00",2,"CO",58,3296," "," ",2,0,0,0,0,0,0,0,0,0,0,0,0,0,0,0,0,35211,"GUILHERME GIORGI, AV",NA,"",27,"CURSINO",1,0,"GUILHERME GIORGI, AV 1839 SAO PAULO SP",-23.5623246,-46.543189
"10226","D051301684",15507,"TEOTONIO VILELA, AV SEN",NA,"",304,"","31/05/2013 05:20",2,"CO",48,2051," "," ",1,1,0,0,0,0,0,0,0,0,0,0,0,0,0,0,0,15507,"TEOTONIO VILELA, AV SEN",NA,"",23,"CIDADE DUTRA",1,0,"TEOTONIO VILELA, AV SEN 304 SAO PAULO SP",-23.7040613,-46.7009042
"10227","D051300092",18040,"SERGIPE, RUA",NA,"",478,"","31/05/2013 05:45",2,"CH",4,3802," "," ",1,0,0,0,0,0,0,0,0,0,0,0,0,0,0,0,0,18040,"SERGIPE, RUA",NA,"",7,"BELA VISTA",1,0,"SERGIPE, RUA 478 SAO PAULO SP",-23.5477293,-46.6582133
"10228","D051300307",11958,"LOEFGREEN, RUA",NA,"",115,"","31/05/2013 06:25",2,"CT",16,7838,"C"," ",1,1,0,0,0,0,0,0,0,0,0,0,0,0,0,0,0,11958,"LOEFGREEN, RUA",NA,"",92,"VILA MARIANA",1,0,"LOEFGREEN, RUA 115 SAO PAULO SP",-23.4230553,-46.5550811
"10229","D051302332",16838,"RAIMUNDO PEREIRA DE MAGAL., AV",NA,"",9960,"","31/05/2013 06:30",2,"CF",33,5741,"C"," ",2,0,0,0,0,0,0,0,0,0,0,0,0,0,0,0,0,16838,"RAIMUNDO PEREIRA DE MAGAL., AV",NA,"",NA,"",3,1,"RAIMUNDO PEREIRA DE MAGAL., AV 9960 SAO PAULO SP",-23.4527847,-46.7186607
"10230","D051300795",30847,"GERTRUDES, RUA STA",NA,"",106,"","31/05/2013 06:32",2,"CH",46,2504," "," ",0,0,0,1,0,0,0,0,0,0,0,0,0,0,0,0,0,30847,"GERTRUDES, RUA STA",NA,"",62,"PERUS",1,0,"GERTRUDES, RUA STA 106 SAO PAULO SP",-23.5480704,-46.556636
"10232","D051300712",17822,"SAPETUBA, RUA",NA,"",211,"","31/05/2013 08:50",2,"CO",34,3231," "," ",1,1,0,0,0,0,0,0,0,0,0,0,0,0,0,0,0,17822,"SAPETUBA, RUA",NA,"",13,"CACHOEIRINHA",1,0,"SAPETUBA, RUA 211 SAO PAULO SP",-23.574472,-46.7090603
"10233","D051301462",34122,"MELO FREIRE, RUA",1657,"ANTONIO DE BARROS, RUA",0,"","31/05/2013 08:52",2,"CH",30,2826," "," ",0,1,0,0,0,0,0,0,0,0,0,0,0,0,0,0,0,1657,"ANTONIO DE BARROS, RUA",34122,"MELO FREIRE, RUA",82,"TATUAPE",1,0,"MELO FREIRE, RUA SAO PAULO SP &  ANTONIO DE BARROS, RUA SAO PAULO SP",-23.5391715,-46.5695321
"10234","D051300687",35449,"BANDEIRANTES, VIA DOS",NA,"",15,"","31/05/2013 09:40",2,"CO",33,5141," "," ",2,0,0,0,0,0,0,0,0,0,0,0,0,0,0,0,0,35449,"BANDEIRANTES, VIA DOS",NA,"",64,"PIRITUBA",1,0,"BANDEIRANTES, VIA DOS 15 SAO PAULO SP",-23.5984716,-46.6879815
"10236","D051301148",17171,"RIO VERDE, RUA",NA,"",556,"","31/05/2013 09:45",4,"AT",28,2899," "," ",0,0,0,0,0,0,0,0,0,0,0,1,0,0,0,0,0,17171,"RIO VERDE, RUA",NA,"",31,"GUAIANASES",1,0,"RIO VERDE, RUA 556 SAO PAULO SP",-23.484902,-46.7038541
"10237","D051302006",9580,"ITAQUERA, AV",NA,"",7000,"","31/05/2013 09:45",2,"CO",65,1851,"C"," ",0,1,0,1,0,0,0,0,0,0,0,0,0,0,0,0,0,9580,"ITAQUERA, AV",NA,"",24,"CIDADE LIDER",1,0,"ITAQUERA, AV 7000 SAO PAULO SP",-23.5497408,-46.4620314
"10238","D051302221",98899,"AUGUSTIN LUBERT, RUA",NA,"",999,"","31/05/2013 09:50",2,"CO",69,5766," "," ",3,0,0,0,0,0,0,0,0,0,0,0,0,0,0,0,0,98899,"AUGUSTIN LUBERT, RUA",NA,"",75,"SAO MATEUS",1,0,"AUGUSTIN LUBERT, RUA 999 SAO PAULO SP",-22.8198668,-47.2721169
"10239","D051300588",31780,"EUSEBIO MATOSO, PTE",NA,"",1,"","31/05/2013 10:05",2,"CO",14,5532," "," ",1,1,0,0,0,0,0,0,0,0,0,0,0,0,0,0,0,31780,"EUSEBIO MATOSO, PTE",NA,"",45,"JARDIM SAO LUIS",1,0,"EUSEBIO MATOSO, PTE 1 SAO PAULO SP",-23.572187,-46.7011147
"10241","D051300057",4561,"CASTELO BRANCO, AV PRES",NA,"",55,"","31/05/2013 11:00",2,"CO",2,3283," "," ",0,1,0,1,0,0,0,0,0,0,0,0,0,0,0,0,0,29772,"MARGINAL DO RIO TIETE, AV",NA,"",6,"BARRA FUNDA",1,0,"CASTELO BRANCO, AV PRES 55 SAO PAULO SP",-23.5214558,-46.6379877
"10242","D051302273",3813,"CAETANO ALVARES, AV ENG",NA,"",585,"","31/05/2013 11:00",2,"CH",40,1780," "," ",0,1,0,0,0,0,0,0,0,0,0,0,0,0,0,0,0,3813,"CAETANO ALVARES, AV ENG",NA,"",21,"CASA VERDE",0,1,"CAETANO ALVARES, AV ENG 585 SAO PAULO SP",-23.5082433,-46.6706887
"10243","D051300966",8603,"HEITOR ANTONIO EIRAS GARCIA, AV ENG",NA,"",180,"","31/05/2013 11:35",2,"CH",93,3454," "," ",0,1,0,0,0,0,0,0,0,0,0,0,0,0,0,0,0,8603,"HEITOR ANTONIO EIRAS GARCIA, AV ENG",NA,"",68,"RIO PEQUENO",1,0,"HEITOR ANTONIO EIRAS GARCIA, AV ENG 180 SAO PAULO SP",-23.5731333,-46.7379086
"10244","D051301149",5947,"EDGAR FACO, AV GAL",NA,"",640,"","31/05/2013 11:40",4,"AT",28,2901," "," ",0,0,0,0,0,0,0,0,0,0,0,1,0,0,0,0,0,5947,"EDGAR FACO, AV GAL",NA,"",64,"PIRITUBA",1,0,"EDGAR FACO, AV GAL 640 SAO PAULO SP",-23.5014206,-46.7062851
"10247","D051301062",3813,"CAETANO ALVARES, AV ENG",NA,"",4800,"","31/05/2013 12:30",2,"CO",13,6066," "," ",1,1,0,0,0,0,0,0,0,0,0,0,0,0,0,0,0,3813,"CAETANO ALVARES, AV ENG",NA,"",21,"CASA VERDE",1,0,"CAETANO ALVARES, AV ENG 4800 SAO PAULO SP",-23.4868463,-46.6421268
"10248","D051301463",14178,"MONTE SERRAT, RUA",6460,"EMILIO MALLET, RUA",0,"","31/05/2013 13:00",2,"CO",30,2837," "," ",0,1,0,0,0,0,0,0,0,0,0,1,0,0,0,0,0,6460,"EMILIO MALLET, RUA",14178,"MONTE SERRAT, RUA",82,"TATUAPE",1,0,"MONTE SERRAT, RUA SAO PAULO SP &  EMILIO MALLET, RUA SAO PAULO SP",-23.5478352,-46.5605446
"10249","D051301635",34128,"JOAO DE LUCA, AV VER",NA,"",555,"","31/05/2013 13:10",2,"CO",43,2063," "," ",1,1,0,0,0,0,0,0,0,0,0,0,0,0,0,0,0,34128,"JOAO DE LUCA, AV VER",NA,"",42,"JARDIM ANGELA",1,0,"JOAO DE LUCA, AV VER 555 SAO PAULO SP",-23.6483746,-46.670152
"10251","D051300426",19583,"VERGUEIRO, RUA",NA,"",2800,"","31/05/2013 14:20",2,"CO",36,7407," "," ",1,1,0,0,0,0,0,0,0,0,0,0,0,0,0,0,0,19583,"VERGUEIRO, RUA",NA,"",33,"IPIRANGA",2,0,"VERGUEIRO, RUA 2800 SAO PAULO SP",-23.5859507,-46.6357307
"10252","D051301015",4533,"CASA VERDE, AV",NA,"",1441,"","31/05/2013 15:22",2,"QD",13,2198," "," ",0,0,1,0,0,0,0,0,0,0,0,0,0,0,0,0,0,4533,"CASA VERDE, AV",NA,"",45,"JARDIM SAO LUIS",1,0,"CASA VERDE, AV 1441 SAO PAULO SP",-23.5031507,-46.6553176
"10253","D051300589",8290,"GUALTER, AV S",NA,"",428,"","31/05/2013 15:36",2,"CO",14,5550," "," ",1,1,0,0,0,0,0,0,0,0,0,0,0,0,0,0,0,8290,"GUALTER, AV S",NA,"",2,"ALTO DE PINHEIR",1,0,"GUALTER, AV S 428 SAO PAULO SP",-23.5388312,-46.7124577
"10256","D051301230",12716,"MANUEL GAYA, RUA",NA,"",655,"","31/05/2013 16:40",4,"AT",39,2483," "," ",0,0,0,0,0,0,0,0,0,0,0,0,0,0,0,1,0,12716,"MANUEL GAYA, RUA",NA,"",83,"TREMEMBE",1,0,"MANUEL GAYA, RUA 655 SAO PAULO SP",-23.4652244,-46.5986997
"10257","D051300094",13984,"MINAS GERAIS, RUA",2271,"ARNALDO, AV DR",0,"","31/05/2013 17:00",4,"AT",4,3887," "," ",1,0,0,0,0,0,0,0,0,0,0,0,0,0,0,0,0,2271,"ARNALDO, AV DR",13984,"MINAS GERAIS, RUA",26,"CONSOLACAO",1,0,"MINAS GERAIS, RUA SAO PAULO SP &  ARNALDO, AV DR SAO PAULO SP",-23.5527426,-46.6624304
"10258","D051301527",15047,"ORFANATO, RUA",NA,"",1505,"","31/05/2013 17:30",4,"AT",57,2217," "," ",0,1,0,0,0,0,0,0,0,0,0,0,0,0,0,0,0,15047,"ORFANATO, RUA",NA,"",33,"IPIRANGA",1,0,"ORFANATO, RUA 1505 SAO PAULO SP",-23.5755482,-46.5718735
"10259","D051300776",76341,"MONFORTE DE LEMOS, RUA",NA,"",139,"","31/05/2013 17:30",2,"CO",37,4844," "," ",0,1,0,0,0,0,0,0,0,0,0,1,0,0,0,0,0,76341,"MONFORTE DE LEMOS, RUA",NA,"",29,"FREGUESIA DO O",2,0,"MONFORTE DE LEMOS, RUA 139 SAO PAULO SP",-23.6429032,-46.7666663
"10260","D051300730",12502,"MAGALHAES DE CASTRO, AV",NA,"",12000,"","31/05/2013 17:40",2,"CL",34,4073," "," ",1,1,0,0,0,0,0,0,0,0,0,0,0,0,0,0,0,13014,"MARGINAL DO RIO PINHEIROS, AV",NA,"",12,"BUTANTA",2,0,"MAGALHAES DE CASTRO, AV 12000 SAO PAULO SP",-23.612792,-46.7009294
"10261","D051301063",4533,"CASA VERDE, AV",NA,"",2000,"","31/05/2013 17:48",2,"CO",13,6074,"B"," ",1,1,0,0,0,0,0,0,0,0,0,0,0,0,0,0,0,4533,"CASA VERDE, AV",NA,"",45,"JARDIM SAO LUIS",1,0,"CASA VERDE, AV 2000 SAO PAULO SP",-23.5029419,-46.6601494
"10262","D051300274",12165,"LUIS ANTONIO, AV BRIG",NA,"",1343,"","31/05/2013 18:20",2,"CO",78,4654," "," ",0,1,0,0,0,0,0,1,0,0,0,0,0,0,0,0,0,12165,"LUIS ANTONIO, AV BRIG",NA,"",7,"BELA VISTA",1,0,"LUIS ANTONIO, AV BRIG 1343 SAO PAULO SP",-23.5608919,-46.6436148
"10263","D051300618",12591,"MANDURI, RUA",8967,"ICANA, RUA",0,"","31/05/2013 18:20",2,"CO",15,5552," "," ",1,0,0,0,0,0,0,0,0,0,0,1,0,0,0,0,0,8967,"ICANA, RUA",12591,"MANDURI, RUA",63,"PINHEIROS",1,0,"MANDURI, RUA SAO PAULO SP &  ICANA, RUA SAO PAULO SP",-23.0058185,-49.3140681
"10264","D051302174",30959,"LUIZ GONZAGA FERREIRA, R VER",NA,"",13,"","31/05/2013 19:00",2,"CO",55,7593," "," ",0,1,0,0,0,0,0,0,0,0,0,0,0,0,0,1,0,30959,"LUIZ GONZAGA FERREIRA, R VER",NA,"",77,"SAO RAFAEL",2,0,"LUIZ GONZAGA FERREIRA, R VER 13 SAO PAULO SP",-23.6312741,-46.4402873
"10265","D051301343",15425,"CANTIDIO SAMPAIO, AV DEP",NA,"",4767,"","31/05/2013 19:00",2,"CO",74,4990," "," ",1,1,0,0,0,0,0,0,0,0,0,0,0,0,0,0,0,15425,"CANTIDIO SAMPAIO, AV DEP",NA,"",41,"JARAGUA",2,0,"CANTIDIO SAMPAIO, AV DEP 4767 SAO PAULO SP",-23.4445856,-46.7053489
"10267","D051300507",14267,"MORUMBI, AV",9765,"JACERU, RUA",0,"","31/05/2013 19:35",2,"OU",96,5773," "," ",2,0,0,0,0,0,0,0,0,0,0,0,0,0,0,0,0,9765,"JACERU, RUA",14267,"MORUMBI, AV",34,"ITAIM BIBI",1,0,"MORUMBI, AV SAO PAULO SP &  JACERU, RUA SAO PAULO SP",-23.5871012,-46.7059801
"10269","D051301850",14489,"NELSON PINTO, RUA",NA,"",548,"","31/05/2013 20:30",2,"CV",22,4461," "," ",1,0,0,1,0,0,0,0,0,0,0,0,0,0,0,0,0,14489,"NELSON PINTO, RUA",NA,"",76,"SAO MIGUEL",1,0,"NELSON PINTO, RUA 548 SAO PAULO SP",-23.495983,-46.446481
"10270","D051300163",11922,"LINS DE VASCONCELOS, AV",5981,"DOLZANI, RUA DR",0,"","31/05/2013 20:30",2,"CO",6,4296," "," ",1,1,0,0,0,0,0,0,0,0,0,0,0,0,0,0,0,5981,"DOLZANI, RUA DR",11922,"LINS DE VASCONCELOS, AV",NA,"",1,0,"LINS DE VASCONCELOS, AV SAO PAULO SP &  DOLZANI, RUA DR SAO PAULO SP",-23.5729401,-46.622809
"10271","D051302241",24338,"LUIZ IGNACIO ANHAIA MELLO, AV PROF",NA,"",7100,"","31/05/2013 20:45",2,"CO",70,5800,"C"," ",1,0,0,0,1,0,0,0,0,0,0,0,0,0,0,0,0,24338,"LUIZ IGNACIO ANHAIA MELLO, AV PROF",NA,"",26,"CONSOLACAO",1,0,"LUIZ IGNACIO ANHAIA MELLO, AV PROF 7100 SAO PAULO SP",-23.5986604,-46.532763