"","id_acidente","codloga","logradouroA","codlogb","logradouroB","alt_num","referencia","data","cod_acid","tipo_acidente","dp","numero_BO","sentido","pista","automovel","moto","onibus","caminhao","bicicleta","moto_taxi","onibus_fretado","onibus_urbano","microonibus","van","vuc","caminhonete","carreta","jipe","outros","sem_informacao","carroca","princ_a","paiA","princ_b","paiB","cod_distrito","distrito","vit_ferida","vit_morta","local","lat","lon"
"10272","D051301306",16051,"PENHA BRASIL, AV GAL",NA,"",3179,"","31/05/2013 21:05",2,"CO",72,4991," "," ",0,1,1,0,0,0,0,0,0,0,0,0,0,0,0,0,0,16051,"PENHA BRASIL, AV GAL",NA,"",48,"LAPA",1,0,"PENHA BRASIL, AV GAL 3179 SAO PAULO SP",-23.4504826,-46.6793959
"10273","D051300657",1475,"ANTARTICA, AV",NA,"",10,"","31/05/2013 21:10",4,"AT",23,3839," "," ",0,1,0,0,0,0,0,0,0,0,0,0,0,0,0,0,0,1475,"ANTARTICA, AV",NA,"",6,"BARRA FUNDA",1,0,"ANTARTICA, AV 10 SAO PAULO SP",-23.5285655,-46.6756003
"10274","D051302111",2181,"ARICANDUVA, AV",NA,"",12777,"","31/05/2013 21:26",2,"CT",49,7594," "," ",2,0,0,0,0,0,0,0,0,0,0,0,0,0,0,0,0,2181,"ARICANDUVA, AV",NA,"",60,"PENHA",1,0,"ARICANDUVA, AV 12777 SAO PAULO SP",-23.5963258,-46.4657317
"10275","D051301986",3778,"CARLOS COELHO, RUA",15669,"ANTONIO FORTUNATO, RUA",0,"","31/05/2013 21:30",2,"CO",64,4422," "," ",1,1,0,0,0,0,0,0,0,0,0,0,0,0,0,0,0,3778,"CARLOS COELHO, RUA",15669,"ANTONIO FORTUNATO, RUA",65,"PONTE RASA",1,0,"CARLOS COELHO, RUA SAO PAULO SP &  ANTONIO FORTUNATO, RUA SAO PAULO SP",-23.5193145,-46.4843385
"10276","D051301690",9220,"INTERLAGOS, AV",NA,"",5666,"","31/05/2013 21:55",2,"CH",48,4200," "," ",1,0,0,0,0,0,0,0,0,0,0,0,0,0,0,0,0,9220,"INTERLAGOS, AV",NA,"",16,"CAMPO GRANDE",3,0,"INTERLAGOS, AV 5666 SAO PAULO SP",-23.6970852,-46.7004278
"10277","D051301215",232,"ADRIANO, RUA STO",NA,"",208,"","31/05/2013 21:59",4,"AT",38,4994," "," ",1,0,0,0,0,0,0,0,0,0,0,0,0,0,0,0,0,232,"ADRIANO, RUA STO",NA,"",13,"CACHOEIRINHA",1,0,"ADRIANO, RUA STO 208 SAO PAULO SP",-23.4597627,-46.650151
"10278","D051300381",8944,"IBIRAPUERA, AV",NA,"",3300,"","31/05/2013 22:00",2,"QD",27,5774," "," ",0,0,0,0,0,0,0,1,0,0,0,0,0,0,0,0,0,8944,"IBIRAPUERA, AV",NA,"",53,"MOEMA",1,0,"IBIRAPUERA, AV 3300 SAO PAULO SP",-23.6112103,-46.6695306
"10281","D061301047",2541,"AUGUSTO GIL, RUA",NA,"",465,"","01/06/2013 00:20",2,"CO",38,3005," "," ",1,1,0,0,0,0,0,0,0,0,0,0,0,0,0,0,0,2541,"AUGUSTO GIL, RUA",NA,"",13,"CACHOEIRINHA",1,0,"AUGUSTO GIL, RUA 465 SAO PAULO SP",-23.4646159,-46.6639443
"10283","D061302129",17824,"SAPOPEMBA, AV",NA,"",8090,"","01/06/2013 01:17",2,"QM",69,5805," "," ",0,1,0,0,0,0,0,0,0,0,0,0,0,0,0,0,0,17824,"SAPOPEMBA, AV",NA,"",33,"IPIRANGA",0,1,"SAPOPEMBA, AV 8090 SAO PAULO SP",-23.5982893,-46.5221887
"10284","D061300654",34682,"CAMPO LIMPO, ES DO",99949,"CARLOS CALDEIRA FILHO, AV",0,"","01/06/2013 03:00",2,"CO",37,4855," "," ",1,1,0,0,0,0,0,0,0,0,0,0,0,0,0,0,0,34682,"CAMPO LIMPO, ES DO",99949,"CARLOS CALDEIRA FILHO, AV",45,"JARDIM SAO LUIS",1,0,"CAMPO LIMPO, ES DO SAO PAULO SP &  CARLOS CALDEIRA FILHO, AV SAO PAULO SP",-23.2019463,-46.785846
"10286","D061300893",36061,"LUIZ DUMONT VILLARES, AV",19803,"VIRI, RUA",0,"","01/06/2013 05:45",4,"AT",9,5097," "," ",1,0,0,0,0,0,0,0,0,0,0,0,0,0,0,0,0,19803,"VIRI, RUA",36061,"LUIZ DUMONT VILLARES, AV",71,"SANTANA",3,0,"LUIZ DUMONT VILLARES, AV SAO PAULO SP &  VIRI, RUA SAO PAULO SP",-23.4939156,-46.6115208
"10287","D061300040",17799,"SANTOS DUMONT, AV",NA,"",680,"","01/06/2013 06:20",2,"QM",2,3308,"B"," ",0,1,0,0,0,0,0,0,0,0,0,0,0,0,0,0,0,17799,"SANTOS DUMONT, AV",NA,"",15,"CAMPO BELO",2,0,"SANTOS DUMONT, AV 680 SAO PAULO SP",-23.5226682,-46.630392
"10289","D061301107",6450,"EMILIO CARLOS, AV DEP",NA,"",1533,"","01/06/2013 06:50",2,"CH",40,6093," "," ",1,0,0,0,0,0,0,0,0,0,0,0,0,0,0,0,0,6450,"EMILIO CARLOS, AV DEP",NA,"",50,"LIMAO",2,0,"EMILIO CARLOS, AV DEP 1533 SAO PAULO SP",-23.4927014,-46.678266
"10290","D061301644",9220,"INTERLAGOS, AV",NA,"",1260,"","01/06/2013 06:56",2,"QM",99,6306,"C"," ",0,1,0,0,0,0,0,0,0,0,0,0,0,0,0,0,0,9220,"INTERLAGOS, AV",NA,"",16,"CAMPO GRANDE",1,0,"INTERLAGOS, AV 1260 SAO PAULO SP",-23.6624055,-46.6793211
"10291","D061300100",15656,"PAULISTA, AV",15153,"OSWALDO CRUZ, PCA",0,"","01/06/2013 07:39",2,"CO",5,4666," "," ",2,0,0,0,0,0,0,0,0,0,0,0,0,0,0,0,0,15153,"OSWALDO CRUZ, PCA",15656,"PAULISTA, AV",7,"BELA VISTA",1,0,"PAULISTA, AV SAO PAULO SP &  OSWALDO CRUZ, PCA SAO PAULO SP",-23.5625897,-46.6549244
"10292","D061301643",9220,"INTERLAGOS, AV",NA,"",2510,"","01/06/2013 08:00",2,"CO",99,5057,"C"," ",0,2,0,0,0,0,0,0,0,0,0,0,0,0,0,0,0,9220,"INTERLAGOS, AV",NA,"",16,"CAMPO GRANDE",1,0,"INTERLAGOS, AV 2510 SAO PAULO SP",-23.6535944,-46.6799718
"10293","D061300913",4533,"CASA VERDE, AV",10712,"JORGE VALIM, RUA",0,"","01/06/2013 08:20",2,"CO",13,6089," "," ",1,0,0,0,0,0,0,0,0,0,0,0,0,0,0,1,0,1359,"ANGELICA, RUA SOROR",4533,"CASA VERDE, AV",21,"CASA VERDE",1,0,"CASA VERDE, AV SAO PAULO SP &  JORGE VALIM, RUA SAO PAULO SP",-23.5065329,-46.6665841
"10294","D061300894",10622,"JOAQUINA RAMALHO, AV",NA,"",45,"","01/06/2013 09:15",2,"CO",9,5106," "," ",1,1,0,0,0,0,0,0,0,0,0,0,0,0,0,0,0,10622,"JOAQUINA RAMALHO, AV",NA,"",88,"VILA GUILHERME",1,0,"JOAQUINA RAMALHO, AV 45 SAO PAULO SP",-23.5162456,-46.6086666
"10295","D061301905",7573,"FRANCISCO VIEIRA BUENO, AV",NA,"",800,"","01/06/2013 10:20",4,"AT",41,2576," "," ",0,0,1,0,0,0,0,0,0,0,0,0,0,0,0,0,0,7573,"FRANCISCO VIEIRA BUENO, AV",NA,"",78,"SAPOPEMBA",1,0,"FRANCISCO VIEIRA BUENO, AV 800 SAO PAULO SP",-23.5947161,-46.5258069
"10296","D061300895",13172,"MARIA CANDIDA, RUA",5204,"CONCEICAO (ES.), AV",0,"","01/06/2013 10:20",2,"CO",9,5111," "," ",1,1,0,0,0,0,0,0,0,0,0,0,0,0,0,0,0,5204,"CONCEICAO (ES.), AV",13172,"MARIA CANDIDA, RUA",88,"VILA GUILHERME",1,0,"MARIA CANDIDA, RUA SAO PAULO SP &  CONCEICAO (ES.), AV SAO PAULO SP",-23.503332,-46.6092835
"10298","D061301878",9580,"ITAQUERA, AV",NA,"",8196,"","01/06/2013 12:10",2,"CT",65,5925," "," ",2,0,0,0,0,0,0,0,0,0,0,0,0,0,0,0,0,9580,"ITAQUERA, AV",NA,"",24,"CIDADE LIDER",1,0,"ITAQUERA, AV 8196 SAO PAULO SP",-23.5405485,-46.4567784
"10299","D061301108",15188,"OTAVIANO ALVES DE LIMA, AV",NA,"",2000,"","01/06/2013 12:40",2,"CT",40,6095," "," ",1,0,0,1,0,0,0,0,0,0,0,0,0,0,0,0,0,29772,"MARGINAL DO RIO TIETE, AV",NA,"",23,"CIDADE DUTRA",1,0,"OTAVIANO ALVES DE LIMA, AV 2000 SAO PAULO SP",-23.507709,-46.6914711
"10300","D061300655",11699,"LEITAO DA CUNHA, RUA PROF",NA,"",1483,"","01/06/2013 12:48",2,"CO",37,4879," "," ",0,1,0,0,0,0,0,0,0,0,0,0,0,0,0,1,0,11699,"LEITAO DA CUNHA, RUA PROF",NA,"",17,"CAMPO LIMPO",2,0,"LEITAO DA CUNHA, RUA PROF 1483 SAO PAULO SP",-23.6367216,-46.750691
"10301","D061300860",75547,"GASPAR VIEGAS, RUA",NA,"",67,"","01/06/2013 13:20",4,"AT",93,4017," "," ",0,0,0,0,0,0,0,0,0,0,0,1,0,0,0,0,0,75547,"GASPAR VIEGAS, RUA",NA,"",13,"CACHOEIRINHA",1,0,"GASPAR VIEGAS, RUA 67 SAO PAULO SP",-23.5566198,-46.7510392
"10302","D061301815",61826,"WENCESLAU GUIMARAES, AV",NA,"",472,"","01/06/2013 13:55",2,"CL",62,5933," "," ",1,1,0,0,0,0,0,0,0,0,0,0,0,0,0,0,0,61826,"WENCESLAU GUIMARAES, AV",NA,"",49,"LIBERDADE",1,0,"WENCESLAU GUIMARAES, AV 472 SAO PAULO SP",-23.4894753,-46.4937828
"10304","D061301340",24338,"LUIZ IGNACIO ANHAIA MELLO, AV PROF",NA,"",5100,"","01/06/2013 14:50",2,"CT",42,3666," "," ",3,0,0,0,0,0,0,0,0,0,0,0,0,0,0,0,0,24338,"LUIZ IGNACIO ANHAIA MELLO, AV PROF",NA,"",26,"CONSOLACAO",2,0,"LUIZ IGNACIO ANHAIA MELLO, AV PROF 5100 SAO PAULO SP",-23.5872547,-46.5464252
"10306","D061301128",15485,"PARAPUA, RUA",NA,"",1603,"","01/06/2013 15:00",4,"AA",45,5030," "," ",0,1,0,0,0,0,0,0,0,0,0,0,0,0,0,0,0,15485,"PARAPUA, RUA",NA,"",4,"ARICANDUVA",2,0,"PARAPUA, RUA 1603 SAO PAULO SP",-23.4713383,-46.691883
"10307","D061301749",14996,"OLIVIA DE OLIVEIRA, RUA",NA,"",100,"","01/06/2013 15:17",2,"CO",24,5931," "," ",1,1,0,0,0,0,0,0,0,0,0,0,0,0,0,0,0,14996,"OLIVIA DE OLIVEIRA, RUA",NA,"",3,"ANHANGUERA",1,0,"OLIVIA DE OLIVEIRA, RUA 100 SAO PAULO SP",-23.5219781,-46.5155162
"10308","D061300461",4781,"CERRO CORA, RUA",NA,"",1129,"","01/06/2013 15:30",2,"CL",7,5661," "," ",1,1,0,0,0,0,0,0,0,0,0,0,0,0,0,0,0,4781,"CERRO CORA, RUA",NA,"",48,"LAPA",1,0,"CERRO CORA, RUA 1129 SAO PAULO SP",-23.5387443,-46.7077174
"10309","D061300376",5618,"CURSINO, AV DO",NA,"",3184,"","01/06/2013 15:45",2,"CO",83,4846," "," ",1,0,0,0,1,0,0,0,0,0,0,0,0,0,0,0,0,5618,"CURSINO, AV DO",NA,"",27,"CURSINO",1,0,"CURSINO, AV DO 3184 SAO PAULO SP",-23.6295045,-46.6185091
"10310","D061302109",8478,"GUILHERME COTCHING, AV",2099,"ARARITAGUABA, RUA",0,"","01/06/2013 16:00",4,"AT",20,5122,"C"," ",0,0,1,0,0,0,0,0,0,0,0,0,0,0,0,0,0,2099,"ARARITAGUABA, RUA",8478,"GUILHERME COTCHING, AV",NA,"",0,1,"GUILHERME COTCHING, AV SAO PAULO SP &  ARARITAGUABA, RUA SAO PAULO SP",-23.5186365,-46.5897343
"10311","D061301430",3216,"BENTO BRANCO DE ANDRADE FILHO, RUA",NA,"",555,"","01/06/2013 16:30",2,"CO",11,4306," "," ",1,1,0,0,0,0,0,0,0,0,0,0,0,0,0,0,0,3216,"BENTO BRANCO DE ANDRADE FILHO, RUA",NA,"",72,"SANTO AMARO",1,0,"BENTO BRANCO DE ANDRADE FILHO, RUA 555 SAO PAULO SP",-23.6498859,-46.721534
"10312","D061302065",62199,"JOVIM, RUA",64783,"FONTAINHAS, RUA DAS",0,"","01/06/2013 16:30",2,"CO",70,5844," "," ",1,1,0,0,0,0,0,0,0,0,0,0,0,0,0,0,0,62199,"JOVIM, RUA",64783,"FONTAINHAS, RUA DAS",78,"SAPOPEMBA",2,0,"JOVIM, RUA SAO PAULO SP &  FONTAINHAS, RUA DAS SAO PAULO SP",-23.6032497,-46.5203246
"10314","D061300270",19723,"VILARES, RUA DOM",NA,"",1000,"","01/06/2013 17:00",2,"CO",26,4847,"C"," ",1,1,0,0,0,0,0,0,0,0,0,0,0,0,0,0,0,19723,"VILARES, RUA DOM",NA,"",21,"CASA VERDE",1,0,"VILARES, RUA DOM 1000 SAO PAULO SP",-23.6249542,-46.6096861
"10315","D061301906",98894,"JAMES NARES, RUA",NA,"",80,"","01/06/2013 17:10",2,"CH",41,5841," "," ",3,0,0,0,0,0,0,0,0,0,0,0,0,0,0,0,0,98894,"JAMES NARES, RUA",NA,"",78,"SAPOPEMBA",3,0,"JAMES NARES, RUA 80 SAO PAULO SP",-23.5903662,-46.5078006
"10316","D061301155",16263,"PINHEIROS, RUA DOS",NA,"",138,"","01/06/2013 18:00",4,"AT",73,5889," "," ",0,1,0,0,0,0,0,0,0,0,0,0,0,0,0,0,0,16263,"PINHEIROS, RUA DOS",NA,"",63,"PINHEIROS",1,0,"PINHEIROS, RUA DOS 138 SAO PAULO SP",-23.5644147,-46.6799652
"10319","D061300477",5885,"DIOGENES RIBEIRO DE LIMA, AV",9862,"JAIME FONSECA RODRIGUES, RUA ARQ",0,"","01/06/2013 18:30",2,"CO",14,5591," "," ",1,1,0,0,0,0,0,0,0,0,0,0,0,0,0,0,0,5885,"DIOGENES RIBEIRO DE LIMA, AV",9862,"JAIME FONSECA RODRIGUES, RUA ARQ",2,"ALTO DE PINHEIR",1,0,"DIOGENES RIBEIRO DE LIMA, AV SAO PAULO SP &  JAIME FONSECA RODRIGUES, RUA ARQ SAO PAULO SP",-23.5335586,-46.7188173
"10320","D061300168",16870,"RANGEL PESTANA, AV",13303,"MARIA MARCOLINA, RUA",0,"","01/06/2013 18:36",4,"AT",12,4327," "," ",0,0,0,0,0,0,0,1,0,0,0,0,0,0,0,0,0,13303,"MARIA MARCOLINA, RUA",16870,"RANGEL PESTANA, AV",10,"BRAS",1,0,"RANGEL PESTANA, AV SAO PAULO SP &  MARIA MARCOLINA, RUA SAO PAULO SP",-23.5447812,-46.6196928
"10321","D061300647",11905,"LINEU DE PAULA MACHADO, AV",6819,"EUSEBIO MATOSO, AV",0,"","01/06/2013 19:00",2,"CO",34,7537," "," ",1,1,0,0,0,0,0,0,0,0,0,0,0,0,0,0,0,7500,"FRANCISCO MORATO, AV PROF",10674,"JORGE DE LIMA, PCA",12,"BUTANTA",1,0,"LINEU DE PAULA MACHADO, AV SAO PAULO SP &  EUSEBIO MATOSO, AV SAO PAULO SP",-23.5848873,-46.6982722
"10322","D061300199",10362,"JOAO MANUEL, RUA PDE",4160,"CAPANEMA, RUA BR DE",0,"","01/06/2013 19:35",2,"CO",78,4689," "," ",2,0,0,0,0,0,0,0,0,0,0,0,0,0,0,0,0,4160,"CAPANEMA, RUA BR DE",10362,"JOAO MANUEL, RUA PDE",44,"JARDIM PAULISTA",1,0,"JOAO MANUEL, RUA PDE SAO PAULO SP &  CAPANEMA, RUA BR DE SAO PAULO SP",-23.4932639,-46.3842435
"10323","D061301885",14095,"ANTONIO MANZI, RUA CON",NA,"",1,"","01/06/2013 20:00",2,"CO",67,6824," "," ",0,0,1,0,1,0,0,0,0,0,0,0,0,0,0,0,0,14095,"ANTONIO MANZI, RUA CON",NA,"",50,"LIMAO",1,0,"ANTONIO MANZI, RUA CON 1 SAO PAULO SP",-23.5253257,-46.4119406
"10324","D061300527",6897,"FARIA LIMA, AV BRIG",NA,"",2443,"","01/06/2013 20:03",4,"AT",15,5816," "," ",0,0,1,0,0,0,0,0,0,0,0,0,0,0,0,0,0,6897,"FARIA LIMA, AV BRIG",NA,"",63,"PINHEIROS",1,0,"FARIA LIMA, AV BRIG 2443 SAO PAULO SP",-23.5783305,-46.6860772
"10326","D061301602",14303,"JOAO DE ABREU, RUA",NA,"",28,"","01/06/2013 20:50",2,"CO",92,6771," "," ",1,1,0,0,0,0,0,0,0,0,0,0,0,0,0,0,0,14303,"JOAO DE ABREU, RUA",NA,"",32,"IGUATEMI",1,0,"JOAO DE ABREU, RUA 28 SAO PAULO SP",-23.6694427,-46.7341676
"10327","D061301870",75862,"JOAO JOSE DE QUEIROZ, RUA",NA,"",797,"","01/06/2013 21:00",2,"CH",64,900100," "," ",2,0,0,0,0,0,0,0,0,0,0,0,0,0,0,0,0,75862,"JOAO JOSE DE QUEIROZ, RUA",NA,"",49,"LIBERDADE",1,0,"JOAO JOSE DE QUEIROZ, RUA 797 SAO PAULO SP",-23.5212411,-46.4895764
"10328","D061302041",2231,"ARMANDO BARBOSA, RUA",4733,"CELSO DE MORAIS PINTO, RUA",0,"","01/06/2013 21:15",2,"CT",69,5847," "," ",1,1,0,0,0,0,0,0,0,0,0,0,0,0,0,0,0,2231,"ARMANDO BARBOSA, RUA",4733,"CELSO DE MORAIS PINTO, RUA",75,"SAO MATEUS",1,0,"ARMANDO BARBOSA, RUA SAO PAULO SP &  CELSO DE MORAIS PINTO, RUA SAO PAULO SP",-23.6136825,-46.4846217
"10329","D061300692",28059,"VICENTE MAZETTI, RUA",NA,"",26,"","01/06/2013 21:30",2,"CO",46,2860," "," ",0,2,0,0,0,0,0,0,0,0,0,0,0,0,0,0,0,28059,"VICENTE MAZETTI, RUA",NA,"",52,"MARSILAC",2,0,"VICENTE MAZETTI, RUA 26 SAO PAULO SP",-23.442906,-46.7497014
"10331","D061301507",19929,"CARLOS FACCHINA, RUA",NA,"",549,"","01/06/2013 23:30",4,"AT",43,2543," "," ",0,0,0,0,0,0,0,0,0,0,0,1,0,0,0,0,0,19929,"CARLOS FACCHINA, RUA",NA,"",29,"FREGUESIA DO O",1,0,"CARLOS FACCHINA, RUA 549 SAO PAULO SP",-23.6830816,-46.6483134
"10332","D061300227",17478,"RUBEM BERTA, AV",NA,"",1015,"","01/06/2013 23:30",2,"CO",16,7490," "," ",1,1,0,1,0,0,0,0,0,0,0,0,0,0,0,0,0,17478,"RUBEM BERTA, AV",NA,"",0,"NULL",1,0,"RUBEM BERTA, AV 1015 SAO PAULO SP",-23.6003021,-46.6507682
"10333","D061301135",72693,"HENRY CHARLES POTEL, RUA",16499,"JOAO MAURICIO DA COSTA JUBIM, RUA",0,"","01/06/2013 23:40",2,"CL",72,5039," "," ",1,1,0,0,0,0,0,0,0,0,0,0,0,0,0,0,0,16499,"JOAO MAURICIO DA COSTA JUBIM, RUA",72693,"HENRY CHARLES POTEL, RUA",NA,"",1,0,"HENRY CHARLES POTEL, RUA SAO PAULO SP &  JOAO MAURICIO DA COSTA JUBIM, RUA SAO PAULO SP",-23.473453,-46.6786139
"10334","D061301646",9220,"INTERLAGOS, AV",NA,"",3860,"","01/06/2013 23:50",2,"CH",99,6334,"C"," ",1,0,0,0,0,0,0,0,0,0,0,0,0,0,0,0,0,9220,"INTERLAGOS, AV",NA,"",16,"CAMPO GRANDE",1,0,"INTERLAGOS, AV 3860 SAO PAULO SP",-23.6826665,-46.6902474
"10335","D061300963",4775,"CEREJEIRAS, AV DAS",NA,"",2308,"","01/06/2013 23:51",2,"CH",19,5139," "," ",2,0,0,0,0,0,0,0,0,0,0,0,0,0,0,0,0,4775,"CEREJEIRAS, AV DAS",NA,"",94,"VILA MEDEIROS",5,0,"CEREJEIRAS, AV DAS 2308 SAO PAULO SP",-23.5022963,-46.5727104
"10336","D061301134",15425,"CANTIDIO SAMPAIO, AV DEP",NA,"",3444,"","02/06/2013 00:10",2,"CL",72,5038,"B"," ",1,1,0,0,0,0,0,0,0,0,0,0,0,0,0,0,0,15425,"CANTIDIO SAMPAIO, AV DEP",NA,"",41,"JARAGUA",1,0,"CANTIDIO SAMPAIO, AV DEP 3444 SAO PAULO SP",-23.4555965,-46.6932064
"10337","D061300330",15378,"CIDADE DE BAGDA, RUA",NA,"",373,"","02/06/2013 00:11",2,"CF",35,7487," "," ",0,1,0,0,0,0,0,0,0,0,0,1,0,0,0,0,0,15378,"CIDADE DE BAGDA, RUA",NA,"",42,"JARDIM ANGELA",2,0,"CIDADE DE BAGDA, RUA 373 SAO PAULO SP",-23.6555567,-46.6524502
"10338","D061300331",15378,"CIDADE DE BAGDA, RUA",NA,"",780,"","02/06/2013 00:21",2,"CO",35,7489," "," ",0,1,0,0,0,0,0,0,0,0,0,1,0,0,0,0,0,15378,"CIDADE DE BAGDA, RUA",NA,"",42,"JARDIM ANGELA",2,0,"CIDADE DE BAGDA, RUA 780 SAO PAULO SP",-23.6579836,-46.655398
"10339","D061301195",16838,"RAIMUNDO PEREIRA DE MAGAL., AV",NA,"",10682,"","02/06/2013 00:30",2,"SI",74,5026," "," ",0,0,0,0,0,0,0,0,0,0,0,0,0,0,0,1,0,16838,"RAIMUNDO PEREIRA DE MAGAL., AV",NA,"",31,"GUAIANASES",4,0,"RAIMUNDO PEREIRA DE MAGAL., AV 10682 SAO PAULO SP",-23.447898,-46.7218591
"10340","D061300233",7383,"FRANCISCO CRUZ, RUA",NA,"",600,"","02/06/2013 01:00",2,"CH",16,7727," "," ",1,0,0,0,0,0,0,0,0,0,0,0,0,0,0,1,0,7383,"FRANCISCO CRUZ, RUA",NA,"",92,"VILA MARIANA",1,0,"FRANCISCO CRUZ, RUA 600 SAO PAULO SP",-23.5896273,-46.6295026
"10341","D061300200",2497,"AUGUSTA, RUA",11989,"LORENA, AL",0,"","02/06/2013 01:10",4,"AT",78,4699," "," ",0,0,0,0,0,0,0,0,0,0,0,1,0,0,0,0,0,2497,"AUGUSTA, RUA",11989,"LORENA, AL",44,"JARDIM PAULISTA",1,0,"AUGUSTA, RUA SAO PAULO SP &  LORENA, AL SAO PAULO SP",-23.5560595,-46.658132
"10343","D061300914",21876,"CAMPO DE BAGATELLE, PCA",NA,"",1,"","02/06/2013 02:00",2,"QM",13,6121," "," ",0,1,0,0,0,0,0,0,0,0,0,0,0,0,0,0,0,21876,"CAMPO DE BAGATELLE, PCA",NA,"",8,"BELEM",1,0,"CAMPO DE BAGATELLE, PCA 1 SAO PAULO SP",-23.5153686,-46.6292336
"10344","D061301830",645,"ALEXANDRE PETTA, RUA",NA,"",257,"","02/06/2013 02:00",2,"SI",63,4527," "," ",1,1,0,0,0,0,0,0,0,0,0,0,0,0,0,0,0,645,"ALEXANDRE PETTA, RUA",NA,"",53,"MOEMA",1,0,"ALEXANDRE PETTA, RUA 257 SAO PAULO SP",-23.5089304,-46.4769409
"10345","D061300271",43154,"TANCREDO NEVES, AV PRES",14710,"MERCES, RUA NSRA DAS",0,"","02/06/2013 02:00",2,"CH",26,4882," "," ",1,0,0,0,0,0,0,0,0,0,0,0,0,0,0,0,0,14710,"MERCES, RUA NSRA DAS",43154,"TANCREDO NEVES, AV PRES",69,"SACOMA",6,0,"TANCREDO NEVES, AV PRES SAO PAULO SP &  MERCES, RUA NSRA DAS SAO PAULO SP",-23.6208548,-46.6115493
"10346","D061300976",14767,"NOVA CANTAREIRA, AV",NA,"",4855,"","02/06/2013 02:30",2,"CO",20,5144," "," ",1,1,0,0,0,0,0,0,0,0,0,0,0,0,0,0,0,14767,"NOVA CANTAREIRA, AV",NA,"",83,"TREMEMBE",1,0,"NOVA CANTAREIRA, AV 4855 SAO PAULO SP",-23.458067,-46.6150048
"10347","D061300896",4896,"CHICO PONTES, RUA",NA,"",1000,"","02/06/2013 02:30",2,"CO",9,5143," "," ",2,0,0,0,0,0,0,0,0,0,0,0,0,0,0,0,0,4896,"CHICO PONTES, RUA",NA,"",88,"VILA GUILHERME",2,0,"CHICO PONTES, RUA 1000 SAO PAULO SP",-23.5075846,-46.6028604
"10348","D061300772",8603,"HEITOR ANTONIO EIRAS GARCIA, AV ENG",NA,"",7645,"","02/06/2013 02:46",4,"AT",75,4896," "," ",1,0,0,0,0,0,0,0,0,0,0,0,0,0,0,0,0,8603,"HEITOR ANTONIO EIRAS GARCIA, AV ENG",NA,"",68,"RIO PEQUENO",2,0,"HEITOR ANTONIO EIRAS GARCIA, AV ENG 7645 SAO PAULO SP",-23.6038968,-46.7904661
"10349","D061301907",17135,"RIO DAS PEDRAS, AV",NA,"",2700,"","02/06/2013 02:51",4,"AT",41,5850," "," ",0,0,0,0,0,0,0,0,0,0,0,0,0,0,0,1,0,17135,"RIO DAS PEDRAS, AV",NA,"",27,"CURSINO",1,0,"RIO DAS PEDRAS, AV 2700 SAO PAULO SP",-23.5765018,-46.5040262
"10350","D061301816",24015,"RENATO DA COSTA BONFIM, RUA DR",NA,"",50,"","02/06/2013 02:57",2,"QM",62,5955," "," ",0,1,0,0,0,0,0,0,0,0,0,0,0,0,0,0,0,24015,"RENATO DA COSTA BONFIM, RUA DR",NA,"",49,"LIBERDADE",2,0,"RENATO DA COSTA BONFIM, RUA DR 50 SAO PAULO SP",-23.506392,-46.4806624
"10351","D061302140",33015,"SADAMU INOUE, AV",38277,"HENRIQUE HESSEL, RUA",0,"","02/06/2013 03:00",2,"CH",101,4232,"B"," ",1,0,0,0,0,0,0,0,0,0,0,0,0,0,0,0,0,33015,"SADAMU INOUE, AV",38277,"HENRIQUE HESSEL, RUA",56,"PARELHEIROS",3,1,"SADAMU INOUE, AV SAO PAULO SP &  HENRIQUE HESSEL, RUA SAO PAULO SP",-23.8028142,-46.7343267
"10352","D061300543",14947,"OLIMPIO DA SILVEIRA, AV GAL",NA,"",500,"","02/06/2013 03:00",2,"CO",23,3292," "," ",2,0,0,0,0,0,0,0,0,0,0,0,0,0,0,0,0,14947,"OLIMPIO DA SILVEIRA, AV GAL",NA,"",19,"CAPAO REDONDO",1,0,"OLIMPIO DA SILVEIRA, AV GAL 500 SAO PAULO SP",-23.5318114,-46.6612358
"10353","D061300931",3637,"BRAZ LEME, AV",NA,"",3351,"","02/06/2013 03:00",2,"CO",13,6467," "," ",0,1,0,0,0,0,0,0,0,0,0,0,0,0,0,1,0,3637,"BRAZ LEME, AV",NA,"",21,"CASA VERDE",1,0,"BRAZ LEME, AV 3351 SAO PAULO SP",-23.5038673,-46.6281229
"10354","D061302139",2235,"ARMANDO DE ARRUDA PEREIRA, AV ENG",NA,"",4443,"","02/06/2013 03:30",2,"CH",26,4867,"C"," ",0,1,0,0,0,0,0,0,0,0,0,0,0,0,0,0,0,2235,"ARMANDO DE ARRUDA PEREIRA, AV ENG",NA,"",37,"JABAQUARA",0,2,"ARMANDO DE ARRUDA PEREIRA, AV ENG 4443 SAO PAULO SP",-23.6631849,-46.6377165
"10355","D061301908",17135,"RIO DAS PEDRAS, AV",9134,"INCONFIDENCIA MINEIRA, AV",0,"","02/06/2013 03:35",2,"SI",41,5851," "," ",1,0,0,0,0,0,0,0,0,0,0,1,0,0,0,0,0,9134,"INCONFIDENCIA MINEIRA, AV",17135,"RIO DAS PEDRAS, AV",4,"ARICANDUVA",1,0,"RIO DAS PEDRAS, AV SAO PAULO SP &  INCONFIDENCIA MINEIRA, AV SAO PAULO SP",-23.5630062,-46.5152683