"","id_acidente","codloga","logradouroA","codlogb","logradouroB","alt_num","referencia","data","cod_acid","tipo_acidente","dp","numero_BO","sentido","pista","automovel","moto","onibus","caminhao","bicicleta","moto_taxi","onibus_fretado","onibus_urbano","microonibus","van","vuc","caminhonete","carreta","jipe","outros","sem_informacao","carroca","princ_a","paiA","princ_b","paiB","cod_distrito","distrito","vit_ferida","vit_morta","local","lat","lon"
"10357","D061301341",24338,"LUIZ IGNACIO ANHAIA MELLO, AV PROF",NA,"",4969,"","02/06/2013 05:09",2,"CP",42,3680," "," ",1,0,0,0,0,0,0,0,0,0,0,0,0,0,0,0,0,24338,"LUIZ IGNACIO ANHAIA MELLO, AV PROF",NA,"",26,"CONSOLACAO",1,0,"LUIZ IGNACIO ANHAIA MELLO, AV PROF 4969 SAO PAULO SP",-23.5864164,-46.5468037
"10358","D061302042",17824,"SAPOPEMBA, AV",NA,"",11396,"","02/06/2013 05:19",4,"AT",69,5855," "," ",0,0,1,0,0,0,0,0,0,0,0,0,0,0,0,0,0,17824,"SAPOPEMBA, AV",NA,"",33,"IPIRANGA",1,0,"SAPOPEMBA, AV 11396 SAO PAULO SP",-23.6144765,-46.4992325
"10362","D061301429",3516,"MARIO VILAS BOAS RODRIGUES, AV DR",NA,"",1000,"","02/06/2013 08:10",2,"CT",11,3329," "," ",1,1,0,0,0,0,0,0,0,0,0,0,0,0,0,0,0,3516,"MARIO VILAS BOAS RODRIGUES, AV DR",NA,"",72,"SANTO AMARO",1,0,"MARIO VILAS BOAS RODRIGUES, AV DR 1000 SAO PAULO SP",-23.6519969,-46.7215208
"10363","D061300791",161,"ADAO PEREIRA, AV CABO",NA,"",43,"","02/06/2013 08:20",2,"CH",87,5202,"C"," ",0,1,0,0,0,0,0,0,0,0,0,0,0,0,0,0,0,161,"ADAO PEREIRA, AV CABO",NA,"",64,"PIRITUBA",1,0,"ADAO PEREIRA, AV CABO 43 SAO PAULO SP",-23.4868654,-46.7150601
"10368","D061300658",34682,"CAMPO LIMPO, ES DO",NA,"",143,"","02/06/2013 10:57",2,"CF",37,4914," "," ",2,0,0,0,0,0,0,0,0,0,0,0,0,0,0,0,0,34682,"CAMPO LIMPO, ES DO",NA,"",17,"CAMPO LIMPO",1,0,"CAMPO LIMPO, ES DO 143 SAO PAULO SP",-23.2019463,-46.785846
"10369","D061301967",8914,"ROLA CABOCLA, RUA",NA,"",561,"","02/06/2013 11:00",2,"SI",53,3906," "," ",0,1,0,0,0,0,0,0,0,0,0,0,0,0,0,0,0,8914,"ROLA CABOCLA, RUA",NA,"",51,"MANDAQUI",1,0,"ROLA CABOCLA, RUA 561 SAO PAULO SP",-23.5637698,-46.424148
"10370","D061301342",16826,"RAIMUNDO, RUA S",7545,"FRANCISCO REBELO, RUA",0,"","02/06/2013 12:35",2,"CO",42,3697," "," ",2,0,0,0,0,0,0,0,0,0,0,0,0,0,0,0,0,7545,"FRANCISCO REBELO, RUA",16826,"RAIMUNDO, RUA S",95,"VILA PRUDENTE",2,0,"RAIMUNDO, RUA S SAO PAULO SP &  FRANCISCO REBELO, RUA SAO PAULO SP",-23.6102365,-46.5601656
"10371","D061300773",61527,"JACINTO DE OLIVEIRA, RUA",NA,"",453,"","02/06/2013 13:00",2,"CO",75,4915,"B"," ",1,0,0,0,0,0,0,0,0,0,0,1,0,0,0,0,0,61527,"JACINTO DE OLIVEIRA, RUA",NA,"",13,"CACHOEIRINHA",1,0,"JACINTO DE OLIVEIRA, RUA 453 SAO PAULO SP",-23.5892041,-46.7590843
"10372","D061300915",9078,"IMIRIM, AV",NA,"",2800,"","02/06/2013 13:15",4,"AT",13,6134," "," ",0,0,0,0,0,0,0,0,0,0,0,1,0,0,0,0,0,9078,"IMIRIM, AV",NA,"",71,"SANTANA",1,0,"IMIRIM, AV 2800 SAO PAULO SP",-23.4826548,-46.6543942
"10374","D061301364",27094,"SALIM FARAH MALUF, AV",NA,"",37,"","02/06/2013 13:33",2,"CO",52,6229," "," ",1,0,0,0,0,0,0,0,0,0,0,1,0,0,0,0,0,27094,"SALIM FARAH MALUF, AV",NA,"",82,"TATUAPE",1,0,"SALIM FARAH MALUF, AV 37 SAO PAULO SP",-23.5561076,-46.5770828
"10375","D061301817",69058,"ARLINDO BETTIO, RUA",NA,"",751,"","02/06/2013 15:00",2,"SI",62,5975," "," ",0,1,0,0,0,0,0,0,0,0,0,0,0,0,0,0,0,69058,"ARLINDO BETTIO, RUA",NA,"",49,"LIBERDADE",2,0,"ARLINDO BETTIO, RUA 751 SAO PAULO SP",-23.483352,-46.4899794
"10376","D061300228",9715,"JABAQUARA, AV",NA,"",2413,"","02/06/2013 15:00",4,"AT",16,7515," "," ",1,0,0,0,0,0,0,0,0,0,0,0,0,0,0,0,0,9715,"JABAQUARA, AV",NA,"",79,"SAUDE",1,0,"JABAQUARA, AV 2413 SAO PAULO SP",-23.6256143,-46.6407218
"10377","D061301117",8409,"JOAQUIM FERREIRA DA ROCHA, RUA",NA,"",450,"","02/06/2013 15:40",2,"CO",45,1419," "," ",1,0,0,0,0,0,0,0,0,0,0,1,0,0,0,0,0,8409,"JOAQUIM FERREIRA DA ROCHA, RUA",NA,"",11,"BRASILANDIA",1,0,"JOAQUIM FERREIRA DA ROCHA, RUA 450 SAO PAULO SP",-23.4690303,-46.6893091
"10379","D061301647",13035,"MIGUEL YUNES, RUA",NA,"",455,"","02/06/2013 17:00",2,"CH",99,6360,"C"," ",5,0,0,0,0,0,0,0,0,0,0,0,0,0,0,0,0,13035,"MIGUEL YUNES, RUA",NA,"",16,"CAMPO GRANDE",4,0,"MIGUEL YUNES, RUA 455 SAO PAULO SP",-23.6945548,-46.6805013
"10380","D061302077",15547,"PASCOAL DA COSTA, RUA",NA,"",445,"","02/06/2013 17:00",2,"CF",13,6144," "," ",2,0,0,0,0,0,0,0,0,0,0,0,0,0,0,0,0,15547,"PASCOAL DA COSTA, RUA",NA,"",29,"FREGUESIA DO O",5,1,"PASCOAL DA COSTA, RUA 445 SAO PAULO SP",-23.4978987,-46.6907946
"10382","D061301343",5425,"COSTA BARROS, RUA",NA,"",1976,"","02/06/2013 17:40",2,"CO",42,3702," "," ",1,1,0,0,0,0,0,0,0,0,0,0,0,0,0,0,0,5425,"COSTA BARROS, RUA",NA,"",95,"VILA PRUDENTE",1,0,"COSTA BARROS, RUA 1976 SAO PAULO SP",-23.6012102,-46.5488832
"10383","D061301084",12716,"MANUEL GAYA, RUA",NA,"",390,"","02/06/2013 18:40",2,"CO",39,5913," "," ",1,1,0,0,0,0,0,0,0,0,0,0,0,0,0,0,0,12716,"MANUEL GAYA, RUA",NA,"",83,"TREMEMBE",1,0,"MANUEL GAYA, RUA 390 SAO PAULO SP",-23.4659557,-46.596661
"10384","D061301831",30016,"JOSE GORY, RUA",NA,"",18,"","02/06/2013 18:50",2,"CH",63,4530," "," ",1,1,0,0,0,0,0,0,0,0,0,0,0,0,0,0,0,30016,"JOSE GORY, RUA",NA,"",53,"MOEMA",1,0,"JOSE GORY, RUA 18 SAO PAULO SP",-23.4894403,-46.4492614
"10385","D061300169",5567,"CRUZEIRO DO SUL, AV",NA,"",137,"","02/06/2013 19:00",4,"AT",12,4344," "," ",1,0,0,0,0,0,0,0,0,0,0,0,0,0,0,0,0,5567,"CRUZEIRO DO SUL, AV",NA,"",5,"ARTUR ALVIM",1,0,"CRUZEIRO DO SUL, AV 137 SAO PAULO SP",-23.5306765,-46.6258676
"10386","D061301787",17820,"TITO, AV MAL",NA,"",6035,"","02/06/2013 19:15",2,"QM",50,7548," "," ",0,1,0,0,0,0,0,0,0,0,0,0,0,0,0,0,0,17820,"TITO, AV MAL",NA,"",53,"MOEMA",1,0,"TITO, AV MAL 6035 SAO PAULO SP",-23.4924549,-46.3882893
"10387","D061300201",2965,"BATATAES, RUA",NA,"",34,"","02/06/2013 19:37",2,"CO",78,4729," "," ",1,1,0,0,0,0,0,0,0,0,0,0,0,0,0,0,0,2965,"BATATAES, RUA",NA,"",44,"JARDIM PAULISTA",1,0,"BATATAES, RUA 34 SAO PAULO SP",-23.5727065,-46.6546834
"10388","D061301344",19708,"VILA EMA, AV",18389,"MANUEL DA COSTA, RUA",0,"","02/06/2013 21:07",2,"CO",42,3707," "," ",1,1,0,0,0,0,0,0,0,0,0,0,0,0,0,0,0,18389,"MANUEL DA COSTA, RUA",19708,"VILA EMA, AV",NA,"",1,0,"VILA EMA, AV SAO PAULO SP &  MANUEL DA COSTA, RUA SAO PAULO SP",-23.5863974,-46.5447811
"10389","D061301770",18803,"TEODORO, RUA S",NA,"",603,"","02/06/2013 22:00",2,"CL",32,3210," "," ",0,1,0,0,0,0,0,0,0,0,0,1,0,0,0,0,0,18803,"TEODORO, RUA S",NA,"",51,"MANDAQUI",1,0,"TEODORO, RUA S 603 SAO PAULO SP",-23.5543545,-46.4548845
"10391","D061300025",18327,"SINIMBU, RUA",NA,"",20,"","02/06/2013 23:00",4,"AT",1,4942," "," ",0,0,0,0,0,0,0,0,0,0,0,0,0,0,0,1,0,18327,"SINIMBU, RUA",NA,"",2,"ALTO DE PINHEIR",1,0,"SINIMBU, RUA 20 SAO PAULO SP",-23.5571211,-46.6315246
"10392","D061300556",671,"ALFONSO BOVERO, AV PROF",NA,"",218,"","02/06/2013 23:34",2,"QM",23,4055," "," ",0,1,0,0,0,0,0,0,0,0,0,0,0,0,0,0,0,671,"ALFONSO BOVERO, AV PROF",NA,"",61,"PERDIZES",1,0,"ALFONSO BOVERO, AV PROF 218 SAO PAULO SP",-23.5437192,-46.6815246
"10393","D061300006",7664,"FURTADO, RUA CONS",NA,"",366,"","02/06/2013 23:50",4,"AT",1,4362," "," ",0,0,0,0,0,0,0,0,0,0,0,1,0,0,0,0,0,7664,"FURTADO, RUA CONS",NA,"",80,"SE",1,0,"FURTADO, RUA CONS 366 SAO PAULO SP",-23.5561298,-46.6331305
"10395","D061300365",3274,"BERNARDINO DE CAMPOS, AV",271,"AFONSO DE FREITAS, RUA",0,"","03/06/2013 00:02",4,"AT",36,5860," "," ",0,1,0,0,0,0,0,0,0,0,0,0,0,0,0,0,0,271,"AFONSO DE FREITAS, RUA",3274,"BERNARDINO DE CAMPOS, AV",92,"VILA MARIANA",2,0,"BERNARDINO DE CAMPOS, AV SAO PAULO SP &  AFONSO DE FREITAS, RUA SAO PAULO SP",-23.5761068,-46.641305
"10397","D061302078",35449,"BANDEIRANTES, VIA DOS",NA,"",18720,"","03/06/2013 01:40",2,"CT",33,5219,"R"," ",0,0,0,2,0,0,0,0,0,0,0,0,0,0,0,0,0,35449,"BANDEIRANTES, VIA DOS",NA,"",64,"PIRITUBA",0,1,"BANDEIRANTES, VIA DOS 18720 SAO PAULO SP",-23.4391389,-46.7581085
"10398","D061301929",13671,"MATEO BEI, AV",NA,"",1850,"","03/06/2013 01:51",4,"AT",49,7698," "," ",1,0,0,0,0,0,0,0,0,0,0,0,0,0,0,0,0,13671,"MATEO BEI, AV",NA,"",75,"SAO MATEUS",1,0,"MATEO BEI, AV 1850 SAO PAULO SP",-23.5990797,-46.4856873
"10399","D061300572",35449,"BANDEIRANTES, VIA DOS",NA,"",20500,"","03/06/2013 04:19",2,"CO",33,5223," "," ",0,0,0,0,0,0,0,0,0,0,0,2,0,0,0,0,0,35449,"BANDEIRANTES, VIA DOS",NA,"",64,"PIRITUBA",1,0,"BANDEIRANTES, VIA DOS 20500 SAO PAULO SP",-23.4390562,-46.7581477
"10400","D061300007",16725,"QUEIROS, AV SEN",NA,"",573,"","03/06/2013 05:00",4,"AT",1,4409," "," ",0,0,0,0,0,0,0,0,0,0,0,1,0,0,0,0,0,16725,"QUEIROS, AV SEN",NA,"",9,"BOM RETIRO",1,0,"QUEIROS, AV SEN 573 SAO PAULO SP",-23.5397637,-46.6306657
"10401","D061300753",16878,"RAPOSO TAVARES, VIA",NA,"",19100,"","03/06/2013 05:50",2,"CT",75,1867," "," ",1,1,0,0,0,0,0,0,0,0,0,0,0,0,0,0,0,16878,"RAPOSO TAVARES, VIA",NA,"",13,"CACHOEIRINHA",1,0,"RAPOSO TAVARES, VIA 19100 SAO PAULO SP",-23.507891,-48.514462
"10402","D061300953",14270,"MORVAN DIAS DE FIGUEIREDO, AV",NA,"",2222,"","03/06/2013 06:20",2,"CO",19,2122," "," ",0,1,0,0,0,0,0,0,0,0,0,0,0,0,0,1,0,29772,"MARGINAL DO RIO TIETE, AV",NA,"",0,"NULL",1,0,"MORVAN DIAS DE FIGUEIREDO, AV 2222 SAO PAULO SP",-23.5224485,-46.6097356
"10404","D061300916",2421,"ASSIS CHATEAUBRIAND, AV",NA,"",1,"","03/06/2013 06:45",2,"CF",13,6150," "," ",0,1,0,0,0,0,0,0,1,0,0,0,0,0,0,0,0,29772,"MARGINAL DO RIO TIETE, AV",NA,"",71,"SANTANA",1,0,"ASSIS CHATEAUBRIAND, AV 1 SAO PAULO SP",-23.5183469,-46.6315895
"10405","D061301298",34122,"MELO FREIRE, RUA",1657,"ANTONIO DE BARROS, RUA",0,"","03/06/2013 07:00",2,"CO",30,2845," "," ",1,0,1,1,0,0,0,0,0,0,0,0,0,0,0,0,0,1657,"ANTONIO DE BARROS, RUA",34122,"MELO FREIRE, RUA",82,"TATUAPE",1,0,"MELO FREIRE, RUA SAO PAULO SP &  ANTONIO DE BARROS, RUA SAO PAULO SP",-23.5391715,-46.5695321
"10406","D061301357",6371,"ELISABETH DE ROBIANO, AV CDSSA",2274,"ARNALDO CINTRA, RUA",0,"","03/06/2013 07:01",2,"CO",52,1679," "," ",1,1,0,0,0,0,0,0,0,0,0,0,0,0,0,0,0,2274,"ARNALDO CINTRA, RUA",6371,"ELISABETH DE ROBIANO, AV CDSSA",82,"TATUAPE",1,0,"ELISABETH DE ROBIANO, AV CDSSA SAO PAULO SP &  ARNALDO CINTRA, RUA SAO PAULO SP",-23.5076424,-46.5495997
"10407","D061301368",2274,"ARNALDO CINTRA, RUA",18731,"TATUAPE, RUA DO",0,"","03/06/2013 07:10",4,"AT",52,6860," "," ",1,0,0,0,0,0,0,0,0,0,0,0,0,0,0,0,0,1657,"ANTONIO DE BARROS, RUA",18731,"TATUAPE, RUA DO",82,"TATUAPE",1,0,"ARNALDO CINTRA, RUA SAO PAULO SP &  TATUAPE, RUA DO SAO PAULO SP",-23.527732,-46.5611845
"10408","D061301854",21253,"AGUIA DE HAIA, AV",18681,"TAPERACU, RUA",0,"","03/06/2013 07:14",2,"QM",64,4430," "," ",0,1,0,0,0,0,0,0,0,0,0,0,0,0,0,0,0,18681,"TAPERACU, RUA",21253,"AGUIA DE HAIA, AV",NA,"",1,0,"AGUIA DE HAIA, AV SAO PAULO SP &  TAPERACU, RUA SAO PAULO SP",-23.5069379,-46.4780241
"10409","D061300202",14804,"NOVE DE JULHO, AV",NA,"",530,"","03/06/2013 07:40",4,"AT",78,4730," "," ",1,0,0,0,0,0,0,0,0,0,0,0,0,0,0,0,0,14804,"NOVE DE JULHO, AV",NA,"",63,"PINHEIROS",1,0,"NOVE DE JULHO, AV 530 SAO PAULO SP",-23.5502138,-46.6434929
"10410","D061302085",6544,"ERMANO MARCHETTI, AV",20307,"JACOMO ZANELA, PCA",0,"","03/06/2013 07:50",4,"AT",14,5867," "," ",0,0,1,0,0,0,0,0,0,0,0,0,0,0,0,0,0,6544,"ERMANO MARCHETTI, AV",20307,"JACOMO ZANELA, PCA",48,"LAPA",0,1,"ERMANO MARCHETTI, AV SAO PAULO SP &  JACOMO ZANELA, PCA SAO PAULO SP",-23.5138014,-46.7023128
"10411","D061300445",6544,"ERMANO MARCHETTI, AV",20307,"JACOMO ZANELA, PCA",0,"","03/06/2013 07:50",4,"AT",7,3391," "," ",0,0,0,0,0,0,0,1,0,0,0,0,0,0,0,0,0,6544,"ERMANO MARCHETTI, AV",20307,"JACOMO ZANELA, PCA",48,"LAPA",1,0,"ERMANO MARCHETTI, AV SAO PAULO SP &  JACOMO ZANELA, PCA SAO PAULO SP",-23.5138014,-46.7023128
"10412","D061301930",1306,"ANDRE DE ALMEIDA, RUA",NA,"",815,"","03/06/2013 08:00",2,"SI",49,7716," "," ",1,1,0,0,0,0,0,0,0,0,0,0,0,0,0,0,0,1306,"ANDRE DE ALMEIDA, RUA",NA,"",75,"SAO MATEUS",1,0,"ANDRE DE ALMEIDA, RUA 815 SAO PAULO SP",-23.59209,-46.4859872
"10413","D061301003",18151,"SEZEFREDO FAGUNDES, AV CEL",NA,"",2698,"","03/06/2013 08:00",2,"QM",20,6573," "," ",0,1,0,0,0,0,0,0,0,0,0,0,0,0,0,0,0,18151,"SEZEFREDO FAGUNDES, AV CEL",NA,"",22,"CIDADE ADEMAR",1,0,"SEZEFREDO FAGUNDES, AV CEL 2698 SAO PAULO SP",-23.4555491,-46.6024681
"10414","D061300290",19520,"VIAZA, RUA",NA,"",310,"","03/06/2013 08:00",2,"CO",27,5863," "," ",2,1,0,0,0,0,0,0,0,0,0,0,0,0,0,0,0,19520,"VIAZA, RUA",NA,"",30,"GRAJAU",1,0,"VIAZA, RUA 310 SAO PAULO SP",-23.6327397,-46.6674635
"10415","D061302008",73220,"CAMPO DE PIRATININGA, RUA",NA,"",120,"","03/06/2013 08:10",2,"CO",55,2140," "," ",0,1,0,0,0,0,0,0,0,0,0,0,0,0,0,1,0,73220,"CAMPO DE PIRATININGA, RUA",NA,"",55,"MORUMBI",1,0,"CAMPO DE PIRATININGA, RUA 120 SAO PAULO SP",-23.6270303,-46.4455466
"10416","D061300054",10101,"JOAO, AV S",9276,"IPIRANGA, AV",0,"","03/06/2013 08:25",2,"CO",3,3487," "," ",0,1,0,0,0,0,0,1,0,0,0,0,0,0,0,0,0,9276,"IPIRANGA, AV",10101,"JOAO, AV S",67,"REPUBLICA",1,0,"JOAO, AV S SAO PAULO SP &  IPIRANGA, AV SAO PAULO SP",-23.54057,-46.6434402
"10417","D061300093",18618,"TAMANDARE, RUA",NA,"",525,"","03/06/2013 09:11",2,"CO",5,2888," "," ",1,1,0,0,0,0,0,0,0,0,0,0,0,0,0,0,0,18618,"TAMANDARE, RUA",NA,"",49,"LIBERDADE",1,0,"TAMANDARE, RUA 525 SAO PAULO SP",-23.5636628,-46.6345075
"10418","D061301039",33642,"MASAO WATANABE, AV",NA,"",347,"","03/06/2013 09:15",2,"CO",38,2725," "," ",0,0,0,0,0,0,0,2,0,0,0,0,0,0,0,0,0,33642,"MASAO WATANABE, AV",NA,"",8,"BELEM",5,0,"MASAO WATANABE, AV 347 SAO PAULO SP",-23.4637715,-46.6660024
"10419","D061300949",27099,"DUTRA, VIA PRES",NA,"",231,"","03/06/2013 09:50",4,"AT",19,2063," "," ",0,1,0,0,0,0,0,0,0,0,0,0,0,0,0,0,0,27099,"DUTRA, VIA PRES",NA,"",36,"ITAQUERA",1,0,"DUTRA, VIA PRES 231 SAO PAULO SP",-23.5142446,-46.577807
"10420","D061300223",4070,"CANADA, RUA",NA,"",215,"","03/06/2013 09:50",4,"AT",78,5568," "," ",0,0,0,0,0,0,0,0,0,0,0,1,0,0,0,0,0,4070,"CANADA, RUA",NA,"",44,"JARDIM PAULISTA",1,0,"CANADA, RUA 215 SAO PAULO SP",-23.5715471,-46.6660958
"10421","D061302022",2181,"ARICANDUVA, AV",NA,"",5300,"","03/06/2013 10:15",2,"CO",66,2336," "," ",0,1,0,0,0,0,0,0,0,1,0,0,0,0,0,0,0,2181,"ARICANDUVA, AV",NA,"",60,"PENHA",1,0,"ARICANDUVA, AV 5300 SAO PAULO SP",-23.5683205,-46.5056075
"10422","D061301509",17157,"RIO GRANDE DO SUL, RUA",5606,"CUPECE, AV",0,"","03/06/2013 10:25",2,"QM",43,4894," "," ",1,1,0,0,0,0,0,0,0,0,0,0,0,0,0,0,0,5606,"CUPECE, AV",17157,"RIO GRANDE DO SUL, RUA",22,"CIDADE ADEMAR",1,0,"RIO GRANDE DO SUL, RUA SAO PAULO SP &  CUPECE, AV SAO PAULO SP",-23.6733292,-46.6455631
"10423","D061300429",2235,"ARMANDO DE ARRUDA PEREIRA, AV ENG",NA,"",5515,"","03/06/2013 10:32",2,"CH",97,1525," "," ",1,0,0,0,0,0,0,0,0,0,0,0,0,0,0,0,0,2235,"ARMANDO DE ARRUDA PEREIRA, AV ENG",NA,"",37,"JABAQUARA",1,0,"ARMANDO DE ARRUDA PEREIRA, AV ENG 5515 SAO PAULO SP",-23.6695298,-46.6329264
"10424","D061301700",8368,"GUARAPIRANGA, AV",NA,"",143,"","03/06/2013 10:45",4,"AT",102,1543," "," ",0,1,0,0,0,0,0,0,0,0,0,0,0,0,0,0,0,8368,"GUARAPIRANGA, AV",NA,"",45,"JARDIM SAO LUIS",1,0,"GUARAPIRANGA, AV 143 SAO PAULO SP",-23.6659905,-46.7139656
"10426","D061302079",351,"AGUA FRIA, AV",NA,"",988,"","03/06/2013 10:56",4,"AT",20,5179," "," ",1,0,0,0,0,0,0,0,0,0,0,0,0,0,0,0,0,351,"AGUA FRIA, AV",NA,"",71,"SANTANA",0,1,"AGUA FRIA, AV 988 SAO PAULO SP",-23.4799433,-46.621954
"10427","D061301728",10785,"JOSE ARTUR NOVA, AV DR",NA,"",2990,"","03/06/2013 11:00",2,"CH",22,1954," "," ",0,0,0,0,0,0,0,0,1,0,0,0,0,0,0,0,0,10785,"JOSE ARTUR NOVA, AV DR",NA,"",43,"JARDIM HELENA",1,0,"JOSE ARTUR NOVA, AV DR 2990 SAO PAULO SP",-23.4725973,-46.4232145
"10429","D061300873",10622,"JOAQUINA RAMALHO, AV",NA,"",1040,"","03/06/2013 11:00",2,"CO",9,3103," "," ",1,1,0,0,0,0,0,0,0,0,0,0,0,0,0,0,0,10622,"JOAQUINA RAMALHO, AV",NA,"",88,"VILA GUILHERME",1,0,"JOAQUINA RAMALHO, AV 1040 SAO PAULO SP",-23.5074507,-46.6052522
"10430","D061301729",17820,"TITO, AV MAL",NA,"",1300,"","03/06/2013 11:21",4,"AT",22,2635," "," ",0,0,0,1,0,0,0,0,0,0,0,0,0,0,0,0,0,17820,"TITO, AV MAL",NA,"",53,"MOEMA",1,0,"TITO, AV MAL 1300 SAO PAULO SP",-23.4951972,-46.4338481
"10431","D061300784",161,"ADAO PEREIRA, AV CABO",14741,"MIGUEL DE CASTRO, RUA",0,"","03/06/2013 11:30",4,"AT",87,2808," "," ",0,0,0,0,0,0,0,0,0,0,0,0,0,0,0,1,0,6939,"FEIZ ZARZUR, RUA COMEN",14741,"MIGUEL DE CASTRO, RUA",64,"PIRITUBA",1,0,"ADAO PEREIRA, AV CABO SAO PAULO SP &  MIGUEL DE CASTRO, RUA SAO PAULO SP",-23.4818824,-46.7173237
"10434","D061301299",6932,"FEIJO, AV REG",NA,"",747,"","03/06/2013 11:55",4,"AT",30,2859," "," ",0,0,0,0,0,0,0,0,0,0,0,1,0,0,0,0,0,6932,"FEIJO, AV REG",NA,"",1,"AGUA RASA",1,0,"FEIJO, AV REG 747 SAO PAULO SP",-22.9070229,-47.0594055
"10435","D061300917",20878,"LEITAO DE CARVALHO, RUA MAL",NA,"",15,"","03/06/2013 12:09",4,"AT",13,6171," "," ",0,1,0,0,0,0,0,0,0,0,0,0,0,0,0,0,0,20878,"LEITAO DE CARVALHO, RUA MAL",NA,"",8,"BELEM",1,0,"LEITAO DE CARVALHO, RUA MAL 15 SAO PAULO SP",-23.5159984,-46.6333767
"10436","D061301329",5425,"COSTA BARROS, RUA",14779,"NOVA IGUACU, RUA",0,"","03/06/2013 12:15",2,"CO",42,1976," "," ",2,0,0,0,0,0,0,0,0,0,0,0,0,0,0,0,0,5425,"COSTA BARROS, RUA",14779,"NOVA IGUACU, RUA",95,"VILA PRUDENTE",1,0,"COSTA BARROS, RUA SAO PAULO SP &  NOVA IGUACU, RUA SAO PAULO SP",-23.6047674,-46.5502522
"10437","D061300198",12165,"LUIS ANTONIO, AV BRIG",NA,"",2071,"","03/06/2013 12:25",2,"CO",78,2899," "," ",0,1,0,0,0,0,0,0,0,0,0,0,0,0,0,1,0,12165,"LUIS ANTONIO, AV BRIG",NA,"",7,"BELA VISTA",1,0,"LUIS ANTONIO, AV BRIG 2071 SAO PAULO SP",-23.5662658,-46.6479313
"10438","D061300385",609,"ALENCAR ARARIPE, RUA",NA,"",1301,"","03/06/2013 12:28",4,"AT",95,2519," "," ",0,1,0,0,0,0,0,0,0,0,0,0,0,0,0,0,0,609,"ALENCAR ARARIPE, RUA",NA,"",69,"SACOMA",1,0,"ALENCAR ARARIPE, RUA 1301 SAO PAULO SP",-23.618902,-46.5962563
"10439","D061301932",13671,"MATEO BEI, AV",NA,"",2567,"","03/06/2013 12:30",4,"AT",49,7789," "," ",0,1,0,0,0,0,0,0,0,0,0,0,0,0,0,0,0,13671,"MATEO BEI, AV",NA,"",75,"SAO MATEUS",1,0,"MATEO BEI, AV 2567 SAO PAULO SP",-23.6040482,-46.4812309
"10440","D061301806",14917,"OLAVO EGIDIO DE SOUZA ARANHA, AV",NA,"",1270,"","03/06/2013 12:30",4,"AT",62,2199," "," ",1,0,0,0,0,0,0,0,0,0,0,0,0,0,0,0,0,14917,"OLAVO EGIDIO DE SOUZA ARANHA, AV",NA,"",49,"LIBERDADE",1,0,"OLAVO EGIDIO DE SOUZA ARANHA, AV 1270 SAO PAULO SP",-23.497761,-46.4958407
"10441","D061300573",7397,"FRANCISCO DE ASSIS, RUA S",NA,"",834,"","03/06/2013 12:36",2,"CO",33,5244," "," ",1,1,0,0,0,0,0,0,0,0,0,0,0,0,0,0,0,7397,"FRANCISCO DE ASSIS, RUA S",NA,"",73,"SAO DOMINGOS",1,0,"FRANCISCO DE ASSIS, RUA S 834 SAO PAULO SP",-23.4880816,-46.740188
"10442","D061301730",4839,"CHACURU, RUA",NA,"",57,"","03/06/2013 12:50",2,"CO",22,2637," "," ",1,1,0,0,0,0,0,0,0,0,0,0,0,0,0,0,0,4839,"CHACURU, RUA",NA,"",53,"MOEMA",1,0,"CHACURU, RUA 57 SAO PAULO SP",-23.4961079,-46.4256762
"10443","D061301416",6371,"ELISABETH DE ROBIANO, AV CDSSA",NA,"",950,"","03/06/2013 12:50",2,"CL",81,1577," "," ",1,0,0,1,0,0,0,0,0,0,0,0,0,0,0,0,0,29772,"MARGINAL DO RIO TIETE, AV",NA,"",82,"TATUAPE",1,0,"ELISABETH DE ROBIANO, AV CDSSA 950 SAO PAULO SP",-23.5076424,-46.5495997
"10444","D061301928",13671,"MATEO BEI, AV",NA,"",1200,"","03/06/2013 13:00",4,"AT",49,1863," "," ",0,1,0,0,0,0,0,0,0,0,0,0,0,0,0,0,0,13671,"MATEO BEI, AV",NA,"",75,"SAO MATEUS",1,0,"MATEO BEI, AV 1200 SAO PAULO SP",-23.5938807,-46.4883597
"10446","D061300601",16337,"ELISEU DE ALMEIDA, AV",NA,"",2779,"","03/06/2013 13:10",4,"AT",34,3275," "," ",1,0,0,0,0,0,0,0,0,0,0,0,0,0,0,0,0,16337,"ELISEU DE ALMEIDA, AV",NA,"",0,"NULL",1,0,"ELISEU DE ALMEIDA, AV 2779 SAO PAULO SP",-23.5889016,-46.7329244
"10447","D061302057",12254,"JOAO MANOEL DE MATOS, RUA",NA,"",116,"","03/06/2013 13:30",2,"CO",70,2733," "," ",0,1,0,0,0,0,0,0,0,0,0,1,0,0,0,0,0,12254,"JOAO MANOEL DE MATOS, RUA",NA,"",74,"SAO LUCAS",1,0,"JOAO MANOEL DE MATOS, RUA 116 SAO PAULO SP",-23.5994138,-46.5366826