"","id_acidente","codloga","logradouroA","codlogb","logradouroB","alt_num","referencia","data","cod_acid","tipo_acidente","dp","numero_BO","sentido","pista","automovel","moto","onibus","caminhao","bicicleta","moto_taxi","onibus_fretado","onibus_urbano","microonibus","van","vuc","caminhonete","carreta","jipe","outros","sem_informacao","carroca","princ_a","paiA","princ_b","paiB","cod_distrito","distrito","vit_ferida","vit_morta","local","lat","lon"
"10620","D061300823",61669,"ITAPAIUNA, RUA",NA,"",2919,"","05/06/2013 16:00",4,"AT",89,5742," "," ",0,0,0,0,0,0,0,0,0,0,0,0,0,0,0,1,0,61669,"ITAPAIUNA, RUA",NA,"",29,"FREGUESIA DO O",1,0,"ITAPAIUNA, RUA 2919 SAO PAULO SP",-23.6223414,-46.7269145
"10621","D061300922",27187,"OLAVO FONTOURA, AV",NA,"",1600,"","05/06/2013 16:10",2,"CO",13,6260," "," ",1,1,0,0,0,0,0,0,0,0,0,0,0,0,0,0,0,27187,"OLAVO FONTOURA, AV",NA,"",8,"BELEM",1,0,"OLAVO FONTOURA, AV 1600 SAO PAULO SP",-23.5144839,-46.6384917
"10622","D061300483",16919,"REBOUCAS, AV",NA,"",2400,"","05/06/2013 16:20",2,"CO",14,5742," "," ",1,1,0,0,0,0,0,0,0,0,0,0,0,0,0,0,0,16919,"REBOUCAS, AV",NA,"",44,"JARDIM PAULISTA",1,0,"REBOUCAS, AV 2400 SAO PAULO SP",-23.566976,-46.6832595
"10623","D061301934",9044,"RAGUEB CHOHFI, AV",24421,"FORTE DO TRIUNFO, RUA",0,"","05/06/2013 16:30",2,"CO",49,7864," "," ",0,1,0,1,0,0,0,0,0,0,0,0,0,0,0,0,0,9044,"RAGUEB CHOHFI, AV",24421,"FORTE DO TRIUNFO, RUA",75,"SAO MATEUS",1,0,"RAGUEB CHOHFI, AV SAO PAULO SP &  FORTE DO TRIUNFO, RUA SAO PAULO SP",-23.5962789,-46.4358414
"10624","D061301601",10270,"JOAO DIAS, AV",NA,"",3200,"","05/06/2013 16:45",2,"CO",92,6611," "," ",0,1,0,0,0,0,0,0,0,0,0,1,0,0,0,0,0,10270,"JOAO DIAS, AV",NA,"",72,"SANTO AMARO",1,0,"JOAO DIAS, AV 3200 SAO PAULO SP",-23.6442037,-46.7320326
"10626","D061302084",10945,"JOSE ERMIRIO DE MORAES, AV SEN",NA,"",1800,"","05/06/2013 17:20",2,"CF",20,5378," "," ",2,0,0,0,0,0,0,0,0,0,0,0,0,0,0,0,0,10945,"JOSE ERMIRIO DE MORAES, AV SEN",NA,"",83,"TREMEMBE",2,1,"JOSE ERMIRIO DE MORAES, AV SEN 1800 SAO PAULO SP",-23.4414732,-46.6161062
"10627","D061301331",13247,"MARIA FETTE, RUA",9391,"JOAQUIM RIBEIRO DA COSTA, RUA",0,"","05/06/2013 17:20",2,"CF",42,2024," "," ",1,0,0,0,0,0,0,0,0,0,0,1,0,0,0,0,0,9391,"JOAQUIM RIBEIRO DA COSTA, RUA",13247,"MARIA FETTE, RUA",74,"SAO LUCAS",1,0,"MARIA FETTE, RUA SAO PAULO SP &  JOAQUIM RIBEIRO DA COSTA, RUA SAO PAULO SP",-23.6220341,-46.5693528
"10629","D061301877",6187,"EDGAR SANTOS, AV PROF",41240,"CLEOPATRA, RUA",0,"","05/06/2013 17:30",4,"AT",65,5414," "," ",0,0,0,0,0,0,0,0,0,0,0,0,0,0,0,1,0,6187,"EDGAR SANTOS, AV PROF",41240,"CLEOPATRA, RUA",5,"ARTUR ALVIM",1,0,"EDGAR SANTOS, AV PROF SAO PAULO SP &  CLEOPATRA, RUA SAO PAULO SP",-23.5501562,-46.4963567
"10631","D061301235",5785,"DEMINI, RUA",NA,"",101,"","05/06/2013 18:03",4,"AT",10,6376," "," ",0,0,0,0,0,0,0,0,0,0,0,1,0,0,0,0,0,5785,"DEMINI, RUA",NA,"",60,"PENHA",1,0,"DEMINI, RUA 101 SAO PAULO SP",-23.5307098,-46.536166
"10632","D061300923",27187,"OLAVO FONTOURA, AV",NA,"",1979,"","05/06/2013 18:07",2,"CF",13,6275," "," ",1,1,0,0,0,0,0,0,0,0,0,0,0,0,0,0,0,27187,"OLAVO FONTOURA, AV",NA,"",8,"BELEM",1,0,"OLAVO FONTOURA, AV 1979 SAO PAULO SP",-23.5148725,-46.6397469
"10633","D061301939",21187,"DIONE, RUA",21737,"TITAN, RUA",0,"","05/06/2013 18:10",2,"CL",49,8008," "," ",1,1,0,0,0,0,0,0,0,0,0,0,0,0,0,0,0,21187,"DIONE, RUA",21737,"TITAN, RUA",NA,"",1,0,"DIONE, RUA SAO PAULO SP &  TITAN, RUA SAO PAULO SP",-23.6110387,-46.4728372
"10634","D061300509",11516,"LACERDA FRANCO, RUA DEP",NA,"",564,"","05/06/2013 18:30",4,"AT",14,6610," "," ",0,0,0,0,0,0,0,0,0,0,0,0,0,0,0,1,0,11516,"LACERDA FRANCO, RUA DEP",NA,"",63,"PINHEIROS",1,0,"LACERDA FRANCO, RUA DEP 564 SAO PAULO SP",-23.5604811,-46.6923276
"10636","D061300021",27099,"DUTRA, VIA PRES",NA,"",14500,"","05/06/2013 19:00",2,"CT",1,4856," "," ",1,1,0,0,0,0,0,0,0,0,0,0,0,0,0,0,0,27099,"DUTRA, VIA PRES",NA,"",36,"ITAQUERA",1,0,"DUTRA, VIA PRES 14500 SAO PAULO SP",-22.5196824,-44.7104989
"10637","D061301233",25957,"ARICANDUVA, PTE",NA,"",1000,"","05/06/2013 19:00",2,"CO",10,3038," "," ",0,1,0,0,0,0,0,0,0,0,0,0,0,0,0,1,0,25957,"ARICANDUVA, PTE",NA,"",3,"ANHANGUERA",2,0,"ARICANDUVA, PTE 1000 SAO PAULO SP",-23.553823,-46.5184866
"10638","D061300043",17507,"RUDGE, AV",18038,"SERGIO TOMAS, RUA",0,"","05/06/2013 19:19",4,"AT",2,3406," "," ",0,1,0,0,0,0,0,0,0,0,0,0,0,0,0,0,0,17507,"RUDGE, AV",18038,"SERGIO TOMAS, RUA",70,"SANTA CECILIA",3,0,"RUDGE, AV SAO PAULO SP &  SERGIO TOMAS, RUA SAO PAULO SP",-23.5206593,-46.6520373
"10640","D061300008",4146,"CANTAREIRA, RUA DA",NA,"",1351,"","05/06/2013 19:34",4,"AT",1,4444," "," ",1,0,0,0,0,0,0,0,0,0,0,0,0,0,0,0,0,4146,"CANTAREIRA, RUA DA",NA,"",9,"BOM RETIRO",1,0,"CANTAREIRA, RUA DA 1351 SAO PAULO SP",-23.533199,-46.6265554
"10641","D061300207",17240,"ROCHA AZEVEDO, AL MIN",NA,"",291,"","05/06/2013 19:56",4,"AT",78,4842," "," ",1,0,0,0,0,0,0,0,0,0,0,0,0,0,0,0,0,17240,"ROCHA AZEVEDO, AL MIN",NA,"",34,"ITAIM BIBI",1,0,"ROCHA AZEVEDO, AL MIN 291 SAO PAULO SP",-23.5609091,-46.6588844
"10642","D061301750",9632,"ITINGUCU, RUA",NA,"",2098,"","05/06/2013 20:00",2,"CO",24,6107," "," ",1,1,0,0,0,0,0,0,0,0,0,0,0,0,0,0,0,9632,"ITINGUCU, RUA",NA,"",60,"PENHA",1,0,"ITINGUCU, RUA 2098 SAO PAULO SP",-23.5301559,-46.4961275
"10644","D061301085",19591,"VERONA, RUA",NA,"",135,"","05/06/2013 20:14",2,"CO",39,6053," "," ",1,0,0,0,1,0,0,0,0,0,0,0,0,0,0,0,0,19591,"VERONA, RUA",NA,"",84,"TUCURUVI",1,0,"VERONA, RUA 135 SAO PAULO SP",-23.460912,-46.6113818
"10645","D061300436",14354,"MUZAMBINHO, AV",10815,"HILDEBRANDO SIQUEIRA, RUA",0,"","05/06/2013 21:20",4,"AT",97,5017," "," ",1,0,0,0,0,0,0,0,0,0,0,0,0,0,0,0,0,10815,"HILDEBRANDO SIQUEIRA, RUA",14354,"MUZAMBINHO, AV",37,"JABAQUARA",1,0,"MUZAMBINHO, AV SAO PAULO SP &  HILDEBRANDO SIQUEIRA, RUA SAO PAULO SP",-23.6624083,-46.640694
"10646","D061300978",18151,"SEZEFREDO FAGUNDES, AV CEL",13133,"MARIA AMALIA LOPES AZEVEDO, RUA",0,"","05/06/2013 21:45",2,"CO",20,5275," "," ",0,1,0,0,0,0,0,1,0,0,0,0,0,0,0,0,0,13133,"MARIA AMALIA LOPES AZEVEDO, RUA",18151,"SEZEFREDO FAGUNDES, AV CEL",NA,"",1,0,"SEZEFREDO FAGUNDES, AV CEL SAO PAULO SP &  MARIA AMALIA LOPES AZEVEDO, RUA SAO PAULO SP",-23.4550902,-46.6022715
"10647","D061300740",19817,"VITAL BRASIL, AV",3937,"CAMARGO, RUA",0,"","05/06/2013 22:50",4,"AT",51,5752," "," ",0,1,0,0,0,0,0,0,0,0,0,0,0,0,0,0,0,3937,"CAMARGO, RUA",19817,"VITAL BRASIL, AV",12,"BUTANTA",1,0,"VITAL BRASIL, AV SAO PAULO SP &  CAMARGO, RUA SAO PAULO SP",-23.5696565,-46.7140386
"10648","D061301365",6371,"ELISABETH DE ROBIANO, AV CDSSA",NA,"",3700,"","05/06/2013 23:02",2,"CO",52,6389," "," ",1,1,0,0,0,0,0,0,0,0,0,0,0,0,0,0,0,29772,"MARGINAL DO RIO TIETE, AV",NA,"",82,"TATUAPE",1,0,"ELISABETH DE ROBIANO, AV CDSSA 3700 SAO PAULO SP",-23.5076424,-46.5495997
"10649","D061300626",12504,"MAGALHAES DE ARAUJO, RUA",NA,"",5220,"","05/06/2013 23:30",2,"CH",34,5051," "," ",0,1,0,0,0,0,0,0,0,0,0,0,0,0,0,0,0,12504,"MAGALHAES DE ARAUJO, RUA",NA,"",13,"CACHOEIRINHA",1,0,"MAGALHAES DE ARAUJO, RUA 5220 SAO PAULO SP",-23.5878535,-46.7090133
"10650","D061300208",8562,"HADDOCK LOBO, RUA",NA,"",1190,"","05/06/2013 23:39",2,"CT",78,4848," "," ",1,1,0,0,0,0,0,0,0,0,0,0,0,0,0,0,0,8562,"HADDOCK LOBO, RUA",NA,"",26,"CONSOLACAO",1,0,"HADDOCK LOBO, RUA 1190 SAO PAULO SP",-23.5617821,-46.6657351
"10651","D061301879",34652,"SILVIO TORRES, AV",NA,"",453,"","05/06/2013 23:57",2,"CO",65,6104,"C"," ",1,1,0,0,0,0,0,0,0,0,0,0,0,0,0,0,0,34652,"SILVIO TORRES, AV",NA,"",38,"JACANA",1,0,"SILVIO TORRES, AV 453 SAO PAULO SP",-23.5525928,-46.4859894
"10652","D061301783",18940,"TIBURCIO DE SOUSA, RUA",NA,"",1400,"","06/06/2013 00:23",2,"SI",50,7000," "," ",0,1,1,0,0,0,0,0,0,0,0,0,0,0,0,0,0,18940,"TIBURCIO DE SOUSA, RUA",NA,"",35,"ITAIM PAULISTA",1,0,"TIBURCIO DE SOUSA, RUA 1400 SAO PAULO SP",-23.5101176,-46.3946034
"10654","D061301678",3509,"BELMIRA MARIN, AV DONA",NA,"",2007,"","06/06/2013 05:50",2,"CL",101,4363," "," ",0,1,0,0,0,0,0,0,0,0,0,0,0,0,0,1,0,3509,"BELMIRA MARIN, AV DONA",NA,"",30,"GRAJAU",1,0,"BELMIRA MARIN, AV DONA 2007 SAO PAULO SP",-23.7463267,-46.6882577
"10656","D061301449",32309,"SOCORRO, PTE DO",NA,"",10,"","06/06/2013 06:40",2,"QD",11,6727," "," ",0,0,1,0,0,0,0,0,0,0,0,0,0,0,0,0,0,32309,"SOCORRO, PTE DO",NA,"",30,"GRAJAU",1,0,"SOCORRO, PTE DO 10 SAO PAULO SP",-23.6658217,-46.7115251
"10657","D061301626",6238,"NACOES UNIDAS, AV DAS",NA,"",22512,"","06/06/2013 06:50",2,"CO",99,2386," "," ",1,1,0,0,0,0,0,0,0,0,0,0,0,0,0,0,0,13014,"MARGINAL DO RIO PINHEIROS, AV",NA,"",90,"VILA LEOPOLDINA",1,0,"NACOES UNIDAS, AV DAS 22512 SAO PAULO SP",-23.6791496,-46.6960546
"10658","D061301545",15507,"TEOTONIO VILELA, AV SEN",NA,"",1657,"","06/06/2013 07:00",2,"CO",48,2146," "," ",1,1,0,0,0,0,0,0,0,0,0,0,0,0,0,0,0,15507,"TEOTONIO VILELA, AV SEN",NA,"",23,"CIDADE DUTRA",1,0,"TEOTONIO VILELA, AV SEN 1657 SAO PAULO SP",-23.7163943,-46.6990587
"10660","D061300756",16878,"RAPOSO TAVARES, VIA",NA,"",16000,"","06/06/2013 07:10",2,"CT",75,1925,"C"," ",1,1,0,0,0,0,0,0,0,0,0,0,0,0,0,0,0,16878,"RAPOSO TAVARES, VIA",NA,"",13,"CACHOEIRINHA",1,0,"RAPOSO TAVARES, VIA 16000 SAO PAULO SP",-23.5223375,-48.4879815
"10661","D061301436",6238,"NACOES UNIDAS, AV DAS",NA,"",17891,"","06/06/2013 07:37",2,"CO",11,6506," "," ",2,2,0,0,0,0,0,0,0,0,0,0,0,0,0,0,0,13014,"MARGINAL DO RIO PINHEIROS, AV",NA,"",90,"VILA LEOPOLDINA",1,0,"NACOES UNIDAS, AV DAS 17891 SAO PAULO SP",-23.6461963,-46.7249534
"10662","D061300924",992,"AMARAL MOUSINHO, RUA DOM",1136,"AMOROSO NETO, PCA DEL",0,"","06/06/2013 07:50",2,"CO",13,6287," "," ",1,1,0,0,0,0,0,0,0,0,0,0,0,0,0,0,0,992,"AMARAL MOUSINHO, RUA DOM",1136,"AMOROSO NETO, PCA DEL",21,"CASA VERDE",1,0,"AMARAL MOUSINHO, RUA DOM SAO PAULO SP &  AMOROSO NETO, PCA DEL SAO PAULO SP",-23.5071476,-46.6670204
"10663","D061301300",34122,"MELO FREIRE, RUA",19206,"TUIUTI, RUA",0,"","06/06/2013 08:12",2,"CO",30,2926," "," ",1,1,0,0,0,0,0,0,0,0,0,0,0,0,0,0,0,19206,"TUIUTI, RUA",34122,"MELO FREIRE, RUA",82,"TATUAPE",1,0,"MELO FREIRE, RUA SAO PAULO SP &  TUIUTI, RUA SAO PAULO SP",-23.5391715,-46.5695321
"10664","D061301872",12156,"LUIZ AYRES, RUA DR",NA,"",1570,"","06/06/2013 08:20",2,"CO",65,1937," "," ",0,2,0,0,0,0,0,0,0,0,0,0,0,0,0,0,0,12156,"LUIZ AYRES, RUA DR",NA,"",5,"ARTUR ALVIM",1,0,"LUIZ AYRES, RUA DR 1570 SAO PAULO SP",-23.536492,-46.4874872
"10665","D061300010",6642,"ESTADO, AV DO",NA,"",3433,"","06/06/2013 08:31",2,"QM",1,4556," "," ",0,1,0,0,0,0,0,0,0,0,0,0,0,0,0,0,0,6642,"ESTADO, AV DO",NA,"",9,"BOM RETIRO",1,0,"ESTADO, AV DO 3433 SAO PAULO SP",-23.5476145,-46.6291436
"10666","D061300324",7609,"FREDERICO ALBUQUERQUE, RUA",5606,"CUPECE, AV",0,"","06/06/2013 09:15",2,"SI",35,4935," "," ",0,1,0,0,0,0,0,0,0,0,0,0,0,0,0,0,0,5606,"CUPECE, AV",7609,"FREDERICO ALBUQUERQUE, RUA",22,"CIDADE ADEMAR",1,0,"FREDERICO ALBUQUERQUE, RUA SAO PAULO SP &  CUPECE, AV SAO PAULO SP",-23.664487,-46.6597241
"10668","D061300484",6238,"NACOES UNIDAS, AV DAS",NA,"",4777,"","06/06/2013 10:00",2,"CL",14,5766," "," ",1,1,0,0,0,0,0,0,0,0,0,0,0,0,0,0,0,13014,"MARGINAL DO RIO PINHEIROS, AV",NA,"",90,"VILA LEOPOLDINA",1,0,"NACOES UNIDAS, AV DAS 4777 SAO PAULO SP",-23.5515852,-46.7222827
"10670","D061300309",26500,"VICENTE RAO, AV PROF.",NA,"",2225,"","06/06/2013 10:14",4,"AT",27,6771," "," ",1,0,0,0,0,0,0,0,0,0,0,0,0,0,0,0,0,26500,"VICENTE RAO, AV PROF.",NA,"",30,"GRAJAU",1,0,"VICENTE RAO, AV PROF. 2225 SAO PAULO SP",-23.6422526,-46.6740887
"10671","D061300232",6013,"DOMINGOS DE MORAIS, RUA",NA,"",1800,"","06/06/2013 10:45",2,"CL",16,7703," "," ",0,1,0,0,0,0,0,0,0,0,0,0,0,0,0,0,0,6013,"DOMINGOS DE MORAIS, RUA",NA,"",92,"VILA MARIANA",1,0,"DOMINGOS DE MORAIS, RUA 1800 SAO PAULO SP",-23.5918052,-46.6362893
"10673","D061301211",17363,"ROMEU CASAGRANDE, RUA CABO",NA,"",373,"","06/06/2013 11:30",2,"CO",90,2247," "," ",0,1,0,1,0,0,0,0,0,0,0,1,0,0,0,0,0,17363,"ROMEU CASAGRANDE, RUA CABO",NA,"",36,"ITAQUERA",1,0,"ROMEU CASAGRANDE, RUA CABO 373 SAO PAULO SP",-23.516182,-46.5657975
"10675","D061300855",3376,"BILLINGS, AV ENG",NA,"",100,"","06/06/2013 12:00",4,"AT",93,3584," "," ",1,0,0,0,0,0,0,0,0,0,0,0,0,0,0,0,0,13014,"MARGINAL DO RIO PINHEIROS, AV",NA,"",40,"JAGUARE",1,0,"BILLINGS, AV ENG 100 SAO PAULO SP",-23.5355054,-46.7476126
"10676","D061300684",73197,"MOGEIRO, RUA",NA,"",50,"","06/06/2013 12:05",2,"CO",46,2611," "," ",1,1,0,0,0,0,0,0,0,0,0,0,0,0,0,0,0,73197,"MOGEIRO, RUA",NA,"",52,"MARSILAC",1,0,"MOGEIRO, RUA 50 SAO PAULO SP",-23.4453021,-46.4611717
"10677","D061300925",4533,"CASA VERDE, AV",371,"AGUAS VIRTUOSAS, RUA",0,"","06/06/2013 12:15",2,"CO",13,6301," "," ",1,1,0,0,0,0,0,0,0,0,0,0,0,0,0,0,0,371,"AGUAS VIRTUOSAS, RUA",4533,"CASA VERDE, AV",21,"CASA VERDE",1,0,"CASA VERDE, AV SAO PAULO SP &  AGUAS VIRTUOSAS, RUA SAO PAULO SP",-23.5065329,-46.6665841
"10678","D061302082",6544,"ERMANO MARCHETTI, AV",NA,"",1058,"","06/06/2013 12:30",4,"AT",7,3490,"B"," ",0,0,1,0,0,0,0,0,0,0,0,0,0,0,0,0,0,6544,"ERMANO MARCHETTI, AV",NA,"",48,"LAPA",0,1,"ERMANO MARCHETTI, AV 1058 SAO PAULO SP",-23.5137577,-46.7024206
"10679","D061300954",4775,"CEREJEIRAS, AV DAS",NA,"",141,"","06/06/2013 12:50",4,"AT",19,2135," "," ",0,1,0,0,0,0,0,0,0,0,0,0,0,0,0,0,0,4775,"CEREJEIRAS, AV DAS",NA,"",94,"VILA MEDEIROS",1,0,"CEREJEIRAS, AV DAS 141 SAO PAULO SP",-23.513792,-46.5814977
"10681","D061301808",69888,"NORBERTO JOSE DE SOUZA, RUA",NA,"",10,"","06/06/2013 13:15",2,"CF",62,2249," "," ",0,0,0,0,1,0,0,0,0,0,0,1,0,0,0,0,0,69888,"NORBERTO JOSE DE SOUZA, RUA",NA,"",49,"LIBERDADE",1,0,"NORBERTO JOSE DE SOUZA, RUA 10 SAO PAULO SP",-23.4926092,-46.4910638
"10682","D061300485",5885,"DIOGENES RIBEIRO DE LIMA, AV",NA,"",2272,"","06/06/2013 13:33",2,"CO",14,5772," "," ",1,1,0,0,0,0,0,0,0,0,0,0,0,0,0,0,0,5885,"DIOGENES RIBEIRO DE LIMA, AV",NA,"",2,"ALTO DE PINHEIR",1,0,"DIOGENES RIBEIRO DE LIMA, AV 2272 SAO PAULO SP",-23.5405916,-46.7179529
"10683","D061301604",21933,"OCTACILIO DE CARVALHO LOPES, RUA DR",NA,"",307,"","06/06/2013 13:47",2,"CF",92,7021," "," ",1,0,0,0,0,0,0,0,1,0,0,0,0,0,0,0,0,21933,"OCTACILIO DE CARVALHO LOPES, RUA DR",NA,"",29,"FREGUESIA DO O",1,0,"OCTACILIO DE CARVALHO LOPES, RUA DR 307 SAO PAULO SP",-23.6548355,-46.7383923
"10684","D061300156",19516,"VAUTIER, AV",19843,"VITOR HUGO, RUA",0,"","06/06/2013 14:00",4,"AT",12,3076," "," ",2,0,0,0,0,0,0,0,0,0,0,0,0,0,0,0,0,19516,"VAUTIER, AV",19843,"VITOR HUGO, RUA",NA,"",1,0,"VAUTIER, AV SAO PAULO SP &  VITOR HUGO, RUA SAO PAULO SP",-23.5317125,-46.6213608
"10685","D061301765",954,"AMADOR BUENO DA VEIGA, AV",NA,"",4344,"","06/06/2013 14:00",2,"CO",24,6938," "," ",1,1,0,0,0,0,0,0,0,0,0,0,0,0,0,0,0,954,"AMADOR BUENO DA VEIGA, AV",NA,"",60,"PENHA",1,0,"AMADOR BUENO DA VEIGA, AV 4344 SAO PAULO SP",-23.5148254,-46.506861
"10686","D061300347",7751,"GANDAVO, RUA",NA,"",188,"","06/06/2013 14:30",4,"AT",36,2438," "," ",1,0,0,0,0,0,0,0,0,0,0,0,0,0,0,0,0,7751,"GANDAVO, RUA",NA,"",92,"VILA MARIANA",1,0,"GANDAVO, RUA 188 SAO PAULO SP",-23.5919955,-46.6412053
"10687","D061301010",36284,"PETRONIO PORTELA, AV MIN",NA,"",2222,"","06/06/2013 14:30",4,"AT",28,3017,"B"," ",1,0,0,0,0,0,0,0,0,0,0,0,0,0,0,0,0,36284,"PETRONIO PORTELA, AV MIN",NA,"",4,"ARICANDUVA",1,0,"PETRONIO PORTELA, AV MIN 2222 SAO PAULO SP",-23.4806556,-46.6955313
"10688","D061300386",1247,"ANCHIETA, VIA",NA,"",10100,"","06/06/2013 14:45",2,"CT",95,2603," "," ",1,1,0,0,0,0,0,0,0,0,0,0,0,0,0,0,0,1247,"ANCHIETA, VIA",NA,"",33,"IPIRANGA",1,0,"ANCHIETA, VIA 10100 SAO PAULO SP",-23.6433577,-46.5860313
"10689","D061300212",7306,"FRANCA, AL",17240,"ROCHA AZEVEDO, AL MIN",0,"","06/06/2013 15:00",2,"CO",78,4906," "," ",2,0,0,0,0,0,0,0,0,0,0,0,0,0,0,0,0,7306,"FRANCA, AL",17240,"ROCHA AZEVEDO, AL MIN",44,"JARDIM PAULISTA",1,0,"FRANCA, AL SAO PAULO SP &  ROCHA AZEVEDO, AL MIN SAO PAULO SP",-23.5620559,-46.6635384
"10690","D061301103",6450,"EMILIO CARLOS, AV DEP",NA,"",966,"","06/06/2013 15:10",2,"CO",40,1849," "," ",0,1,0,0,0,0,0,0,0,0,0,1,0,0,0,0,0,6450,"EMILIO CARLOS, AV DEP",NA,"",50,"LIMAO",1,0,"EMILIO CARLOS, AV DEP 966 SAO PAULO SP",-23.4970996,-46.6761553
"10691","D061301007",15485,"PARAPUA, RUA",NA,"",771,"","06/06/2013 15:10",2,"CO",28,1454,"B"," ",1,1,0,0,0,0,0,0,0,0,0,1,0,0,0,0,0,15485,"PARAPUA, RUA",NA,"",4,"ARICANDUVA",1,0,"PARAPUA, RUA 771 SAO PAULO SP",-23.4779057,-46.690996
"10692","D061300315",10041,"JEQUITIBAS, RUA DOS",NA,"",171,"","06/06/2013 15:15",2,"SI",35,4600," "," ",1,1,0,0,0,0,0,0,0,0,0,0,0,0,0,0,0,10041,"JEQUITIBAS, RUA DOS",NA,"",37,"JABAQUARA",1,0,"JEQUITIBAS, RUA DOS 171 SAO PAULO SP",-23.6465023,-46.6420721
"10694","D061301102",4438,"JOAQUIM AFONSO DE SOUZA, RUA",NA,"",791,"","06/06/2013 15:30",4,"AT",40,1847," "," ",0,1,0,0,0,0,0,0,0,0,0,0,0,0,0,0,0,4438,"JOAQUIM AFONSO DE SOUZA, RUA",NA,"",21,"CASA VERDE",1,0,"JOAQUIM AFONSO DE SOUZA, RUA 791 SAO PAULO SP",-23.4851154,-46.6645076
"10697","D061300209",15656,"PAULISTA, AV",NA,"",1500,"","06/06/2013 16:26",4,"AT",78,4873," "," ",1,1,0,0,0,0,0,0,0,0,0,0,0,0,0,0,0,15656,"PAULISTA, AV",NA,"",7,"BELA VISTA",2,0,"PAULISTA, AV 1500 SAO PAULO SP",-23.5621218,-46.6553275
"10698","D061301614",1391,"ANGELO CRISTIANINI, AV",NA,"",702,"","06/06/2013 16:28",2,"CO",98,6009," "," ",1,1,0,0,0,0,0,0,0,0,0,0,0,0,0,0,0,1391,"ANGELO CRISTIANINI, AV",NA,"",22,"CIDADE ADEMAR",1,0,"ANGELO CRISTIANINI, AV 702 SAO PAULO SP",-23.6870625,-46.6387319
"10700","D061300211",5245,"CONSOLACAO, RUA DA",NA,"",2390,"","06/06/2013 16:49",4,"AT",78,4880," "," ",0,1,0,0,0,0,0,0,0,0,0,0,0,0,0,0,0,5245,"CONSOLACAO, RUA DA",NA,"",26,"CONSOLACAO",1,0,"CONSOLACAO, RUA DA 2390 SAO PAULO SP",-23.5551014,-46.6624488
"10702","D061301437",5799,"ALFREDO EGIDIO DE SOUZA ARANHA, AV",NA,"",110,"","06/06/2013 17:10",4,"AT",11,6540," "," ",0,1,0,0,0,0,0,0,0,0,0,0,0,0,0,0,0,5799,"ALFREDO EGIDIO DE SOUZA ARANHA, AV",NA,"",29,"FREGUESIA DO O",2,0,"ALFREDO EGIDIO DE SOUZA ARANHA, AV 110 SAO PAULO SP",-23.6330196,-46.7126255
"10703","D061300210",5175,"COLOMBIA, RUA",NA,"",99,"","06/06/2013 17:14",2,"CO",78,4875," "," ",1,1,0,0,0,0,0,0,0,0,0,0,0,0,0,0,0,5175,"COLOMBIA, RUA",NA,"",44,"JARDIM PAULISTA",1,0,"COLOMBIA, RUA 99 SAO PAULO SP",-23.5671209,-46.6695765
"10704","D061300039",6642,"ESTADO, AV DO",NA,"",15000,"","06/06/2013 17:20",2,"CO",2,3858," "," ",0,2,0,0,0,0,0,0,0,0,0,0,0,0,0,0,0,6642,"ESTADO, AV DO",NA,"",9,"BOM RETIRO",1,0,"ESTADO, AV DO 15000 SAO PAULO SP",-23.5471697,-46.6294344
"10705","D061300185",6263,"EDUARDO PRADO, AL",19862,"VITORINO CARMILO, RUA",0,"","06/06/2013 17:40",4,"AT",77,2435," "," ",1,0,0,0,0,0,0,0,0,0,0,0,0,0,0,0,0,6263,"EDUARDO PRADO, AL",19862,"VITORINO CARMILO, RUA",70,"SANTA CECILIA",1,0,"EDUARDO PRADO, AL SAO PAULO SP &  VITORINO CARMILO, RUA SAO PAULO SP",-23.5294399,-46.6472478
"10706","D061301332",16826,"RAIMUNDO, RUA S",NA,"",425,"","06/06/2013 17:58",2,"CT",42,2035," "," ",0,1,0,0,0,0,0,0,0,0,0,1,0,0,0,0,0,16826,"RAIMUNDO, RUA S",NA,"",26,"CONSOLACAO",1,0,"RAIMUNDO, RUA S 425 SAO PAULO SP",-23.6057412,-46.5671456
"10707","D061302111",22127,"GRANDE SAO PAULO, VD",NA,"",100,"","06/06/2013 18:04",2,"CL",56,3792,"B"," ",0,1,0,1,0,0,0,0,0,0,0,0,0,0,0,0,0,22127,"GRANDE SAO PAULO, VD",NA,"",18,"CANGAIBA",0,1,"GRANDE SAO PAULO, VD 100 SAO PAULO SP",-23.7366994,-46.6952869
"10709","D061300114",18800,"TEODURETO SOUTO, RUA",17234,"ROBERTSON, RUA",0,"","06/06/2013 18:30",4,"AT",6,2760," "," ",1,0,0,0,0,0,0,0,0,0,0,0,0,0,0,0,0,17234,"ROBERTSON, RUA",18800,"TEODURETO SOUTO, RUA",NA,"",1,0,"TEODURETO SOUTO, RUA SAO PAULO SP &  ROBERTSON, RUA SAO PAULO SP",-23.5713631,-46.621102
"10710","D061301196",75479,"FERNANDO MENDES DE ALMEIDA, AV",NA,"",1200,"","06/06/2013 19:08",4,"AT",74,5201," "," ",0,1,0,0,0,0,0,0,0,0,0,0,0,0,0,0,0,75479,"FERNANDO MENDES DE ALMEIDA, AV",NA,"",40,"JAGUARE",1,0,"FERNANDO MENDES DE ALMEIDA, AV 1200 SAO PAULO SP",-23.4265951,-46.7143986