"","id_acidente","codloga","logradouroA","codlogb","logradouroB","alt_num","referencia","data","cod_acid","tipo_acidente","dp","numero_BO","sentido","pista","automovel","moto","onibus","caminhao","bicicleta","moto_taxi","onibus_fretado","onibus_urbano","microonibus","van","vuc","caminhonete","carreta","jipe","outros","sem_informacao","carroca","princ_a","paiA","princ_b","paiB","cod_distrito","distrito","vit_ferida","vit_morta","local","lat","lon"
"10712","D061300741",19817,"VITAL BRASIL, AV",NA,"",1000,"","06/06/2013 19:30",4,"AT",51,5788," "," ",1,0,0,0,0,0,0,0,0,0,0,0,0,0,0,0,0,19817,"VITAL BRASIL, AV",NA,"",13,"CACHOEIRINHA",1,0,"VITAL BRASIL, AV 1000 SAO PAULO SP",-23.5695095,-46.713772
"10713","D061301163",45241,"FILHOS DA TERRA, RUA DOS",NA,"",668,"","06/06/2013 19:40",4,"AT",73,6086," "," ",0,1,0,0,0,0,0,0,0,0,0,0,0,0,0,0,0,45241,"FILHOS DA TERRA, RUA DOS",NA,"",83,"TREMEMBE",1,0,"FILHOS DA TERRA, RUA DOS 668 SAO PAULO SP",-23.45214,-46.5852184
"10714","D061300803",71804,"LAERCIO CORTE, RUA DEP",NA,"",10,"","06/06/2013 20:30",2,"CO",89,5079," "," ",1,1,0,0,0,0,0,0,0,0,0,0,0,0,0,0,0,71804,"LAERCIO CORTE, RUA DEP",NA,"",29,"FREGUESIA DO O",1,0,"LAERCIO CORTE, RUA DEP 10 SAO PAULO SP",-24.0458453,-46.5209548
"10716","D061301598",70322,"CANDIDO JOSE XAVIER, AV",NA,"",335,"","06/06/2013 22:30",2,"CO",92,4393," "," ",1,0,0,0,0,0,0,0,0,0,0,1,0,0,0,0,0,70322,"CANDIDO JOSE XAVIER, AV",NA,"",32,"IGUATEMI",1,0,"CANDIDO JOSE XAVIER, AV 335 SAO PAULO SP",-23.6617509,-46.755002
"10717","D061300700",99374,"RECANTO DOS HUMILDES, RUA",NA,"",38,"","06/06/2013 22:43",4,"AT",46,5360," "," ",1,0,0,0,0,0,0,0,0,0,0,0,0,0,0,0,0,99374,"RECANTO DOS HUMILDES, RUA",NA,"",NA,"",1,0,"RECANTO DOS HUMILDES, RUA 38 SAO PAULO SP",-23.4112046,-46.7495639
"10718","D061301628",7917,"GERALDO SANT'ANA, AV SARG",NA,"",240,"","06/06/2013 22:50",2,"CO",99,2404," "," ",0,2,0,0,0,0,0,0,0,0,0,0,0,0,0,0,0,7917,"GERALDO SANT'ANA, AV SARG",NA,"",16,"CAMPO GRANDE",1,0,"GERALDO SANT'ANA, AV SARG 240 SAO PAULO SP",-23.6636485,-46.6891715
"10719","D061301164",40497,"MANUEL VIEIRA DA LUZ-ANT. TERE, RUA",NA,"",519,"","06/06/2013 23:30",2,"CO",73,6095," "," ",1,1,0,0,0,0,0,0,0,0,0,0,0,0,0,0,0,40497,"MANUEL VIEIRA DA LUZ-ANT. TERE, RUA",NA,"",83,"TREMEMBE",1,0,"MANUEL VIEIRA DA LUZ-ANT. TERE, RUA 519 SAO PAULO SP",-23.5641813,-46.5833403
"10720","D061302147",16878,"RAPOSO TAVARES, VIA",NA,"",19800,"","06/06/2013 23:40",4,"AT",75,5081," "," ",0,1,0,0,0,0,0,0,0,0,0,0,0,0,0,0,0,16878,"RAPOSO TAVARES, VIA",NA,"",13,"CACHOEIRINHA",0,1,"RAPOSO TAVARES, VIA 19800 SAO PAULO SP",-23.5047888,-48.5202442
"10721","D061301101",17339,"ROLAND GARROS, AV",9978,"JARDIM JAPAO, AV",0,"","07/06/2013 00:14",2,"CO",39,7304,"B"," ",0,1,0,0,0,0,0,0,0,0,0,0,0,0,0,1,0,9978,"JARDIM JAPAO, AV",17339,"ROLAND GARROS, AV",94,"VILA MEDEIROS",1,0,"ROLAND GARROS, AV SAO PAULO SP &  JARDIM JAPAO, AV SAO PAULO SP",-23.4837617,-46.5846111
"10723","D061300575",26987,"DOMINGOS DE SOUZA MARQUES, AV",NA,"",450,"","07/06/2013 00:32",4,"AT",33,5361," "," ",0,0,0,0,0,0,0,0,0,0,0,1,0,0,0,0,0,26987,"DOMINGOS DE SOUZA MARQUES, AV",NA,"",43,"JARDIM HELENA",1,0,"DOMINGOS DE SOUZA MARQUES, AV 450 SAO PAULO SP",-23.5141491,-46.7381501
"10725","D061302083",35646,"DUTRA, PTE PRES",NA,"",231,"","07/06/2013 02:03",4,"AT",73,7681," "," ",0,0,0,0,0,0,0,0,0,0,0,0,0,0,0,1,0,35646,"DUTRA, PTE PRES",NA,"",36,"ITAQUERA",0,1,"DUTRA, PTE PRES 231 SAO PAULO SP",-23.5142446,-46.577807
"10728","D061300679",16339,"CARLOS LACERDA, AV",NA,"",5000,"","07/06/2013 05:00",2,"QM",37,7178," "," ",0,1,0,0,0,0,0,0,0,0,0,0,0,0,0,0,0,16339,"CARLOS LACERDA, AV",NA,"",29,"FREGUESIA DO O",1,0,"CARLOS LACERDA, AV 5000 SAO PAULO SP",-23.6596062,-46.7746739
"10729","D061302144",35644,"JOSE DINIZ, VD VER",NA,"",10,"","07/06/2013 05:10",2,"CT",11,6030,"C"," ",1,1,1,0,0,0,0,0,0,0,0,0,0,0,0,0,0,10918,"JOSE DINIZ, AV VER",NA,"",30,"GRAJAU",1,1,"JOSE DINIZ, VD VER 10 SAO PAULO SP",-23.6147012,-46.6722654
"10732","D061300517",6897,"FARIA LIMA, AV BRIG",10053,"JERONIMO DA VEIGA, RUA",0,"","07/06/2013 06:00",2,"CO",15,2804," "," ",2,0,0,0,0,0,0,0,0,0,0,0,0,0,0,0,0,6897,"FARIA LIMA, AV BRIG",10053,"JERONIMO DA VEIGA, RUA",NA,"",1,0,"FARIA LIMA, AV BRIG SAO PAULO SP &  JERONIMO DA VEIGA, RUA SAO PAULO SP",-23.5786046,-46.685823
"10736","D061300316",66,"ABRAAO DE MORAIS, AV PROF",NA,"",10000,"","07/06/2013 07:00",2,"SI",35,4611," "," ",1,1,0,0,0,0,0,0,0,0,0,0,0,0,0,0,0,66,"ABRAAO DE MORAIS, AV PROF",NA,"",79,"SAUDE",1,0,"ABRAAO DE MORAIS, AV PROF 10000 SAO PAULO SP",-23.6069522,-46.6272268
"10737","D061301438",171,"ADELE, RUA",NA,"",119,"","07/06/2013 07:21",2,"SI",11,6557," "," ",1,1,0,0,0,0,0,0,0,0,0,0,0,0,0,0,0,171,"ADELE, RUA",NA,"",72,"SANTO AMARO",1,0,"ADELE, RUA 119 SAO PAULO SP",-23.6513094,-46.7181055
"10738","D061301265",1702,"ANTONIO ESTEVAO DE CARVALHO, AV",5957,"DIVINOLANDIA, PCA",0,"","07/06/2013 07:22",2,"CL",21,1897,"C"," ",1,1,0,0,0,0,0,0,0,0,0,0,0,0,0,0,0,1702,"ANTONIO ESTEVAO DE CARVALHO, AV",5957,"DIVINOLANDIA, PCA",93,"VILA MATILDE",1,0,"ANTONIO ESTEVAO DE CARVALHO, AV SAO PAULO SP &  DIVINOLANDIA, PCA SAO PAULO SP",-23.5385943,-46.4964211
"10739","D061301627",6238,"NACOES UNIDAS, AV DAS",NA,"",2360,"","07/06/2013 07:30",2,"CL",99,2403," "," ",1,1,0,0,0,0,0,0,0,0,0,0,0,0,0,0,0,13014,"MARGINAL DO RIO PINHEIROS, AV",NA,"",90,"VILA LEOPOLDINA",1,0,"NACOES UNIDAS, AV DAS 2360 SAO PAULO SP",-23.6791599,-46.6961185
"10740","D061302112",60675,"AFONSO DE SAMPAIO E SOUSA, AV",NA,"",693,"","07/06/2013 07:33",2,"CL",53,4043,"C"," ",0,1,1,0,0,0,0,0,0,0,0,0,0,0,0,0,0,60675,"AFONSO DE SAMPAIO E SOUSA, AV",NA,"",51,"MANDAQUI",0,1,"AFONSO DE SAMPAIO E SOUSA, AV 693 SAO PAULO SP",-23.5686055,-46.4685434
"10741","D061301076",896,"ALVARO MACHADO PEDROSA, AV",NA,"",582,"","07/06/2013 07:40",2,"CO",39,2585," "," ",1,0,0,0,1,0,0,0,0,0,0,0,0,0,0,0,0,896,"ALVARO MACHADO PEDROSA, AV",NA,"",84,"TUCURUVI",1,0,"ALVARO MACHADO PEDROSA, AV 582 SAO PAULO SP",-23.482375,-46.6049611
"10742","D061301165",13133,"MARIA AMALIA LOPES AZEVEDO, RUA",NA,"",3648,"","07/06/2013 07:40",4,"AT",73,6105," "," ",0,1,0,0,0,0,0,0,0,0,0,0,0,0,0,0,0,13133,"MARIA AMALIA LOPES AZEVEDO, RUA",NA,"",83,"TREMEMBE",1,0,"MARIA AMALIA LOPES AZEVEDO, RUA 3648 SAO PAULO SP",-23.4564348,-46.5918341
"10743","D061301301",4260,"CARAGUATAI, RUA",19809,"VISTA ALEGRE, RUA",0,"","07/06/2013 08:00",2,"CO",30,2949," "," ",1,1,0,0,0,0,0,0,0,0,0,0,0,0,0,0,0,4260,"CARAGUATAI, RUA",19809,"VISTA ALEGRE, RUA",82,"TATUAPE",1,0,"CARAGUATAI, RUA SAO PAULO SP &  VISTA ALEGRE, RUA SAO PAULO SP",-23.5423663,-46.5778693
"10744","D061300486",16919,"REBOUCAS, AV",NA,"",3600,"","07/06/2013 08:15",2,"QM",14,5829," "," ",0,1,0,0,0,0,0,0,0,0,0,0,0,0,0,0,0,16919,"REBOUCAS, AV",NA,"",44,"JARDIM PAULISTA",1,0,"REBOUCAS, AV 3600 SAO PAULO SP",-23.5707215,-46.6907562
"10745","D061300958",44369,"JOAO DE OLIVEIRA, PCA",NA,"",10,"","07/06/2013 08:20",4,"AT",19,2271," "," ",0,1,0,0,0,0,0,0,0,0,0,0,0,0,0,0,0,44369,"JOAO DE OLIVEIRA, PCA",NA,"",22,"CIDADE ADEMAR",1,0,"JOAO DE OLIVEIRA, PCA 10 SAO PAULO SP",-23.4962878,-46.5761652
"10746","D061300979",13683,"MATEUS LEME, RUA",NA,"",268,"","07/06/2013 08:30",2,"CH",20,5320," "," ",0,0,0,0,0,0,0,0,0,0,0,1,0,0,0,0,0,13683,"MATEUS LEME, RUA",NA,"",71,"SANTANA",2,0,"MATEUS LEME, RUA 268 SAO PAULO SP",-23.4845898,-46.6277615
"10747","D061301585",8368,"GUARAPIRANGA, AV",NA,"",1500,"","07/06/2013 08:38",2,"CO",92,3547," "," ",1,1,0,0,0,0,0,0,0,0,0,0,0,0,0,0,0,8368,"GUARAPIRANGA, AV",NA,"",45,"JARDIM SAO LUIS",1,0,"GUARAPIRANGA, AV 1500 SAO PAULO SP",-23.6671514,-46.7268465
"10748","D061301237",8262,"GUAIAUNA, RUA",NA,"",100,"","07/06/2013 08:51",2,"QD",10,6501," "," ",0,0,1,0,0,0,0,0,0,0,0,0,0,0,0,0,0,8262,"GUAIAUNA, RUA",NA,"",60,"PENHA",1,0,"GUAIAUNA, RUA 100 SAO PAULO SP",-23.5294208,-46.5520086
"10749","D061300955",475,"ALBERTO BYINGTON, AV",NA,"",1560,"","07/06/2013 08:55",2,"CO",19,2145," "," ",0,0,0,0,0,0,0,0,0,0,0,2,0,0,0,0,0,475,"ALBERTO BYINGTON, AV",NA,"",91,"VILA MARIA",1,0,"ALBERTO BYINGTON, AV 1560 SAO PAULO SP",-23.5020701,-46.590489
"10753","D061300318",12292,"LUIS ROCHA MIRANDA, AV DR",7635,"FREIRE FARTO, RUA",0,"","07/06/2013 09:50",4,"AT",35,4663," "," ",0,1,0,0,0,0,0,0,0,0,0,0,0,0,0,0,0,5634,"CURUPIAS, RUA DOS",12292,"LUIS ROCHA MIRANDA, AV DR",37,"JABAQUARA",1,0,"LUIS ROCHA MIRANDA, AV DR SAO PAULO SP &  FREIRE FARTO, RUA SAO PAULO SP",-23.6338523,-46.6436541
"10754","D061300166",18993,"TIRADENTES, AV",10485,"JOAO TEODORO, RUA",0,"","07/06/2013 10:05",2,"CO",12,3442," "," ",1,1,0,0,0,0,0,0,0,0,0,0,0,0,0,0,0,10485,"JOAO TEODORO, RUA",18993,"TIRADENTES, AV",9,"BOM RETIRO",1,0,"TIRADENTES, AV SAO PAULO SP &  JOAO TEODORO, RUA SAO PAULO SP",-23.5295824,-46.6315552
"10755","D061300540",11488,"IRMAOS KARMAM, PCA",NA,"",111,"","07/06/2013 10:20",4,"AT",23,3251," "," ",1,0,0,0,0,0,0,0,0,0,0,0,0,0,0,0,0,11488,"IRMAOS KARMAM, PCA",NA,"",61,"PERDIZES",1,0,"IRMAOS KARMAM, PCA 111 SAO PAULO SP",-23.5414857,-46.6771605
"10756","D061301935",18826,"BENTO GUELFI, AV",NA,"",1100,"","07/06/2013 10:24",2,"CO",49,7956," "," ",0,1,0,1,0,0,0,0,0,0,0,0,0,0,0,0,0,18826,"BENTO GUELFI, AV",NA,"",55,"MORUMBI",1,0,"BENTO GUELFI, AV 1100 SAO PAULO SP",-23.6037173,-46.4299032
"10757","D061300980",66116,"AGOSTINHO DA FONSECA, RUA CEL",NA,"",253,"","07/06/2013 10:30",2,"CH",20,5821," "," ",0,0,0,0,0,0,0,0,0,0,0,1,0,0,0,0,0,66116,"AGOSTINHO DA FONSECA, RUA CEL",NA,"",22,"CIDADE ADEMAR",1,0,"AGOSTINHO DA FONSECA, RUA CEL 253 SAO PAULO SP",-23.443969,-46.6145896
"10758","D061301680",15507,"TEOTONIO VILELA, AV SEN",NA,"",5472,"","07/06/2013 10:30",2,"CO",101,4419,"C"," ",1,0,0,0,0,0,0,0,0,0,0,0,0,0,0,1,0,15507,"TEOTONIO VILELA, AV SEN",NA,"",23,"CIDADE DUTRA",1,0,"TEOTONIO VILELA, AV SEN 5472 SAO PAULO SP",-23.7458865,-46.7073594
"10759","D061301322",6122,"DULCE, RUA",NA,"",141,"","07/06/2013 10:30",4,"AT",31,3472,"B"," ",0,0,0,0,0,0,0,0,0,0,0,1,0,0,0,0,0,6122,"DULCE, RUA",NA,"",20,"CARRAO",1,0,"DULCE, RUA 141 SAO PAULO SP",-23.5507565,-46.5357275
"10760","D061302058",12895,"ANTONIO MARQUES JULIAO, RUA",76782,"BALATA, RUA",0,"","07/06/2013 10:30",2,"CL",70,2837," "," ",2,0,0,0,0,0,0,0,0,0,0,0,0,0,0,0,0,12895,"ANTONIO MARQUES JULIAO, RUA",76782,"BALATA, RUA",74,"SAO LUCAS",1,0,"ANTONIO MARQUES JULIAO, RUA SAO PAULO SP &  BALATA, RUA SAO PAULO SP",-23.6016916,-46.5398814
"10761","D061301439",7012,"FERNANDES MOREIRA, RUA",NA,"",315,"","07/06/2013 10:48",2,"SI",11,6561," "," ",1,1,0,0,0,0,0,0,0,0,0,0,0,0,0,0,0,7012,"FERNANDES MOREIRA, RUA",NA,"",72,"SANTO AMARO",1,0,"FERNANDES MOREIRA, RUA 315 SAO PAULO SP",-23.6347298,-46.6983018
"10762","D061301459",6238,"NACOES UNIDAS, AV DAS",1085,"AMERICO BRASILIENSE, RUA",0,"","07/06/2013 10:50",2,"CT",11,7078," "," ",0,1,0,0,0,0,0,0,0,0,0,0,0,0,0,1,0,1085,"AMERICO BRASILIENSE, RUA",6238,"NACOES UNIDAS, AV DAS",72,"SANTO AMARO",2,0,"NACOES UNIDAS, AV DAS SAO PAULO SP &  AMERICO BRASILIENSE, RUA SAO PAULO SP",-23.5735935,-46.7008864
"10763","D061300234",17991,"SENA MADUREIRA, RUA",15223,"OTONIS, RUA DOS",0,"","07/06/2013 11:00",4,"AT",16,7757," "," ",1,1,0,0,0,0,0,0,0,0,0,0,0,0,0,0,0,15223,"OTONIS, RUA DOS",17991,"SENA MADUREIRA, RUA",92,"VILA MARIANA",1,0,"SENA MADUREIRA, RUA SAO PAULO SP &  OTONIS, RUA DOS SAO PAULO SP",-23.5934879,-46.6405606
"10764","D061300604",19461,"VALERIO, AV S",NA,"",553,"","07/06/2013 11:14",2,"CO",34,3389," "," ",0,1,0,0,0,0,0,0,0,0,0,1,0,0,0,0,0,19461,"VALERIO, AV S",NA,"",13,"CACHOEIRINHA",1,0,"VALERIO, AV S 553 SAO PAULO SP",-23.5828749,-46.7027112
"10765","D061300875",6110,"DUARTE DE AZEVEDO, RUA",NA,"",508,"","07/06/2013 11:47",2,"QD",9,3200,"B"," ",0,0,0,0,0,0,0,1,0,0,0,0,0,0,0,0,0,6110,"DUARTE DE AZEVEDO, RUA",NA,"",71,"SANTANA",1,0,"DUARTE DE AZEVEDO, RUA 508 SAO PAULO SP",-23.5010411,-46.6209663
"10766","D061301302",6460,"EMILIO MALLET, RUA",5153,"COELHO LISBOA, RUA",0,"","07/06/2013 12:27",4,"AT",30,2957," "," ",1,0,0,0,0,0,0,0,0,0,0,0,0,0,0,0,0,5153,"COELHO LISBOA, RUA",6460,"EMILIO MALLET, RUA",82,"TATUAPE",1,0,"EMILIO MALLET, RUA SAO PAULO SP &  COELHO LISBOA, RUA SAO PAULO SP",-23.5472194,-46.5689478
"10767","D061301166",13133,"MARIA AMALIA LOPES AZEVEDO, RUA",NA,"",4047,"","07/06/2013 12:31",2,"CL",73,6121,"B"," ",1,1,0,0,0,0,0,0,0,0,0,0,0,0,0,0,0,13133,"MARIA AMALIA LOPES AZEVEDO, RUA",NA,"",83,"TREMEMBE",1,0,"MARIA AMALIA LOPES AZEVEDO, RUA 4047 SAO PAULO SP",-23.4567974,-46.5882211
"10768","D061301936",62183,"ANA BALOG BAKOS, RUA",NA,"",244,"","07/06/2013 12:45",4,"AT",49,7966," "," ",0,0,1,0,0,0,0,0,0,0,0,0,0,0,0,0,0,62183,"ANA BALOG BAKOS, RUA",NA,"",55,"MORUMBI",1,0,"ANA BALOG BAKOS, RUA 244 SAO PAULO SP",-23.61867,-46.4614466
"10769","D061301679",21340,"ISABEL AGUIAR DE CAMPOS, RUA",NA,"",817,"","07/06/2013 13:19",4,"AT",101,4408," "," ",0,0,0,0,0,0,0,0,1,0,0,0,0,0,0,0,0,21340,"ISABEL AGUIAR DE CAMPOS, RUA",NA,"",32,"IGUATEMI",1,0,"ISABEL AGUIAR DE CAMPOS, RUA 817 SAO PAULO SP",-23.7444801,-46.6852379
"10771","D061301138",15425,"CANTIDIO SAMPAIO, AV DEP",NA,"",2881,"","07/06/2013 13:58",4,"AT",72,5217," "," ",0,0,0,0,0,0,0,0,1,0,0,0,0,0,0,0,0,15425,"CANTIDIO SAMPAIO, AV DEP",NA,"",41,"JARAGUA",1,0,"CANTIDIO SAMPAIO, AV DEP 2881 SAO PAULO SP",-23.4595908,-46.6893449
"10773","D061301769",18803,"TEODORO, RUA S",9451,"SERRA DE SANTA MARTA, RUA",0,"","07/06/2013 14:00",2,"CL",32,2279," "," ",1,1,0,0,0,0,0,0,0,0,0,0,0,0,0,0,0,9451,"SERRA DE SANTA MARTA, RUA",18803,"TEODORO, RUA S",36,"ITAQUERA",1,0,"TEODORO, RUA S SAO PAULO SP &  SERRA DE SANTA MARTA, RUA SAO PAULO SP",-23.5554372,-46.4526667
"10774","D061300785",161,"ADAO PEREIRA, AV CABO",NA,"",253,"","07/06/2013 14:04",2,"CO",87,2862," "," ",1,1,0,0,0,0,0,0,0,0,0,0,0,0,0,0,0,161,"ADAO PEREIRA, AV CABO",NA,"",64,"PIRITUBA",1,0,"ADAO PEREIRA, AV CABO 253 SAO PAULO SP",-23.4852373,-46.7160106
"10776","D061301855",21253,"AGUIA DE HAIA, AV",NA,"",1270,"","07/06/2013 14:40",2,"CO",64,4604,"C"," ",2,0,0,0,0,0,0,0,0,0,0,1,0,0,0,0,0,21253,"AGUIA DE HAIA, AV",NA,"",0,"NULL",2,0,"AGUIA DE HAIA, AV 1270 SAO PAULO SP",-23.53484,-46.4738037
"10777","D061300927",20878,"LEITAO DE CARVALHO, RUA MAL",NA,"",27,"","07/06/2013 15:00",4,"AT",13,6362," "," ",0,1,0,0,0,0,0,0,0,0,0,0,0,0,0,0,0,20878,"LEITAO DE CARVALHO, RUA MAL",NA,"",8,"BELEM",2,0,"LEITAO DE CARVALHO, RUA MAL 27 SAO PAULO SP",-23.5159965,-46.6334081
"10778","D061301809",7068,"FERNAO MENDES PINTO, RUA",NA,"",1,"","07/06/2013 15:00",2,"CT",62,2267," "," ",1,0,0,0,0,0,0,0,0,0,0,1,0,0,0,0,0,7068,"FERNAO MENDES PINTO, RUA",NA,"",28,"ERMELINO MATARA",1,0,"FERNAO MENDES PINTO, RUA 1 SAO PAULO SP",-23.5064614,-46.4878117
"10779","D061302113",4096,"CANDIDA DE CARVALHO, RUA",NA,"",6,"","07/06/2013 15:12",2,"CF",22,2714," "," ",0,1,0,1,0,0,0,0,0,0,0,0,0,0,0,0,0,4096,"CANDIDA DE CARVALHO, RUA",NA,"",76,"SAO MIGUEL",0,1,"CANDIDA DE CARVALHO, RUA 6 SAO PAULO SP",-23.5116741,-46.4427417
"10780","D061300541",9501,"ITAMARATI, RUA",44250,"GOLDA MEIR, PCA",0,"","07/06/2013 15:30",2,"CO",23,3259," "," ",1,1,0,0,0,0,0,0,0,0,0,0,0,0,0,0,0,9501,"ITAMARATI, RUA",44250,"GOLDA MEIR, PCA",61,"PERDIZES",1,0,"ITAMARATI, RUA SAO PAULO SP &  GOLDA MEIR, PCA SAO PAULO SP",-23.5382536,-46.6650916
"10781","D061300084",5245,"CONSOLACAO, RUA DA",NA,"",1970,"","07/06/2013 16:00",2,"CO",4,4946," "," ",1,1,0,0,0,0,0,0,0,0,0,0,0,0,0,0,0,5245,"CONSOLACAO, RUA DA",NA,"",26,"CONSOLACAO",1,0,"CONSOLACAO, RUA DA 1970 SAO PAULO SP",-23.5526282,-46.6592136
"10782","D061300742",12502,"MAGALHAES DE CASTRO, AV",NA,"",7,"","07/06/2013 16:00",2,"CO",51,5824," "," ",1,2,0,0,0,0,0,0,0,0,0,0,0,0,0,0,0,13014,"MARGINAL DO RIO PINHEIROS, AV",NA,"",12,"BUTANTA",1,0,"MAGALHAES DE CASTRO, AV 7 SAO PAULO SP",-23.5598132,-46.7110678
"10783","D061300213",17240,"ROCHA AZEVEDO, AL MIN",NA,"",983,"","07/06/2013 16:25",2,"SI",78,4916," "," ",0,1,0,0,0,0,0,0,0,0,0,1,0,0,0,0,0,17240,"ROCHA AZEVEDO, AL MIN",NA,"",34,"ITAIM BIBI",1,0,"ROCHA AZEVEDO, AL MIN 983 SAO PAULO SP",-23.5655714,-46.6635177
"10784","D061300476",6897,"FARIA LIMA, AV BRIG",NA,"",1900,"","07/06/2013 16:30",2,"CO",14,4539," "," ",0,1,0,0,0,0,0,0,0,0,0,0,0,0,0,1,0,6897,"FARIA LIMA, AV BRIG",NA,"",63,"PINHEIROS",1,0,"FARIA LIMA, AV BRIG 1900 SAO PAULO SP",-23.5740683,-46.6890087
"10785","D061300063",5245,"CONSOLACAO, RUA DA",NA,"",3000,"","07/06/2013 16:55",4,"AT",3,4323," "," ",0,1,0,0,0,0,0,0,0,0,0,0,0,0,0,0,0,5245,"CONSOLACAO, RUA DA",NA,"",26,"CONSOLACAO",1,0,"CONSOLACAO, RUA DA 3000 SAO PAULO SP",-23.5591845,-46.6667118
"10786","D061300856",99137,"LINEU PRESTES (C.UNIVERS.), AV PROF",NA,"",2565,"","07/06/2013 17:00",4,"AT",93,3610," "," ",1,0,0,0,0,0,0,0,0,0,0,0,0,0,0,0,0,99137,"LINEU PRESTES (C.UNIVERS.), AV PROF",NA,"",2,"ALTO DE PINHEIR",1,0,"LINEU PRESTES (C.UNIVERS.), AV PROF 2565 SAO PAULO SP",-23.5538878,-46.7298014
"10787","D061301236",1133,"AMORIM DINIZ, RUA",43777,"CARVALHO PINTO, AV GOV",0,"","07/06/2013 17:00",4,"AT",10,6474," "," ",0,1,0,0,0,0,0,0,0,0,0,0,0,0,0,0,0,1133,"AMORIM DINIZ, RUA",43777,"CARVALHO PINTO, AV GOV",18,"CANGAIBA",1,0,"AMORIM DINIZ, RUA SAO PAULO SP &  CARVALHO PINTO, AV GOV SAO PAULO SP",-23.5153212,-46.5452754
"10788","D061300904",5204,"CONCEICAO (ES.), AV",1364,"ANGELINA, AV",0,"","07/06/2013 17:00",2,"CT",9,6132,"B"," ",0,1,0,0,0,0,0,0,0,0,0,1,0,0,0,0,0,1364,"ANGELINA, AV",5204,"CONCEICAO (ES.), AV",88,"VILA GUILHERME",2,0,"CONCEICAO (ES.), AV SAO PAULO SP &  ANGELINA, AV SAO PAULO SP",-20.6410574,-40.5128593
"10789","D061301641",6810,"EUSEBIO STEVAUX, AV ENG",14070,"MOACIR PADILHA, RUA",0,"","07/06/2013 17:15",2,"QM",99,2886," "," ",0,1,0,0,0,0,0,0,0,0,0,0,0,0,0,0,0,6810,"EUSEBIO STEVAUX, AV ENG",14070,"MOACIR PADILHA, RUA",16,"CAMPO GRANDE",1,0,"EUSEBIO STEVAUX, AV ENG SAO PAULO SP &  MOACIR PADILHA, RUA SAO PAULO SP",-23.6827646,-46.6903236
"10790","D061301572",65909,"NEREU BERTINI MAGALHAES, RUA",NA,"",567,"","07/06/2013 17:35",2,"CL",85,2895," "," ",1,1,0,0,0,0,0,0,0,0,0,0,0,0,0,0,0,65909,"NEREU BERTINI MAGALHAES, RUA",NA,"",32,"IGUATEMI",1,0,"NEREU BERTINI MAGALHAES, RUA 567 SAO PAULO SP",-23.7659964,-46.6835672
"10791","D061300542",16463,"POMPEIA, AV",NA,"",249,"","07/06/2013 18:00",4,"AT",23,3266," "," ",0,1,0,0,0,0,0,0,0,0,0,0,0,0,0,0,0,16463,"POMPEIA, AV",NA,"",19,"CAPAO REDONDO",1,0,"POMPEIA, AV 249 SAO PAULO SP",-23.5273923,-46.6827522
"10792","D061300123",11515,"LACERDA FRANCO, AV",NA,"",1973,"","07/06/2013 18:00",4,"AT",6,4507," "," ",1,0,0,0,0,0,0,0,0,0,0,0,0,0,0,0,0,11515,"LACERDA FRANCO, AV",NA,"",14,"CAMBUCI",1,0,"LACERDA FRANCO, AV 1973 SAO PAULO SP",-23.5801175,-46.6258411
"10793","D061301440",7339,"HENRI DUNANT, RUA",NA,"",547,"","07/06/2013 18:30",2,"CO",11,6582," "," ",2,0,0,0,0,0,0,0,0,0,0,0,0,0,0,0,0,7339,"HENRI DUNANT, RUA",NA,"",72,"SANTO AMARO",1,0,"HENRI DUNANT, RUA 547 SAO PAULO SP",-23.6296678,-46.6975955
"10797","D061301615",9224,"VITORINO FREIRE, AV SEN",NA,"",490,"","07/06/2013 18:50",2,"CO",98,6080," "," ",1,1,0,0,0,0,0,0,0,0,0,0,0,0,0,0,0,9224,"VITORINO FREIRE, AV SEN",NA,"",22,"CIDADE ADEMAR",1,0,"VITORINO FREIRE, AV SEN 490 SAO PAULO SP",-23.6884138,-46.6346252
"10798","D061300900",16759,"QUIRINO, RUA S",NA,"",900,"","07/06/2013 19:00",2,"CO",9,5347," "," ",1,1,0,0,0,0,0,0,0,0,0,0,0,0,0,0,0,16759,"QUIRINO, RUA S",NA,"",47,"LAJEADO",1,0,"QUIRINO, RUA S 900 SAO PAULO SP",-23.5150216,-46.5982255
"10799","D061301279",10581,"JOAQUIM MARRA, RUA",NA,"",908,"","07/06/2013 19:08",2,"CO",21,6477," "," ",1,0,0,0,0,0,0,0,0,0,0,1,0,0,0,0,0,10581,"JOAQUIM MARRA, RUA",NA,"",93,"VILA MATILDE",2,0,"JOAQUIM MARRA, RUA 908 SAO PAULO SP",-23.5339791,-46.5212912