"","id_acidente","codloga","logradouroA","codlogb","logradouroB","alt_num","referencia","data","cod_acid","tipo_acidente","dp","numero_BO","sentido","pista","automovel","moto","onibus","caminhao","bicicleta","moto_taxi","onibus_fretado","onibus_urbano","microonibus","van","vuc","caminhonete","carreta","jipe","outros","sem_informacao","carroca","princ_a","paiA","princ_b","paiB","cod_distrito","distrito","vit_ferida","vit_morta","local","lat","lon"
"10800","D061300044",17060,"RIBEIRO DE LIMA, RUA",NA,"",445,"","07/06/2013 19:13",4,"AT",2,3449," "," ",0,1,0,0,0,0,0,0,0,0,0,0,0,0,0,0,0,17060,"RIBEIRO DE LIMA, RUA",NA,"",5,"ARTUR ALVIM",1,0,"RIBEIRO DE LIMA, RUA 445 SAO PAULO SP",-23.5313081,-46.6371453
"10801","D061300899",10497,"JOAO VENTURA BATISTA, RUA",10622,"JOAQUINA RAMALHO, AV",0,"","07/06/2013 19:14",4,"AT",9,5340," "," ",0,1,0,0,0,0,0,0,0,0,0,0,0,0,0,0,0,10497,"JOAO VENTURA BATISTA, RUA",10622,"JOAQUINA RAMALHO, AV",88,"VILA GUILHERME",1,0,"JOAO VENTURA BATISTA, RUA SAO PAULO SP &  JOAQUINA RAMALHO, AV SAO PAULO SP",-23.5143217,-46.6103487
"10802","D061300190",1356,"ANGELICA, AV",NA,"",177,"","07/06/2013 19:14",4,"AT",77,3452," "," ",0,1,0,0,0,0,0,0,0,0,0,1,0,0,0,0,0,1356,"ANGELICA, AV",NA,"",70,"SANTA CECILIA",1,0,"ANGELICA, AV 177 SAO PAULO SP",-23.5344827,-46.6534756
"10803","D061300864",17941,"SEBASTIAO EUGENIO DE CAMARGO, AV",NA,"",92,"","07/06/2013 19:20",2,"CO",93,4216," "," ",1,1,0,0,0,0,0,0,0,0,0,0,0,0,0,0,0,17941,"SEBASTIAO EUGENIO DE CAMARGO, AV",NA,"",13,"CACHOEIRINHA",1,0,"SEBASTIAO EUGENIO DE CAMARGO, AV 92 SAO PAULO SP",-23.5674847,-46.7444151
"10804","D061300455",5072,"CLELIA, RUA",5042,"CLAUDIO, RUA",0,"","07/06/2013 19:20",4,"AT",7,4209," "," ",1,0,0,0,0,0,0,0,0,0,0,0,0,0,0,0,0,5042,"CLAUDIO, RUA",5072,"CLELIA, RUA",48,"LAPA",1,0,"CLELIA, RUA SAO PAULO SP &  CLAUDIO, RUA SAO PAULO SP",-23.5249704,-46.6908623
"10806","D061300836",18156,"SCHILLING, RUA",NA,"",579,"","07/06/2013 19:30",2,"CO",91,4203," "," ",1,1,0,0,0,0,0,0,0,0,0,0,0,0,0,0,0,18156,"SCHILLING, RUA",NA,"",14,"CAMBUCI",1,0,"SCHILLING, RUA 579 SAO PAULO SP",-23.5312929,-46.729629
"10807","D061301167",9006,"IGARITE, RUA",NA,"",1,"","07/06/2013 19:45",2,"CO",73,6139,"B"," ",1,0,0,0,1,0,0,0,0,0,0,0,0,0,0,0,0,9006,"IGARITE, RUA",NA,"",38,"JACANA",1,0,"IGARITE, RUA 1 SAO PAULO SP",-23.4634301,-46.5805285
"10808","D061300332",4597,"CATARINA, RUA STA",NA,"",2580,"","07/06/2013 19:54",2,"CH",35,7779," "," ",0,1,0,0,0,0,0,0,0,0,0,0,0,0,0,0,0,4597,"CATARINA, RUA STA",NA,"",82,"TATUAPE",1,0,"CATARINA, RUA STA 2580 SAO PAULO SP",-23.6560589,-46.6553083
"10809","D061301261",15304,"PAES DE BARROS, AV",NA,"",2800,"","07/06/2013 20:19",2,"CT",18,3826," "," ",0,1,0,0,0,0,0,0,0,0,0,0,0,0,0,1,0,15304,"PAES DE BARROS, AV",NA,"",16,"CAMPO GRANDE",1,0,"PAES DE BARROS, AV 2800 SAO PAULO SP",-23.575402,-46.5873709
"10810","D061301441",21251,"RUBENS GOMES BUENO, RUA DR",NA,"",55,"","07/06/2013 20:30",4,"AT",11,6584," "," ",1,0,0,0,0,0,0,0,0,0,0,0,0,0,0,0,0,21251,"RUBENS GOMES BUENO, RUA DR",NA,"",29,"FREGUESIA DO O",1,0,"RUBENS GOMES BUENO, RUA DR 55 SAO PAULO SP",-23.6444737,-46.7186805
"10811","D061300837",2991,"BAUMANN, RUA",17978,"SEIDEL, RUA DR",0,"","07/06/2013 20:33",2,"CO",91,4208," "," ",0,0,0,1,0,0,0,1,0,0,0,0,0,0,0,0,0,2991,"BAUMANN, RUA",17978,"SEIDEL, RUA DR",90,"VILA LEOPOLDINA",1,0,"BAUMANN, RUA SAO PAULO SP &  SEIDEL, RUA DR SAO PAULO SP",-23.5337953,-46.7323692
"10812","D061300214",8815,"HONDURAS, RUA",NA,"",1024,"","07/06/2013 20:52",2,"CO",78,4930," "," ",0,1,0,0,0,0,0,0,0,0,0,1,0,0,0,0,0,8815,"HONDURAS, RUA",NA,"",44,"JARDIM PAULISTA",1,0,"HONDURAS, RUA 1024 SAO PAULO SP",-23.5707722,-46.6664426
"10813","D061301560",16026,"PEIXOTO DE MELO FILHO, RUA",NA,"",11,"","07/06/2013 21:00",2,"CO",80,6066," "," ",1,1,0,0,0,0,0,0,0,0,0,0,0,0,0,0,0,16026,"PEIXOTO DE MELO FILHO, RUA",NA,"",29,"FREGUESIA DO O",1,0,"PEIXOTO DE MELO FILHO, RUA 11 SAO PAULO SP",-23.6854502,-46.6639837
"10814","D061300838",12436,"MACEDO SOARES, AV EMB",20600,"ERNESTO IGEL, AV",0,"","07/06/2013 21:20",2,"CO",91,4212," "," ",1,1,0,0,0,0,0,0,0,0,0,0,0,0,0,0,0,12436,"MACEDO SOARES, AV EMB",20600,"ERNESTO IGEL, AV",60,"PENHA",1,0,"MACEDO SOARES, AV EMB SAO PAULO SP &  ERNESTO IGEL, AV SAO PAULO SP",-23.509526,-46.7091748
"10818","D061301755",66884,"CICERO PAULO, RUA",NA,"",100,"","07/06/2013 22:00",2,"CO",24,6493," "," ",1,1,0,0,0,0,0,0,0,0,0,0,0,0,0,0,0,66884,"CICERO PAULO, RUA",NA,"",41,"JARAGUA",1,0,"CICERO PAULO, RUA 100 SAO PAULO SP",-23.5043481,-46.5164209
"10819","D061301909",63696,"BERNARDINO COSTE, RUA FREI",NA,"",215,"","07/06/2013 22:15",4,"AT",41,6103," "," ",0,1,0,0,0,0,0,0,0,0,0,0,0,0,0,0,0,63696,"BERNARDINO COSTE, RUA FREI",NA,"",56,"PARELHEIROS",2,0,"BERNARDINO COSTE, RUA FREI 215 SAO PAULO SP",-23.5927493,-46.5156101
"10820","D061301649",9220,"INTERLAGOS, AV",NA,"",2255,"","07/06/2013 22:20",4,"AT",99,6589," "," ",1,0,0,0,0,0,0,0,0,0,0,0,0,0,0,0,0,9220,"INTERLAGOS, AV",NA,"",16,"CAMPO GRANDE",1,0,"INTERLAGOS, AV 2255 SAO PAULO SP",-23.6738936,-46.6774992
"10821","D061300928",17759,"SANTA EULALIA, RUA BR",NA,"",50,"","07/06/2013 22:20",4,"AT",13,6374," "," ",0,1,0,0,0,0,0,0,0,0,0,0,0,0,0,0,0,17759,"SANTA EULALIA, RUA BR",NA,"",13,"CACHOEIRINHA",1,0,"SANTA EULALIA, RUA BR 50 SAO PAULO SP",-23.5115903,-46.6256408
"10822","D061300171",4561,"CASTELO BRANCO, AV PRES",NA,"",3600,"","07/06/2013 22:27",2,"CO",12,4515," "," ",0,2,0,0,0,0,0,0,0,0,0,0,0,0,0,0,0,29772,"MARGINAL DO RIO TIETE, AV",NA,"",6,"BARRA FUNDA",1,0,"CASTELO BRANCO, AV PRES 3600 SAO PAULO SP",-23.5236658,-46.6057968
"10823","D061300235",15914,"PEDRO DE TOLEDO, RUA",NA,"",9999,"","07/06/2013 22:38",2,"CL",16,7784," "," ",1,1,0,0,0,0,0,0,0,0,0,0,0,0,0,0,0,15914,"PEDRO DE TOLEDO, RUA",NA,"",24,"CIDADE LIDER",1,0,"PEDRO DE TOLEDO, RUA 9999 SAO PAULO SP",-23.5979449,-46.6535179
"10826","D061301937",13671,"MATEO BEI, AV",NA,"",1978,"","07/06/2013 23:50",4,"AT",49,7998," "," ",0,0,1,0,0,0,0,0,0,0,0,0,0,0,0,0,0,13671,"MATEO BEI, AV",NA,"",75,"SAO MATEUS",1,0,"MATEO BEI, AV 1978 SAO PAULO SP",-23.599964,-46.4848243
"10827","D061301139",62930,"ANTONIO PINTO DA COSTA, RUA",66369,"GONCALO DO RIO BAIXO, RUA S",0,"","08/06/2013 00:00",2,"CO",72,5270," "," ",1,1,0,0,0,0,0,0,0,0,0,0,0,0,0,0,0,62930,"ANTONIO PINTO DA COSTA, RUA",66369,"GONCALO DO RIO BAIXO, RUA S",11,"BRASILANDIA",1,0,"ANTONIO PINTO DA COSTA, RUA SAO PAULO SP &  GONCALO DO RIO BAIXO, RUA S SAO PAULO SP",-23.4615892,-46.6773932
"10828","D061301606",8368,"GUARAPIRANGA, AV",NA,"",1811,"","08/06/2013 00:05",2,"CO",92,7096," "," ",1,1,0,0,0,0,0,1,0,0,0,0,0,0,0,0,0,8368,"GUARAPIRANGA, AV",NA,"",45,"JARDIM SAO LUIS",1,0,"GUARAPIRANGA, AV 1811 SAO PAULO SP",-23.6837612,-46.7362803
"10829","D061302114",18940,"TIBURCIO DE SOUSA, RUA",16703,"MANUEL RODRIGUES SANTIAGO, RUA",0,"","08/06/2013 00:26",4,"AT",50,7099," "," ",0,1,0,0,0,0,0,0,0,0,0,0,0,0,0,0,0,16703,"MANUEL RODRIGUES SANTIAGO, RUA",18940,"TIBURCIO DE SOUSA, RUA",35,"ITAIM PAULISTA",1,1,"TIBURCIO DE SOUSA, RUA SAO PAULO SP &  MANUEL RODRIGUES SANTIAGO, RUA SAO PAULO SP",-23.5111694,-46.3943311
"10830","D061301784",18940,"TIBURCIO DE SOUSA, RUA",16703,"MANUEL RODRIGUES SANTIAGO, RUA",0,"","08/06/2013 00:29",4,"AT",50,7099," "," ",0,0,0,0,0,0,0,0,1,0,0,0,0,0,0,0,0,16703,"MANUEL RODRIGUES SANTIAGO, RUA",18940,"TIBURCIO DE SOUSA, RUA",35,"ITAIM PAULISTA",3,0,"TIBURCIO DE SOUSA, RUA SAO PAULO SP &  MANUEL RODRIGUES SANTIAGO, RUA SAO PAULO SP",-23.5111694,-46.3943311
"10831","D061301938",46234,"SANGUE LATINO, TR",46260,"VEREDA TROPICAL, TR",0,"","08/06/2013 01:30",2,"CH",49,7999," "," ",1,1,0,0,0,0,0,0,0,0,0,0,0,0,0,0,0,46234,"SANGUE LATINO, TR",46260,"VEREDA TROPICAL, TR",32,"IGUATEMI",2,0,"SANGUE LATINO, TR SAO PAULO SP &  VEREDA TROPICAL, TR SAO PAULO SP",-23.605955,-46.4448832
"10832","D061301111",18657,"TANGERINAS, RUA",NA,"",300,"","08/06/2013 01:32",2,"CF",40,6378," "," ",2,0,0,0,0,0,0,0,0,0,0,0,0,0,0,0,0,18657,"TANGERINAS, RUA",NA,"",23,"CIDADE DUTRA",1,0,"TANGERINAS, RUA 300 SAO PAULO SP",-23.5044022,-46.6672447
"10833","D061301970",4746,"ARRAIAL DA ANTA, RUA",NA,"",470,"","08/06/2013 02:02",4,"AT",53,4101," "," ",0,0,0,0,0,0,0,0,0,0,0,0,0,0,0,1,0,4746,"ARRAIAL DA ANTA, RUA",NA,"",58,"PARQUE DO CARMO",1,0,"ARRAIAL DA ANTA, RUA 470 SAO PAULO SP",-23.5583924,-46.4611296
"10834","D061301152",75095,"ROQUE DE MINAS, RUA S",NA,"",10,"","08/06/2013 02:30",2,"QM",72,900073," "," ",0,1,0,0,0,0,0,0,0,0,0,0,0,0,0,0,0,75095,"ROQUE DE MINAS, RUA S",NA,"",8,"BELEM",1,0,"ROQUE DE MINAS, RUA S 10 SAO PAULO SP",-23.4531371,-46.6624528
"10835","D061301086",36061,"LUIZ DUMONT VILLARES, AV",NA,"",1617,"","08/06/2013 02:55",2,"CO",39,6143,"C"," ",1,0,0,2,0,0,0,0,0,0,0,0,0,0,0,0,0,36061,"LUIZ DUMONT VILLARES, AV",NA,"",22,"CIDADE ADEMAR",1,0,"LUIZ DUMONT VILLARES, AV 1617 SAO PAULO SP",-23.6210032,-46.7396103
"10836","D061301668",18700,"TAQUANDAVA, AV",NA,"",75,"","08/06/2013 03:48",2,"CH",100,7103," "," ",0,1,0,0,0,0,0,0,0,0,0,0,0,0,0,0,0,18700,"TAQUANDAVA, AV",NA,"",32,"IGUATEMI",2,0,"TAQUANDAVA, AV 75 SAO PAULO SP",-23.717423,-46.7655115
"10837","D061300142",16673,"PRUDENTE DE MORAIS, RUA",NA,"",178,"","08/06/2013 04:30",4,"AT",8,4697," "," ",1,0,0,0,0,0,0,0,0,0,0,0,0,0,0,0,0,16673,"PRUDENTE DE MORAIS, RUA",NA,"",6,"BARRA FUNDA",1,0,"PRUDENTE DE MORAIS, RUA 178 SAO PAULO SP",-23.5472384,-46.6174747
"10838","D061301087",2455,"ATALIBA LEONEL, AV GAL",NA,"",3200,"","08/06/2013 04:30",2,"CH",39,6151," "," ",1,0,0,0,0,0,0,0,0,0,0,0,0,0,0,0,0,2455,"ATALIBA LEONEL, AV GAL",NA,"",88,"VILA GUILHERME",1,0,"ATALIBA LEONEL, AV GAL 3200 SAO PAULO SP",-23.4880871,-46.6076131
"10840","D061300981",14767,"NOVA CANTAREIRA, AV",NA,"",1985,"","08/06/2013 05:30",2,"CO",20,5353," "," ",2,0,0,0,0,0,0,0,0,0,0,0,0,0,0,0,0,14767,"NOVA CANTAREIRA, AV",NA,"",83,"TREMEMBE",1,0,"NOVA CANTAREIRA, AV 1985 SAO PAULO SP",-23.4798586,-46.6115117
"10842","D061300627",569,"ALCIDES SANGIRARDI, AV",NA,"",156,"","08/06/2013 06:30",2,"CH",34,5129," "," ",0,1,0,0,0,0,0,0,0,0,0,0,0,0,0,0,0,13014,"MARGINAL DO RIO PINHEIROS, AV",NA,"",55,"MORUMBI",1,0,"ALCIDES SANGIRARDI, AV 156 SAO PAULO SP",-23.592649,-46.6950168
"10843","D061300774",16878,"RAPOSO TAVARES, VIA",NA,"",15100,"","08/06/2013 06:35",2,"CO",75,5122," "," ",1,1,0,0,0,0,0,0,0,0,0,0,0,0,0,0,0,16878,"RAPOSO TAVARES, VIA",NA,"",13,"CACHOEIRINHA",1,0,"RAPOSO TAVARES, VIA 15100 SAO PAULO SP",-23.5247968,-48.4793508
"10844","D061301751",2429,"ASSIS RIBEIRO, RUA DR",NA,"",5451,"","08/06/2013 06:58",2,"CO",24,6195," "," ",2,0,0,0,0,0,0,0,0,0,0,0,0,0,0,0,0,2429,"ASSIS RIBEIRO, RUA DR",NA,"",28,"ERMELINO MATARA",3,0,"ASSIS RIBEIRO, RUA DR 5451 SAO PAULO SP",-23.4905922,-46.505455
"10845","D061300172",5567,"CRUZEIRO DO SUL, AV",NA,"",1000,"","08/06/2013 07:07",2,"CO",12,4221," "," ",1,0,0,0,0,0,0,1,0,0,0,0,0,0,0,0,0,5567,"CRUZEIRO DO SUL, AV",NA,"",5,"ARTUR ALVIM",1,0,"CRUZEIRO DO SUL, AV 1000 SAO PAULO SP",-23.5231235,-46.6251482
"10846","D061300136",543,"ALCANTARA MACHADO, AV",NA,"",277,"","08/06/2013 07:30",2,"CO",8,4525," "," ",1,1,0,0,0,0,0,0,0,0,0,0,0,0,0,0,0,543,"ALCANTARA MACHADO, AV",NA,"",10,"BRAS",1,0,"ALCANTARA MACHADO, AV 277 SAO PAULO SP",-23.5518405,-46.6224454
"10847","D061301397",8950,"IBITINGA, RUA",NA,"",699,"","08/06/2013 08:05",2,"CH",57,3839," "," ",0,1,0,0,0,0,0,0,0,0,0,1,0,0,0,0,0,8950,"IBITINGA, RUA",NA,"",1,"AGUA RASA",1,0,"IBITINGA, RUA 699 SAO PAULO SP",-23.5666483,-46.581152
"10848","D061301607",21084,"JOAO FERNANDES C. NOVA JUNIOR, RUA",NA,"",402,"","08/06/2013 08:06",2,"CO",92,7112," "," ",0,1,0,0,0,0,0,0,0,0,0,1,0,0,0,0,0,21084,"JOAO FERNANDES C. NOVA JUNIOR, RUA",NA,"",29,"FREGUESIA DO O",1,0,"JOAO FERNANDES C. NOVA JUNIOR, RUA 402 SAO PAULO SP",-23.6527567,-46.7414271
"10849","D061300261",18172,"SILVA BUENO, RUA",NA,"",2555,"","08/06/2013 09:30",2,"CO",17,7806," "," ",0,1,0,0,0,0,0,0,0,0,0,1,0,0,0,0,0,18172,"SILVA BUENO, RUA",NA,"",18,"CANGAIBA",1,0,"SILVA BUENO, RUA 2555 SAO PAULO SP",-23.6012165,-46.6005874
"10850","D061301314",34122,"MELO FREIRE, RUA",1967,"APUCARANA, RUA",0,"","08/06/2013 09:30",2,"CO",30,3491," "," ",0,1,0,0,0,0,0,0,0,0,0,1,0,0,0,0,0,1967,"APUCARANA, RUA",34122,"MELO FREIRE, RUA",82,"TATUAPE",1,0,"MELO FREIRE, RUA SAO PAULO SP &  APUCARANA, RUA SAO PAULO SP",-23.5391715,-46.5695321
"10851","D061300072",9276,"IPIRANGA, AV",12132,"LUIS, AV S",0,"","08/06/2013 10:50",2,"CO",3,900120," "," ",1,1,0,0,0,0,0,0,0,0,0,0,0,0,0,0,0,9276,"IPIRANGA, AV",12132,"LUIS, AV S",67,"REPUBLICA",1,0,"IPIRANGA, AV SAO PAULO SP &  LUIS, AV S SAO PAULO SP",-23.5457285,-46.6440924
"10852","D061301140",78699,"AGENOR ALVES MEIRA, RUA",NA,"",200,"","08/06/2013 11:00",4,"AT",72,5278," "," ",1,0,0,0,0,0,0,0,0,0,0,0,0,0,0,0,0,78699,"AGENOR ALVES MEIRA, RUA",NA,"",40,"JAGUARE",4,0,"AGENOR ALVES MEIRA, RUA 200 SAO PAULO SP",-23.4589505,-46.6768244
"10853","D061300787",16838,"RAIMUNDO PEREIRA DE MAGAL., AV",NA,"",3700,"","08/06/2013 11:10",2,"QM",87,3087," "," ",0,1,0,0,0,0,0,0,0,0,0,0,0,0,0,0,0,16838,"RAIMUNDO PEREIRA DE MAGAL., AV",NA,"",31,"GUAIANASES",1,0,"RAIMUNDO PEREIRA DE MAGAL., AV 3700 SAO PAULO SP",-23.4866877,-46.7259455
"10854","D061301650",6238,"NACOES UNIDAS, AV DAS",NA,"",22215,"","08/06/2013 11:30",2,"CL",99,6615,"C"," ",2,0,0,0,0,0,0,0,0,0,0,0,0,0,0,0,0,13014,"MARGINAL DO RIO PINHEIROS, AV",NA,"",90,"VILA LEOPOLDINA",1,0,"NACOES UNIDAS, AV DAS 22215 SAO PAULO SP",-23.6791496,-46.6960556
"10856","D061301056",16051,"PENHA BRASIL, AV GAL",NA,"",78,"","08/06/2013 12:10",4,"AT",38,5268," "," ",0,1,0,0,0,0,0,0,0,0,0,0,0,0,0,0,0,16051,"PENHA BRASIL, AV GAL",NA,"",48,"LAPA",1,0,"PENHA BRASIL, AV GAL 78 SAO PAULO SP",-23.470086,-46.6661007
"10857","D061300292",35829,"MOREIRA GUIMARAES, AV",NA,"",699,"","08/06/2013 12:16",2,"CO",27,6087," "," ",1,1,0,0,0,0,0,0,0,0,0,0,0,0,0,0,0,35829,"MOREIRA GUIMARAES, AV",NA,"",24,"CIDADE LIDER",1,0,"MOREIRA GUIMARAES, AV 699 SAO PAULO SP",-23.6129835,-46.6574175
"10858","D061301197",18594,"TAIPAS, ES",NA,"",3897,"","08/06/2013 13:20",2,"CO",74,5267,"C"," ",1,1,0,0,0,0,0,0,0,0,0,0,0,0,0,0,0,18594,"TAIPAS, ES",NA,"",52,"MARSILAC",1,0,"TAIPAS, ES 3897 SAO PAULO SP",-23.4261258,-46.7260757
"10861","D061300806",4362,"BENEDITO MONTENEGRO, RUA PROF",NA,"",1290,"","08/06/2013 13:30",2,"CO",89,5140," "," ",1,1,0,0,0,0,0,0,0,0,0,0,0,0,0,0,0,4362,"BENEDITO MONTENEGRO, RUA PROF",NA,"",85,"VILA ANDRADE",2,0,"BENEDITO MONTENEGRO, RUA PROF 1290 SAO PAULO SP",-23.6240456,-46.7167439
"10864","D061300576",21629,"ELISIO CORDEIRO DE SIQUEIRA, AV",NA,"",720,"","08/06/2013 14:56",2,"CO",33,5423," "," ",1,1,0,0,0,0,0,0,0,0,0,0,0,0,0,0,0,21629,"ELISIO CORDEIRO DE SIQUEIRA, AV",NA,"",31,"GUAIANASES",1,0,"ELISIO CORDEIRO DE SIQUEIRA, AV 720 SAO PAULO SP",-23.5005878,-46.7473401
"10865","D061301238",6371,"ELISABETH DE ROBIANO, AV CDSSA",NA,"",4500,"","08/06/2013 15:20",2,"CO",10,6514," "," ",1,1,0,0,0,0,0,0,0,0,0,0,0,0,0,0,0,29772,"MARGINAL DO RIO TIETE, AV",NA,"",82,"TATUAPE",2,0,"ELISABETH DE ROBIANO, AV CDSSA 4500 SAO PAULO SP",-23.5076424,-46.5495997
"10866","D061300488",7257,"FONSECA RODRIGUES, AV PROF",NA,"",838,"","08/06/2013 15:30",2,"CO",14,5918," "," ",1,1,0,0,0,0,0,0,0,0,0,0,0,0,0,0,0,7257,"FONSECA RODRIGUES, AV PROF",NA,"",2,"ALTO DE PINHEIR",1,0,"FONSECA RODRIGUES, AV PROF 838 SAO PAULO SP",-23.5476506,-46.71538
"10867","D061300529",18552,"TABAPUA, RUA",9046,"IGUATEMI, RUA",0,"","08/06/2013 15:43",2,"CO",15,5863," "," ",4,0,0,0,0,0,0,0,0,0,0,0,0,0,0,0,0,9046,"IGUATEMI, RUA",18552,"TABAPUA, RUA",34,"ITAIM BIBI",1,0,"TABAPUA, RUA SAO PAULO SP &  IGUATEMI, RUA SAO PAULO SP",-23.583508,-46.6768143
"10868","D061301511",5606,"CUPECE, AV",NA,"",4097,"","08/06/2013 15:45",2,"QM",43,6092," "," ",1,1,0,0,0,0,0,0,0,0,0,0,0,0,0,0,0,5606,"CUPECE, AV",NA,"",22,"CIDADE ADEMAR",2,0,"CUPECE, AV 4097 SAO PAULO SP",-23.6710974,-46.6464506
"10870","D061300743",25036,"MASO DI BIANCO, RUA",25466,"GUAJARAUNA, RUA",0,"","08/06/2013 16:10",2,"CO",51,5866," "," ",2,0,0,0,0,0,0,0,0,0,0,0,0,0,0,0,0,25036,"MASO DI BIANCO, RUA",25466,"GUAJARAUNA, RUA",NA,"",2,0,"MASO DI BIANCO, RUA SAO PAULO SP &  GUAJARAUNA, RUA SAO PAULO SP",-23.5820499,-46.7696636
"10871","D061302066",75919,"FRANCISCO PEREIRA DE SOUZA, RUA",19041,"TOLSTOI DE CARVALHO, RUA",0,"","08/06/2013 16:20",2,"CO",70,6129," "," ",1,1,0,0,0,0,0,0,0,0,0,0,0,0,0,0,0,19041,"TOLSTOI DE CARVALHO, RUA",75919,"FRANCISCO PEREIRA DE SOUZA, RUA",NA,"",1,0,"FRANCISCO PEREIRA DE SOUZA, RUA SAO PAULO SP &  TOLSTOI DE CARVALHO, RUA SAO PAULO SP",-23.5968892,-46.5253657
"10872","D061302089",5606,"CUPECE, AV",NA,"",3500,"","08/06/2013 16:53",4,"AT",98,5938," "," ",1,0,0,0,0,0,0,0,0,0,0,0,0,0,0,0,0,5606,"CUPECE, AV",NA,"",22,"CIDADE ADEMAR",0,1,"CUPECE, AV 3500 SAO PAULO SP",-23.6682278,-46.6519362
"10873","D061301510",5606,"CUPECE, AV",NA,"",3500,"","08/06/2013 16:53",4,"AT",43,6090," "," ",1,0,0,0,0,0,0,0,0,0,0,0,0,0,0,0,0,5606,"CUPECE, AV",NA,"",22,"CIDADE ADEMAR",1,0,"CUPECE, AV 3500 SAO PAULO SP",-23.6682278,-46.6519362
"10874","D061301835",2429,"ASSIS RIBEIRO, RUA DR",NA,"",10000,"","08/06/2013 17:00",2,"CO",63,4738," "," ",2,0,0,0,0,0,0,0,0,0,0,0,0,0,0,0,0,2429,"ASSIS RIBEIRO, RUA DR",NA,"",28,"ERMELINO MATARA",1,0,"ASSIS RIBEIRO, RUA DR 10000 SAO PAULO SP",-23.4869343,-46.4664085
"10876","D061301616",1941,"APIARIS, RUA DOS",NA,"",132,"","08/06/2013 18:10",2,"CO",98,6088," "," ",1,1,0,0,0,0,0,0,0,0,0,0,0,0,0,0,0,1941,"APIARIS, RUA DOS",NA,"",59,"PEDREIRA",1,0,"APIARIS, RUA DOS 132 SAO PAULO SP",-23.6975072,-46.6461326
"10877","D061300009",7664,"FURTADO, RUA CONS",NA,"",669,"","08/06/2013 18:15",2,"CO",1,4547," "," ",1,1,0,0,0,0,0,0,0,0,0,0,0,0,0,0,0,7664,"FURTADO, RUA CONS",NA,"",80,"SE",1,0,"FURTADO, RUA CONS 669 SAO PAULO SP",-23.55889,-46.6327291
"10879","D061302003",45521,"ELOA DO VALLE QUADROS, RUA DNA",NA,"",349,"","08/06/2013 18:30",2,"CO",54,8043," "," ",0,1,0,0,0,0,0,0,0,0,0,0,0,0,0,1,0,45521,"ELOA DO VALLE QUADROS, RUA DNA",NA,"",25,"CIDADE TIRADENT",1,0,"ELOA DO VALLE QUADROS, RUA DNA 349 SAO PAULO SP",-23.5898312,-46.4113936
"10880","D061301319",34122,"MELO FREIRE, RUA",NA,"",1500,"","08/06/2013 18:30",2,"CO",30,6519," "," ",1,1,0,0,0,0,0,0,0,0,0,0,0,0,0,0,0,34122,"MELO FREIRE, RUA",NA,"",27,"CURSINO",1,0,"MELO FREIRE, RUA 1500 SAO PAULO SP",-23.5419348,-46.5799521
"10881","D061300173",4482,"CARNOT, RUA",8570,"HANNEMANN, RUA",0,"","08/06/2013 18:39",4,"AT",12,4555," "," ",1,0,0,0,0,0,0,0,0,0,0,0,0,0,0,0,0,4482,"CARNOT, RUA",8570,"HANNEMANN, RUA",57,"PARI",1,0,"CARNOT, RUA SAO PAULO SP &  HANNEMANN, RUA SAO PAULO SP",-23.5306795,-46.6221347
"10882","D061301280",11098,"JOSE MASCARENHAS, RUA",NA,"",1531,"","08/06/2013 18:40",2,"CO",21,6523," "," ",1,1,0,0,0,0,0,0,0,0,0,0,0,0,0,0,0,11098,"JOSE MASCARENHAS, RUA",NA,"",38,"JACANA",1,0,"JOSE MASCARENHAS, RUA 1531 SAO PAULO SP",-23.5370783,-46.5225674
"10883","D061301443",11220,"JOSE VICENTE CAVALHEIRO, RUA",7012,"FERNANDES MOREIRA, RUA",0,"","08/06/2013 18:40",2,"CO",11,6630," "," ",2,0,0,0,0,0,0,0,0,0,0,0,0,0,0,0,0,7012,"FERNANDES MOREIRA, RUA",11220,"JOSE VICENTE CAVALHEIRO, RUA",72,"SANTO AMARO",3,0,"JOSE VICENTE CAVALHEIRO, RUA SAO PAULO SP &  FERNANDES MOREIRA, RUA SAO PAULO SP",-23.6277693,-46.7065094
"10884","D061301025",27358,"FUAD LUTFALLA, AV",NA,"",3000,"","08/06/2013 19:43",2,"CO",28,6414," "," ",1,1,0,0,0,0,0,0,0,0,0,0,0,0,0,0,0,27358,"FUAD LUTFALLA, AV",NA,"",4,"ARICANDUVA",1,0,"FUAD LUTFALLA, AV 3000 SAO PAULO SP",-23.4891885,-46.7101738
"10885","D061301442",19931,"WASHINGTON LUIS, AV",3489,"BORBA GATO, RUA",0,"","08/06/2013 19:49",2,"CO",11,6627," "," ",1,1,0,0,0,0,0,0,0,0,0,0,0,0,0,0,0,14743,"SABARA, AV NSRA DO",19931,"WASHINGTON LUIS, AV",16,"CAMPO GRANDE",1,0,"WASHINGTON LUIS, AV SAO PAULO SP &  BORBA GATO, RUA SAO PAULO SP",-23.6605391,-46.7039265