"","id_acidente","codloga","logradouroA","codlogb","logradouroB","alt_num","referencia","data","cod_acid","tipo_acidente","dp","numero_BO","sentido","pista","automovel","moto","onibus","caminhao","bicicleta","moto_taxi","onibus_fretado","onibus_urbano","microonibus","van","vuc","caminhonete","carreta","jipe","outros","sem_informacao","carroca","princ_a","paiA","princ_b","paiB","cod_distrito","distrito","vit_ferida","vit_morta","local","lat","lon"
"10886","D061301617",1005,"DOMENICO ANIBAL, RUA",NA,"",310,"","08/06/2013 20:00",2,"CO",98,6132," "," ",1,1,0,0,0,0,0,0,0,0,0,0,0,0,0,0,0,1005,"DOMENICO ANIBAL, RUA",NA,"",22,"CIDADE ADEMAR",1,0,"DOMENICO ANIBAL, RUA 310 SAO PAULO SP",-23.686164,-46.6480225
"10889","D061301346",19708,"VILA EMA, AV",NA,"",3400,"","08/06/2013 21:11",2,"CO",42,3851," "," ",1,1,0,0,0,0,0,0,0,0,0,0,0,0,0,0,0,19708,"VILA EMA, AV",NA,"",26,"CONSOLACAO",1,0,"VILA EMA, AV 3400 SAO PAULO SP",-23.5857528,-46.5454487
"10890","D061302158",16607,"GASPAR DIAS DE ATAIDE, RUA",46371,"ODETE AMARAL, RUA",0,"","08/06/2013 21:20",2,"CO",50,7132," "," ",1,1,1,0,0,0,0,0,0,0,0,0,0,0,0,0,0,16607,"GASPAR DIAS DE ATAIDE, RUA",46371,"ODETE AMARAL, RUA",47,"LAJEADO",1,1,"GASPAR DIAS DE ATAIDE, RUA SAO PAULO SP &  ODETE AMARAL, RUA SAO PAULO SP",-23.5396296,-46.3935763
"10891","D061300689",18262,"SILVIO DE CAMPOS, AV DR",NA,"",192,"","08/06/2013 21:30",4,"AT",46,2824," "," ",0,1,0,0,0,0,0,0,0,0,0,0,0,0,0,0,0,18262,"SILVIO DE CAMPOS, AV DR",NA,"",NA,"",1,0,"SILVIO DE CAMPOS, AV DR 192 SAO PAULO SP",-23.4066414,-46.755832
"10892","D061302046",98410,"ISABEL (SAO MATEUS), RUA PRSA",NA,"",45,"","08/06/2013 21:40",4,"AT",69,6259," "," ",1,0,0,0,0,0,0,0,0,0,0,0,0,0,0,0,0,98410,"ISABEL (SAO MATEUS), RUA PRSA",NA,"",78,"SAPOPEMBA",1,0,"ISABEL (SAO MATEUS), RUA PRSA 45 SAO PAULO SP",-22.1213668,-51.3801669
"10893","D061300236",5618,"CURSINO, AV DO",NA,"",849,"","08/06/2013 21:48",4,"AT",16,7825,"B"," ",1,0,0,0,0,0,0,0,0,0,0,0,0,0,0,0,0,5618,"CURSINO, AV DO",NA,"",27,"CURSINO",1,0,"CURSINO, AV DO 849 SAO PAULO SP",-23.6099826,-46.6172906
"10894","D061301542",21621,"AGOSTINHO ALVIM, RUA PROF",NA,"",194,"","08/06/2013 22:00",4,"AT",47,8683," "," ",0,0,0,0,0,0,0,0,0,0,0,0,0,0,0,1,0,21621,"AGOSTINHO ALVIM, RUA PROF",NA,"",29,"FREGUESIA DO O",1,0,"AGOSTINHO ALVIM, RUA PROF 194 SAO PAULO SP",-23.6733833,-46.7784242
"10895","D061301571",15507,"TEOTONIO VILELA, AV SEN",NA,"",28000,"","08/06/2013 22:00",2,"CL",85,1814," "," ",1,1,0,0,0,0,0,0,0,0,0,0,0,0,0,0,0,15507,"TEOTONIO VILELA, AV SEN",NA,"",23,"CIDADE DUTRA",1,0,"TEOTONIO VILELA, AV SEN 28000 SAO PAULO SP",-23.7290679,-46.698928
"10896","D061300792",14741,"MIGUEL DE CASTRO, RUA",NA,"",1465,"","08/06/2013 22:30",4,"AT",87,5432," "," ",1,0,0,0,0,0,0,0,0,0,0,0,0,0,0,0,0,14741,"MIGUEL DE CASTRO, RUA",NA,"",64,"PIRITUBA",2,0,"MIGUEL DE CASTRO, RUA 1465 SAO PAULO SP",-23.47372,-46.7199075
"10897","D061300559",19259,"TURIASSU, RUA",NA,"",1891,"","08/06/2013 23:00",4,"AT",23,4242," "," ",0,1,0,0,0,0,0,0,0,0,0,0,0,0,0,0,0,19259,"TURIASSU, RUA",NA,"",19,"CAPAO REDONDO",1,0,"TURIASSU, RUA 1891 SAO PAULO SP",-23.5278324,-46.680603
"10899","D061300664",63022,"ORESTES ROSOLIA, RUA PROF",NA,"",393,"","09/06/2013 00:00",4,"AT",37,5166," "," ",0,0,0,0,0,0,0,0,0,0,0,0,0,0,0,1,0,63022,"ORESTES ROSOLIA, RUA PROF",NA,"",29,"FREGUESIA DO O",1,0,"ORESTES ROSOLIA, RUA PROF 393 SAO PAULO SP",-23.6455916,-46.7787522
"10900","D061301752",98965,"CALIM EID, AV",NA,"",1740,"","09/06/2013 00:05",2,"CH",24,6233," "," ",1,0,0,0,0,0,0,0,0,0,0,0,0,0,0,0,0,98965,"CALIM EID, AV",NA,"",60,"PENHA",1,0,"CALIM EID, AV 1740 SAO PAULO SP",-23.5214016,-46.4960406
"10901","D061302029",75433,"LATINOS, AV DOS",2181,"ARICANDUVA, AV",0,"","09/06/2013 00:10",2,"CO",66,2721," "," ",1,1,0,0,0,0,0,0,0,0,0,0,0,0,0,0,0,2181,"ARICANDUVA, AV",75433,"LATINOS, AV DOS",4,"ARICANDUVA",1,0,"LATINOS, AV DOS SAO PAULO SP &  ARICANDUVA, AV SAO PAULO SP",-23.572782,-46.5057073
"10902","D061301423",11328,"JULIO DE CASTILHOS, RUA",NA,"",434,"","09/06/2013 00:17",2,"CH",81,3510," "," ",2,0,0,0,0,0,0,0,0,0,0,0,0,0,0,0,0,11328,"JULIO DE CASTILHOS, RUA",NA,"",8,"BELEM",1,0,"JULIO DE CASTILHOS, RUA 434 SAO PAULO SP",-23.5443372,-46.6005002
"10903","D061302115",24338,"LUIZ IGNACIO ANHAIA MELLO, AV PROF",NA,"",9861,"","09/06/2013 00:21",2,"CH",69,6142," "," ",1,0,0,0,0,0,0,0,0,0,0,0,0,0,0,0,0,24338,"LUIZ IGNACIO ANHAIA MELLO, AV PROF",NA,"",26,"CONSOLACAO",0,1,"LUIZ IGNACIO ANHAIA MELLO, AV PROF 9861 SAO PAULO SP",-23.6046936,-46.5102212
"10904","D061300965",4775,"CEREJEIRAS, AV DAS",NA,"",264,"","09/06/2013 00:25",2,"CO",19,5388," "," ",1,1,0,0,0,0,0,0,0,0,0,0,0,0,0,0,0,4775,"CEREJEIRAS, AV DAS",NA,"",94,"VILA MEDEIROS",1,0,"CEREJEIRAS, AV DAS 264 SAO PAULO SP",-23.513119,-46.5805328
"10905","D061300865",9836,"JAGUARE, AV",11491,"KENKITI SIMOMOTO, AV",0,"","09/06/2013 00:27",2,"CO",93,4246," "," ",1,0,0,0,0,0,0,0,0,0,0,1,0,0,0,0,0,9836,"JAGUARE, AV",11491,"KENKITI SIMOMOTO, AV",40,"JAGUARE",2,0,"JAGUARE, AV SAO PAULO SP &  KENKITI SIMOMOTO, AV SAO PAULO SP",-23.550963,-46.74035
"10906","D061301239",4128,"CANGAIBA, AV",NA,"",2276,"","09/06/2013 00:30",2,"CF",10,6536," "," ",1,1,0,0,0,0,0,0,0,0,0,0,0,0,0,0,0,4128,"CANGAIBA, AV",NA,"",18,"CANGAIBA",1,0,"CANGAIBA, AV 2276 SAO PAULO SP",-23.507361,-46.5333506
"10907","D061300174",4561,"CASTELO BRANCO, AV PRES",NA,"",10000,"","09/06/2013 01:20",2,"CO",12,4555," "," ",2,0,0,0,0,0,0,0,0,0,0,0,0,0,0,0,0,29772,"MARGINAL DO RIO TIETE, AV",NA,"",6,"BARRA FUNDA",2,0,"CASTELO BRANCO, AV PRES 10000 SAO PAULO SP",-23.5107983,-46.6853317
"10909","D061301373",64125,"PINHEIRO GUIMARAES, RUA",NA,"",751,"","09/06/2013 01:41",2,"CO",56,3854," "," ",2,0,0,0,0,0,0,0,0,0,0,0,0,0,0,0,0,64125,"PINHEIRO GUIMARAES, RUA",NA,"",26,"CONSOLACAO",1,0,"PINHEIRO GUIMARAES, RUA 751 SAO PAULO SP",-23.5897178,-46.5710133
"10910","D061300530",14804,"NOVE DE JULHO, AV",2783,"BANDEIRA PAULISTA, RUA",0,"","09/06/2013 01:55",4,"AT",15,5875," "," ",1,0,0,0,0,0,0,0,0,0,0,0,0,0,0,0,0,2783,"BANDEIRA PAULISTA, RUA",14804,"NOVE DE JULHO, AV",34,"ITAIM BIBI",1,0,"NOVE DE JULHO, AV SAO PAULO SP &  BANDEIRA PAULISTA, RUA SAO PAULO SP",-23.5517584,-46.6473069
"10911","D061300628",7500,"FRANCISCO MORATO, AV PROF",NA,"",5800,"","09/06/2013 02:00",2,"CL",34,5154," "," ",2,1,0,0,0,0,0,0,0,0,0,0,0,0,0,0,0,7500,"FRANCISCO MORATO, AV PROF",NA,"",12,"BUTANTA",1,0,"FRANCISCO MORATO, AV PROF 5800 SAO PAULO SP",-23.6050533,-46.7460829
"10912","D061302148",3509,"BELMIRA MARIN, AV DONA",70323,"ANTONIO DE OSSELA, RUA STO",0,"","09/06/2013 02:47",4,"AT",101,4564," "," ",1,0,0,0,0,0,0,0,0,0,0,0,0,0,0,0,0,3509,"BELMIRA MARIN, AV DONA",61576,"BILAC, RUA",30,"GRAJAU",0,1,"BELMIRA MARIN, AV DONA SAO PAULO SP &  ANTONIO DE OSSELA, RUA STO SAO PAULO SP",-23.7563396,-46.6677778
"10913","D061301681",3509,"BELMIRA MARIN, AV DONA",70323,"ANTONIO DE OSSELA, RUA STO",0,"","09/06/2013 02:47",4,"AT",101,4462," "," ",1,0,0,0,0,0,0,0,0,0,0,0,0,0,0,0,0,3509,"BELMIRA MARIN, AV DONA",61576,"BILAC, RUA",30,"GRAJAU",1,0,"BELMIRA MARIN, AV DONA SAO PAULO SP &  ANTONIO DE OSSELA, RUA STO SAO PAULO SP",-23.7563396,-46.6677778
"10914","D061302100",15425,"CANTIDIO SAMPAIO, AV DEP",NA,"",1500,"","09/06/2013 03:14",2,"CF",72,5280,"B"," ",0,1,1,0,0,0,0,0,0,0,0,0,0,0,0,0,0,15425,"CANTIDIO SAMPAIO, AV DEP",NA,"",41,"JARAGUA",0,1,"CANTIDIO SAMPAIO, AV DEP 1500 SAO PAULO SP",-23.4650874,-46.679592
"10916","D061301347",75405,"BRUMADO DE MINAS, AV",NA,"",626,"","09/06/2013 03:32",2,"QM",42,3857," "," ",0,1,0,0,0,0,0,0,0,0,0,0,0,0,0,0,0,75405,"BRUMADO DE MINAS, AV",NA,"",26,"CONSOLACAO",1,0,"BRUMADO DE MINAS, AV 626 SAO PAULO SP",-23.5949454,-46.5563771
"10917","D061300982",19884,"VOLUNTARIOS DA PATRIA, RUA",NA,"",3692,"","09/06/2013 03:40",2,"CH",20,5389," "," ",0,0,0,0,0,0,0,0,0,0,0,1,0,0,0,0,0,19884,"VOLUNTARIOS DA PATRIA, RUA",NA,"",8,"BELEM",2,0,"VOLUNTARIOS DA PATRIA, RUA 3692 SAO PAULO SP",-23.4875965,-46.6264092
"10919","D061301198",6361,"ELISIO TEIXEIRA LEITE, AV",NA,"",6500,"","09/06/2013 04:00",2,"QM",74,5299," "," ",0,1,0,0,0,0,0,0,0,0,0,0,0,0,0,0,0,6361,"ELISIO TEIXEIRA LEITE, AV",NA,"",29,"FREGUESIA DO O",1,0,"ELISIO TEIXEIRA LEITE, AV 6500 SAO PAULO SP",-23.4455886,-46.7170752
"10920","D061301168",42220,"USHIKICHI KAMYIA, RUA",NA,"",3040,"","09/06/2013 04:15",2,"CF",73,6172," "," ",0,2,0,0,0,0,0,0,0,0,0,0,0,0,0,0,0,42220,"USHIKICHI KAMYIA, RUA",NA,"",38,"JACANA",2,0,"USHIKICHI KAMYIA, RUA 3040 SAO PAULO SP",-23.4388746,-46.5690328
"10921","D061301026",1508,"ANTONIETA LEITAO, RUA",NA,"",248,"","09/06/2013 05:30",2,"CH",28,6435,"B"," ",2,0,0,0,0,0,0,0,0,0,0,0,0,0,0,0,0,1508,"ANTONIETA LEITAO, RUA",NA,"",29,"FREGUESIA DO O",1,0,"ANTONIETA LEITAO, RUA 248 SAO PAULO SP",-23.5026254,-46.6970988
"10922","D061300929",19884,"VOLUNTARIOS DA PATRIA, RUA",17843,"SARAIVA, RUA CONS",0,"","09/06/2013 05:30",2,"CO",13,6428," "," ",2,0,0,0,0,0,0,0,0,0,0,0,0,0,0,0,0,17843,"SARAIVA, RUA CONS",19884,"VOLUNTARIOS DA PATRIA, RUA",71,"SANTANA",2,0,"VOLUNTARIOS DA PATRIA, RUA SAO PAULO SP &  SARAIVA, RUA CONS SAO PAULO SP",-23.5033096,-46.6263934
"10923","D061301570",20048,"YERVANT KISSAJIKIAN, AV",NA,"",1020,"","09/06/2013 06:58",2,"CO",80,900017,"C"," ",1,1,0,0,0,0,0,0,0,0,0,0,0,0,0,0,0,20048,"YERVANT KISSAJIKIAN, AV",NA,"",29,"FREGUESIA DO O",2,0,"YERVANT KISSAJIKIAN, AV 1020 SAO PAULO SP",-23.670348,-46.6697582
"10924","D061300104",12690,"MANOEL DUTRA, RUA",17517,"RUI BARBOSA, RUA",0,"","09/06/2013 07:40",2,"CO",5,4977," "," ",1,1,0,0,0,0,0,0,0,0,0,0,0,0,0,0,0,12690,"MANOEL DUTRA, RUA",17517,"RUI BARBOSA, RUA",7,"BELA VISTA",1,0,"MANOEL DUTRA, RUA SAO PAULO SP &  RUI BARBOSA, RUA SAO PAULO SP",-23.5555126,-46.646692
"10925","D061301561",70121,"DOMINGAS GALLETERI BLOTTA, RUA",NA,"",10,"","09/06/2013 07:41",2,"QM",80,6110," "," ",0,1,0,0,0,0,0,0,0,0,0,0,0,0,0,0,0,70121,"DOMINGAS GALLETERI BLOTTA, RUA",NA,"",29,"FREGUESIA DO O",1,0,"DOMINGAS GALLETERI BLOTTA, RUA 10 SAO PAULO SP",-23.6820762,-46.6776105
"10926","D061301089",9978,"JARDIM JAPAO, AV",NA,"",829,"","09/06/2013 07:54",2,"CH",39,6169," "," ",0,1,0,0,0,0,0,0,0,0,0,0,0,0,0,0,0,9978,"JARDIM JAPAO, AV",NA,"",94,"VILA MEDEIROS",2,0,"JARDIM JAPAO, AV 829 SAO PAULO SP",-23.4830292,-46.5800887
"10927","D061300215",15656,"PAULISTA, AV",8562,"HADDOCK LOBO, RUA",0,"","09/06/2013 07:58",2,"CO",78,4978,"B"," ",1,1,0,0,0,0,0,0,0,0,0,0,0,0,0,0,0,8562,"HADDOCK LOBO, RUA",15656,"PAULISTA, AV",44,"JARDIM PAULISTA",1,0,"PAULISTA, AV SAO PAULO SP &  HADDOCK LOBO, RUA SAO PAULO SP",-23.5625897,-46.6549244
"10929","D061302004",99999,"METALURGICOS, AV DOS",NA,"",1063,"","09/06/2013 09:30",2,"CT",54,8076," "," ",1,0,1,0,0,0,0,0,0,0,0,0,0,0,0,0,0,99999,"METALURGICOS, AV DOS",NA,"",25,"CIDADE TIRADENT",2,0,"METALURGICOS, AV DOS 1063 SAO PAULO SP",-23.5917322,-46.4072855
"10930","D061302014",39974,"CINIRA POLONIO, RUA",NA,"",33,"","09/06/2013 09:45",4,"AT",55,6154," "," ",0,1,0,0,0,0,0,0,0,0,0,0,0,0,0,0,0,39974,"CINIRA POLONIO, RUA",NA,"",55,"MORUMBI",1,0,"CINIRA POLONIO, RUA 33 SAO PAULO SP",-23.6200575,-46.4558151
"10932","D061300771",16878,"RAPOSO TAVARES, VIA",NA,"",15000,"","09/06/2013 10:30",2,"CO",75,4117," "," ",1,1,0,0,0,0,0,0,0,0,0,0,0,0,0,0,0,16878,"RAPOSO TAVARES, VIA",NA,"",13,"CACHOEIRINHA",1,0,"RAPOSO TAVARES, VIA 15000 SAO PAULO SP",-23.5250688,-48.4783913
"10933","D061301492",36000,"AMARO ALVES DO ROSARIO, RUA",38141,"PARTICULAR (PARELHEIROS), RUA",0,"","09/06/2013 10:30",2,"CL",25,4879," "," ",1,0,0,0,0,0,0,0,0,0,0,1,0,0,0,0,0,36000,"AMARO ALVES DO ROSARIO, RUA",38141,"PARTICULAR (PARELHEIROS), RUA",56,"PARELHEIROS",1,0,"AMARO ALVES DO ROSARIO, RUA SAO PAULO SP &  PARTICULAR (PARELHEIROS), RUA SAO PAULO SP",-23.8144616,-46.7352272
"10934","D061301563",12187,"LUIS BUENO DE MIRANDA, RUA",14743,"SABARA, AV NSRA DO",0,"","09/06/2013 11:30",2,"CO",80,6127," "," ",1,1,0,0,0,0,0,0,0,0,0,0,0,0,0,0,0,12187,"LUIS BUENO DE MIRANDA, RUA",14743,"SABARA, AV NSRA DO",16,"CAMPO GRANDE",1,0,"LUIS BUENO DE MIRANDA, RUA SAO PAULO SP &  SABARA, AV NSRA DO SAO PAULO SP",-23.6905111,-46.6758958
"10936","D061301057",4290,"ADOLFO COELHO, AV",NA,"",332,"","09/06/2013 13:00",4,"AT",38,5308," "," ",0,1,0,0,0,0,0,0,0,0,0,0,0,0,0,0,0,4290,"ADOLFO COELHO, AV",NA,"",51,"MANDAQUI",1,0,"ADOLFO COELHO, AV 332 SAO PAULO SP",-23.4742652,-46.6458201
"10938","D061300437",8423,"GUASSATUNGAS, RUA DOS",5393,"CORRUIRAS, RUA DAS",0,"","09/06/2013 13:48",2,"CF",97,5157," "," ",1,0,0,0,1,0,0,0,0,0,0,0,0,0,0,0,0,5393,"CORRUIRAS, RUA DAS",8423,"GUASSATUNGAS, RUA DOS",37,"JABAQUARA",1,0,"GUASSATUNGAS, RUA DOS SAO PAULO SP &  CORRUIRAS, RUA DAS SAO PAULO SP",-23.6573231,-46.6446815
"10939","D061302134",37209,"NAGIB FARAH MALUF, AV",NA,"",962,"","09/06/2013 14:00",2,"CP",63,4766," "," ",1,0,0,0,0,0,0,0,0,0,0,0,0,0,0,0,0,37209,"NAGIB FARAH MALUF, AV",NA,"",50,"LIMAO",0,1,"NAGIB FARAH MALUF, AV 962 SAO PAULO SP",-23.5448386,-46.4352382
"10940","D061300275",18171,"SILVA BRAGA, RUA ENG",NA,"",485,"","09/06/2013 14:22",2,"CO",26,5156," "," ",1,1,0,0,0,0,0,0,0,0,0,0,0,0,0,0,0,18171,"SILVA BRAGA, RUA ENG",NA,"",21,"CASA VERDE",2,0,"SILVA BRAGA, RUA ENG 485 SAO PAULO SP",-23.6293393,-46.6110302
"10941","D061301027",36284,"PETRONIO PORTELA, AV MIN",NA,"",927,"","09/06/2013 14:45",2,"CO",28,6444," "," ",1,1,0,0,0,0,0,0,0,0,0,0,0,0,0,0,0,36284,"PETRONIO PORTELA, AV MIN",NA,"",4,"ARICANDUVA",1,0,"PETRONIO PORTELA, AV MIN 927 SAO PAULO SP",-23.4915441,-46.6998702
"10943","D061301659",18099,"SERRUBA, RUA",NA,"",250,"","09/06/2013 15:00",4,"AT",100,3041," "," ",1,0,0,0,0,0,0,0,0,0,0,0,0,0,0,0,0,18099,"SERRUBA, RUA",NA,"",32,"IGUATEMI",1,0,"SERRUBA, RUA 250 SAO PAULO SP",-23.7227415,-46.7626366
"10944","D061301141",16051,"PENHA BRASIL, AV GAL",66114,"GONCALO DO ABAETE, RUA S",0,"","09/06/2013 15:00",2,"QM",72,5313," "," ",0,1,0,0,0,0,0,0,0,0,0,0,0,0,0,0,0,16051,"PENHA BRASIL, AV GAL",66114,"GONCALO DO ABAETE, RUA S",11,"BRASILANDIA",2,0,"PENHA BRASIL, AV GAL SAO PAULO SP &  GONCALO DO ABAETE, RUA S SAO PAULO SP",-23.4595594,-46.6745109
"10945","D061301836",46936,"JACU-PESSEGO/NOVA TRABALHADORE, AV",NA,"",522,"","09/06/2013 15:24",4,"AT",63,4796," "," ",1,0,0,0,0,0,0,0,0,0,0,0,0,0,0,0,0,46936,"JACU-PESSEGO/NOVA TRABALHADORE, AV",NA,"",46,"JOSE BONIFACIO",1,0,"JACU-PESSEGO/NOVA TRABALHADORE, AV 522 SAO PAULO SP",-23.5280912,-46.4576372
"10947","D061301814",63975,"MARIPA DE MINAS, RUA",NA,"",280,"","09/06/2013 16:15",2,"CH",62,4803," "," ",0,1,0,0,0,0,0,0,0,0,0,0,0,0,0,0,0,63975,"MARIPA DE MINAS, RUA",NA,"",0,"NULL",1,0,"MARIPA DE MINAS, RUA 280 SAO PAULO SP",-23.512907,-46.4769786
"10948","D061301023",13605,"MARTINELLI, AV COMEN",NA,"",350,"","09/06/2013 16:15",2,"CO",28,5321,"B"," ",2,0,0,0,0,0,0,0,0,0,0,0,0,0,0,0,0,13605,"MARTINELLI, AV COMEN",NA,"",6,"BARRA FUNDA",3,0,"MARTINELLI, AV COMEN 350 SAO PAULO SP",-23.5186813,-46.6999583
"10949","D061301925",6823,"EVALDO CALABREZ, RUA",NA,"",1579,"","09/06/2013 17:00",2,"CO",44,4133," "," ",0,1,1,0,0,0,0,0,0,0,0,0,0,0,0,0,0,6823,"EVALDO CALABREZ, RUA",NA,"",31,"GUAIANASES",1,0,"EVALDO CALABREZ, RUA 1579 SAO PAULO SP",-23.5490948,-46.419467
"10950","D061301562",16026,"PEIXOTO DE MELO FILHO, RUA",NA,"",700,"","09/06/2013 17:10",2,"QM",80,6124," "," ",0,1,0,0,0,0,0,0,0,0,0,0,0,0,0,0,0,16026,"PEIXOTO DE MELO FILHO, RUA",NA,"",29,"FREGUESIA DO O",1,0,"PEIXOTO DE MELO FILHO, RUA 700 SAO PAULO SP",-23.6833846,-46.6638747
"10951","D061302142",16026,"PEIXOTO DE MELO FILHO, RUA",NA,"",700,"","09/06/2013 17:10",2,"CH",80,6124," "," ",0,1,0,0,0,0,0,0,0,0,0,0,0,0,0,0,0,16026,"PEIXOTO DE MELO FILHO, RUA",NA,"",29,"FREGUESIA DO O",0,1,"PEIXOTO DE MELO FILHO, RUA 700 SAO PAULO SP",-23.6833846,-46.6638747
"10952","D061301608",75224,"MARCOS TADEU GOUVEIA, RUA",NA,"",807,"","09/06/2013 17:30",2,"SI",92,7168," "," ",1,0,0,0,0,0,0,0,0,0,0,0,0,0,0,0,0,75224,"MARCOS TADEU GOUVEIA, RUA",NA,"",32,"IGUATEMI",2,0,"MARCOS TADEU GOUVEIA, RUA 807 SAO PAULO SP",-23.6572638,-46.7555043
"10953","D061300181",3653,"BRESSER, RUA",NA,"",2701,"","09/06/2013 17:35",2,"CO",12,5181," "," ",2,2,0,0,0,0,0,0,0,0,0,0,0,0,0,0,0,3653,"BRESSER, RUA",NA,"",10,"BRAS",1,0,"BRESSER, RUA 2701 SAO PAULO SP",-23.5525614,-46.5990742
"10955","D061301813",13941,"MIGUEL RACHID, RUA",NA,"",62,"","09/06/2013 18:07",4,"AT",62,2728," "," ",1,0,0,0,0,0,0,0,0,0,0,0,0,0,0,0,0,13941,"MIGUEL RACHID, RUA",NA,"",28,"ERMELINO MATARA",1,0,"MIGUEL RACHID, RUA 62 SAO PAULO SP",-23.492351,-46.4783103
"10956","D061300704",73197,"MOGEIRO, RUA",NA,"",1584,"","09/06/2013 18:20",4,"AT",46,5460," "," ",0,0,1,0,0,0,0,0,0,0,0,0,0,0,0,0,0,73197,"MOGEIRO, RUA",NA,"",52,"MARSILAC",1,0,"MOGEIRO, RUA 1584 SAO PAULO SP",-23.4036662,-46.763872
"10960","D061300808",8000,"GIOVANNI GRONCHI, AV",21762,"LAERTE SETUBAL, RUA DR",0,"","09/06/2013 19:40",4,"AT",89,5182," "," ",1,0,0,0,0,0,0,0,0,0,0,0,0,0,0,0,0,8000,"GIOVANNI GRONCHI, AV",21762,"LAERTE SETUBAL, RUA DR",85,"VILA ANDRADE",1,0,"GIOVANNI GRONCHI, AV SAO PAULO SP &  LAERTE SETUBAL, RUA DR SAO PAULO SP",-23.6004501,-46.710515
"10961","D061300809",13014,"MARGINAL DO RIO PINHEIROS, AV",NA,"",15000,"","09/06/2013 20:00",2,"CO",89,5187," "," ",2,1,0,0,0,0,0,0,0,0,0,0,0,0,0,0,0,13014,"MARGINAL DO RIO PINHEIROS, AV",NA,"",40,"JAGUARE",1,0,"MARGINAL DO RIO PINHEIROS, AV 15000 SAO PAULO SP",-23.5604208,-46.6574734
"10962","D061302136",4128,"CANGAIBA, AV",NA,"",3200,"","09/06/2013 20:00",2,"CT",24,2299," "," ",0,1,1,0,0,0,0,0,0,0,0,0,0,0,0,0,0,4128,"CANGAIBA, AV",NA,"",18,"CANGAIBA",0,1,"CANGAIBA, AV 3200 SAO PAULO SP",-23.506588,-46.524752
"10963","D061301142",16051,"PENHA BRASIL, AV GAL",NA,"",3000,"","09/06/2013 20:22",2,"CO",72,5323," "," ",1,1,0,0,0,0,0,0,0,0,0,0,0,0,0,0,0,16051,"PENHA BRASIL, AV GAL",NA,"",48,"LAPA",1,0,"PENHA BRASIL, AV GAL 3000 SAO PAULO SP",-23.4504756,-46.6782905
"10964","D061300377",7666,"FUZARO, AV",NA,"",450,"","09/06/2013 20:30",2,"CO",83,5182," "," ",1,1,0,0,0,0,0,0,0,0,0,0,0,0,0,0,0,7666,"FUZARO, AV",NA,"",27,"CURSINO",1,0,"FUZARO, AV 450 SAO PAULO SP",-23.6368039,-46.6180644
"10965","D061300930",4438,"JOAQUIM AFONSO DE SOUZA, RUA",NA,"",969,"","09/06/2013 21:16",4,"AT",13,6458," "," ",0,0,0,0,0,0,0,0,0,0,0,0,0,0,0,1,0,4438,"JOAQUIM AFONSO DE SOUZA, RUA",NA,"",21,"CASA VERDE",1,0,"JOAQUIM AFONSO DE SOUZA, RUA 969 SAO PAULO SP",-23.483862,-46.6635443
"10966","D061301104",6450,"EMILIO CARLOS, AV DEP",NA,"",550,"","09/06/2013 21:20",2,"CF",40,1888," "," ",2,0,0,0,0,0,0,0,0,0,0,0,0,0,0,0,0,6450,"EMILIO CARLOS, AV DEP",NA,"",50,"LIMAO",1,0,"EMILIO CARLOS, AV DEP 550 SAO PAULO SP",-23.5001623,-46.674312
"10968","D061301038",34562,"JOAO PAULO I, AV",NA,"",12,"","09/06/2013 21:30",2,"CT",28,3073,"B"," ",1,1,0,0,0,0,0,0,0,0,0,0,0,0,0,0,0,34562,"JOAO PAULO I, AV",NA,"",4,"ARICANDUVA",2,0,"JOAO PAULO I, AV 12 SAO PAULO SP",-23.4925858,-46.6912019
"10970","D061302005",99999,"METALURGICOS, AV DOS",NA,"",1234,"","09/06/2013 22:29",2,"CH",54,8102," "," ",1,0,0,0,0,0,0,0,0,0,0,0,0,0,0,0,0,99999,"METALURGICOS, AV DOS",NA,"",25,"CIDADE TIRADENT",3,0,"METALURGICOS, AV DOS 1234 SAO PAULO SP",-23.5936453,-46.4063431
"10972","D061301058",61364,"DOMINGOS JOSE SAPIENZA, RUA",NA,"",508,"","09/06/2013 23:00",2,"CO",38,5330," "," ",1,1,0,0,0,0,0,0,0,0,0,0,0,0,0,0,0,61364,"DOMINGOS JOSE SAPIENZA, RUA",NA,"",8,"BELEM",2,0,"DOMINGOS JOSE SAPIENZA, RUA 508 SAO PAULO SP",-23.4658055,-46.6513979
"10973","D061300262",18172,"SILVA BUENO, RUA",NA,"",1830,"","09/06/2013 23:02",2,"CT",17,7887," "," ",1,0,0,0,0,0,0,0,0,0,0,1,0,0,0,0,0,18172,"SILVA BUENO, RUA",NA,"",18,"CANGAIBA",1,0,"SILVA BUENO, RUA 1830 SAO PAULO SP",-23.5946428,-46.6011155
"10974","D061301586",79059,"JULIO LOURENCO PINTO, RUA",NA,"",296,"","09/06/2013 23:15",2,"CO",92,3614," "," ",1,1,0,0,0,0,0,0,0,0,0,0,0,0,0,0,0,79059,"JULIO LOURENCO PINTO, RUA",NA,"",32,"IGUATEMI",2,0,"JULIO LOURENCO PINTO, RUA 296 SAO PAULO SP",-23.6632283,-46.7581567