"","id_acidente","codloga","logradouroA","codlogb","logradouroB","alt_num","referencia","data","cod_acid","tipo_acidente","dp","numero_BO","sentido","pista","automovel","moto","onibus","caminhao","bicicleta","moto_taxi","onibus_fretado","onibus_urbano","microonibus","van","vuc","caminhonete","carreta","jipe","outros","sem_informacao","carroca","princ_a","paiA","princ_b","paiB","cod_distrito","distrito","vit_ferida","vit_morta","local","lat","lon"
"11146","D061300996",10945,"JOSE ERMIRIO DE MORAES, AV SEN",19691,"VIEIRA DE MELO, RUA",0,"","12/06/2013 11:00",4,"AT",20,5981," "," ",1,0,0,0,0,0,0,0,0,0,0,0,0,0,0,0,0,10945,"JOSE ERMIRIO DE MORAES, AV SEN",19691,"VIEIRA DE MELO, RUA",83,"TREMEMBE",1,0,"JOSE ERMIRIO DE MORAES, AV SEN SAO PAULO SP &  VIEIRA DE MELO, RUA SAO PAULO SP",-23.4521674,-46.6147803
"11147","D061300934",9078,"IMIRIM, AV",NA,"",1823,"","12/06/2013 11:10",2,"CO",13,6564," "," ",1,1,0,0,0,0,0,0,0,0,0,0,0,0,0,0,0,9078,"IMIRIM, AV",NA,"",71,"SANTANA",1,0,"IMIRIM, AV 1823 SAO PAULO SP",-23.490513,-46.6505058
"11149","D061300519",10556,"JOAQUIM FLORIANO, RUA",NA,"",164,"","12/06/2013 11:58",2,"QD",15,2883," "," ",0,0,1,0,0,0,0,0,0,0,0,0,0,0,0,0,0,10556,"JOAQUIM FLORIANO, RUA",NA,"",34,"ITAIM BIBI",1,0,"JOAQUIM FLORIANO, RUA 164 SAO PAULO SP",-23.5837022,-46.6716788
"11150","D061300186",8771,"HIGIENOPOLIS, AV",NA,"",618,"","12/06/2013 12:03",4,"AT",77,2520," "," ",4,0,0,0,0,0,0,0,0,0,0,1,0,0,0,0,0,8771,"HIGIENOPOLIS, AV",NA,"",26,"CONSOLACAO",2,0,"HIGIENOPOLIS, AV 618 SAO PAULO SP",-23.5430628,-46.6576628
"11151","D061300141",543,"ALCANTARA MACHADO, AV",NA,"",200,"","12/06/2013 12:40",2,"CO",8,4662," "," ",1,0,0,0,1,0,0,0,0,0,0,0,0,0,0,0,0,543,"ALCANTARA MACHADO, AV",NA,"",10,"BRAS",1,0,"ALCANTARA MACHADO, AV 200 SAO PAULO SP",-23.5508209,-46.6078084
"11152","D061300935",3637,"BRAZ LEME, AV",NA,"",175,"","12/06/2013 12:50",2,"CT",13,6574," "," ",1,1,0,0,0,0,0,0,0,0,0,0,0,0,0,0,0,3637,"BRAZ LEME, AV",NA,"",21,"CASA VERDE",1,0,"BRAZ LEME, AV 175 SAO PAULO SP",-23.5129998,-46.6536889
"11154","D061302059",17824,"SAPOPEMBA, AV",11967,"ISRAEL FONSECA, AV",0,"","12/06/2013 12:56",2,"CO",70,2890," "," ",1,1,0,0,0,0,0,0,0,0,0,0,0,0,0,0,0,11967,"ISRAEL FONSECA, AV",17824,"SAPOPEMBA, AV",78,"SAPOPEMBA",1,0,"SAPOPEMBA, AV SAO PAULO SP &  ISRAEL FONSECA, AV SAO PAULO SP",-23.6148326,-46.5024993
"11155","D061300725",16913,"REACAO, RUA",NA,"",77,"","12/06/2013 13:09",4,"AT",51,2631," "," ",0,1,0,0,0,0,0,0,0,0,0,0,0,0,0,0,0,16913,"REACAO, RUA",NA,"",13,"CACHOEIRINHA",1,0,"REACAO, RUA 77 SAO PAULO SP",-23.5724459,-46.7091424
"11156","D061300840",7836,"GASTAO VIDIGAL, AV DR",NA,"",1946,"","12/06/2013 13:35",4,"AT",91,4358," "," ",0,0,0,1,0,0,0,0,0,0,0,0,0,0,0,0,0,7836,"GASTAO VIDIGAL, AV DR",NA,"",90,"VILA LEOPOLDINA",1,0,"GASTAO VIDIGAL, AV DR 1946 SAO PAULO SP",-23.5339331,-46.7347799
"11157","D061300239",9206,"INHAUMA, RUA VISC DE",9537,"ITAPIRU, RUA",0,"","12/06/2013 14:00",2,"CO",16,8041," "," ",0,1,0,0,0,0,0,0,0,0,0,1,0,0,0,0,0,9206,"INHAUMA, RUA VISC DE",9537,"ITAPIRU, RUA",79,"SAUDE",1,0,"INHAUMA, RUA VISC DE SAO PAULO SP &  ITAPIRU, RUA SAO PAULO SP",-23.6169782,-46.6325551
"11158","D061301587",8368,"GUARAPIRANGA, AV",NA,"",221,"","12/06/2013 14:00",2,"CO",92,3650," "," ",0,2,0,0,0,0,0,0,0,0,0,1,0,0,0,0,0,8368,"GUARAPIRANGA, AV",NA,"",45,"JARDIM SAO LUIS",1,0,"GUARAPIRANGA, AV 221 SAO PAULO SP",-23.6703395,-46.7342754
"11159","D061301736",17820,"TITO, AV MAL",NA,"",1428,"","12/06/2013 14:12",2,"CO",22,2787," "," ",1,1,0,0,0,0,0,0,0,0,0,0,0,0,0,0,0,17820,"TITO, AV MAL",NA,"",53,"MOEMA",2,0,"TITO, AV MAL 1428 SAO PAULO SP",-23.4953231,-46.4325363
"11160","D061300936",15188,"OTAVIANO ALVES DE LIMA, AV",NA,"",1,"","12/06/2013 14:15",2,"CO",13,6579," "," ",1,1,0,0,0,0,0,0,0,0,0,0,0,0,0,0,0,29772,"MARGINAL DO RIO TIETE, AV",NA,"",23,"CIDADE DUTRA",1,0,"OTAVIANO ALVES DE LIMA, AV 1 SAO PAULO SP",-23.5147781,-46.662128
"11161","D061300841",7836,"GASTAO VIDIGAL, AV DR",NA,"",2000,"","12/06/2013 14:35",4,"AT",91,4362," "," ",0,1,0,0,0,0,0,0,0,0,0,0,0,0,0,0,0,7836,"GASTAO VIDIGAL, AV DR",NA,"",90,"VILA LEOPOLDINA",2,0,"GASTAO VIDIGAL, AV DR 2000 SAO PAULO SP",-23.5341464,-46.7345928
"11162","D061300608",14267,"MORUMBI, AV",11687,"LEBRET, AV PDE",0,"","12/06/2013 15:33",4,"AT",34,3503," "," ",0,1,0,0,0,0,0,0,0,0,0,0,0,0,0,0,0,11687,"LEBRET, AV PDE",14267,"MORUMBI, AV",55,"MORUMBI",1,0,"MORUMBI, AV SAO PAULO SP &  LEBRET, AV PDE SAO PAULO SP",-23.5871012,-46.7059801
"11163","D061302092",5567,"CRUZEIRO DO SUL, AV",NA,"",3315,"","12/06/2013 16:29",4,"AT",20,5536," "," ",1,0,0,0,0,0,0,0,0,0,0,0,0,0,0,0,0,5567,"CRUZEIRO DO SUL, AV",NA,"",5,"ARTUR ALVIM",5,1,"CRUZEIRO DO SUL, AV 3315 SAO PAULO SP",-23.5015294,-46.6249002
"11164","D061300810",64104,"JOAO AVELINO PINHO MELLAO, RUA",NA,"",287,"","12/06/2013 16:45",2,"CO",89,5280," "," ",1,1,0,0,0,0,0,0,0,0,0,0,0,0,0,0,0,64104,"JOAO AVELINO PINHO MELLAO, RUA",NA,"",13,"CACHOEIRINHA",1,0,"JOAO AVELINO PINHO MELLAO, RUA 287 SAO PAULO SP",-23.6078717,-46.7244849
"11167","D061301323",6122,"DULCE, RUA",16021,"PEGADO, RUA ENG",0,"","12/06/2013 17:00",2,"CL",31,3654," "," ",2,0,0,0,0,0,0,0,0,0,0,0,0,0,0,0,0,6122,"DULCE, RUA",16021,"PEGADO, RUA ENG",20,"CARRAO",1,0,"DULCE, RUA SAO PAULO SP &  PEGADO, RUA ENG SAO PAULO SP",-23.5496381,-46.535239
"11168","D061301856",5606,"CUPECE, AV",NA,"",620,"","12/06/2013 17:10",2,"CO",64,4747," "," ",1,0,0,0,0,0,0,0,1,0,0,0,0,0,0,0,0,5606,"CUPECE, AV",NA,"",22,"CIDADE ADEMAR",1,0,"CUPECE, AV 620 SAO PAULO SP",-23.6538473,-46.6700464
"11169","D061300255",3926,"CAMAMU, RUA VISC DE",NA,"",1,"","12/06/2013 17:15",2,"QM",17,2861," "," ",0,1,0,0,0,0,0,0,0,0,0,0,0,0,0,0,0,3926,"CAMAMU, RUA VISC DE",NA,"",33,"IPIRANGA",1,0,"CAMAMU, RUA VISC DE 1 SAO PAULO SP",-23.6047235,-46.5942507
"11170","D061301042",9078,"IMIRIM, AV",NA,"",1818,"","12/06/2013 17:25",2,"CO",38,2913," "," ",1,1,0,0,0,0,0,0,0,0,0,0,0,0,0,0,0,9078,"IMIRIM, AV",NA,"",71,"SANTANA",1,0,"IMIRIM, AV 1818 SAO PAULO SP",-23.4905399,-46.6504397
"11171","D061301820",16490,"PONTE RASA, RUA",NA,"",573,"","12/06/2013 17:30",2,"CO",62,6402," "," ",2,0,0,0,0,0,0,0,0,0,0,0,0,0,0,0,0,16490,"PONTE RASA, RUA",NA,"",0,"NULL",2,0,"PONTE RASA, RUA 573 SAO PAULO SP",-23.5124991,-46.4857734
"11172","D061301081",5493,"CRISPIM DUARTE, RUA",9512,"ITAMONTE, RUA",0,"","12/06/2013 17:30",2,"CO",39,3115," "," ",2,0,0,0,0,0,0,0,0,0,0,0,0,0,0,0,0,5493,"CRISPIM DUARTE, RUA",9512,"ITAMONTE, RUA",94,"VILA MEDEIROS",1,0,"CRISPIM DUARTE, RUA SAO PAULO SP &  ITAMONTE, RUA SAO PAULO SP",-23.4925619,-46.586935
"11173","D061301409",2735,"BAILIQUE, RUA",2392,"ASCENSAO, RUA",0,"","12/06/2013 17:50",2,"CF",58,1319," "," ",1,1,0,0,0,0,0,0,0,0,0,0,0,0,0,0,0,2392,"ASCENSAO, RUA",2735,"BAILIQUE, RUA",87,"VILA FORMOSA",1,0,"BAILIQUE, RUA SAO PAULO SP &  ASCENSAO, RUA SAO PAULO SP",-23.5595032,-46.5449775
"11174","D061301349",17824,"SAPOPEMBA, AV",NA,"",7500,"","12/06/2013 17:51",4,"AT",42,3957," "," ",0,0,0,1,0,0,0,0,0,0,0,0,0,0,0,0,0,17824,"SAPOPEMBA, AV",NA,"",33,"IPIRANGA",1,0,"SAPOPEMBA, AV 7500 SAO PAULO SP",-23.5946229,-46.5264397
"11177","D061300124",6624,"ESPIRITO SANTO, RUA",3699,"BUENO DE ANDRADE, RUA",0,"","12/06/2013 18:00",2,"CH",6,4674," "," ",1,0,0,0,0,0,0,0,0,0,0,0,0,0,0,0,0,797,"ALMEIDA TORRES, RUA",3699,"BUENO DE ANDRADE, RUA",NA,"",1,0,"ESPIRITO SANTO, RUA SAO PAULO SP &  BUENO DE ANDRADE, RUA SAO PAULO SP",-23.5681951,-46.6304197
"11178","D061300598",6738,"EUCLIDES FIGUEIREDO, RUA GAL",NA,"",94,"","12/06/2013 18:07",4,"AT",34,167," "," ",1,0,0,0,0,0,0,0,0,0,0,0,0,0,0,0,0,6738,"EUCLIDES FIGUEIREDO, RUA GAL",NA,"",55,"MORUMBI",1,0,"EUCLIDES FIGUEIREDO, RUA GAL 94 SAO PAULO SP",-23.6080902,-46.7133588
"11179","D061302047",17824,"SAPOPEMBA, AV",NA,"",11999,"","12/06/2013 18:15",4,"AT",69,6307," "," ",1,0,0,0,0,0,0,0,0,0,0,0,0,0,0,0,0,17824,"SAPOPEMBA, AV",NA,"",33,"IPIRANGA",1,0,"SAPOPEMBA, AV 11999 SAO PAULO SP",-23.6129449,-46.4926371
"11180","D061301174",42220,"USHIKICHI KAMYIA, RUA",NA,"",1000,"","12/06/2013 18:40",2,"CF",73,6342," "," ",1,1,0,0,0,0,0,0,0,0,0,0,0,0,0,0,0,42220,"USHIKICHI KAMYIA, RUA",NA,"",38,"JACANA",1,0,"USHIKICHI KAMYIA, RUA 1000 SAO PAULO SP",-23.4398527,-46.5759941
"11181","D061300106",12165,"LUIS ANTONIO, AV BRIG",NA,"",758,"","12/06/2013 18:41",2,"CO",5,5112," "," ",1,1,0,0,0,0,0,0,0,0,0,0,0,0,0,0,0,12165,"LUIS ANTONIO, AV BRIG",NA,"",7,"BELA VISTA",1,0,"LUIS ANTONIO, AV BRIG 758 SAO PAULO SP",-23.5569648,-46.6404568
"11184","D061300176",10177,"JOAO BOEMER, RUA",17180,"RITA, RUA STA",0,"","12/06/2013 19:00",2,"CO",12,4672," "," ",0,1,0,0,0,0,0,0,1,0,0,0,0,0,0,0,0,10177,"JOAO BOEMER, RUA",17180,"RITA, RUA STA",8,"BELEM",1,0,"JOAO BOEMER, RUA SAO PAULO SP &  RITA, RUA STA SAO PAULO SP",-23.5312342,-46.6130982
"11185","D061300948",17843,"SARAIVA, RUA CONS",NA,"",170,"","12/06/2013 19:15",2,"CO",13,900124," "," ",2,1,0,0,0,0,0,0,0,0,0,0,0,0,0,0,0,17843,"SARAIVA, RUA CONS",NA,"",8,"BELEM",1,0,"SARAIVA, RUA CONS 170 SAO PAULO SP",-23.4991032,-46.6253174
"11186","D061301574",61134,"EMANUEL MARQUES PORTO, RUA MAL",NA,"",101,"","12/06/2013 19:50",4,"AA",85,2918," "," ",0,1,0,0,0,0,0,0,0,0,0,0,0,0,0,0,0,61134,"EMANUEL MARQUES PORTO, RUA MAL",NA,"",32,"IGUATEMI",1,0,"EMANUEL MARQUES PORTO, RUA MAL 101 SAO PAULO SP",-23.7631397,-46.6857984
"11188","D061300531",14804,"NOVE DE JULHO, AV",NA,"",5109,"","12/06/2013 20:00",4,"AT",15,6058," "," ",0,1,0,0,0,0,0,0,0,0,0,0,0,0,0,0,0,14804,"NOVE DE JULHO, AV",NA,"",63,"PINHEIROS",1,0,"NOVE DE JULHO, AV 5109 SAO PAULO SP",-23.5780526,-46.6743122
"11189","D061300560",7491,"FRANCISCO MATARAZZO, AV",NA,"",1000,"","12/06/2013 20:25",4,"AT",23,4375," "," ",0,0,1,0,0,0,0,0,0,0,0,0,0,0,0,0,0,7491,"FRANCISCO MATARAZZO, AV",NA,"",6,"BARRA FUNDA",1,0,"FRANCISCO MATARAZZO, AV 1000 SAO PAULO SP",-23.5257582,-46.6778668
"11190","D061300706",98860,"PAULO ARENTINO, RUA",NA,"",390,"","12/06/2013 20:30",4,"AT",46,5575," "," ",1,0,0,0,0,0,0,0,0,0,0,0,0,0,0,0,0,98860,"PAULO ARENTINO, RUA",NA,"",41,"JARAGUA",1,0,"PAULO ARENTINO, RUA 390 SAO PAULO SP",-23.4377618,-46.7335615
"11192","D061301838",13881,"MIGUEL, AV S",NA,"",6485,"","12/06/2013 21:21",2,"CT",63,4904," "," ",1,0,0,1,0,0,0,0,0,0,0,0,0,0,0,0,0,13881,"MIGUEL, AV S",NA,"",65,"PONTE RASA",1,0,"MIGUEL, AV S 6485 SAO PAULO SP",-23.5032774,-46.4719303
"11195","D061300333",32522,"FRANCISCO DE PAULA Q. RIBEIRO, AV",10041,"JEQUITIBAS, RUA DOS",0,"","12/06/2013 23:00",2,"CL",35,8063," "," ",1,0,1,0,0,0,0,0,0,0,0,0,0,0,0,0,0,8232,"GRUMIXAMAS, RUA DAS",10041,"JEQUITIBAS, RUA DOS",37,"JABAQUARA",1,0,"FRANCISCO DE PAULA Q. RIBEIRO, AV SAO PAULO SP &  JEQUITIBAS, RUA DOS SAO PAULO SP",-23.6503313,-46.6433295
"11196","D061300107",12165,"LUIS ANTONIO, AV BRIG",NA,"",456,"","13/06/2013 00:19",2,"CO",5,5118," "," ",1,1,0,0,0,0,0,0,0,0,0,0,0,0,0,0,0,12165,"LUIS ANTONIO, AV BRIG",NA,"",7,"BELA VISTA",1,0,"LUIS ANTONIO, AV BRIG 456 SAO PAULO SP",-23.5543634,-46.6387788
"11197","D061301743",60348,"QUIPAPA, RUA",NA,"",182,"","13/06/2013 00:57",2,"QM",22,4911," "," ",0,1,0,0,0,0,0,0,0,0,0,0,0,0,0,0,0,60348,"QUIPAPA, RUA",NA,"",53,"MOEMA",2,0,"QUIPAPA, RUA 182 SAO PAULO SP",-23.4898802,-46.4270207
"11198","D061301426",6371,"ELISABETH DE ROBIANO, AV CDSSA",NA,"",750,"","13/06/2013 02:50",2,"CH",81,6704," "," ",0,0,0,0,0,0,0,0,0,0,0,1,0,0,0,0,0,29772,"MARGINAL DO RIO TIETE, AV",NA,"",82,"TATUAPE",1,0,"ELISABETH DE ROBIANO, AV CDSSA 750 SAO PAULO SP",-23.5076424,-46.5495997
"11200","D061300726",24356,"PAULO RIBEIRO COELHO, RUA DR",NA,"",131,"","13/06/2013 04:40",2,"CH",51,2336," "," ",1,0,0,0,0,0,0,0,0,0,0,0,0,0,0,0,0,24356,"PAULO RIBEIRO COELHO, RUA DR",NA,"",68,"RIO PEQUENO",1,0,"PAULO RIBEIRO COELHO, RUA DR 131 SAO PAULO SP",-23.5768772,-46.7610953
"11201","D061301269",2181,"ARICANDUVA, AV",19221,"TUMUCUMAQUE, RUA",0,"","13/06/2013 05:00",2,"CO",21,1965," "," ",2,0,0,0,0,0,0,0,0,0,0,0,0,0,0,0,0,2181,"ARICANDUVA, AV",19221,"TUMUCUMAQUE, RUA",20,"CARRAO",3,0,"ARICANDUVA, AV SAO PAULO SP &  TUMUCUMAQUE, RUA SAO PAULO SP",-23.5479783,-46.5260893
"11202","D061301556",15507,"TEOTONIO VILELA, AV SEN",NA,"",106,"","13/06/2013 06:00",2,"SI",48,2258," "," ",1,1,0,0,0,0,0,0,0,0,0,0,0,0,0,0,0,15507,"TEOTONIO VILELA, AV SEN",NA,"",23,"CIDADE DUTRA",1,0,"TEOTONIO VILELA, AV SEN 106 SAO PAULO SP",-23.702427,-46.701346
"11203","D061301289",17824,"SAPOPEMBA, AV",8079,"GOMES, RUA",0,"","13/06/2013 06:20",2,"QM",29,1520," "," ",0,1,0,0,0,0,0,0,0,0,0,0,0,0,0,0,0,8079,"GOMES, RUA",17824,"SAPOPEMBA, AV",87,"VILA FORMOSA",2,0,"SAPOPEMBA, AV SAO PAULO SP &  GOMES, RUA SAO PAULO SP",-23.6148326,-46.5024993
"11204","D061302093",13055,"INACIO LUIS DA COSTA, RUA",NA,"",2296,"","13/06/2013 06:34",2,"CT",33,5577," "," ",1,0,1,0,0,0,0,0,0,0,0,0,0,0,0,0,0,13055,"INACIO LUIS DA COSTA, RUA",NA,"",39,"JAGUARA",0,1,"INACIO LUIS DA COSTA, RUA 2296 SAO PAULO SP",-23.5071119,-46.7440505
"11206","D061301588",21326,"GERALDO FRAGA DE OLIVEIRA, RUA",NA,"",75,"","13/06/2013 06:40",4,"AT",92,3663," "," ",0,1,0,0,0,0,0,0,0,0,0,0,0,0,0,0,0,21326,"GERALDO FRAGA DE OLIVEIRA, RUA",NA,"",29,"FREGUESIA DO O",1,0,"GERALDO FRAGA DE OLIVEIRA, RUA 75 SAO PAULO SP",-23.6533682,-46.7351649
"11207","D061300321",7882,"GEORGE CORBISIER, AV ENG",NA,"",698,"","13/06/2013 06:41",4,"AT",35,4763," "," ",0,0,0,0,0,0,0,0,0,0,0,0,0,0,0,1,0,7882,"GEORGE CORBISIER, AV ENG",NA,"",37,"JABAQUARA",1,0,"GEORGE CORBISIER, AV ENG 698 SAO PAULO SP",-23.6426199,-46.6445049
"11209","D061300609",6582,"ERNESTO SENA, RUA",NA,"",12,"","13/06/2013 07:00",4,"AT",34,3508," "," ",1,0,0,0,0,0,0,0,0,0,0,0,0,0,0,0,0,6582,"ERNESTO SENA, RUA",NA,"",96,"VILA SONIA",1,0,"ERNESTO SENA, RUA 12 SAO PAULO SP",-23.6039094,-46.7473988
"11210","D061300582",4005,"GALVAO BUENO TRIGUEIRINHO, RUA",NA,"",486,"","13/06/2013 07:15",4,"AT",33,5582," "," ",1,0,0,0,0,0,0,0,0,0,0,0,0,0,0,0,0,4005,"GALVAO BUENO TRIGUEIRINHO, RUA",NA,"",39,"JAGUARA",1,0,"GALVAO BUENO TRIGUEIRINHO, RUA 486 SAO PAULO SP",-23.456982,-46.7454896
"11212","D061300610",7500,"FRANCISCO MORATO, AV PROF",NA,"",36412,"","13/06/2013 07:37",2,"CT",34,3521," "," ",2,1,0,0,0,0,0,0,0,0,0,0,0,0,0,0,0,7500,"FRANCISCO MORATO, AV PROF",NA,"",12,"BUTANTA",2,0,"FRANCISCO MORATO, AV PROF 36412 SAO PAULO SP",-23.5789486,-46.7103326
"11213","D061300520",12326,"JUSCELINO KUBITSCHEK, AV PRES",NA,"",2041,"","13/06/2013 07:40",2,"CT",15,2933," "," ",1,1,0,0,0,0,0,0,0,0,0,0,0,0,0,0,0,12326,"JUSCELINO KUBITSCHEK, AV PRES",NA,"",34,"ITAIM BIBI",2,0,"JUSCELINO KUBITSCHEK, AV PRES 2041 SAO PAULO SP",-23.5906712,-46.6898078
"11214","D061300489",16919,"REBOUCAS, AV",NA,"",677,"","13/06/2013 07:50",2,"CL",14,6045," "," ",1,1,0,0,0,0,0,0,0,0,0,0,0,0,0,0,0,16919,"REBOUCAS, AV",NA,"",44,"JARDIM PAULISTA",1,0,"REBOUCAS, AV 677 SAO PAULO SP",-23.5590766,-46.6692634
"11215","D061300048",18993,"TIRADENTES, AV",NA,"",1,"","13/06/2013 07:50",2,"CL",2,3592,"C"," ",1,1,0,0,0,0,0,0,0,0,0,0,0,0,0,0,0,18993,"TIRADENTES, AV",NA,"",9,"BOM RETIRO",1,0,"TIRADENTES, AV 1 SAO PAULO SP",-23.5371519,-46.6336069
"11216","D061300545",7828,"GASTAO MESQUITA, RUA MIN",1940,"APIACAS, RUA",0,"","13/06/2013 07:50",2,"CO",23,3362," "," ",3,0,0,0,0,0,0,0,0,0,0,0,0,0,0,0,0,1940,"APIACAS, RUA",7828,"GASTAO MESQUITA, RUA MIN",61,"PERDIZES",2,0,"GASTAO MESQUITA, RUA MIN SAO PAULO SP &  APIACAS, RUA SAO PAULO SP",-23.5387966,-46.6797915
"11217","D061301945",13671,"MATEO BEI, AV",NA,"",3300,"","13/06/2013 08:00",4,"AT",49,8359," "," ",0,0,0,0,0,0,0,0,0,0,0,0,0,0,0,1,0,13671,"MATEO BEI, AV",NA,"",75,"SAO MATEUS",1,0,"MATEO BEI, AV 3300 SAO PAULO SP",-23.6095012,-46.477308
"11218","D061300490",6238,"NACOES UNIDAS, AV DAS",NA,"",4000,"","13/06/2013 08:15",2,"CL",14,6046," "," ",1,1,0,0,0,0,0,0,0,0,0,0,0,0,0,0,0,13014,"MARGINAL DO RIO PINHEIROS, AV",NA,"",90,"VILA LEOPOLDINA",1,0,"NACOES UNIDAS, AV DAS 4000 SAO PAULO SP",-23.6791599,-46.6961185
"11219","D061300019",7122,"FIGUEIRA, RUA DA",NA,"",649,"","13/06/2013 08:25",2,"CO",1,4773," "," ",0,2,0,0,0,0,0,0,0,0,0,0,0,0,0,0,0,7122,"FIGUEIRA, RUA DA",NA,"",10,"BRAS",1,0,"FIGUEIRA, RUA DA 649 SAO PAULO SP",-23.5505362,-46.6250086
"11220","D061301546",15405,"PAPINI, AV PROF",2483,"ATLANTICA ANT. ROBERT KENNEDY, AV",0,"","13/06/2013 08:30",2,"SI",48,2265," "," ",1,1,0,0,0,0,0,0,0,0,0,0,0,0,0,0,0,2483,"ATLANTICA ANT. ROBERT KENNEDY, AV",15405,"PAPINI, AV PROF",23,"CIDADE DUTRA",2,0,"PAPINI, AV PROF SAO PAULO SP &  ATLANTICA ANT. ROBERT KENNEDY, AV SAO PAULO SP",-23.7139397,-46.7057741
"11222","D061300322",2235,"ARMANDO DE ARRUDA PEREIRA, AV ENG",4468,"CARNAUBEIRAS, RUA DAS",0,"","13/06/2013 09:10",2,"SI",35,4780," "," ",1,1,0,0,0,0,0,0,0,0,0,0,0,0,0,0,0,2235,"ARMANDO DE ARRUDA PEREIRA, AV ENG",4468,"CARNAUBEIRAS, RUA DAS",37,"JABAQUARA",1,0,"ARMANDO DE ARRUDA PEREIRA, AV ENG SAO PAULO SP &  CARNAUBEIRAS, RUA DAS SAO PAULO SP",-23.6342719,-46.6414387
"11223","D061300811",13014,"MARGINAL DO RIO PINHEIROS, AV",NA,"",14500,"","13/06/2013 09:30",2,"CO",89,5303," "," ",1,1,0,0,0,0,0,0,0,0,0,0,0,0,0,0,0,13014,"MARGINAL DO RIO PINHEIROS, AV",NA,"",40,"JAGUARE",1,0,"MARGINAL DO RIO PINHEIROS, AV 14500 SAO PAULO SP",-23.5604208,-46.6574734
"11226","D061300096",6919,"FAUSTO FERRAZ, RUA DR",NA,"",52,"","13/06/2013 10:13",4,"AT",5,3110," "," ",0,1,0,0,0,0,0,0,0,0,0,0,0,0,0,0,0,6919,"FAUSTO FERRAZ, RUA DR",NA,"",17,"CAMPO LIMPO",1,0,"FAUSTO FERRAZ, RUA DR 52 SAO PAULO SP",-23.5661961,-46.6456511
"11227","D061301077",2455,"ATALIBA LEONEL, AV GAL",NA,"",2800,"","13/06/2013 10:30",2,"CO",39,2689," "," ",1,1,0,0,0,0,0,0,0,0,0,0,0,0,0,0,0,2455,"ATALIBA LEONEL, AV GAL",NA,"",88,"VILA GUILHERME",1,0,"ATALIBA LEONEL, AV GAL 2800 SAO PAULO SP",-23.4914965,-46.6086732
"11228","D061300611",26502,"ARY TORRES, PTE ENG",NA,"",10,"","13/06/2013 10:38",2,"CO",34,3522," "," ",0,2,0,0,0,0,0,0,0,0,0,0,0,0,0,0,0,26502,"ARY TORRES, PTE ENG",NA,"",13,"CACHOEIRINHA",1,0,"ARY TORRES, PTE ENG 10 SAO PAULO SP",-23.5449856,-46.4989079
"11229","D061301321",5817,"DEZENOVE DE JANEIRO, AV",NA,"",150,"","13/06/2013 10:50",2,"CT",31,2404," "," ",2,0,0,0,0,0,0,0,0,0,0,0,0,0,0,0,0,5817,"DEZENOVE DE JANEIRO, AV",NA,"",20,"CARRAO",1,0,"DEZENOVE DE JANEIRO, AV 150 SAO PAULO SP",-23.5542163,-46.5272209
"11231","D061301753",16835,"RAIMUNDO NOGUEIRA, RUA",NA,"",468,"","13/06/2013 12:15",2,"CH",24,6434," "," ",2,0,0,0,0,0,0,0,0,0,0,0,0,0,0,0,0,16835,"RAIMUNDO NOGUEIRA, RUA",NA,"",49,"LIBERDADE",1,0,"RAIMUNDO NOGUEIRA, RUA 468 SAO PAULO SP",-23.5200084,-46.4950122
"11232","D061300491",18813,"TEODORO SAMPAIO, RUA",NA,"",1200,"","13/06/2013 12:30",2,"CT",14,6054,"C"," ",0,1,0,0,0,0,0,0,0,0,0,1,0,0,0,0,0,18813,"TEODORO SAMPAIO, RUA",NA,"",20,"CARRAO",1,0,"TEODORO SAMPAIO, RUA 1200 SAO PAULO SP",-23.5596656,-46.6810374
"11233","D061301451",2929,"PERICLES, RUA",26500,"VICENTE RAO, AV PROF.",0,"","13/06/2013 12:37",2,"CO",11,6837," "," ",0,0,1,0,0,0,0,0,0,0,0,1,0,0,0,0,0,16576,"PRATA, RUA DA",26500,"VICENTE RAO, AV PROF.",72,"SANTO AMARO",1,0,"PERICLES, RUA SAO PAULO SP &  VICENTE RAO, AV PROF. SAO PAULO SP",-23.6191377,-46.4413469
"11234","D061302025",2181,"ARICANDUVA, AV",NA,"",11500,"","13/06/2013 12:48",4,"AT",66,2539," "," ",1,0,0,0,0,0,0,0,0,0,0,0,0,0,0,0,0,2181,"ARICANDUVA, AV",NA,"",60,"PENHA",1,0,"ARICANDUVA, AV 11500 SAO PAULO SP",-23.5928809,-46.4734231
"11235","D061301335",5425,"COSTA BARROS, RUA",NA,"",1810,"","13/06/2013 13:00",2,"CO",42,2116," "," ",1,1,0,0,0,0,0,0,0,0,0,0,0,0,0,0,0,5425,"COSTA BARROS, RUA",NA,"",95,"VILA PRUDENTE",1,0,"COSTA BARROS, RUA 1810 SAO PAULO SP",-23.6004824,-46.5503838
"11236","D061300757",16878,"RAPOSO TAVARES, VIA",NA,"",17500,"","13/06/2013 13:00",2,"QM",75,2023," "," ",0,1,0,0,0,0,0,0,0,0,0,0,0,0,0,0,0,16878,"RAPOSO TAVARES, VIA",NA,"",13,"CACHOEIRINHA",1,0,"RAPOSO TAVARES, VIA 17500 SAO PAULO SP",-23.5165942,-48.5023661