"","id_acidente","codloga","logradouroA","codlogb","logradouroB","alt_num","referencia","data","cod_acid","tipo_acidente","dp","numero_BO","sentido","pista","automovel","moto","onibus","caminhao","bicicleta","moto_taxi","onibus_fretado","onibus_urbano","microonibus","van","vuc","caminhonete","carreta","jipe","outros","sem_informacao","carroca","princ_a","paiA","princ_b","paiB","cod_distrito","distrito","vit_ferida","vit_morta","local","lat","lon"
"11319","D061300938",21876,"CAMPO DE BAGATELLE, PCA",NA,"",1,"","14/06/2013 15:50",2,"CO",13,6663," "," ",0,2,0,0,0,0,0,0,0,0,0,0,0,0,0,0,0,21876,"CAMPO DE BAGATELLE, PCA",NA,"",8,"BELEM",1,0,"CAMPO DE BAGATELLE, PCA 1 SAO PAULO SP",-23.5153686,-46.6292336
"11320","D061300584",14350,"MUTINGA, AV",NA,"",794,"","14/06/2013 16:00",2,"CO",33,5658,"C"," ",1,1,0,0,0,0,0,0,0,0,0,1,0,0,0,0,0,14350,"MUTINGA, AV",NA,"",64,"PIRITUBA",1,0,"MUTINGA, AV 794 SAO PAULO SP",-23.4877833,-46.7342504
"11321","D061301144",65066,"IBIRAIARAS, RUA",27628,"VITANTONIO MASTROROSA, RUA",0,"","14/06/2013 16:15",2,"CO",72,5489,"B"," ",1,1,0,0,0,0,0,0,0,0,0,0,0,0,0,0,0,27628,"VITANTONIO MASTROROSA, RUA",65066,"IBIRAIARAS, RUA",24,"CIDADE LIDER",1,0,"IBIRAIARAS, RUA SAO PAULO SP &  VITANTONIO MASTROROSA, RUA SAO PAULO SP",-23.4508673,-46.6884303
"11322","D061300547",19259,"TURIASSU, RUA",14146,"MONTE ALEGRE, RUA",0,"","14/06/2013 16:16",4,"AT",23,3402," "," ",1,0,0,0,0,0,0,0,0,0,0,0,0,0,0,0,0,14146,"MONTE ALEGRE, RUA",19259,"TURIASSU, RUA",61,"PERDIZES",1,0,"TURIASSU, RUA SAO PAULO SP &  MONTE ALEGRE, RUA SAO PAULO SP",-23.5326475,-46.6704263
"11323","D061301454",35438,"BENEDITO, RUA S",9384,"ISABEL SCHMIDT, RUA",0,"","14/06/2013 16:30",2,"CO",11,6887," "," ",1,1,0,0,0,0,0,0,0,0,0,0,0,0,0,0,0,9384,"ISABEL SCHMIDT, RUA",35438,"BENEDITO, RUA S",72,"SANTO AMARO",1,0,"BENEDITO, RUA S SAO PAULO SP &  ISABEL SCHMIDT, RUA SAO PAULO SP",-23.6385676,-46.694546
"11327","D061300125",1877,"ANTONIO TAVARES, RUA",15767,"PAULO OROZIMBO, RUA",0,"","14/06/2013 17:28",2,"CO",6,4730," "," ",3,0,0,0,0,0,0,0,0,0,0,0,0,0,0,0,0,1877,"ANTONIO TAVARES, RUA",15767,"PAULO OROZIMBO, RUA",49,"LIBERDADE",1,0,"ANTONIO TAVARES, RUA SAO PAULO SP &  PAULO OROZIMBO, RUA SAO PAULO SP",-23.5711256,-46.6260415
"11329","D061300303",35829,"MOREIRA GUIMARAES, AV",NA,"",653,"","14/06/2013 18:00",2,"CO",27,6455," "," ",1,1,0,0,0,0,0,0,0,0,0,0,0,0,0,0,0,35829,"MOREIRA GUIMARAES, AV",NA,"",24,"CIDADE LIDER",1,0,"MOREIRA GUIMARAES, AV 653 SAO PAULO SP",-23.607613,-46.6528343
"11331","D061300143",19163,"TRILHOS, RUA DOS",111,"ACIOLI DE VASCONCELOS, RUA",0,"","14/06/2013 18:15",2,"CO",8,4729,"B"," ",1,1,0,0,0,0,0,0,0,0,0,0,0,0,0,0,0,8798,"HIPODROMO, RUA",19163,"TRILHOS, RUA DOS",54,"MOOCA",1,0,"TRILHOS, RUA DOS SAO PAULO SP &  ACIOLI DE VASCONCELOS, RUA SAO PAULO SP",-23.5548552,-46.5928758
"11332","D061301324",4502,"CARRAO, AV CONS",NA,"",2582,"","14/06/2013 18:20",4,"AT",31,3665," "," ",0,1,0,0,0,0,0,0,0,0,0,0,0,0,0,0,0,4502,"CARRAO, AV CONS",NA,"",20,"CARRAO",1,0,"CARRAO, AV CONS 2582 SAO PAULO SP",-23.5490194,-46.536676
"11334","D061300775",8603,"HEITOR ANTONIO EIRAS GARCIA, AV ENG",NA,"",7143,"","14/06/2013 18:30",4,"AT",75,5358," "," ",1,0,0,0,0,0,0,0,0,0,0,0,0,0,0,0,0,8603,"HEITOR ANTONIO EIRAS GARCIA, AV ENG",NA,"",68,"RIO PEQUENO",1,0,"HEITOR ANTONIO EIRAS GARCIA, AV ENG 7143 SAO PAULO SP",-23.6037659,-46.7872105
"11336","D061301250",2429,"ASSIS RIBEIRO, RUA DR",NA,"",2600,"","14/06/2013 19:00",2,"CT",10,7142," "," ",0,1,0,1,0,0,0,0,0,0,0,0,0,0,0,0,0,2429,"ASSIS RIBEIRO, RUA DR",NA,"",28,"ERMELINO MATARA",1,0,"ASSIS RIBEIRO, RUA DR 2600 SAO PAULO SP",-23.4998916,-46.5288784
"11337","D061302032",75433,"LATINOS, AV DOS",NA,"",337,"","14/06/2013 19:34",4,"AT",66,4261," "," ",0,1,0,0,0,0,0,0,0,0,0,0,0,0,0,0,0,75433,"LATINOS, AV DOS",NA,"",38,"JACANA",2,0,"LATINOS, AV DOS 337 SAO PAULO SP",-23.5722974,-46.5026035
"11338","D061300829",12502,"MAGALHAES DE CASTRO, AV",NA,"",9999,"","14/06/2013 19:40",2,"CT",89,5990," "," ",0,2,0,0,0,0,0,0,0,0,0,0,0,0,0,0,0,13014,"MARGINAL DO RIO PINHEIROS, AV",NA,"",12,"BUTANTA",1,0,"MAGALHAES DE CASTRO, AV 9999 SAO PAULO SP",-23.6128012,-46.7008832
"11339","D061300108",11711,"LEME, RUA CARD",NA,"",300,"","14/06/2013 19:40",4,"AT",5,5215," "," ",1,0,0,0,0,0,0,0,0,0,0,0,0,0,0,0,0,11711,"LEME, RUA CARD",NA,"",7,"BELA VISTA",1,0,"LEME, RUA CARD 300 SAO PAULO SP",-23.5591462,-46.649153
"11340","D061301797",37066,"PIERRE VARNEY, RUA",NA,"",21,"","14/06/2013 19:50",2,"CH",50,900075," "," ",2,0,0,0,0,0,0,0,1,0,0,0,0,0,0,0,0,37066,"PIERRE VARNEY, RUA",NA,"",54,"MOOCA",1,0,"PIERRE VARNEY, RUA 21 SAO PAULO SP",-23.508714,-46.3813931
"11341","D061301944",13671,"MATEO BEI, AV",16900,"RAUL MANSO SAYAO FILHO, RUA DR",0,"","14/06/2013 20:18",2,"CO",49,8345," "," ",1,1,0,0,0,0,0,0,0,0,0,0,0,0,0,0,0,13671,"MATEO BEI, AV",16900,"RAUL MANSO SAYAO FILHO, RUA DR",75,"SAO MATEUS",1,0,"MATEO BEI, AV SAO PAULO SP &  RAUL MANSO SAYAO FILHO, RUA DR SAO PAULO SP",-23.5972768,-46.4866619
"11342","D061300939",719,"ALFREDO PUJOL, RUA",NA,"",1465,"","14/06/2013 20:24",2,"CO",13,6668," "," ",0,2,0,0,0,0,0,0,0,0,0,0,0,0,0,0,0,719,"ALFREDO PUJOL, RUA",NA,"",71,"SANTANA",2,0,"ALFREDO PUJOL, RUA 1465 SAO PAULO SP",-23.5017077,-46.6398701
"11343","D061301549",62783,"PEDRO ROSCHEL GOTTZFRITZ, AV",NA,"",21,"","14/06/2013 20:30",4,"AT",48,4682," "," ",1,0,0,0,0,0,0,0,0,0,0,0,0,0,0,0,0,62783,"PEDRO ROSCHEL GOTTZFRITZ, AV",NA,"",32,"IGUATEMI",1,0,"PEDRO ROSCHEL GOTTZFRITZ, AV 21 SAO PAULO SP",-23.717588,-46.6941331
"11344","D061301411",17602,"MANDIORE, RUA",NA,"",477,"","14/06/2013 20:55",4,"AT",58,3669," "," ",1,0,0,0,0,0,0,0,0,0,0,0,0,0,0,0,0,17602,"MANDIORE, RUA",NA,"",0,"NULL",1,0,"MANDIORE, RUA 477 SAO PAULO SP",-23.5694777,-46.5474909
"11345","D061300494",5885,"DIOGENES RIBEIRO DE LIMA, AV",9862,"JAIME FONSECA RODRIGUES, RUA ARQ",0,"","14/06/2013 20:58",2,"CO",14,6112," "," ",2,0,0,0,0,0,0,0,0,0,0,0,0,0,0,0,0,5885,"DIOGENES RIBEIRO DE LIMA, AV",9862,"JAIME FONSECA RODRIGUES, RUA ARQ",2,"ALTO DE PINHEIR",3,0,"DIOGENES RIBEIRO DE LIMA, AV SAO PAULO SP &  JAIME FONSECA RODRIGUES, RUA ARQ SAO PAULO SP",-23.5335586,-46.7188173
"11346","D061302068",21835,"JOSE ALVES DIAS, RUA COMEN",15032,"ORATORIO, AV DO",0,"","14/06/2013 21:00",4,"AT",70,6393," "," ",0,0,0,0,0,0,0,0,0,0,0,0,0,0,0,1,0,15032,"ORATORIO, AV DO",21835,"JOSE ALVES DIAS, RUA COMEN",74,"SAO LUCAS",1,0,"JOSE ALVES DIAS, RUA COMEN SAO PAULO SP &  ORATORIO, AV DO SAO PAULO SP",-23.6040706,-46.5305604
"11347","D061302119",17820,"TITO, AV MAL",NA,"",5365,"","14/06/2013 21:22",4,"AT",50,7387,"C"," ",0,0,0,0,0,0,0,0,0,0,0,0,0,0,0,1,0,17820,"TITO, AV MAL",NA,"",53,"MOEMA",0,1,"TITO, AV MAL 5365 SAO PAULO SP",-23.4970145,-46.3940436
"11349","D061301513",5606,"CUPECE, AV",17153,"RIO GRANDE DO NORTE, RUA",0,"","14/06/2013 21:45",2,"CO",43,6341," "," ",1,1,0,0,0,0,0,0,0,0,0,0,0,0,0,0,0,5606,"CUPECE, AV",17153,"RIO GRANDE DO NORTE, RUA",22,"CIDADE ADEMAR",1,0,"CUPECE, AV SAO PAULO SP &  RIO GRANDE DO NORTE, RUA SAO PAULO SP",-23.6626179,-46.6622987
"11350","D061300298",999,"SANTO AMARO, AV",NA,"",2370,"","14/06/2013 21:50",4,"AT",27,6344," "," ",1,0,0,0,0,0,0,0,0,0,0,0,0,0,0,0,0,999,"SANTO AMARO, AV",NA,"",34,"ITAIM BIBI",1,0,"SANTO AMARO, AV 2370 SAO PAULO SP",-23.6048981,-46.6753166
"11351","D061300439",17911,"SEBASTIAO AFONSO, RUA",NA,"",209,"","14/06/2013 22:25",4,"AT",97,5345," "," ",0,0,1,0,0,0,0,0,0,0,0,0,0,0,0,0,0,17911,"SEBASTIAO AFONSO, RUA",NA,"",29,"FREGUESIA DO O",1,0,"SEBASTIAO AFONSO, RUA 209 SAO PAULO SP",-23.678802,-46.6348739
"11352","D061301200",16838,"RAIMUNDO PEREIRA DE MAGAL., AV",NA,"",12575,"","14/06/2013 22:33",2,"CO",74,5507,"C"," ",1,1,0,0,0,0,0,0,0,0,0,0,0,0,0,0,0,16838,"RAIMUNDO PEREIRA DE MAGAL., AV",NA,"",31,"GUAIANASES",2,0,"RAIMUNDO PEREIRA DE MAGAL., AV 12575 SAO PAULO SP",-23.4327703,-46.7201465
"11353","D061300017",6642,"ESTADO, AV DO",NA,"",4200,"","14/06/2013 22:35",4,"AT",1,4735," "," ",0,1,0,0,0,0,0,0,0,0,0,0,0,0,0,0,0,6642,"ESTADO, AV DO",NA,"",9,"BOM RETIRO",2,0,"ESTADO, AV DO 4200 SAO PAULO SP",-23.5475574,-46.6291822
"11354","D061300495",16017,"PEDROSO DE MORAIS, AV",NA,"",1954,"","14/06/2013 22:50",2,"QM",14,6120," "," ",0,1,0,0,0,0,0,0,0,0,0,0,0,0,0,0,0,16017,"PEDROSO DE MORAIS, AV",NA,"",45,"JARDIM SAO LUIS",1,0,"PEDROSO DE MORAIS, AV 1954 SAO PAULO SP",-23.5575513,-46.7008416
"11355","D061301594",12300,"LUIS SCHIMIDT, RUA CEL",NA,"",500,"","14/06/2013 23:00",4,"AT",92,3956," "," ",1,0,0,0,0,0,0,0,0,0,0,0,0,0,0,0,0,12300,"LUIS SCHIMIDT, RUA CEL",NA,"",29,"FREGUESIA DO O",1,0,"LUIS SCHIMIDT, RUA CEL 500 SAO PAULO SP",-23.6467458,-46.7412852
"11356","D061301062",232,"ADRIANO, RUA STO",NA,"",500,"","14/06/2013 23:34",2,"QM",38,5503," "," ",0,1,0,0,0,0,0,0,0,0,0,0,0,0,0,0,0,232,"ADRIANO, RUA STO",NA,"",13,"CACHOEIRINHA",1,0,"ADRIANO, RUA STO 500 SAO PAULO SP",-23.4580663,-46.6521317
"11358","D061301176",7061,"FERNAO DIAS, VIA",NA,"",86000,"","15/06/2013 00:05",4,"AT",73,6442," "," ",1,0,0,0,0,0,0,0,0,0,0,0,0,0,0,0,0,7061,"FERNAO DIAS, VIA",NA,"",38,"JACANA",1,0,"FERNAO DIAS, VIA 86000 SAO PAULO SP",-23.4609146,-46.5715728
"11359","D061301974",60675,"AFONSO DE SAMPAIO E SOUSA, AV",NA,"",300,"","15/06/2013 00:18",2,"CT",53,4274,"C"," ",2,0,0,0,0,0,0,1,0,0,0,0,0,0,0,0,0,60675,"AFONSO DE SAMPAIO E SOUSA, AV",NA,"",51,"MANDAQUI",1,0,"AFONSO DE SAMPAIO E SOUSA, AV 300 SAO PAULO SP",-23.5645514,-46.4673502
"11362","D061301029",72861,"GINO MAZONE, RUA",NA,"",596,"","15/06/2013 01:39",2,"CO",28,6679," "," ",2,0,0,0,0,0,0,0,0,0,0,0,0,0,0,0,0,72861,"GINO MAZONE, RUA",NA,"",4,"ARICANDUVA",2,0,"GINO MAZONE, RUA 596 SAO PAULO SP",-23.4906356,-46.701981
"11363","D061301399",14213,"MOOCA, RUA DA",NA,"",2657,"","15/06/2013 02:10",2,"CH",57,4004," "," ",1,0,0,0,0,0,0,0,0,0,0,0,0,0,0,0,0,14213,"MOOCA, RUA DA",NA,"",16,"CAMPO GRANDE",3,0,"MOOCA, RUA DA 2657 SAO PAULO SP",-23.5554935,-46.5993372
"11364","D061302101",7257,"FONSECA RODRIGUES, AV PROF",NA,"",560,"","15/06/2013 02:45",2,"CO",14,6122," "," ",1,1,0,0,0,0,0,0,0,0,0,0,0,0,0,0,0,7257,"FONSECA RODRIGUES, AV PROF",NA,"",2,"ALTO DE PINHEIR",1,1,"FONSECA RODRIGUES, AV PROF 560 SAO PAULO SP",-23.549505,-46.7133214
"11365","D061300057",16725,"QUEIROS, AV SEN",NA,"",1,"","15/06/2013 03:24",4,"AT",3,3633," "," ",1,0,0,0,0,0,0,0,0,0,0,0,0,0,0,0,0,16725,"QUEIROS, AV SEN",NA,"",9,"BOM RETIRO",1,0,"QUEIROS, AV SEN 1 SAO PAULO SP",-23.5388879,-46.6358488
"11366","D061302033",9580,"ITAQUERA, AV",NA,"",1070,"","15/06/2013 03:30",2,"SI",66,4287," "," ",1,0,0,0,0,0,0,0,0,0,0,0,0,0,0,0,0,9580,"ITAQUERA, AV",NA,"",24,"CIDADE LIDER",1,0,"ITAQUERA, AV 1070 SAO PAULO SP",-23.5531252,-46.5134278
"11367","D061301129",15485,"PARAPUA, RUA",NA,"",1443,"","15/06/2013 03:45",2,"CH",45,5530," "," ",1,0,0,0,0,0,0,0,0,0,0,0,0,0,0,0,0,15485,"PARAPUA, RUA",NA,"",4,"ARICANDUVA",1,0,"PARAPUA, RUA 1443 SAO PAULO SP",-23.4725613,-46.6912331
"11369","D061301201",15425,"CANTIDIO SAMPAIO, AV DEP",NA,"",5900,"","15/06/2013 04:40",2,"CO",74,5520," "," ",2,0,0,0,0,0,0,0,0,0,0,0,0,0,0,0,0,15425,"CANTIDIO SAMPAIO, AV DEP",NA,"",41,"JARAGUA",1,0,"CANTIDIO SAMPAIO, AV DEP 5900 SAO PAULO SP",-23.4416667,-46.7075488
"11371","D061302010",17824,"SAPOPEMBA, AV",NA,"",14000,"","15/06/2013 05:30",2,"CO",55,2411," "," ",1,1,0,0,0,0,0,0,0,0,0,0,0,0,0,0,0,17824,"SAPOPEMBA, AV",NA,"",33,"IPIRANGA",1,0,"SAPOPEMBA, AV 14000 SAO PAULO SP",-23.6122846,-46.4733595
"11372","D061300177",10177,"JOAO BOEMER, RUA",17180,"RITA, RUA STA",0,"","15/06/2013 05:34",2,"CO",12,4738," "," ",0,1,0,0,0,0,0,0,0,0,0,1,0,0,0,0,0,10177,"JOAO BOEMER, RUA",17180,"RITA, RUA STA",8,"BELEM",1,0,"JOAO BOEMER, RUA SAO PAULO SP &  RITA, RUA STA SAO PAULO SP",-23.5312342,-46.6130982
"11373","D061301243",16890,"RAUL DE FREITAS, RUA",NA,"",321,"","15/06/2013 06:00",2,"CP",10,6796," "," ",1,0,0,0,0,0,0,0,0,0,0,0,0,0,0,0,0,16890,"RAUL DE FREITAS, RUA",NA,"",3,"ANHANGUERA",2,0,"RAUL DE FREITAS, RUA 321 SAO PAULO SP",-23.5277497,-46.5433517
"11374","D061300192",9648,"ITU, RUA MARQ DE",4828,"CESARIO MOTA JUNIOR, RUA DR",0,"","15/06/2013 06:34",2,"CO",77,3638,"B"," ",1,1,0,0,0,0,0,0,0,0,0,0,0,0,0,0,0,4828,"CESARIO MOTA JUNIOR, RUA DR",9648,"ITU, RUA MARQ DE",26,"CONSOLACAO",1,0,"ITU, RUA MARQ DE SAO PAULO SP &  CESARIO MOTA JUNIOR, RUA DR SAO PAULO SP",-23.5437753,-46.6493097
"11375","D061301455",10270,"JOAO DIAS, AV",NA,"",2319,"","15/06/2013 07:14",2,"SI",11,6909," "," ",1,1,0,0,0,0,0,0,0,0,0,0,0,0,0,0,0,10270,"JOAO DIAS, AV",NA,"",72,"SANTO AMARO",1,0,"JOAO DIAS, AV 2319 SAO PAULO SP",-23.6449708,-46.7236613
"11376","D061302120",98912,"JOSE PINHEIRO BORGES, AV",NA,"",7000,"","15/06/2013 07:20",2,"CV",63,4999,"C"," ",1,1,0,0,0,0,0,0,0,0,0,0,0,0,0,0,0,98912,"JOSE PINHEIRO BORGES, AV",NA,"",36,"ITAQUERA",0,1,"JOSE PINHEIRO BORGES, AV 7000 SAO PAULO SP",-23.5401629,-46.4218157
"11377","D061301685",3509,"BELMIRA MARIN, AV DONA",5138,"CANAL DA COCAIA, ES DO",0,"","15/06/2013 07:30",2,"CO",101,4692," "," ",1,0,1,0,0,0,0,0,0,0,0,0,0,0,0,0,0,3509,"BELMIRA MARIN, AV DONA",5138,"CANAL DA COCAIA, ES DO",30,"GRAJAU",1,0,"BELMIRA MARIN, AV DONA SAO PAULO SP &  CANAL DA COCAIA, ES DO SAO PAULO SP",-23.7563396,-46.6677778
"11378","D061300144",541,"ALCANTARA, RUA",NA,"",60,"","15/06/2013 07:44",2,"CL",8,4740,"B"," ",0,1,0,0,0,0,0,1,0,0,0,0,0,0,0,0,0,541,"ALCANTARA, RUA",NA,"",88,"VILA GUILHERME",1,0,"ALCANTARA, RUA 60 SAO PAULO SP",-23.5196823,-46.5970262
"11379","D061300746",15759,"PAULO LICIO RISSO, RUA",NA,"",151,"","15/06/2013 09:05",2,"CH",51,6131," "," ",1,1,0,0,0,0,0,0,0,0,0,0,0,0,0,0,0,15759,"PAULO LICIO RISSO, RUA",NA,"",13,"CACHOEIRINHA",1,0,"PAULO LICIO RISSO, RUA 151 SAO PAULO SP",-23.5841485,-46.738945
"11380","D061301275",10581,"JOAQUIM MARRA, RUA",NA,"",1153,"","15/06/2013 09:20",2,"QD",21,2203," "," ",0,0,0,0,0,0,0,0,1,0,0,0,0,0,0,0,0,10581,"JOAQUIM MARRA, RUA",NA,"",93,"VILA MATILDE",1,0,"JOAQUIM MARRA, RUA 1153 SAO PAULO SP",-23.5360064,-46.5200356
"11381","D061300633",549,"ALCEBIADES DELAMARE, AV PROF",NA,"",1,"","15/06/2013 09:50",2,"CL",34,5377," "," ",1,1,0,1,0,0,0,0,0,0,0,0,0,0,0,0,0,549,"ALCEBIADES DELAMARE, AV PROF",NA,"",55,"MORUMBI",1,0,"ALCEBIADES DELAMARE, AV PROF 1 SAO PAULO SP",-23.5877989,-46.6931599
"11382","D061300844",12436,"MACEDO SOARES, AV EMB",NA,"",1053,"","15/06/2013 09:54",2,"CO",91,4444," "," ",2,0,1,0,0,0,0,0,0,0,0,0,0,0,0,0,0,29772,"MARGINAL DO RIO TIETE, AV",NA,"",48,"LAPA",2,0,"MACEDO SOARES, AV EMB 1053 SAO PAULO SP",-23.5127672,-46.7219528
"11383","D061301282",2181,"ARICANDUVA, AV",7645,"FRONTIN, AV CD DE",0,"","15/06/2013 10:25",4,"AT",21,6798," "," ",1,0,0,0,0,0,0,0,0,0,0,0,0,0,0,0,0,2181,"ARICANDUVA, AV",7645,"FRONTIN, AV CD DE",93,"VILA MATILDE",1,0,"ARICANDUVA, AV SAO PAULO SP &  FRONTIN, AV CD DE SAO PAULO SP",-23.5479783,-46.5260893
"11386","D061302149",5606,"CUPECE, AV",NA,"",3900,"","15/06/2013 11:20",4,"AT",43,6370," "," ",1,0,0,0,0,0,0,0,0,0,0,0,0,0,0,0,0,5606,"CUPECE, AV",NA,"",22,"CIDADE ADEMAR",0,1,"CUPECE, AV 3900 SAO PAULO SP",-23.6700988,-46.6481233
"11387","D061301456",32309,"SOCORRO, PTE DO",NA,"",1,"","15/06/2013 11:40",2,"CT",11,6922," "," ",1,1,0,0,0,0,0,0,0,0,0,0,0,0,0,0,0,32309,"SOCORRO, PTE DO",NA,"",30,"GRAJAU",1,0,"SOCORRO, PTE DO 1 SAO PAULO SP",-23.6825818,-46.7116036
"11388","D061301083",19288,"UBAPORANGA, RUA",12941,"MARCONDES BUARQUE, RUA",0,"","15/06/2013 11:45",2,"CO",39,4674," "," ",0,1,0,0,0,0,0,0,0,0,0,0,0,0,0,0,0,12941,"MARCONDES BUARQUE, RUA",19288,"UBAPORANGA, RUA",38,"JACANA",1,0,"UBAPORANGA, RUA SAO PAULO SP &  MARCONDES BUARQUE, RUA SAO PAULO SP",-23.4737563,-46.5790866
"11389","D061300217",10004,"JAU, AL",NA,"",901,"","15/06/2013 11:58",2,"CO",78,5232," "," ",2,0,0,0,0,0,0,0,0,0,0,0,0,0,0,0,0,10004,"JAU, AL",NA,"",44,"JARDIM PAULISTA",1,0,"JAU, AL 901 SAO PAULO SP",-23.5641141,-46.6573914
"11390","D061301976",46936,"JACU-PESSEGO/NOVA TRABALHADORE, AV",NA,"",201,"","15/06/2013 12:00",2,"CO",53,4384," "," ",1,0,0,0,0,0,0,0,0,0,0,0,0,0,0,0,0,46936,"JACU-PESSEGO/NOVA TRABALHADORE, AV",NA,"",46,"JOSE BONIFACIO",1,0,"JACU-PESSEGO/NOVA TRABALHADORE, AV 201 SAO PAULO SP",-23.5314168,-46.4564683
"11391","D061300709",2533,"AUGUSTO DURANTE, RUA ENG",7153,"FIORELLI PECCICACCO, RUA",0,"","15/06/2013 12:00",4,"AT",46,5691," "," ",0,1,0,0,0,0,0,0,0,0,0,0,0,0,0,0,0,2533,"AUGUSTO DURANTE, RUA ENG",7153,"FIORELLI PECCICACCO, RUA",62,"PERUS",1,0,"AUGUSTO DURANTE, RUA ENG SAO PAULO SP &  FIORELLI PECCICACCO, RUA SAO PAULO SP",-23.4083944,-46.7467332
"11392","D061302099",2533,"AUGUSTO DURANTE, RUA ENG",7153,"FIORELLI PECCICACCO, RUA",0,"","15/06/2013 12:00",4,"AT",33,5798," "," ",0,1,0,0,0,0,0,0,0,0,0,0,0,0,0,0,0,2533,"AUGUSTO DURANTE, RUA ENG",7153,"FIORELLI PECCICACCO, RUA",62,"PERUS",0,1,"AUGUSTO DURANTE, RUA ENG SAO PAULO SP &  FIORELLI PECCICACCO, RUA SAO PAULO SP",-23.4083944,-46.7467332
"11393","D061301350",8767,"HERWIS, RUA",19319,"UHLAND, RUA",0,"","15/06/2013 12:05",2,"CO",42,4020," "," ",1,0,1,0,0,0,0,0,0,0,0,0,0,0,0,0,0,8767,"HERWIS, RUA",20798,"ANTONIO GENTIL, RUA",74,"SAO LUCAS",3,0,"HERWIS, RUA SAO PAULO SP &  UHLAND, RUA SAO PAULO SP",-23.583981,-46.5416822
"11394","D061300667",16339,"CARLOS LACERDA, AV",NA,"",247,"","15/06/2013 12:59",2,"CH",37,5382," "," ",1,2,0,0,0,0,0,0,0,0,0,0,0,0,0,0,0,16339,"CARLOS LACERDA, AV",NA,"",29,"FREGUESIA DO O",2,0,"CARLOS LACERDA, AV 247 SAO PAULO SP",-23.6352694,-46.7759745
"11395","D061301777",18803,"TEODORO, RUA S",NA,"",436,"","15/06/2013 13:37",2,"CO",32,5016," "," ",0,1,0,0,0,0,0,0,0,0,0,0,0,0,0,1,0,18803,"TEODORO, RUA S",NA,"",51,"MANDAQUI",1,0,"TEODORO, RUA S 436 SAO PAULO SP",-23.5533668,-46.4568061
"11396","D061300668",36,"ABELARDO DA CUNHA LOBO, RUA DR",NA,"",168,"","15/06/2013 13:41",4,"AT",37,5386," "," ",0,1,0,0,0,0,0,0,0,0,0,0,0,0,0,0,0,36,"ABELARDO DA CUNHA LOBO, RUA DR",NA,"",17,"CAMPO LIMPO",1,0,"ABELARDO DA CUNHA LOBO, RUA DR 168 SAO PAULO SP",-23.6400204,-46.751404
"11397","D061300109",3274,"BERNARDINO DE CAMPOS, AV",NA,"",250,"","15/06/2013 14:00",2,"CO",5,5238," "," ",1,1,0,0,0,0,0,0,0,0,0,0,0,0,0,0,0,3274,"BERNARDINO DE CAMPOS, AV",NA,"",92,"VILA MARIANA",1,0,"BERNARDINO DE CAMPOS, AV 250 SAO PAULO SP",-23.5733775,-46.6425873
"11399","D061302094",1665,"ANTONIO DE COUROS, RUA",NA,"",354,"","15/06/2013 14:58",2,"CO",13,6704,"B"," ",2,1,0,0,0,0,0,0,0,0,0,0,0,0,0,0,0,1665,"ANTONIO DE COUROS, RUA",NA,"",29,"FREGUESIA DO O",1,1,"ANTONIO DE COUROS, RUA 354 SAO PAULO SP",-23.4984597,-46.6889657
"11401","D061301030",36284,"PETRONIO PORTELA, AV MIN",NA,"",1901,"","15/06/2013 16:15",2,"CT",28,6713,"B"," ",1,1,0,0,0,0,0,0,0,0,0,0,0,0,0,0,0,36284,"PETRONIO PORTELA, AV MIN",NA,"",4,"ARICANDUVA",1,0,"PETRONIO PORTELA, AV MIN 1901 SAO PAULO SP",-23.4841282,-46.6954196
"11402","D061301653",7917,"GERALDO SANT'ANA, AV SARG",NA,"",1258,"","15/06/2013 16:30",2,"CO",99,6938," "," ",1,1,0,0,0,0,0,0,0,0,0,0,0,0,0,0,0,7917,"GERALDO SANT'ANA, AV SARG",NA,"",16,"CAMPO GRANDE",1,0,"GERALDO SANT'ANA, AV SARG 1258 SAO PAULO SP",-23.6648747,-46.6790814
"11403","D061300218",11989,"LORENA, AL",16919,"REBOUCAS, AV",0,"","15/06/2013 17:05",2,"CO",78,5263," "," ",1,1,0,0,0,0,0,0,0,0,0,0,0,0,0,0,0,11989,"LORENA, AL",16919,"REBOUCAS, AV",44,"JARDIM PAULISTA",1,0,"LORENA, AL SAO PAULO SP &  REBOUCAS, AV SAO PAULO SP",-23.5692166,-46.6600477
"11404","D061301550",60019,"RUBENS MONTANARO DE BORBA, AV",NA,"",241,"","15/06/2013 18:00",2,"CO",48,4708," "," ",1,1,0,0,0,0,0,0,0,0,0,0,0,0,0,0,0,60019,"RUBENS MONTANARO DE BORBA, AV",NA,"",32,"IGUATEMI",1,0,"RUBENS MONTANARO DE BORBA, AV 241 SAO PAULO SP",-23.7092138,-46.6938389