"","id_acidente","codloga","logradouroA","codlogb","logradouroB","alt_num","referencia","data","cod_acid","tipo_acidente","dp","numero_BO","sentido","pista","automovel","moto","onibus","caminhao","bicicleta","moto_taxi","onibus_fretado","onibus_urbano","microonibus","van","vuc","caminhonete","carreta","jipe","outros","sem_informacao","carroca","princ_a","paiA","princ_b","paiB","cod_distrito","distrito","vit_ferida","vit_morta","local","lat","lon"
"11493","D061300301",999,"SANTO AMARO, AV",3275,"BERNARDINO DE CAMPOS, RUA",0,"","17/06/2013 06:00",2,"CO",27,6415,"C"," ",0,0,0,0,0,0,0,0,0,0,0,2,0,0,0,0,0,999,"SANTO AMARO, AV",3275,"BERNARDINO DE CAMPOS, RUA",34,"ITAIM BIBI",2,0,"SANTO AMARO, AV SAO PAULO SP &  BERNARDINO DE CAMPOS, RUA SAO PAULO SP",-23.614288,-46.6791208
"11494","D061300521",999,"SANTO AMARO, AV",10517,"ANTONIO JOAQUIM DE MOURA ANDRA, AV",0,"","17/06/2013 06:09",4,"AT",15,2947," "," ",2,0,0,0,0,0,0,0,0,0,0,0,0,0,0,0,0,999,"SANTO AMARO, AV",12326,"JUSCELINO KUBITSCHEK, AV PRES",34,"ITAIM BIBI",1,0,"SANTO AMARO, AV SAO PAULO SP &  ANTONIO JOAQUIM DE MOURA ANDRA, AV SAO PAULO SP",-23.614288,-46.6791208
"11495","D061300161",7786,"GASOMETRO, RUA DO",NA,"",490,"","17/06/2013 06:10",4,"AT",12,3275," "," ",0,0,0,0,0,0,0,1,0,0,0,0,0,0,0,0,0,7786,"GASOMETRO, RUA DO",NA,"",10,"BRAS",1,0,"GASOMETRO, RUA DO 490 SAO PAULO SP",-23.5440158,-46.6213848
"11496","D061301408",43408,"ABEL FERREIRA, AV VER",1344,"ANGA, RUA",0,"","17/06/2013 06:16",4,"AT",58,1254,"C"," ",1,0,0,0,0,0,0,0,0,0,0,0,0,0,0,0,0,1344,"ANGA, RUA",43408,"ABEL FERREIRA, AV VER",NA,"",1,0,"ABEL FERREIRA, AV VER SAO PAULO SP &  ANGA, RUA SAO PAULO SP",-23.5650195,-46.5589073
"11497","D061301498",34128,"JOAO DE LUCA, AV VER",NA,"",984,"","17/06/2013 06:20",2,"CO",43,2296," "," ",1,1,0,0,0,0,0,0,0,0,0,0,0,0,0,0,0,34128,"JOAO DE LUCA, AV VER",NA,"",42,"JARDIM ANGELA",2,0,"JOAO DE LUCA, AV VER 984 SAO PAULO SP",-23.6523251,-46.6693807
"11499","D061300160",5567,"CRUZEIRO DO SUL, AV",NA,"",255,"","17/06/2013 06:50",4,"AT",12,3268," "," ",0,1,0,0,0,0,0,0,0,0,0,0,0,0,0,0,0,5567,"CRUZEIRO DO SUL, AV",NA,"",5,"ARTUR ALVIM",1,0,"CRUZEIRO DO SUL, AV 255 SAO PAULO SP",-23.5295481,-46.6257106
"11500","D061300588",1429,"ANHANGUERA, VIA",NA,"",11000,"","17/06/2013 06:50",2,"CO",33,5752," "," ",2,1,0,0,0,0,0,1,0,0,0,0,0,0,0,0,0,1429,"ANHANGUERA, VIA",NA,"",73,"SAO DOMINGOS",1,0,"ANHANGUERA, VIA 11000 SAO PAULO SP",-23.4306325,-46.7870708
"11501","D061300597",33234,"MARGINAL DIREITA DO TIETE, AV",NA,"",1,"","17/06/2013 07:00",2,"CO",33,6826," "," ",1,1,0,0,0,0,0,0,0,0,0,0,0,0,0,0,0,29772,"MARGINAL DO RIO TIETE, AV",NA,"",39,"JAGUARA",1,0,"MARGINAL DIREITA DO TIETE, AV 1 SAO PAULO SP",-23.5201776,-46.7477714
"11502","D061301499",5606,"CUPECE, AV",NA,"",4000,"","17/06/2013 07:10",4,"AT",43,2302," "," ",1,0,0,0,0,0,0,0,0,0,0,0,0,0,0,0,0,5606,"CUPECE, AV",NA,"",22,"CIDADE ADEMAR",1,0,"CUPECE, AV 4000 SAO PAULO SP",-23.6705902,-46.6474523
"11504","D061300733",16878,"RAPOSO TAVARES, VIA",NA,"",11000,"","17/06/2013 07:30",2,"SI",51,3586," "," ",1,1,0,0,0,0,0,0,0,0,0,0,0,0,0,0,0,16878,"RAPOSO TAVARES, VIA",NA,"",13,"CACHOEIRINHA",2,0,"RAPOSO TAVARES, VIA 11000 SAO PAULO SP",-23.5336934,-48.420661
"11505","D061300651",34682,"CAMPO LIMPO, ES DO",99949,"CARLOS CALDEIRA FILHO, AV",0,"","17/06/2013 07:30",2,"CO",37,4644," "," ",0,1,0,0,0,0,0,1,0,0,0,0,0,0,0,0,0,34682,"CAMPO LIMPO, ES DO",99949,"CARLOS CALDEIRA FILHO, AV",45,"JARDIM SAO LUIS",1,0,"CAMPO LIMPO, ES DO SAO PAULO SP &  CARLOS CALDEIRA FILHO, AV SAO PAULO SP",-23.2019463,-46.785846
"11506","D061301177",42220,"USHIKICHI KAMYIA, RUA",NA,"",21,"","17/06/2013 07:42",2,"CO",73,6506," "," ",1,1,0,0,0,0,0,0,0,0,0,0,0,0,0,0,0,42220,"USHIKICHI KAMYIA, RUA",NA,"",38,"JACANA",1,0,"USHIKICHI KAMYIA, RUA 21 SAO PAULO SP",-23.4383906,-46.567347
"11507","D061300023",18,"ABARA, RUA",NA,"",500,"","17/06/2013 07:50",4,"AT",1,4861," "," ",0,1,0,0,0,0,0,0,0,0,0,0,0,0,0,0,0,18,"ABARA, RUA",NA,"",10,"BRAS",1,0,"ABARA, RUA 500 SAO PAULO SP",-23.6264248,-46.6896651
"11508","D061300323",1962,"APRIGIO GONZAGA, RUA PROF",NA,"",75,"","17/06/2013 08:00",4,"AT",35,4843," "," ",1,0,0,0,0,0,0,0,0,0,0,0,0,0,0,0,0,1962,"APRIGIO GONZAGA, RUA PROF",NA,"",79,"SAUDE",1,0,"APRIGIO GONZAGA, RUA PROF 75 SAO PAULO SP",-23.6245479,-46.6333539
"11509","D061302061",21661,"EDGARD PINTO CESAR, RUA",NA,"",277,"","17/06/2013 08:00",2,"CO",70,2945," "," ",1,1,0,0,0,0,0,0,0,0,0,0,0,0,0,0,0,21661,"EDGARD PINTO CESAR, RUA",NA,"",56,"PARELHEIROS",1,0,"EDGARD PINTO CESAR, RUA 277 SAO PAULO SP",-23.6137534,-46.5066026
"11510","D061300087",2497,"AUGUSTA, RUA",NA,"",800,"","17/06/2013 08:11",2,"QM",4,5279,"B"," ",0,1,0,0,0,0,0,0,0,0,0,0,0,0,0,0,0,2497,"AUGUSTA, RUA",NA,"",26,"CONSOLACAO",1,0,"AUGUSTA, RUA 800 SAO PAULO SP",-23.5525016,-46.6535646
"11511","D061300758",16878,"RAPOSO TAVARES, VIA",NA,"",18600,"","17/06/2013 08:15",2,"CO",75,2055," "," ",4,0,0,0,0,0,0,0,0,0,0,0,0,0,0,0,0,16878,"RAPOSO TAVARES, VIA",NA,"",13,"CACHOEIRINHA",1,0,"RAPOSO TAVARES, VIA 18600 SAO PAULO SP",-23.5105865,-48.5106538
"11512","D061302060",66524,"LOURENCO FRANCO, RUA",NA,"",170,"","17/06/2013 08:30",2,"CO",70,2939," "," ",1,1,0,0,0,0,0,0,0,0,0,0,0,0,0,0,0,66524,"LOURENCO FRANCO, RUA",NA,"",56,"PARELHEIROS",1,0,"LOURENCO FRANCO, RUA 170 SAO PAULO SP",-23.6103759,-46.5252284
"11513","D061300049",17799,"SANTOS DUMONT, AV",NA,"",721,"","17/06/2013 08:40",2,"CO",2,3698," "," ",0,1,1,0,0,0,0,0,0,0,0,0,0,0,0,0,0,17799,"SANTOS DUMONT, AV",NA,"",15,"CAMPO BELO",2,0,"SANTOS DUMONT, AV 721 SAO PAULO SP",-23.51266,-46.6290366
"11515","D061301686",3509,"BELMIRA MARIN, AV DONA",NA,"",2260,"","17/06/2013 08:40",2,"CO",101,4758," "," ",1,1,0,0,0,0,0,0,0,0,0,0,0,0,0,0,0,3509,"BELMIRA MARIN, AV DONA",NA,"",30,"GRAJAU",2,0,"BELMIRA MARIN, AV DONA 2260 SAO PAULO SP",-23.7488314,-46.6874631
"11516","D061301948",21181,"GALAXIA, RUA",NA,"",686,"","17/06/2013 08:49",2,"CH",49,8462," "," ",1,0,0,0,0,0,0,0,0,0,0,0,0,0,0,0,0,21181,"GALAXIA, RUA",NA,"",55,"MORUMBI",1,0,"GALAXIA, RUA 686 SAO PAULO SP",-23.6106532,-46.4581139
"11517","D061300387",19583,"VERGUEIRO, RUA",NA,"",7720,"","17/06/2013 08:50",2,"CL",95,2773," "," ",1,1,0,0,0,0,0,0,0,0,0,0,0,0,0,0,0,19583,"VERGUEIRO, RUA",NA,"",33,"IPIRANGA",1,0,"VERGUEIRO, RUA 7720 SAO PAULO SP",-23.6100452,-46.6086424
"11519","D061300278",14705,"SAUDE, RUA NSRA DA",NA,"",700,"","17/06/2013 10:00",2,"CO",26,5460," "," ",1,1,0,0,0,0,0,0,0,0,0,0,0,0,0,0,0,14705,"SAUDE, RUA NSRA DA",NA,"",69,"SACOMA",1,0,"SAUDE, RUA NSRA DA 700 SAO PAULO SP",-23.6219751,-46.6063175
"11520","D061301014",3771,"INAJAR DE SOUZA, AV",NA,"",267,"","17/06/2013 10:15",4,"AT",28,3188,"C"," ",0,1,0,0,0,0,0,0,0,0,0,0,0,0,0,0,0,3771,"INAJAR DE SOUZA, AV",NA,"",50,"LIMAO",1,0,"INAJAR DE SOUZA, AV 267 SAO PAULO SP",-23.5026269,-46.6877751
"11521","D061301078",9190,"INGLESA, RUA",NA,"",323,"","17/06/2013 11:10",2,"CO",39,2729," "," ",1,1,0,0,0,0,0,0,0,0,0,0,0,0,0,0,0,9190,"INGLESA, RUA",NA,"",84,"TUCURUVI",1,0,"INGLESA, RUA 323 SAO PAULO SP",-23.4852163,-46.6108312
"11522","D061300162",13303,"MARIA MARCOLINA, RUA",16870,"RANGEL PESTANA, AV",0,"","17/06/2013 11:10",2,"CO",12,3296," "," ",1,1,0,0,0,0,0,0,0,0,0,0,0,0,0,0,0,13303,"MARIA MARCOLINA, RUA",16870,"RANGEL PESTANA, AV",10,"BRAS",1,0,"MARIA MARCOLINA, RUA SAO PAULO SP &  RANGEL PESTANA, AV SAO PAULO SP",-23.5374522,-46.6162368
"11523","D061300302",19100,"BANDEIRANTES, AV DOS",NA,"",4050,"","17/06/2013 11:24",2,"CO",27,6431," "," ",2,1,0,0,0,0,0,0,0,0,0,0,0,0,0,0,0,19100,"BANDEIRANTES, AV DOS",NA,"",24,"CIDADE LIDER",1,0,"BANDEIRANTES, AV DOS 4050 SAO PAULO SP",-23.621175,-46.654801
"11524","D061301573",61578,"LUCIO DIAS RAMOS, RUA MAJ",NA,"",12,"","17/06/2013 11:30",4,"AT",85,2904," "," ",1,0,0,0,0,0,0,0,0,0,0,0,0,0,0,0,0,61578,"LUCIO DIAS RAMOS, RUA MAJ",NA,"",32,"IGUATEMI",1,0,"LUCIO DIAS RAMOS, RUA MAJ 12 SAO PAULO SP",-23.7641063,-46.6933741
"11526","D061301533",35560,"CIPOTUBA, RUA",NA,"",1200,"","17/06/2013 12:20",2,"CF",47,7529," "," ",1,1,0,0,0,0,0,0,0,0,0,0,0,0,0,0,0,35560,"CIPOTUBA, RUA",NA,"",29,"FREGUESIA DO O",1,0,"CIPOTUBA, RUA 1200 SAO PAULO SP",-23.6911944,-46.7765543
"11527","D061302026",2181,"ARICANDUVA, AV",NA,"",6049,"","17/06/2013 12:20",2,"CO",66,2572,"C"," ",2,0,0,0,0,0,0,0,0,0,0,0,0,0,0,0,0,2181,"ARICANDUVA, AV",NA,"",60,"PENHA",1,0,"ARICANDUVA, AV 6049 SAO PAULO SP",-23.5743429,-46.503236
"11528","D061301359",4736,"CELSO GARCIA, AV",NA,"",4300,"","17/06/2013 12:20",2,"CO",52,1848," "," ",1,1,0,0,0,0,0,0,0,0,0,0,0,0,0,0,0,4736,"CELSO GARCIA, AV",NA,"",82,"TATUAPE",1,0,"CELSO GARCIA, AV 4300 SAO PAULO SP",-23.53572,-46.5707263
"11530","D061301687",3509,"BELMIRA MARIN, AV DONA",NA,"",1981,"","17/06/2013 13:20",4,"AT",101,4769," "," ",0,0,1,0,0,0,0,0,0,0,0,0,0,0,0,0,0,3509,"BELMIRA MARIN, AV DONA",NA,"",30,"GRAJAU",1,0,"BELMIRA MARIN, AV DONA 1981 SAO PAULO SP",-23.7461565,-46.6884217
"11531","D061300115",3658,"BRIGIDA, RUA DONA",NA,"",694,"","17/06/2013 14:00",2,"CO",6,2871," "," ",1,1,0,0,0,0,0,0,0,0,0,0,0,0,0,0,0,3658,"BRIGIDA, RUA DONA",NA,"",92,"VILA MARIANA",1,0,"BRIGIDA, RUA DONA 694 SAO PAULO SP",-23.5872111,-46.6301196
"11532","D061300352",38721,"TULIO FONTOURA, PCA",10630,"PEDRO ALVARES CABRAL, AV",0,"","17/06/2013 14:00",2,"SI",36,2598," "," ",1,0,0,0,0,0,0,0,0,0,0,1,0,0,0,0,0,10630,"PEDRO ALVARES CABRAL, AV",13739,"MAURICIO CARDOSO, RUA MAL",53,"MOEMA",2,0,"TULIO FONTOURA, PCA SAO PAULO SP &  PEDRO ALVARES CABRAL, AV SAO PAULO SP",-23.5815428,-46.6577697
"11533","D061301016",3771,"INAJAR DE SOUZA, AV",29324,"DELFIM MOREIRA, RUA",0,"","17/06/2013 14:04",2,"CL",28,3199,"C"," ",1,1,0,0,0,0,0,0,0,0,0,0,0,0,0,0,0,3771,"INAJAR DE SOUZA, AV",29324,"DELFIM MOREIRA, RUA",50,"LIMAO",1,0,"INAJAR DE SOUZA, AV SAO PAULO SP &  DELFIM MOREIRA, RUA SAO PAULO SP",-23.461436,-46.6729346
"11534","D061301758",67533,"NOVO ORIENTE DO PIAUI, RUA",67548,"LAGOA DE DENTRO, RUA",0,"","17/06/2013 14:28",2,"CO",24,6610," "," ",0,1,0,1,0,0,0,0,0,0,0,0,0,0,0,0,0,67533,"NOVO ORIENTE DO PIAUI, RUA",67548,"LAGOA DE DENTRO, RUA",18,"CANGAIBA",1,0,"NOVO ORIENTE DO PIAUI, RUA SAO PAULO SP &  LAGOA DE DENTRO, RUA SAO PAULO SP",-23.493908,-46.5036829
"11535","D061300243",17478,"RUBEM BERTA, AV",15025,"ONZE DE JUNHO, AV",0,"","17/06/2013 14:29",2,"CO",16,8309," "," ",1,1,0,0,0,0,0,0,0,0,0,0,0,0,0,0,0,15025,"ONZE DE JUNHO, AV",17478,"RUBEM BERTA, AV",NA,"",1,0,"RUBEM BERTA, AV SAO PAULO SP &  ONZE DE JUNHO, AV SAO PAULO SP",-23.6004322,-46.6511423
"11536","D061300098",18618,"TAMANDARE, RUA",18340,"SIQUEIRA CAMPOS, RUA DR",0,"","17/06/2013 14:30",2,"CO",5,3168," "," ",1,1,0,0,0,0,0,0,0,0,0,0,0,0,0,0,0,18340,"SIQUEIRA CAMPOS, RUA DR",18618,"TAMANDARE, RUA",49,"LIBERDADE",1,0,"TAMANDARE, RUA SAO PAULO SP &  SIQUEIRA CAMPOS, RUA DR SAO PAULO SP",-23.5638361,-46.6346247
"11538","D061300219",15372,"PAMPLONA, RUA",NA,"",1819,"","17/06/2013 15:55",2,"CO",78,5299," "," ",1,0,0,0,0,0,0,0,0,0,0,0,0,0,0,0,0,15372,"PAMPLONA, RUA",NA,"",17,"CAMPO LIMPO",1,0,"PAMPLONA, RUA 1819 SAO PAULO SP",-23.5718609,-46.661558
"11539","D061301017",3771,"INAJAR DE SOUZA, AV",NA,"",1150,"","17/06/2013 16:00",2,"CH",28,3204," "," ",0,1,0,0,0,0,0,0,0,0,0,1,0,0,0,0,0,3771,"INAJAR DE SOUZA, AV",NA,"",50,"LIMAO",1,0,"INAJAR DE SOUZA, AV 1150 SAO PAULO SP",-23.495286,-46.6843729
"11541","D061300562",6471,"SAO VICENTE, AV MARQ DE",NA,"",1300,"","17/06/2013 16:45",4,"AT",23,4522,"B"," ",0,0,1,0,0,0,0,0,0,0,0,0,0,0,0,0,0,6471,"SAO VICENTE, AV MARQ DE",NA,"",6,"BARRA FUNDA",1,0,"SAO VICENTE, AV MARQ DE 1300 SAO PAULO SP",-23.5197564,-46.672867
"11543","D061301283",2181,"ARICANDUVA, AV",NA,"",1672,"","17/06/2013 16:50",2,"QM",21,6893,"B"," ",0,1,0,0,0,0,0,0,0,0,0,0,0,0,0,0,0,2181,"ARICANDUVA, AV",NA,"",60,"PENHA",1,0,"ARICANDUVA, AV 1672 SAO PAULO SP",-23.5424558,-46.534479
"11544","D061301564",34824,"ZIKE TUMA, RUA",NA,"",1485,"","17/06/2013 17:00",2,"CF",80,6460,"C"," ",2,0,0,0,0,0,0,0,0,0,0,0,0,0,0,0,0,34824,"ZIKE TUMA, RUA",NA,"",29,"FREGUESIA DO O",3,0,"ZIKE TUMA, RUA 1485 SAO PAULO SP",-23.6824689,-46.6700416
"11545","D061301381",24338,"LUIZ IGNACIO ANHAIA MELLO, AV PROF",1111,"AMERICO VESPUCCI, RUA",0,"","17/06/2013 17:30",2,"CO",56,4108,"B"," ",1,3,0,0,0,0,0,0,0,0,0,0,0,0,0,0,0,1111,"AMERICO VESPUCCI, RUA",24338,"LUIZ IGNACIO ANHAIA MELLO, AV PROF",95,"VILA PRUDENTE",1,0,"LUIZ IGNACIO ANHAIA MELLO, AV PROF SAO PAULO SP &  AMERICO VESPUCCI, RUA SAO PAULO SP",-23.5827842,-46.565808
"11546","D061300532",8225,"GROENLANDIA, RUA",5175,"COLOMBIA, RUA",0,"","17/06/2013 17:30",2,"CO",15,6221," "," ",1,1,0,0,0,0,0,0,0,0,0,0,0,0,0,0,0,5175,"COLOMBIA, RUA",8225,"GROENLANDIA, RUA",44,"JARDIM PAULISTA",1,0,"GROENLANDIA, RUA SAO PAULO SP &  COLOMBIA, RUA SAO PAULO SP",-23.5684787,-46.6778043
"11547","D061301306",43408,"ABEL FERREIRA, AV VER",NA,"",700,"","17/06/2013 17:40",2,"CO",30,3254," "," ",1,1,0,0,0,0,0,0,0,0,0,0,0,0,0,0,0,43408,"ABEL FERREIRA, AV VER",NA,"",46,"JOSE BONIFACIO",1,0,"ABEL FERREIRA, AV VER 700 SAO PAULO SP",-23.5573817,-46.5709659
"11549","D061300499",16919,"REBOUCAS, AV",3581,"BRASIL, AV",0,"","17/06/2013 17:50",2,"CL",14,6220," "," ",1,1,0,0,0,0,0,0,0,0,0,0,0,0,0,0,0,3581,"BRASIL, AV",16919,"REBOUCAS, AV",63,"PINHEIROS",1,0,"REBOUCAS, AV SAO PAULO SP &  BRASIL, AV SAO PAULO SP",-23.5666153,-46.6829404
"11550","D061302123",9044,"RAGUEB CHOHFI, AV",NA,"",830,"","17/06/2013 18:00",2,"CT",49,8468," "," ",0,1,1,1,0,0,0,0,0,0,0,0,0,0,0,0,0,9044,"RAGUEB CHOHFI, AV",NA,"",32,"IGUATEMI",0,1,"RAGUEB CHOHFI, AV 830 SAO PAULO SP",-23.6055653,-46.4710654
"11551","D061301717",1787,"ANTONIO MARIANO, RUA",NA,"",30,"","17/06/2013 18:42",2,"QM",102,7039," "," ",0,1,0,0,0,0,0,0,0,0,0,0,0,0,0,0,0,1787,"ANTONIO MARIANO, RUA",NA,"",81,"SOCORRO",1,0,"ANTONIO MARIANO, RUA 30 SAO PAULO SP",-23.687403,-46.7065429
"11552","D061300506",1581,"ANTONIO BATUIRA, AV",17985,"SEMANEIROS, AV DOS",0,"","17/06/2013 18:45",2,"CO",14,6473," "," ",2,0,0,0,0,0,0,0,0,0,0,0,0,0,0,0,0,1581,"ANTONIO BATUIRA, AV",10521,"JOAQUIM BARBOSA DE ALMEIDA, RUA DESEM",2,"ALTO DE PINHEIR",1,0,"ANTONIO BATUIRA, AV SAO PAULO SP &  SEMANEIROS, AV DOS SAO PAULO SP",-23.5578062,-46.7071573
"11553","D061300195",989,"AMARAL GURGEL, RUA",2300,"AROUCHE, LGO DO",0,"","17/06/2013 18:50",4,"AT",77,3708," "," ",1,0,0,0,0,0,0,0,0,0,0,0,0,0,0,0,0,2300,"AROUCHE, LGO DO",7623,"FREDERICO STEIDEL, RUA DR",67,"REPUBLICA",1,0,"AMARAL GURGEL, RUA SAO PAULO SP &  AROUCHE, LGO DO SAO PAULO SP",-23.5419473,-46.6475939
"11554","D061300334",449,"ALBA, RUA",NA,"",1331,"","17/06/2013 19:00",2,"CL",35,8321," "," ",1,1,0,0,0,0,0,0,0,0,0,0,0,0,0,0,0,449,"ALBA, RUA",NA,"",37,"JABAQUARA",1,0,"ALBA, RUA 1331 SAO PAULO SP",-23.6472599,-46.6603055
"11555","D061301654",6238,"NACOES UNIDAS, AV DAS",9527,"OCTALLES MARCONDES FERREIRA, AV",0,"","17/06/2013 19:10",4,"AT",99,7038,"B"," ",0,1,0,0,0,0,0,0,0,0,0,0,0,0,0,0,0,6238,"NACOES UNIDAS, AV DAS",9527,"OCTALLES MARCONDES FERREIRA, AV",16,"CAMPO GRANDE",1,0,"NACOES UNIDAS, AV DAS SAO PAULO SP &  OCTALLES MARCONDES FERREIRA, AV SAO PAULO SP",-23.5735935,-46.7008864
"11556","D061300355",19764,"VINTE E TRES DE MAIO, AV",NA,"",1556,"","17/06/2013 19:15",2,"CO",36,2619," "," ",0,2,0,0,0,0,0,0,0,0,0,0,0,0,0,0,0,19764,"VINTE E TRES DE MAIO, AV",NA,"",17,"CAMPO LIMPO",1,0,"VINTE E TRES DE MAIO, AV 1556 SAO PAULO SP",-23.5830713,-46.6522509
"11557","D061300870",5309,"CORIFEU DE AZEVEDO MARQUES, AV",NA,"",1800,"","17/06/2013 19:20",2,"CO",93,5465," "," ",3,0,0,0,0,0,0,0,0,0,0,0,0,0,0,0,0,5309,"CORIFEU DE AZEVEDO MARQUES, AV",NA,"",12,"BUTANTA",1,0,"CORIFEU DE AZEVEDO MARQUES, AV 1800 SAO PAULO SP",-23.5735742,-46.731466
"11559","D061301400",906,"ALVARO RAMOS, AV",NA,"",1953,"","17/06/2013 19:25",2,"CT",57,4100," "," ",0,0,2,0,0,0,0,0,0,0,0,0,0,0,0,0,0,906,"ALVARO RAMOS, AV",NA,"",8,"BELEM",1,0,"ALVARO RAMOS, AV 1953 SAO PAULO SP",-23.5522584,-46.5793367
"11560","D061300845",12436,"MACEDO SOARES, AV EMB",20600,"ERNESTO IGEL, AV",0,"","17/06/2013 19:33",2,"QM",91,4520," "," ",0,1,0,0,0,0,0,0,0,0,0,0,0,0,0,0,0,12436,"MACEDO SOARES, AV EMB",20600,"ERNESTO IGEL, AV",60,"PENHA",1,0,"MACEDO SOARES, AV EMB SAO PAULO SP &  ERNESTO IGEL, AV SAO PAULO SP",-23.509526,-46.7091748
"11561","D061300815",8483,"GUILHERME DUMONT VILARES, AV DR",29075,"FRANCISCO MARCONDES VIEIRA, RUA",0,"","17/06/2013 19:55",2,"CO",89,5472," "," ",0,1,0,0,0,0,0,0,0,0,0,1,0,0,0,0,0,8483,"GUILHERME DUMONT VILARES, AV DR",29075,"FRANCISCO MARCONDES VIEIRA, RUA",96,"VILA SONIA",2,0,"GUILHERME DUMONT VILARES, AV DR SAO PAULO SP &  FRANCISCO MARCONDES VIEIRA, RUA SAO PAULO SP",-23.6206538,-46.7398092
"11562","D061300635",8483,"GUILHERME DUMONT VILARES, AV DR",NA,"",1000,"","17/06/2013 20:00",2,"CO",34,5497," "," ",1,1,0,0,0,0,0,0,0,0,0,0,0,0,0,0,0,8483,"GUILHERME DUMONT VILARES, AV DR",NA,"",85,"VILA ANDRADE",2,0,"GUILHERME DUMONT VILARES, AV DR 1000 SAO PAULO SP",-23.6126247,-46.7413228
"11563","D061300970",16496,"PORANGATU, RUA",NA,"",25,"","17/06/2013 20:30",4,"AA",19,5732," "," ",1,0,0,0,0,0,0,0,0,0,0,0,0,0,0,0,0,16496,"PORANGATU, RUA",NA,"",36,"ITAQUERA",1,0,"PORANGATU, RUA 25 SAO PAULO SP",-23.5064573,-46.5898439
"11564","D061301382",24338,"LUIZ IGNACIO ANHAIA MELLO, AV PROF",8955,"IBITIRAMA, RUA",0,"","17/06/2013 20:30",2,"CT",56,4111,"C"," ",1,1,0,0,0,0,0,0,0,0,0,0,0,0,0,0,0,8955,"IBITIRAMA, RUA",24338,"LUIZ IGNACIO ANHAIA MELLO, AV PROF",95,"VILA PRUDENTE",1,0,"LUIZ IGNACIO ANHAIA MELLO, AV PROF SAO PAULO SP &  IBITIRAMA, RUA SAO PAULO SP",-23.5827842,-46.565808
"11566","D061301515",5606,"CUPECE, AV",NA,"",2800,"","17/06/2013 21:40",2,"CO",43,6468,"B"," ",0,1,0,0,0,0,0,1,0,0,0,0,0,0,0,0,0,5606,"CUPECE, AV",NA,"",22,"CIDADE ADEMAR",1,0,"CUPECE, AV 2800 SAO PAULO SP",-23.6654111,-46.6581006
"11567","D061301383",19057,"TOMAS IZZO, RUA",NA,"",22,"","17/06/2013 21:54",4,"AT",56,4113," "," ",0,0,1,0,0,0,0,0,0,0,0,0,0,0,0,0,0,19057,"TOMAS IZZO, RUA",NA,"",26,"CONSOLACAO",1,0,"TOMAS IZZO, RUA 22 SAO PAULO SP",-23.6599706,-46.6704891
"11568","D061301194",6361,"ELISIO TEIXEIRA LEITE, AV",NA,"",7614,"","17/06/2013 22:19",2,"QD",74,2845," "," ",0,0,1,0,0,0,0,0,0,0,0,0,0,0,0,0,0,6361,"ELISIO TEIXEIRA LEITE, AV",NA,"",29,"FREGUESIA DO O",1,0,"ELISIO TEIXEIRA LEITE, AV 7614 SAO PAULO SP",-23.4356288,-46.7177036
"11569","D061301745",14637,"NITRO - QUIMICA, AV",NA,"",162,"","17/06/2013 22:50",2,"CO",22,5107," "," ",2,0,0,0,0,0,0,0,0,0,0,0,0,0,0,0,0,14637,"NITRO - QUIMICA, AV",NA,"",53,"MOEMA",1,0,"NITRO - QUIMICA, AV 162 SAO PAULO SP",-23.4818095,-46.4333401
"11571","D061300940",18180,"DIOGO CABRERA, RUA",NA,"",562,"","18/06/2013 00:30",2,"CT",13,6794," "," ",1,1,0,0,0,0,0,0,0,0,0,0,0,0,0,0,0,18180,"DIOGO CABRERA, RUA",NA,"",71,"SANTANA",1,0,"DIOGO CABRERA, RUA 562 SAO PAULO SP",-23.4906273,-46.6433417
"11572","D061300020",8024,"GLICERIO, RUA",9032,"IGUAPE, RUA BR DE",0,"","18/06/2013 00:37",2,"CO",1,4849," "," ",1,0,0,0,1,0,0,0,0,0,0,0,0,0,0,0,0,8024,"GLICERIO, RUA",9032,"IGUAPE, RUA BR DE",49,"LIBERDADE",1,0,"GLICERIO, RUA SAO PAULO SP &  IGUAPE, RUA BR DE SAO PAULO SP",-23.5071436,-46.4767062
"11573","D061300634",7500,"FRANCISCO MORATO, AV PROF",NA,"",5975,"","18/06/2013 01:00",2,"CT",34,5477," "," ",2,0,0,0,0,0,0,0,0,0,0,0,0,0,0,0,0,7500,"FRANCISCO MORATO, AV PROF",NA,"",12,"BUTANTA",1,0,"FRANCISCO MORATO, AV PROF 5975 SAO PAULO SP",-23.6062528,-46.7476458
"11574","D061300418",19100,"BANDEIRANTES, AV DOS",17034,"RIBEIRAO CLARO, RUA",0,"","18/06/2013 02:00",2,"CH",96,6441," "," ",1,0,0,0,0,0,0,0,0,0,0,0,0,0,0,0,0,17034,"RIBEIRAO CLARO, RUA",19100,"BANDEIRANTES, AV DOS",34,"ITAIM BIBI",2,0,"BANDEIRANTES, AV DOS SAO PAULO SP &  RIBEIRAO CLARO, RUA SAO PAULO SP",-23.6016317,-46.6827292