"","id_acidente","codloga","logradouroA","codlogb","logradouroB","alt_num","referencia","data","cod_acid","tipo_acidente","dp","numero_BO","sentido","pista","automovel","moto","onibus","caminhao","bicicleta","moto_taxi","onibus_fretado","onibus_urbano","microonibus","van","vuc","caminhonete","carreta","jipe","outros","sem_informacao","carroca","princ_a","paiA","princ_b","paiB","cod_distrito","distrito","vit_ferida","vit_morta","local","lat","lon"
"11663","D061300419",7682,"GABRIEL DE REZENDE PASSOS, AV MIN",NA,"",319,"","19/06/2013 10:00",4,"AT",96,6489," "," ",1,0,0,0,0,0,0,0,0,0,0,0,0,0,0,0,0,7682,"GABRIEL DE REZENDE PASSOS, AV MIN",NA,"",53,"MOEMA",1,0,"GABRIEL DE REZENDE PASSOS, AV MIN 319 SAO PAULO SP",-23.5997272,-46.6628624
"11665","D061301393",19018,"TOBIAS BARRETO, RUA",NA,"",812,"","19/06/2013 10:08",2,"CO",57,2469," "," ",1,1,0,0,0,0,0,0,0,0,0,0,0,0,0,0,0,19018,"TOBIAS BARRETO, RUA",NA,"",10,"BRAS",1,0,"TOBIAS BARRETO, RUA 812 SAO PAULO SP",-23.5509472,-46.5891138
"11666","D061302097",13317,"MARIA PAULA, RUA",1003,"SANTO AMARO, RUA",0,"","19/06/2013 10:15",4,"AT",1,4954," "," ",0,0,1,0,0,0,0,0,0,0,0,0,0,0,0,0,0,1003,"SANTO AMARO, RUA",13317,"MARIA PAULA, RUA",67,"REPUBLICA",1,1,"MARIA PAULA, RUA SAO PAULO SP &  SANTO AMARO, RUA SAO PAULO SP",-23.5519873,-46.639229
"11669","D061300285",10918,"JOSE DINIZ, AV VER",NA,"",2534,"","19/06/2013 11:30",2,"CO",27,2293," "," ",1,1,0,0,0,0,0,0,0,0,0,0,0,0,0,0,0,10918,"JOSE DINIZ, AV VER",NA,"",15,"CAMPO BELO",1,0,"JOSE DINIZ, AV VER 2534 SAO PAULO SP",-23.6241519,-46.6813419
"11670","D061300760",16878,"RAPOSO TAVARES, VIA",NA,"",182,"","19/06/2013 11:30",2,"CO",75,2113," "," ",0,1,0,1,0,0,0,0,0,0,0,0,0,0,0,0,0,16878,"RAPOSO TAVARES, VIA",NA,"",13,"CACHOEIRINHA",1,0,"RAPOSO TAVARES, VIA 182 SAO PAULO SP",-23.6623019,-46.5720261
"11671","D061301290",17629,"SALIM FARAH MALUF, RUA",NA,"",4356,"","19/06/2013 11:34",2,"CT",29,1540," "," ",3,0,0,0,0,0,0,0,0,0,0,0,0,0,0,0,0,17629,"SALIM FARAH MALUF, RUA",NA,"",26,"CONSOLACAO",1,0,"SALIM FARAH MALUF, RUA 4356 SAO PAULO SP",-23.5672651,-46.5743309
"11672","D061300409",6238,"NACOES UNIDAS, AV DAS",NA,"",11500,"","19/06/2013 12:00",2,"CO",96,2272," "," ",0,1,0,0,0,0,0,0,0,0,0,1,0,0,0,0,0,13014,"MARGINAL DO RIO PINHEIROS, AV",NA,"",90,"VILA LEOPOLDINA",1,0,"NACOES UNIDAS, AV DAS 11500 SAO PAULO SP",-23.6791543,-46.6960961
"11676","D061300165",4561,"CASTELO BRANCO, AV PRES",12654,"MANUEL DE ABREU, RUA",0,"","19/06/2013 12:30",2,"CO",12,3358," "," ",0,1,0,0,0,0,0,1,0,0,0,0,0,0,0,0,0,4561,"CASTELO BRANCO, AV PRES",12654,"MANUEL DE ABREU, RUA",NA,"",1,0,"CASTELO BRANCO, AV PRES SAO PAULO SP &  MANUEL DE ABREU, RUA SAO PAULO SP",-23.5216047,-46.6390428
"11677","D061302009",17824,"SAPOPEMBA, AV",NA,"",26000,"","19/06/2013 12:40",2,"CH",55,2385," "," ",1,0,0,0,0,0,0,0,0,0,0,0,0,0,0,0,0,17824,"SAPOPEMBA, AV",NA,"",33,"IPIRANGA",1,0,"SAPOPEMBA, AV 26000 SAO PAULO SP",-23.6228321,-46.4438559
"11679","D061300164",4561,"CASTELO BRANCO, AV PRES",4632,"CATUMBI, RUA",0,"","19/06/2013 14:16",2,"CO",12,3355," "," ",1,1,0,1,0,0,0,0,0,0,0,0,0,0,0,0,0,4561,"CASTELO BRANCO, AV PRES",4632,"CATUMBI, RUA",8,"BELEM",1,0,"CASTELO BRANCO, AV PRES SAO PAULO SP &  CATUMBI, RUA SAO PAULO SP",-23.5216047,-46.6390428
"11680","D061301422",19035,"TOLEDO BARBOSA, RUA",16931,"REDENCAO, RUA",0,"","19/06/2013 14:35",4,"AT",81,1770," "," ",0,0,1,0,0,0,0,0,0,0,0,0,0,0,0,0,0,16931,"REDENCAO, RUA",19035,"TOLEDO BARBOSA, RUA",8,"BELEM",1,0,"TOLEDO BARBOSA, RUA SAO PAULO SP &  REDENCAO, RUA SAO PAULO SP",-23.5414976,-46.5873732
"11683","D061300004",15629,"PAULA SOUSA, RUA",16438,"PLINIO RAMOS, RUA",0,"","19/06/2013 15:30",2,"CL",1,3889," "," ",0,1,0,0,0,0,0,0,0,0,0,1,0,0,0,0,0,15629,"PAULA SOUSA, RUA",16438,"PLINIO RAMOS, RUA",NA,"",1,0,"PAULA SOUSA, RUA SAO PAULO SP &  PLINIO RAMOS, RUA SAO PAULO SP",-23.5381452,-46.6306864
"11684","D061301501",5606,"CUPECE, AV",NA,"",4893,"","19/06/2013 15:59",2,"CO",43,2349," "," ",0,1,0,0,0,0,0,0,0,0,0,1,0,0,0,0,0,5606,"CUPECE, AV",NA,"",22,"CIDADE ADEMAR",1,0,"CUPECE, AV 4893 SAO PAULO SP",-23.6767,-46.6416479
"11685","D061300847",4427,"CARLOS WEBER, RUA",13854,"MERGENTHALER, RUA",0,"","19/06/2013 16:00",4,"AT",91,4575," "," ",0,1,0,0,0,0,0,0,0,0,0,0,0,0,0,0,0,4427,"CARLOS WEBER, RUA",13854,"MERGENTHALER, RUA",90,"VILA LEOPOLDINA",1,0,"CARLOS WEBER, RUA SAO PAULO SP &  MERGENTHALER, RUA SAO PAULO SP",-23.5259848,-46.7315658
"11686","D061301316",4144,"CANTAGALO, RUA",NA,"",2187,"","19/06/2013 16:30",4,"AT",30,3810," "," ",1,0,0,0,0,0,0,0,0,0,0,0,0,0,0,0,0,4144,"CANTAGALO, RUA",NA,"",20,"CARRAO",1,0,"CANTAGALO, RUA 2187 SAO PAULO SP",-23.5429729,-46.5529672
"11687","D061300410",26502,"ARY TORRES, PTE ENG",19100,"BANDEIRANTES, AV DOS",0,"","19/06/2013 16:30",2,"CO",96,2958," "," ",1,1,0,0,0,0,0,0,0,0,0,0,0,0,0,0,0,19100,"BANDEIRANTES, AV DOS",26502,"ARY TORRES, PTE ENG",NA,"",1,0,"ARY TORRES, PTE ENG SAO PAULO SP &  BANDEIRANTES, AV DOS SAO PAULO SP",-23.585265,-46.6905933
"11690","D061300884",6110,"DUARTE DE AZEVEDO, RUA",NA,"",334,"","19/06/2013 17:00",2,"QF",9,3435," "," ",0,0,0,0,0,0,0,1,0,0,0,0,0,0,0,0,0,6110,"DUARTE DE AZEVEDO, RUA",NA,"",71,"SANTANA",1,0,"DUARTE DE AZEVEDO, RUA 334 SAO PAULO SP",-23.5010988,-46.6227006
"11691","D061301789",9477,"ITAJUIBE, RUA",NA,"",1175,"","19/06/2013 17:00",4,"AT",50,7638," "," ",1,0,0,0,0,0,0,0,0,0,0,0,0,0,0,0,0,9477,"ITAJUIBE, RUA",NA,"",35,"ITAIM PAULISTA",1,0,"ITAJUIBE, RUA 1175 SAO PAULO SP",-23.5061706,-46.3884731
"11692","D061301412",43408,"ABEL FERREIRA, AV VER",14196,"MONTEMAGNO, AV",0,"","19/06/2013 17:00",2,"CL",58,3806," "," ",1,1,0,0,0,0,0,0,0,0,0,0,0,0,0,0,0,14196,"MONTEMAGNO, AV",43408,"ABEL FERREIRA, AV VER",1,"AGUA RASA",1,0,"ABEL FERREIRA, AV VER SAO PAULO SP &  MONTEMAGNO, AV SAO PAULO SP",-23.5650195,-46.5589073
"11693","D061302124",17824,"SAPOPEMBA, AV",63256,"CANDIDO XAVIER, RUA",0,"","19/06/2013 17:05",4,"AT",55,2389," "," ",0,0,1,0,0,0,0,0,0,0,0,0,0,0,0,0,0,17824,"SAPOPEMBA, AV",63256,"CANDIDO XAVIER, RUA",77,"SAO RAFAEL",0,1,"SAPOPEMBA, AV SAO PAULO SP &  CANDIDO XAVIER, RUA SAO PAULO SP",-23.6148326,-46.5024993
"11694","D061302055",78852,"DOURADOQUARA, RUA",NA,"",230,"","19/06/2013 17:30",4,"AT",69,7547," "," ",0,1,0,0,0,0,0,0,0,0,0,0,0,0,0,0,0,78852,"DOURADOQUARA, RUA",NA,"",56,"PARELHEIROS",1,0,"DOURADOQUARA, RUA 230 SAO PAULO SP",-23.5961793,-46.5022112
"11695","D061301788",17820,"TITO, AV MAL",NA,"",6035,"","19/06/2013 17:30",4,"AT",50,7620," "," ",0,0,0,0,0,0,0,0,0,0,0,1,0,0,0,0,0,17820,"TITO, AV MAL",NA,"",53,"MOEMA",1,0,"TITO, AV MAL 6035 SAO PAULO SP",-23.4924549,-46.3882893
"11697","D061301394",15034,"ORATORIO, RUA DO",NA,"",2670,"","19/06/2013 17:50",2,"CT",57,2502,"B"," ",1,0,0,0,0,0,0,0,0,0,0,1,0,0,0,0,0,15034,"ORATORIO, RUA DO",NA,"",16,"CAMPO GRANDE",2,0,"ORATORIO, RUA DO 2670 SAO PAULO SP",-23.570525,-46.5813718
"11698","D061300748",13019,"ESCOLA POLITECNICA, AV",1363,"JORGE WARD, RUA",0,"","19/06/2013 18:20",2,"CO",51,6307," "," ",1,0,0,0,1,0,0,0,0,0,0,0,0,0,0,0,0,1363,"JORGE WARD, RUA",22165,"PABLO CASALS, AV",45,"JARDIM SAO LUIS",1,0,"ESCOLA POLITECNICA, AV SAO PAULO SP &  JORGE WARD, RUA SAO PAULO SP",-23.5585284,-46.7466636
"11699","D061301979",36387,"JAIME RIBEIRO WRIGHT, RUA",NA,"",1225,"","19/06/2013 18:30",2,"QM",53,4431," "," ",0,1,0,0,0,0,0,0,0,0,0,0,0,0,0,0,0,36387,"JAIME RIBEIRO WRIGHT, RUA",NA,"",50,"LIMAO",1,0,"JAIME RIBEIRO WRIGHT, RUA 1225 SAO PAULO SP",-23.5695229,-46.4358282
"11700","D061301508",5606,"CUPECE, AV",9091,"MOACIR EIK ALVARO, RUA PROF",0,"","19/06/2013 18:30",2,"CT",43,2590," "," ",0,1,0,0,0,0,0,0,0,0,0,0,0,0,0,0,0,5606,"CUPECE, AV",9091,"MOACIR EIK ALVARO, RUA PROF",NA,"",1,0,"CUPECE, AV SAO PAULO SP &  MOACIR EIK ALVARO, RUA PROF SAO PAULO SP",-23.6626179,-46.6622987
"11701","D061300378",5618,"CURSINO, AV DO",NA,"",3342,"","19/06/2013 18:40",2,"CO",83,5538," "," ",0,1,0,0,0,0,0,0,0,0,0,0,0,0,0,0,0,5618,"CURSINO, AV DO",NA,"",27,"CURSINO",2,0,"CURSINO, AV DO 3342 SAO PAULO SP",-23.6307395,-46.6177904
"11702","D061300089",989,"AMARAL GURGEL, RUA",NA,"",100,"","19/06/2013 19:20",2,"CO",4,5381," "," ",1,1,0,0,0,0,0,0,0,0,0,0,0,0,0,0,0,989,"AMARAL GURGEL, RUA",NA,"",67,"REPUBLICA",1,0,"AMARAL GURGEL, RUA 100 SAO PAULO SP",-23.5426454,-46.6478986
"11703","D061301759",5687,"DANFER, AV",NA,"",100,"","19/06/2013 19:58",2,"CO",24,6698," "," ",1,0,0,0,0,0,0,0,0,0,0,0,0,0,0,0,0,5687,"DANFER, AV",NA,"",18,"CANGAIBA",1,0,"DANFER, AV 100 SAO PAULO SP",-23.5045049,-46.5059502
"11704","D061301516",5606,"CUPECE, AV",NA,"",2100,"","19/06/2013 20:00",2,"CL",43,6551," "," ",1,1,0,0,0,0,0,0,0,0,0,0,0,0,0,0,0,5606,"CUPECE, AV",NA,"",22,"CIDADE ADEMAR",1,0,"CUPECE, AV 2100 SAO PAULO SP",-23.6612763,-46.6635985
"11705","D061301535",73185,"FELIPE GUITON, RUA ENG",NA,"",143,"","19/06/2013 20:00",4,"AT",47,7647," "," ",0,1,0,0,0,0,0,0,0,0,0,0,0,0,0,0,0,73185,"FELIPE GUITON, RUA ENG",NA,"",29,"FREGUESIA DO O",1,0,"FELIPE GUITON, RUA ENG 143 SAO PAULO SP",-23.6629216,-46.7878941
"11706","D061301052",15426,"PARADA PINTO, AV",NA,"",2262,"","19/06/2013 20:00",2,"QF",38,3271," "," ",0,0,0,0,0,0,0,1,0,0,0,0,0,0,0,0,0,15426,"PARADA PINTO, AV",NA,"",8,"BELEM",1,0,"PARADA PINTO, AV 2262 SAO PAULO SP",-23.4702134,-46.649114
"11707","D061300220",10004,"JAU, AL",12165,"LUIS ANTONIO, AV BRIG",0,"","19/06/2013 20:10",2,"CO",78,5382," "," ",1,0,0,0,1,0,0,0,0,0,0,0,0,0,0,0,0,10004,"JAU, AL",12165,"LUIS ANTONIO, AV BRIG",44,"JARDIM PAULISTA",1,0,"JAU, AL SAO PAULO SP &  LUIS ANTONIO, AV BRIG SAO PAULO SP",-23.5679832,-46.6526752
"11708","D061301094",6163,"EDE, AV",NA,"",383,"","19/06/2013 20:30",2,"CO",39,6657,"C"," ",1,1,0,0,0,0,0,0,0,0,0,0,0,0,0,0,0,6163,"EDE, AV",NA,"",94,"VILA MEDEIROS",1,0,"EDE, AV 383 SAO PAULO SP",-23.4957551,-46.5931013
"11709","D061301673",31402,"AGAMENON PEREIRA DA SILVA, RUA",NA,"",200,"","19/06/2013 20:50",4,"AT",100,7632," "," ",1,0,0,0,0,0,0,0,0,0,0,0,0,0,0,0,0,31402,"AGAMENON PEREIRA DA SILVA, RUA",NA,"",32,"IGUATEMI",1,0,"AGAMENON PEREIRA DA SILVA, RUA 200 SAO PAULO SP",-23.6953296,-46.7789416
"11710","D061301325",4502,"CARRAO, AV CONS",NA,"",3341,"","19/06/2013 21:30",2,"QD",31,3808," "," ",0,0,1,0,0,0,0,0,0,0,0,0,0,0,0,0,0,4502,"CARRAO, AV CONS",NA,"",20,"CARRAO",1,0,"CARRAO, AV CONS 3341 SAO PAULO SP",-23.5519085,-46.5300027
"11711","D061300538",17252,"ROCIO, RUA DO",NA,"",109,"","19/06/2013 22:50",2,"CT",15,8423," "," ",1,1,0,0,0,0,0,0,0,0,0,0,0,0,0,0,0,17252,"ROCIO, RUA DO",NA,"",28,"ERMELINO MATARA",1,0,"ROCIO, RUA DO 109 SAO PAULO SP",-23.5937538,-46.6848479
"11712","D061301401",72835,"JOAO INACIO TEIXEIRA, RUA DR",7033,"FERNANDO FALCAO, RUA",0,"","19/06/2013 22:50",2,"SI",57,4157," "," ",1,1,0,0,0,0,0,0,0,0,0,0,0,0,0,0,0,4543,"CASSANDOCA, AV",7033,"FERNANDO FALCAO, RUA",54,"MOOCA",1,0,"JOAO INACIO TEIXEIRA, RUA DR SAO PAULO SP &  FERNANDO FALCAO, RUA SAO PAULO SP",-23.5579323,-46.5851156
"11713","D061300390",5762,"DELAMARE, AV ALM",NA,"",1335,"","20/06/2013 02:00",2,"CH",95,2857," "," ",1,0,0,0,0,0,0,0,0,0,0,0,0,0,0,0,0,5762,"DELAMARE, AV ALM",NA,"",33,"IPIRANGA",1,0,"DELAMARE, AV ALM 1335 SAO PAULO SP",-23.6060932,-46.5937068
"11714","D061301761",13881,"MIGUEL, AV S",NA,"",4078,"","20/06/2013 04:40",2,"CO",24,6714," "," ",1,0,0,1,0,0,0,0,0,0,0,0,0,0,0,0,0,13881,"MIGUEL, AV S",NA,"",65,"PONTE RASA",1,0,"MIGUEL, AV S 4078 SAO PAULO SP",-23.5083867,-46.4937245
"11715","D061300652",16339,"CARLOS LACERDA, AV",NA,"",185,"","20/06/2013 05:25",4,"AT",37,4764," "," ",0,1,0,0,0,0,0,0,0,0,0,0,0,0,0,0,0,16339,"CARLOS LACERDA, AV",NA,"",29,"FREGUESIA DO O",1,0,"CARLOS LACERDA, AV 185 SAO PAULO SP",-23.6350518,-46.7755
"11716","D061300818",8000,"GIOVANNI GRONCHI, AV",NA,"",4499,"","20/06/2013 06:00",2,"CH",89,5552," "," ",1,0,0,0,0,0,0,0,0,0,0,0,0,0,0,0,0,8000,"GIOVANNI GRONCHI, AV",NA,"",55,"MORUMBI",1,0,"GIOVANNI GRONCHI, AV 4499 SAO PAULO SP",-23.6191324,-46.7328132
"11717","D061300912",19884,"VOLUNTARIOS DA PATRIA, RUA",NA,"",2600,"","20/06/2013 06:10",2,"CT",13,5944," "," ",1,1,0,0,0,0,0,0,0,0,0,0,0,0,0,0,0,19884,"VOLUNTARIOS DA PATRIA, RUA",NA,"",8,"BELEM",1,0,"VOLUNTARIOS DA PATRIA, RUA 2600 SAO PAULO SP",-23.4974713,-46.6257952
"11718","D061301504",4734,"CELSO DOS SANTOS, AV",NA,"",717,"","20/06/2013 06:20",2,"CL",43,2357," "," ",0,1,0,0,0,0,0,0,0,0,0,1,0,0,0,0,0,4734,"CELSO DOS SANTOS, AV",NA,"",22,"CIDADE ADEMAR",1,0,"CELSO DOS SANTOS, AV 717 SAO PAULO SP",-23.6694417,-46.6673774
"11719","D061300988",18151,"SEZEFREDO FAGUNDES, AV CEL",14847,"TEIXEIRA DAS NEVES, RUA DR",0,"","20/06/2013 06:30",2,"QM",20,5820," "," ",0,1,0,0,0,0,0,0,0,0,0,0,0,0,0,0,0,14847,"TEIXEIRA DAS NEVES, RUA DR",18151,"SEZEFREDO FAGUNDES, AV CEL",83,"TREMEMBE",1,0,"SEZEFREDO FAGUNDES, AV CEL SAO PAULO SP &  TEIXEIRA DAS NEVES, RUA DR SAO PAULO SP",-23.4550902,-46.6022715
"11721","D061301503",5606,"CUPECE, AV",NA,"",3320,"","20/06/2013 06:40",2,"CO",43,2352," "," ",1,1,0,0,0,0,0,0,0,0,0,0,0,0,0,0,0,5606,"CUPECE, AV",NA,"",22,"CIDADE ADEMAR",1,0,"CUPECE, AV 3320 SAO PAULO SP",-23.6676378,-46.6532038
"11723","D061301326",18615,"TAMAINDE, RUA",14234,"MORAVIA, RUA",0,"","20/06/2013 08:00",2,"CO",31,3815," "," ",1,1,0,0,0,0,0,0,0,0,0,0,0,0,0,0,0,14234,"MORAVIA, RUA",18615,"TAMAINDE, RUA",20,"CARRAO",1,0,"TAMAINDE, RUA SAO PAULO SP &  MORAVIA, RUA SAO PAULO SP",-23.5440283,-46.5348894
"11724","D061300373",13915,"MIGUEL ESTEFANO, AV",NA,"",999,"","20/06/2013 08:08",2,"CL",83,1392,"B"," ",0,1,0,0,0,0,0,0,0,0,0,1,0,0,0,0,0,13915,"MIGUEL ESTEFANO, AV",NA,"",27,"CURSINO",1,0,"MIGUEL ESTEFANO, AV 999 SAO PAULO SP",-23.6221416,-46.6301723
"11725","D061301502",5606,"CUPECE, AV",NA,"",3689,"","20/06/2013 08:10",2,"CO",43,2351," "," ",1,1,0,0,0,0,0,0,0,0,0,0,0,0,0,0,0,5606,"CUPECE, AV",NA,"",22,"CIDADE ADEMAR",1,0,"CUPECE, AV 3689 SAO PAULO SP",-23.6688433,-46.6499275
"11726","D061301569",20048,"YERVANT KISSAJIKIAN, AV",NA,"",2874,"","20/06/2013 08:30",2,"CO",80,900016," "," ",1,1,0,0,0,0,0,0,0,0,0,0,0,0,0,0,0,20048,"YERVANT KISSAJIKIAN, AV",NA,"",29,"FREGUESIA DO O",2,0,"YERVANT KISSAJIKIAN, AV 2874 SAO PAULO SP",-23.6803828,-46.654636
"11727","D061300374",13915,"MIGUEL ESTEFANO, AV",NA,"",999,"","20/06/2013 08:40",2,"CL",83,1393," "," ",1,1,0,0,0,0,0,0,0,0,0,0,0,0,0,0,0,13915,"MIGUEL ESTEFANO, AV",NA,"",27,"CURSINO",1,0,"MIGUEL ESTEFANO, AV 999 SAO PAULO SP",-23.6221416,-46.6301723
"11728","D061300372",15239,"OURIVES, AV DOS",NA,"",632,"","20/06/2013 08:44",2,"CO",83,1391," "," ",1,1,0,0,0,0,0,0,0,0,0,0,0,0,0,0,0,15239,"OURIVES, AV DOS",NA,"",21,"CASA VERDE",1,0,"OURIVES, AV DOS 632 SAO PAULO SP",-23.6552047,-46.608758
"11729","D061301074",9170,"INES, AV STA",13554,"MARQUES, RUA",0,"","20/06/2013 08:45",2,"CO",38,7062," "," ",1,1,0,0,0,0,0,0,0,0,0,0,0,0,0,0,0,9170,"INES, AV STA",13554,"MARQUES, RUA",51,"MANDAQUI",1,0,"INES, AV STA SAO PAULO SP &  MARQUES, RUA SAO PAULO SP",-23.4571244,-46.6487598
"11730","D061301505",5606,"CUPECE, AV",1072,"ALVARES FAGUNDES, RUA",0,"","20/06/2013 09:00",2,"CO",43,2373," "," ",0,0,0,1,1,0,0,0,0,0,0,0,0,0,0,0,0,4657,"NICOLAU MARIA ROSSETTI, RUA PROF",5606,"CUPECE, AV",22,"CIDADE ADEMAR",1,0,"CUPECE, AV SAO PAULO SP &  ALVARES FAGUNDES, RUA SAO PAULO SP",-23.6626179,-46.6622987
"11731","D061301760",954,"AMADOR BUENO DA VEIGA, AV",NA,"",2932,"","20/06/2013 09:02",2,"CO",24,6710," "," ",1,1,0,0,0,0,0,0,0,0,0,0,0,0,0,0,0,954,"AMADOR BUENO DA VEIGA, AV",NA,"",60,"PENHA",2,0,"AMADOR BUENO DA VEIGA, AV 2932 SAO PAULO SP",-23.5222967,-46.5178522
"11732","D061300305",8944,"IBIRAPUERA, AV",NA,"",2000,"","20/06/2013 09:30",2,"QD",27,6527," "," ",0,0,1,0,0,0,0,0,0,0,0,0,0,0,0,0,0,8944,"IBIRAPUERA, AV",NA,"",53,"MOEMA",1,0,"IBIRAPUERA, AV 2000 SAO PAULO SP",-23.6024183,-46.6612647
"11734","D061301636",6238,"NACOES UNIDAS, AV DAS",9220,"INTERLAGOS, AV",0,"","20/06/2013 10:10",2,"CO",99,2573," "," ",2,1,0,0,0,0,0,0,0,0,0,0,0,0,0,0,0,6238,"NACOES UNIDAS, AV DAS",9220,"INTERLAGOS, AV",16,"CAMPO GRANDE",2,0,"NACOES UNIDAS, AV DAS SAO PAULO SP &  INTERLAGOS, AV SAO PAULO SP",-23.5735935,-46.7008864
"11736","D061300257",5421,"COSTA AGUIAR, RUA",11874,"LIMA E SILVA, RUA",0,"","20/06/2013 10:31",4,"AT",17,3242," "," ",0,0,0,0,0,0,0,0,0,0,0,1,0,0,0,0,0,5421,"COSTA AGUIAR, RUA",11874,"LIMA E SILVA, RUA",33,"IPIRANGA",1,0,"COSTA AGUIAR, RUA SAO PAULO SP &  LIMA E SILVA, RUA SAO PAULO SP",-23.5846133,-46.6065694
"11737","D061300117",11794,"LEOPOLDO MIGUEZ, RUA",6642,"ESTADO, AV DO",0,"","20/06/2013 10:54",4,"AT",6,2932," "," ",0,1,0,0,0,0,0,0,0,0,0,0,0,0,0,0,0,6642,"ESTADO, AV DO",11794,"LEOPOLDO MIGUEZ, RUA",14,"CAMBUCI",1,0,"LEOPOLDO MIGUEZ, RUA SAO PAULO SP &  ESTADO, AV DO SAO PAULO SP",-23.5567013,-46.6257888
"11738","D061301689",3509,"BELMIRA MARIN, AV DONA",NA,"",1277,"","20/06/2013 11:30",4,"AT",101,4857," "," ",0,1,0,0,0,0,0,0,0,0,0,0,0,0,0,0,0,3509,"BELMIRA MARIN, AV DONA",NA,"",30,"GRAJAU",1,0,"BELMIRA MARIN, AV DONA 1277 SAO PAULO SP",-23.7415855,-46.691662
"11739","D061300885",36061,"LUIZ DUMONT VILLARES, AV",NA,"",542,"","20/06/2013 11:45",2,"CO",9,3454,"B"," ",0,1,0,0,0,0,0,0,0,1,0,0,0,0,0,0,0,36061,"LUIZ DUMONT VILLARES, AV",NA,"",22,"CIDADE ADEMAR",1,0,"LUIZ DUMONT VILLARES, AV 542 SAO PAULO SP",-23.4973758,-46.6123184
"11740","D061301073",44645,"DIREITOS HUMANOS, AV",NA,"",100,"","20/06/2013 11:49",4,"AT",38,6888," "," ",1,0,0,0,0,0,0,0,0,0,0,0,0,0,0,0,0,44645,"DIREITOS HUMANOS, AV",NA,"",8,"BELEM",1,0,"DIREITOS HUMANOS, AV 100 SAO PAULO SP",-23.4874981,-46.652867
"11741","D061301771",8214,"GREGORIO RAMALHO, RUA",NA,"",12,"","20/06/2013 12:45",2,"QD",32,3492," "," ",0,0,1,0,0,0,0,0,0,0,0,0,0,0,0,0,0,8214,"GREGORIO RAMALHO, RUA",NA,"",36,"ITAQUERA",1,0,"GREGORIO RAMALHO, RUA 12 SAO PAULO SP",-23.5359901,-46.4542043
"11742","D061301247",4128,"CANGAIBA, AV",NA,"",2604,"","20/06/2013 13:00",2,"QM",10,7003," "," ",0,1,0,0,0,0,0,0,0,0,0,0,0,0,0,0,0,4128,"CANGAIBA, AV",NA,"",18,"CANGAIBA",1,0,"CANGAIBA, AV 2604 SAO PAULO SP",-23.5061117,-46.5306083
"11743","D061300148",16358,"PIRATININGA, RUA",16673,"PRUDENTE DE MORAIS, RUA",0,"","20/06/2013 13:53",4,"AT",8,4917," "," ",1,0,0,0,0,0,0,0,0,0,0,0,0,0,0,0,0,16358,"PIRATININGA, RUA",44633,"TORQUATO NETO, RUA",10,"BRAS",1,0,"PIRATININGA, RUA SAO PAULO SP &  PRUDENTE DE MORAIS, RUA SAO PAULO SP",-23.5521305,-46.6163565
"11744","D061302064",4683,"MARIA DO CAMBUCA, RUA STA",NA,"",321,"","20/06/2013 14:00",4,"AT",70,3015," "," ",0,1,0,0,0,0,0,0,0,0,0,0,0,0,0,0,0,4683,"MARIA DO CAMBUCA, RUA STA",NA,"",78,"SAPOPEMBA",1,0,"MARIA DO CAMBUCA, RUA STA 321 SAO PAULO SP",-23.5988075,-46.5292368
"11745","D061301337",5425,"COSTA BARROS, RUA",9034,"IGUARA, RUA",0,"","20/06/2013 14:00",2,"CO",42,2211," "," ",1,1,0,0,0,0,0,0,0,0,0,0,0,0,0,0,0,5425,"COSTA BARROS, RUA",9034,"IGUARA, RUA",95,"VILA PRUDENTE",1,0,"COSTA BARROS, RUA SAO PAULO SP &  IGUARA, RUA SAO PAULO SP",-23.6047674,-46.5502522
"11747","D061301592",79059,"JULIO LOURENCO PINTO, RUA",NA,"",288,"","20/06/2013 14:35",2,"CO",92,3872," "," ",1,1,0,0,0,0,0,0,0,0,0,0,0,0,0,0,0,79059,"JULIO LOURENCO PINTO, RUA",NA,"",32,"IGUATEMI",1,0,"JULIO LOURENCO PINTO, RUA 288 SAO PAULO SP",-23.6632218,-46.7580877
"11748","D061300852",13014,"MARGINAL DO RIO PINHEIROS, AV",NA,"",90000,"","20/06/2013 14:45",2,"CO",93,2771," "," ",1,1,0,0,0,0,0,0,0,0,0,1,0,0,0,0,0,13014,"MARGINAL DO RIO PINHEIROS, AV",NA,"",40,"JAGUARE",1,0,"MARGINAL DO RIO PINHEIROS, AV 90000 SAO PAULO SP",-23.5604208,-46.6574734
"11749","D061301461",4053,"MARIO LOPES LEAO, AV",NA,"",100,"","20/06/2013 14:55",2,"QM",11,7161," "," ",0,1,0,0,0,0,0,0,0,0,0,0,0,0,0,0,0,4053,"MARIO LOPES LEAO, AV",NA,"",72,"SANTO AMARO",1,0,"MARIO LOPES LEAO, AV 100 SAO PAULO SP",-23.6502865,-46.7067522