"","id_acidente","codloga","logradouroA","codlogb","logradouroB","alt_num","referencia","data","cod_acid","tipo_acidente","dp","numero_BO","sentido","pista","automovel","moto","onibus","caminhao","bicicleta","moto_taxi","onibus_fretado","onibus_urbano","microonibus","van","vuc","caminhonete","carreta","jipe","outros","sem_informacao","carroca","princ_a","paiA","princ_b","paiB","cod_distrito","distrito","vit_ferida","vit_morta","local","lat","lon"
"11750","D061300079",15206,"OTAVIO MENDES, RUA PROF",NA,"",36,"","20/06/2013 15:00",4,"AT",4,4293," "," ",0,1,0,0,0,0,0,0,0,0,0,0,0,0,0,0,0,15206,"OTAVIO MENDES, RUA PROF",NA,"",17,"CAMPO LIMPO",1,0,"OTAVIO MENDES, RUA PROF 36 SAO PAULO SP",-23.5615269,-46.655418
"11751","D061301033",15188,"OTAVIANO ALVES DE LIMA, AV",NA,"",2200,"","20/06/2013 15:50",2,"CO",28,6981," "," ",1,1,0,0,0,0,0,0,0,0,0,0,0,0,0,0,0,29772,"MARGINAL DO RIO TIETE, AV",NA,"",23,"CIDADE DUTRA",1,0,"OTAVIANO ALVES DE LIMA, AV 2200 SAO PAULO SP",-23.5077072,-46.6914795
"11752","D061300551",2287,"ARNOLFO AZEVEDO, AV",NA,"",210,"","20/06/2013 16:00",2,"CO",23,3534," "," ",1,1,0,0,0,0,0,0,0,0,0,0,0,0,0,0,0,2287,"ARNOLFO AZEVEDO, AV",NA,"",26,"CONSOLACAO",2,0,"ARNOLFO AZEVEDO, AV 210 SAO PAULO SP",-23.5454834,-46.668499
"11754","D061301285",44742,"BERNARDINO BRITO FONSECA DE CA, AV",NA,"",100,"","20/06/2013 16:49",4,"AT",21,7014," "," ",0,1,0,0,0,0,0,0,0,0,0,0,0,0,0,0,0,44742,"BERNARDINO BRITO FONSECA DE CA, AV",NA,"",93,"VILA MATILDE",1,0,"BERNARDINO BRITO FONSECA DE CA, AV 100 SAO PAULO SP",-23.570485,-46.6451425
"11755","D061301746",11542,"NORDESTINA, AV",NA,"",2370,"","20/06/2013 16:50",2,"CO",22,5186," "," ",2,0,0,0,0,0,0,0,1,0,0,0,0,0,0,0,0,11542,"NORDESTINA, AV",NA,"",76,"SAO MIGUEL",2,0,"NORDESTINA, AV 2370 SAO PAULO SP",-23.5120034,-46.4356556
"11757","D061301470",10270,"JOAO DIAS, AV",NA,"",1332,"","20/06/2013 17:20",2,"CO",11,7420," "," ",0,2,0,0,0,0,0,0,0,0,0,0,0,0,0,0,0,10270,"JOAO DIAS, AV",NA,"",72,"SANTO AMARO",1,0,"JOAO DIAS, AV 1332 SAO PAULO SP",-23.6452281,-46.7132119
"11758","D061301153",3771,"INAJAR DE SOUZA, AV",NA,"",6000,"","20/06/2013 17:30",4,"AT",72,900076," "," ",1,0,0,0,0,0,0,0,0,0,0,0,0,0,0,0,0,3771,"INAJAR DE SOUZA, AV",NA,"",50,"LIMAO",1,0,"INAJAR DE SOUZA, AV 6000 SAO PAULO SP",-23.4595858,-46.6735483
"11759","D061300080",1497,"ANTONIA DE QUEIROS, RUA DONA",5245,"CONSOLACAO, RUA DA",0,"","20/06/2013 17:40",2,"CO",4,4296," "," ",1,1,0,0,0,0,0,0,0,0,0,0,0,0,0,0,0,1497,"ANTONIA DE QUEIROS, RUA DONA",5245,"CONSOLACAO, RUA DA",26,"CONSOLACAO",1,0,"ANTONIA DE QUEIROS, RUA DONA SAO PAULO SP &  CONSOLACAO, RUA DA SAO PAULO SP",-23.5510949,-46.6530739
"11760","D061301462",3516,"MARIO VILAS BOAS RODRIGUES, AV DR",NA,"",387,"","20/06/2013 18:00",2,"QM",11,7183," "," ",0,1,0,0,0,0,0,0,0,0,0,0,0,0,0,0,0,3516,"MARIO VILAS BOAS RODRIGUES, AV DR",NA,"",72,"SANTO AMARO",2,0,"MARIO VILAS BOAS RODRIGUES, AV DR 387 SAO PAULO SP",-23.6515793,-46.7220371
"11762","D061300637",21674,"JORGE JOAO SAAD, AV",NA,"",500,"","20/06/2013 18:18",4,"AT",34,5576,"C"," ",0,1,0,0,0,0,0,0,0,0,0,0,0,0,0,0,0,21674,"JORGE JOAO SAAD, AV",NA,"",13,"CACHOEIRINHA",1,0,"JORGE JOAO SAAD, AV 500 SAO PAULO SP",-23.5907419,-46.7220614
"11763","D061300989",11999,"LARIVAL GEA SANCHES, RUA",NA,"",100,"","20/06/2013 18:20",2,"CO",20,5834," "," ",1,1,0,0,0,0,0,0,0,0,0,0,0,0,0,0,0,11999,"LARIVAL GEA SANCHES, RUA",NA,"",51,"MANDAQUI",1,0,"LARIVAL GEA SANCHES, RUA 100 SAO PAULO SP",-23.4811468,-46.6226724
"11764","D061300819",31981,"PEDRO GOMES DA COSTA, RUA",NA,"",89,"","20/06/2013 18:30",4,"AT",89,5577," "," ",0,0,0,0,0,0,0,0,0,0,0,0,0,0,0,1,0,31981,"PEDRO GOMES DA COSTA, RUA",NA,"",29,"FREGUESIA DO O",1,0,"PEDRO GOMES DA COSTA, RUA 89 SAO PAULO SP",-23.617761,-46.7449332
"11766","D061302039",63243,"FIGUEIRA DA INDIA, RUA",NA,"",200,"","20/06/2013 18:45",2,"CO",66,4794," "," ",1,1,0,0,0,0,0,0,0,0,0,0,0,0,0,0,0,63243,"FIGUEIRA DA INDIA, RUA",NA,"",38,"JACANA",1,0,"FIGUEIRA DA INDIA, RUA 200 SAO PAULO SP",-23.5543016,-46.5026119
"11767","D061301845",13881,"MIGUEL, AV S",NA,"",7900,"","20/06/2013 18:50",2,"CL",63,5187," "," ",0,1,0,0,0,0,0,0,0,0,0,1,0,0,0,0,0,13881,"MIGUEL, AV S",NA,"",65,"PONTE RASA",2,0,"MIGUEL, AV S 7900 SAO PAULO SP",-23.4980316,-46.4610173
"11768","D061301065",73658,"ANTONIO DIAS DA SILVA, RUA",NA,"",100,"","20/06/2013 18:52",2,"CO",38,5716," "," ",1,1,0,0,0,0,0,0,0,0,0,0,0,0,0,0,0,73658,"ANTONIO DIAS DA SILVA, RUA",NA,"",8,"BELEM",1,0,"ANTONIO DIAS DA SILVA, RUA 100 SAO PAULO SP",-23.4689726,-46.6488163
"11769","D061302070",64598,"CAROLINA MARIA DE JESUS, RUA",NA,"",234,"","20/06/2013 18:55",2,"SI",70,6632," "," ",1,0,0,0,0,0,0,0,0,0,0,0,0,0,0,0,0,64598,"CAROLINA MARIA DE JESUS, RUA",NA,"",56,"PARELHEIROS",1,0,"CAROLINA MARIA DE JESUS, RUA 234 SAO PAULO SP",-23.5984319,-46.5244806
"11771","D061301620",5606,"CUPECE, AV",NA,"",5644,"","20/06/2013 19:20",2,"CH",98,6593," "," ",0,1,0,0,0,0,0,0,0,0,0,0,0,0,0,0,0,5606,"CUPECE, AV",NA,"",22,"CIDADE ADEMAR",2,0,"CUPECE, AV 5644 SAO PAULO SP",-23.6820179,-46.6370551
"11772","D061301536",17772,"SANT'ANNA, AV COMEN",NA,"",639,"","20/06/2013 19:29",2,"CT",47,7679," "," ",0,2,0,0,0,0,0,0,0,0,0,0,0,0,0,0,0,17772,"SANT'ANNA, AV COMEN",NA,"",29,"FREGUESIA DO O",1,0,"SANT'ANNA, AV COMEN 639 SAO PAULO SP",-23.5186813,-46.6999583
"11773","D061300636",16337,"ELISEU DE ALMEIDA, AV",5996,"DOMINGOS BARBIERI, RUA",0,"","20/06/2013 19:52",2,"CO",34,5572," "," ",1,1,0,0,0,0,0,0,0,0,0,0,0,0,0,0,0,6204,"EDMUNDO SCANNAPIECO, RUA",16337,"ELISEU DE ALMEIDA, AV",12,"BUTANTA",1,0,"ELISEU DE ALMEIDA, AV SAO PAULO SP &  DOMINGOS BARBIERI, RUA SAO PAULO SP",-23.580821,-46.721895
"11774","D061300591",21629,"ELISIO CORDEIRO DE SIQUEIRA, AV",NA,"",632,"","20/06/2013 20:00",2,"CO",33,5902," "," ",1,1,0,0,0,0,0,0,0,0,0,0,0,0,0,0,0,21629,"ELISIO CORDEIRO DE SIQUEIRA, AV",NA,"",31,"GUAIANASES",1,0,"ELISIO CORDEIRO DE SIQUEIRA, AV 632 SAO PAULO SP",-23.5015781,-46.7477045
"11775","D061300060",19017,"TOBIAS, RUA BRIG",19932,"WASHINGTON LUIS, RUA",0,"","20/06/2013 20:00",2,"CO",3,3772," "," ",1,1,0,0,0,0,0,0,0,0,0,0,0,0,0,0,0,19017,"TOBIAS, RUA BRIG",19932,"WASHINGTON LUIS, RUA",NA,"",1,0,"TOBIAS, RUA BRIG SAO PAULO SP &  WASHINGTON LUIS, RUA SAO PAULO SP",-23.5373724,-46.6343589
"11776","D061301066",21770,"JOSE DE ALMEIDA BOTELHO, RUA GAL",NA,"",264,"","20/06/2013 20:15",2,"CO",38,5719," "," ",1,0,0,0,1,0,0,0,0,0,0,0,0,0,0,0,0,21770,"JOSE DE ALMEIDA BOTELHO, RUA GAL",NA,"",8,"BELEM",1,0,"JOSE DE ALMEIDA BOTELHO, RUA GAL 264 SAO PAULO SP",-23.4714032,-46.6341719
"11777","D061300592",1429,"ANHANGUERA, VIA",NA,"",1,"","20/06/2013 20:30",2,"QM",33,5937," "," ",0,1,0,0,0,0,0,0,0,0,0,0,0,0,0,0,0,1429,"ANHANGUERA, VIA",NA,"",73,"SAO DOMINGOS",1,0,"ANHANGUERA, VIA 1 SAO PAULO SP",-23.2597361,-45.9100416
"11778","D061300501",8714,"HENRIQUE SCHAUMANN, RUA",NA,"",332,"","20/06/2013 22:05",2,"SI",14,6348," "," ",0,1,0,0,0,0,0,0,0,0,0,1,0,0,0,0,0,8714,"HENRIQUE SCHAUMANN, RUA",NA,"",63,"PINHEIROS",1,0,"HENRIQUE SCHAUMANN, RUA 332 SAO PAULO SP",-23.5617778,-46.6795334
"11779","D061300438",15800,"DOMICIANO LEITE RIBEIRO, RUA",NA,"",30,"","20/06/2013 22:30",2,"CO",97,5290," "," ",0,2,0,0,0,0,0,0,0,0,0,0,0,0,0,0,0,15800,"DOMICIANO LEITE RIBEIRO, RUA",NA,"",42,"JARDIM ANGELA",1,0,"DOMICIANO LEITE RIBEIRO, RUA 30 SAO PAULO SP",-23.6435112,-46.6323901
"11780","D061300821",13014,"MARGINAL DO RIO PINHEIROS, AV",NA,"",16741,"","20/06/2013 23:30",2,"QM",89,5702,"B"," ",0,1,0,0,0,0,0,0,0,0,0,0,0,0,0,0,0,13014,"MARGINAL DO RIO PINHEIROS, AV",NA,"",40,"JAGUARE",1,0,"MARGINAL DO RIO PINHEIROS, AV 16741 SAO PAULO SP",-23.5604208,-46.6574734
"11781","D061300638",12502,"MAGALHAES DE CASTRO, AV",NA,"",12000,"","20/06/2013 23:30",2,"CO",34,5582," "," ",1,0,0,1,0,0,0,0,0,0,0,0,0,0,0,0,0,13014,"MARGINAL DO RIO PINHEIROS, AV",NA,"",12,"BUTANTA",1,0,"MAGALHAES DE CASTRO, AV 12000 SAO PAULO SP",-23.612792,-46.7009294
"11782","D061300971",5626,"CURUCA, RUA",NA,"",844,"","21/06/2013 01:38",2,"CO",19,5845," "," ",1,0,0,0,0,0,0,0,0,0,0,1,0,0,0,0,0,5626,"CURUCA, RUA",NA,"",91,"VILA MARIA",1,0,"CURUCA, RUA 844 SAO PAULO SP",-23.509961,-46.594867
"11783","D061300670",99949,"CARLOS CALDEIRA FILHO, AV",8000,"GIOVANNI GRONCHI, AV",0,"","21/06/2013 03:10",2,"QM",37,5584," "," ",0,1,0,0,0,0,0,0,0,0,0,0,0,0,0,0,0,8000,"GIOVANNI GRONCHI, AV",99949,"CARLOS CALDEIRA FILHO, AV",85,"VILA ANDRADE",1,0,"CARLOS CALDEIRA FILHO, AV SAO PAULO SP &  GIOVANNI GRONCHI, AV SAO PAULO SP",-23.6481998,-46.7582692
"11784","D061301642",9220,"INTERLAGOS, AV",NA,"",4300,"","21/06/2013 05:00",2,"CT",99,4872," "," ",0,2,0,0,0,0,0,0,0,0,0,0,0,0,0,0,0,9220,"INTERLAGOS, AV",NA,"",16,"CAMPO GRANDE",2,0,"INTERLAGOS, AV 4300 SAO PAULO SP",-23.6851239,-46.6928911
"11785","D061301080",11321,"JULIO BUONO, AV",NA,"",578,"","21/06/2013 05:00",4,"AT",39,2827," "," ",0,0,0,0,0,0,0,0,0,0,0,0,0,0,0,1,0,11321,"JULIO BUONO, AV",NA,"",94,"VILA MEDEIROS",1,0,"JULIO BUONO, AV 578 SAO PAULO SP",-23.4934099,-46.5977413
"11786","D061300769",16878,"RAPOSO TAVARES, VIA",NA,"",17000,"","21/06/2013 05:20",2,"CH",75,2826," "," ",0,0,1,0,0,0,0,0,0,0,0,0,0,0,0,0,0,16878,"RAPOSO TAVARES, VIA",NA,"",13,"CACHOEIRINHA",1,0,"RAPOSO TAVARES, VIA 17000 SAO PAULO SP",-23.5192434,-48.4984666
"11789","D061300357",19764,"VINTE E TRES DE MAIO, AV",NA,"",3159,"","21/06/2013 06:03",2,"CH",36,2664," "," ",1,0,0,0,0,0,0,0,0,0,0,0,0,0,0,0,0,19764,"VINTE E TRES DE MAIO, AV",NA,"",17,"CAMPO LIMPO",1,0,"VINTE E TRES DE MAIO, AV 3159 SAO PAULO SP",-23.5830674,-46.6522469
"11791","D061301463",6238,"NACOES UNIDAS, AV DAS",NA,"",15187,"","21/06/2013 06:19",2,"SI",11,7197," "," ",1,1,0,0,0,0,0,0,0,0,0,0,0,0,0,0,0,13014,"MARGINAL DO RIO PINHEIROS, AV",NA,"",90,"VILA LEOPOLDINA",1,0,"NACOES UNIDAS, AV DAS 15187 SAO PAULO SP",-23.6791518,-46.6960828
"11792","D061300761",16878,"RAPOSO TAVARES, VIA",NA,"",19750,"","21/06/2013 06:23",2,"CO",75,2115," "," ",1,1,0,0,0,0,0,0,0,0,0,0,0,0,0,0,0,16878,"RAPOSO TAVARES, VIA",NA,"",13,"CACHOEIRINHA",1,0,"RAPOSO TAVARES, VIA 19750 SAO PAULO SP",-23.5048834,-48.5197697
"11795","D061301223",10471,"JOAO SIMAO DE CASTRO, AV",NA,"",450,"","21/06/2013 07:00",2,"QM",90,2564," "," ",0,1,0,0,0,0,0,0,0,0,0,0,0,0,0,0,0,10471,"JOAO SIMAO DE CASTRO, AV",NA,"",94,"VILA MEDEIROS",1,0,"JOAO SIMAO DE CASTRO, AV 450 SAO PAULO SP",-23.4894417,-46.5716898
"11796","D061300328",36098,"AFFONSO D'ESCRAGNOLLE TAUNAY, AV",NA,"",100,"","21/06/2013 07:30",2,"SI",35,5009," "," ",0,1,0,0,0,0,0,0,0,0,0,1,0,0,0,0,0,36098,"AFFONSO D'ESCRAGNOLLE TAUNAY, AV",NA,"",24,"CIDADE LIDER",1,0,"AFFONSO D'ESCRAGNOLLE TAUNAY, AV 100 SAO PAULO SP",-23.6294696,-46.6389741
"11797","D061300327",2235,"ARMANDO DE ARRUDA PEREIRA, AV ENG",NA,"",1900,"","21/06/2013 07:30",4,"AT",35,5005," "," ",0,1,0,0,0,0,0,0,0,0,0,0,0,0,0,0,0,2235,"ARMANDO DE ARRUDA PEREIRA, AV ENG",NA,"",37,"JABAQUARA",1,0,"ARMANDO DE ARRUDA PEREIRA, AV ENG 1900 SAO PAULO SP",-23.6445637,-46.6412912
"11798","D061301706",12751,"OLIVIA GUEDES PENTEADO, RUA",6111,"DUARTE COELHO, RUA",0,"","21/06/2013 07:50",2,"CO",102,1753," "," ",1,1,0,0,0,0,0,0,0,0,0,0,0,0,0,0,0,6111,"DUARTE COELHO, RUA",12751,"OLIVIA GUEDES PENTEADO, RUA",81,"SOCORRO",1,0,"OLIVIA GUEDES PENTEADO, RUA SAO PAULO SP &  DUARTE COELHO, RUA SAO PAULO SP",-23.6747433,-46.708685
"11799","D061300306",10918,"JOSE DINIZ, AV VER",NA,"",3000,"","21/06/2013 08:06",4,"AT",27,6571," "," ",0,1,0,0,0,0,0,0,0,0,0,0,0,0,0,0,0,10918,"JOSE DINIZ, AV VER",NA,"",15,"CAMPO BELO",1,0,"JOSE DINIZ, AV VER 3000 SAO PAULO SP",-23.6208525,-46.6782384
"11801","D061300431",24491,"IMIGRANTES, VIA DOS",NA,"",15000,"","21/06/2013 08:35",2,"CL",97,1698," "," ",0,2,0,0,0,0,0,0,0,0,0,0,0,0,0,0,0,24491,"IMIGRANTES, VIA DOS",NA,"",NA,"",2,0,"IMIGRANTES, VIA DOS 15000 SAO PAULO SP",-22.9116157,-46.5440491
"11802","D061301992",13294,"MARIA LUIZA AMERICANO, AV",NA,"",1559,"","21/06/2013 08:50",4,"AT",53,900075," "," ",1,0,0,0,0,0,0,0,0,0,0,0,0,0,0,0,0,13294,"MARIA LUIZA AMERICANO, AV",NA,"",58,"PARQUE DO CARMO",1,0,"MARIA LUIZA AMERICANO, AV 1559 SAO PAULO SP",-23.568365,-46.4750392
"11803","D061301338",24338,"LUIZ IGNACIO ANHAIA MELLO, AV PROF",NA,"",5311,"","21/06/2013 09:00",4,"AT",42,2216," "," ",1,1,0,0,0,0,0,0,0,0,0,0,0,0,0,0,0,24338,"LUIZ IGNACIO ANHAIA MELLO, AV PROF",NA,"",26,"CONSOLACAO",1,0,"LUIZ IGNACIO ANHAIA MELLO, AV PROF 5311 SAO PAULO SP",-23.5860005,-46.5893687
"11805","D061300729",16878,"RAPOSO TAVARES, VIA",NA,"",11200,"","21/06/2013 09:30",2,"QM",51,2786," "," ",0,1,0,0,0,0,0,0,0,0,0,0,0,0,0,0,0,16878,"RAPOSO TAVARES, VIA",NA,"",13,"CACHOEIRINHA",2,0,"RAPOSO TAVARES, VIA 11200 SAO PAULO SP",-23.5343492,-48.4225732
"11806","D061300690",68226,"MANUEL JOAQUIM DE GOIS, RUA",NA,"",65,"","21/06/2013 09:30",2,"CO",46,2832," "," ",1,1,0,0,0,0,0,0,0,0,0,0,0,0,0,0,0,68226,"MANUEL JOAQUIM DE GOIS, RUA",NA,"",31,"GUAIANASES",2,0,"MANUEL JOAQUIM DE GOIS, RUA 65 SAO PAULO SP",-23.4817637,-46.7578103
"11807","D061300244",17755,"CRUZ, RUA STA",10567,"JOAQUIM LIBANIO, RUA DEP",0,"","21/06/2013 09:30",2,"CO",16,8497," "," ",0,1,0,0,0,0,0,0,0,0,0,1,0,0,0,0,0,10567,"JOAQUIM LIBANIO, RUA DEP",17755,"CRUZ, RUA STA",92,"VILA MARIANA",1,0,"CRUZ, RUA STA SAO PAULO SP &  JOAQUIM LIBANIO, RUA DEP SAO PAULO SP",-23.6012676,-46.6218894
"11808","D061300364",15124,"OSCAR PORTO, RUA CEL",16810,"RAFAEL DE BARROS, RUA DR",0,"","21/06/2013 09:38",2,"CO",36,5432," "," ",1,1,0,0,0,0,0,0,0,0,0,0,0,0,0,0,0,15124,"OSCAR PORTO, RUA CEL",16810,"RAFAEL DE BARROS, RUA DR",92,"VILA MARIANA",1,0,"OSCAR PORTO, RUA CEL SAO PAULO SP &  RAFAEL DE BARROS, RUA DR SAO PAULO SP",-23.5727209,-46.6474436
"11809","D061302050",59048,"RIACHO DOS MACHADOS, AV",NA,"",189,"","21/06/2013 09:40",2,"QV",69,6654," "," ",1,0,0,0,0,0,0,0,0,0,0,0,0,0,0,0,0,59048,"RIACHO DOS MACHADOS, AV",NA,"",56,"PARELHEIROS",1,0,"RIACHO DOS MACHADOS, AV 189 SAO PAULO SP",-23.5931608,-46.4946329
"11811","D061301624",5606,"CUPECE, AV",NA,"",5300,"","21/06/2013 10:00",2,"CO",98,6918," "," ",0,1,0,0,0,0,0,0,0,0,0,1,0,0,0,0,0,5606,"CUPECE, AV",NA,"",22,"CIDADE ADEMAR",1,0,"CUPECE, AV 5300 SAO PAULO SP",-23.6812789,-46.6384353
"11812","D061301384",7990,"GILIAS, RUA DAS",2729,"BAIA GRANDE, RUA",0,"","21/06/2013 10:15",2,"TB",56,4192," "," ",0,0,0,1,0,0,0,0,0,0,0,0,0,0,0,0,0,2729,"BAIA GRANDE, RUA",7990,"GILIAS, RUA DAS",95,"VILA PRUDENTE",2,0,"GILIAS, RUA DAS SAO PAULO SP &  BAIA GRANDE, RUA SAO PAULO SP",-23.5998578,-46.572959
"11815","D061301360",13115,"MARIA, RUA STA",NA,"",419,"","21/06/2013 11:30",2,"CO",52,1895," "," ",1,0,0,0,1,0,0,0,0,0,0,0,0,0,0,0,0,13115,"MARIA, RUA STA",NA,"",82,"TATUAPE",1,0,"MARIA, RUA STA 419 SAO PAULO SP",-23.5317121,-46.5661278
"11816","D061300329",69575,"LUIZ GOMES DE SAO TIAGO, RUA",NA,"",57,"","21/06/2013 12:00",4,"AT",35,5025," "," ",0,1,0,0,0,0,0,0,0,0,0,0,0,0,0,0,0,69575,"LUIZ GOMES DE SAO TIAGO, RUA",NA,"",42,"JARDIM ANGELA",1,0,"LUIZ GOMES DE SAO TIAGO, RUA 57 SAO PAULO SP",-23.6524496,-46.6634946
"11817","D061300028",19745,"VINTE E CINCO DE MARCO, RUA",NA,"",100,"","21/06/2013 12:01",4,"AT",1,5041," "," ",0,0,0,0,0,0,0,0,0,0,0,0,0,0,0,1,0,19745,"VINTE E CINCO DE MARCO, RUA",NA,"",80,"SE",1,0,"VINTE E CINCO DE MARCO, RUA 100 SAO PAULO SP",-23.5486468,-46.6304714
"11818","D061300691",18262,"SILVIO DE CAMPOS, AV DR",NA,"",420,"","21/06/2013 12:20",4,"AT",46,2837," "," ",0,1,0,0,0,0,0,0,0,0,0,0,0,0,0,0,0,18262,"SILVIO DE CAMPOS, AV DR",NA,"",NA,"",1,0,"SILVIO DE CAMPOS, AV DR 420 SAO PAULO SP",-23.4070652,-46.7586986
"11819","D061300762",16878,"RAPOSO TAVARES, VIA",NA,"",17500,"","21/06/2013 12:35",2,"CO",75,2133," "," ",1,0,0,0,0,0,0,1,0,0,0,0,0,0,0,0,0,16878,"RAPOSO TAVARES, VIA",NA,"",13,"CACHOEIRINHA",1,0,"RAPOSO TAVARES, VIA 17500 SAO PAULO SP",-23.5165942,-48.5023661
"11820","D061301018",36284,"PETRONIO PORTELA, AV MIN",NA,"",824,"","21/06/2013 12:40",2,"CO",28,3308,"B"," ",2,0,0,0,0,0,0,0,0,0,0,0,0,0,0,0,0,36284,"PETRONIO PORTELA, AV MIN",NA,"",4,"ARICANDUVA",1,0,"PETRONIO PORTELA, AV MIN 824 SAO PAULO SP",-23.4924034,-46.699977
"11821","D061300502",16919,"REBOUCAS, AV",NA,"",990,"","21/06/2013 12:50",2,"CL",14,6358," "," ",1,1,0,0,0,0,0,0,0,0,0,0,0,0,0,0,0,16919,"REBOUCAS, AV",NA,"",44,"JARDIM PAULISTA",1,0,"REBOUCAS, AV 990 SAO PAULO SP",-23.5601082,-46.6714501
"11824","D061301219",4573,"CASTRO JUNIOR, AV PROF",NA,"",248,"","21/06/2013 13:26",4,"AT",90,2509," "," ",1,0,0,0,0,0,0,0,0,0,0,0,0,0,0,0,0,4573,"CASTRO JUNIOR, AV PROF",NA,"",94,"VILA MEDEIROS",1,0,"CASTRO JUNIOR, AV PROF 248 SAO PAULO SP",-23.4949308,-46.5758909
"11825","D061301291",5988,"DOMINGOS AFONSO, RUA",NA,"",375,"","21/06/2013 13:30",2,"QM",29,1572," "," ",0,1,0,0,0,0,0,0,0,0,0,0,0,0,0,0,0,5988,"DOMINGOS AFONSO, RUA",NA,"",1,"AGUA RASA",1,0,"DOMINGOS AFONSO, RUA 375 SAO PAULO SP",-23.5775113,-46.5626379
"11827","D061301361",1776,"ANTONIO MACEDO, RUA",4597,"CATARINA, RUA STA",0,"","21/06/2013 13:40",2,"CO",52,1901," "," ",0,1,0,0,0,0,0,0,0,1,0,0,0,0,0,0,0,1776,"ANTONIO MACEDO, RUA",4597,"CATARINA, RUA STA",82,"TATUAPE",1,0,"ANTONIO MACEDO, RUA SAO PAULO SP &  CATARINA, RUA STA SAO PAULO SP",-23.5299265,-46.564134
"11828","D061301248",13918,"MIGUEL GARCIA, RUA",4128,"CANGAIBA, AV",0,"","21/06/2013 14:26",4,"AT",10,7078," "," ",1,0,0,0,0,0,0,0,0,0,0,0,0,0,0,0,0,4128,"CANGAIBA, AV",13918,"MIGUEL GARCIA, RUA",18,"CANGAIBA",1,0,"MIGUEL GARCIA, RUA SAO PAULO SP &  CANGAIBA, AV SAO PAULO SP",-23.5029228,-46.5296193
"11830","D061301271",8261,"WALDEMAR CARLOS PEREIRA, AV",NA,"",440,"","21/06/2013 15:30",4,"AT",21,2097," "," ",1,0,0,0,0,0,0,0,0,0,0,0,0,0,0,0,0,8261,"WALDEMAR CARLOS PEREIRA, AV",NA,"",93,"VILA MATILDE",1,0,"WALDEMAR CARLOS PEREIRA, AV 440 SAO PAULO SP",-23.5433709,-46.5213231
"11831","D061301690",15507,"TEOTONIO VILELA, AV SEN",NA,"",3161,"","21/06/2013 15:30",2,"CH",101,4892," "," ",0,1,0,0,0,0,0,0,0,0,0,0,0,0,0,0,0,15507,"TEOTONIO VILELA, AV SEN",NA,"",23,"CIDADE DUTRA",1,0,"TEOTONIO VILELA, AV SEN 3161 SAO PAULO SP",-23.7292101,-46.6985735
"11832","D061300524",12326,"JUSCELINO KUBITSCHEK, AV PRES",NA,"",1200,"","21/06/2013 16:20",2,"CO",15,3087," "," ",1,1,0,0,0,0,0,0,0,0,0,0,0,0,0,0,0,12326,"JUSCELINO KUBITSCHEK, AV PRES",NA,"",34,"ITAIM BIBI",1,0,"JUSCELINO KUBITSCHEK, AV PRES 1200 SAO PAULO SP",-23.5901153,-46.6807732
"11833","D061300221",4526,"CASA BRANCA, AL",NA,"",1177,"","21/06/2013 17:00",4,"AT",78,5450," "," ",0,1,0,0,0,0,0,0,0,0,0,0,0,0,0,0,0,4526,"CASA BRANCA, AL",NA,"",44,"JARDIM PAULISTA",1,0,"CASA BRANCA, AL 1177 SAO PAULO SP",-23.5697309,-46.6637691
"11835","D061300449",3973,"CAMILO, RUA",NA,"",287,"","21/06/2013 17:30",4,"AT",7,3805," "," ",0,0,0,0,0,0,0,0,0,0,0,1,0,0,0,0,0,3973,"CAMILO, RUA",NA,"",48,"LAPA",1,0,"CAMILO, RUA 287 SAO PAULO SP",-23.5292528,-46.6948022
"11836","D061301387",17595,"SAQUAREMA, RUA",5836,"DIANOPOLIS, RUA",0,"","21/06/2013 17:40",4,"AT",56,4290," "," ",0,0,0,0,0,0,0,0,0,0,0,1,0,0,0,0,0,5836,"DIANOPOLIS, RUA",17595,"SAQUAREMA, RUA",95,"VILA PRUDENTE",1,0,"SAQUAREMA, RUA SAO PAULO SP &  DIANOPOLIS, RUA SAO PAULO SP",-23.5824952,-46.5901273
"11837","D061301565",20048,"YERVANT KISSAJIKIAN, AV",NA,"",3016,"","21/06/2013 18:00",4,"AT",80,6632," "," ",0,1,0,0,0,0,0,0,0,0,0,0,0,0,0,0,0,20048,"YERVANT KISSAJIKIAN, AV",NA,"",29,"FREGUESIA DO O",2,0,"YERVANT KISSAJIKIAN, AV 3016 SAO PAULO SP",-23.681228,-46.6535285
"11838","D061301068",45347,"PALMAS DE SAO MOISES, RUA",4747,"FORTE DE SAO CAETANO, RUA",0,"","21/06/2013 18:20",2,"CO",38,5756," "," ",1,0,1,0,0,0,0,0,0,0,0,0,0,0,0,0,0,4747,"FORTE DE SAO CAETANO, RUA",45347,"PALMAS DE SAO MOISES, RUA",13,"CACHOEIRINHA",1,0,"PALMAS DE SAO MOISES, RUA SAO PAULO SP &  FORTE DE SAO CAETANO, RUA SAO PAULO SP",-23.4570154,-46.6561452
"11839","D061301913",2878,"BARREIRA GRANDE, AV DA",NA,"",168,"","21/06/2013 18:23",4,"AT",41,6673," "," ",0,1,0,0,0,0,0,0,0,0,0,0,0,0,0,0,0,2878,"BARREIRA GRANDE, AV DA",NA,"",78,"SAPOPEMBA",2,0,"BARREIRA GRANDE, AV DA 168 SAO PAULO SP",-23.583813,-46.5329083