"","id_acidente","codloga","logradouroA","codlogb","logradouroB","alt_num","referencia","data","cod_acid","tipo_acidente","dp","numero_BO","sentido","pista","automovel","moto","onibus","caminhao","bicicleta","moto_taxi","onibus_fretado","onibus_urbano","microonibus","van","vuc","caminhonete","carreta","jipe","outros","sem_informacao","carroca","princ_a","paiA","princ_b","paiB","cod_distrito","distrito","vit_ferida","vit_morta","local","lat","lon"
"11840","D061300639",14267,"MORUMBI, AV",NA,"",600,"","21/06/2013 18:28",2,"CL",34,5597," "," ",1,1,0,0,0,0,0,0,0,0,0,0,0,0,0,0,0,14267,"MORUMBI, AV",NA,"",55,"MORUMBI",1,0,"MORUMBI, AV 600 SAO PAULO SP",-23.5804936,-46.7058077
"11841","D061301146",16051,"PENHA BRASIL, AV GAL",NA,"",1500,"","21/06/2013 18:35",2,"CO",72,5750," "," ",1,1,0,0,0,0,0,0,0,0,0,0,0,0,0,0,0,16051,"PENHA BRASIL, AV GAL",NA,"",48,"LAPA",2,0,"PENHA BRASIL, AV GAL 1500 SAO PAULO SP",-23.4602981,-46.6715237
"11842","D061300997",18151,"SEZEFREDO FAGUNDES, AV CEL",NA,"",1690,"","21/06/2013 18:40",2,"CO",20,6048," "," ",1,1,0,0,0,0,0,0,0,0,0,0,0,0,0,0,0,18151,"SEZEFREDO FAGUNDES, AV CEL",NA,"",22,"CIDADE ADEMAR",2,0,"SEZEFREDO FAGUNDES, AV CEL 1690 SAO PAULO SP",-23.4644153,-46.6036474
"11844","D061300990",18151,"SEZEFREDO FAGUNDES, AV CEL",NA,"",19032,"","21/06/2013 19:12",2,"CH",20,5873," "," ",0,0,0,0,0,0,0,0,0,0,0,1,0,0,0,0,0,18151,"SEZEFREDO FAGUNDES, AV CEL",NA,"",22,"CIDADE ADEMAR",1,0,"SEZEFREDO FAGUNDES, AV CEL 19032 SAO PAULO SP",-23.4040899,-46.581893
"11845","D061301779",9278,"CRUZ DO PIAUI, RUA STA",9580,"ITAQUERA, AV",0,"","21/06/2013 19:20",2,"CF",32,5220," "," ",0,1,0,0,0,0,0,0,0,0,0,1,0,0,0,0,0,9278,"CRUZ DO PIAUI, RUA STA",9580,"ITAQUERA, AV",36,"ITAQUERA",1,0,"CRUZ DO PIAUI, RUA STA SAO PAULO SP &  ITAQUERA, AV SAO PAULO SP",-23.546954,-46.4594143
"11846","D061300421",14944,"OLIMPIADAS, RUA",NA,"",100,"","21/06/2013 19:23",4,"AT",96,6591," "," ",1,0,0,0,0,0,0,0,0,0,0,0,0,0,0,0,0,14944,"OLIMPIADAS, RUA",NA,"",28,"ERMELINO MATARA",1,0,"OLIMPIADAS, RUA 100 SAO PAULO SP",-23.5953466,-46.6844638
"11847","D061300380",37702,"ADOLFO REILE, RUA",NA,"",65,"","21/06/2013 19:29",2,"CT",83,5605," "," ",1,1,0,0,0,0,0,0,0,0,0,0,0,0,0,0,0,37702,"ADOLFO REILE, RUA",NA,"",21,"CASA VERDE",1,0,"ADOLFO REILE, RUA 65 SAO PAULO SP",-23.6566249,-46.6140926
"11849","D061301113",60871,"CARLOS PORTO CARREIRO, RUA",NA,"",472,"","21/06/2013 20:30",4,"AT",40,6956," "," ",0,0,0,1,0,0,0,0,0,0,0,0,0,0,0,0,0,60871,"CARLOS PORTO CARREIRO, RUA",NA,"",0,"NULL",1,0,"CARLOS PORTO CARREIRO, RUA 472 SAO PAULO SP",-23.5048492,-46.683588
"11850","D061301621",35723,"TOMMASO GIORDANI, RUA",NA,"",306,"","21/06/2013 21:40",2,"CO",98,6639," "," ",1,1,0,0,0,0,0,0,0,0,0,0,0,0,0,0,0,35723,"TOMMASO GIORDANI, RUA",NA,"",59,"PEDREIRA",1,0,"TOMMASO GIORDANI, RUA 306 SAO PAULO SP",-23.6989102,-46.6293656
"11851","D061300280",5959,"DIVINOPOLIS, RUA",NA,"",540,"","21/06/2013 22:57",2,"CO",26,5614," "," ",3,0,0,0,0,0,0,0,0,0,0,0,0,0,0,0,0,5959,"DIVINOPOLIS, RUA",NA,"",27,"CURSINO",1,0,"DIVINOPOLIS, RUA 540 SAO PAULO SP",-23.6241944,-46.6191832
"11852","D061302126",17824,"SAPOPEMBA, AV",NA,"",27000,"","21/06/2013 23:10",4,"AT",49,8687," "," ",1,0,0,0,0,0,0,0,0,0,0,0,0,0,0,0,0,17824,"SAPOPEMBA, AV",NA,"",33,"IPIRANGA",0,1,"SAPOPEMBA, AV 27000 SAO PAULO SP",-23.6228321,-46.4438559
"11853","D061300026",6642,"ESTADO, AV DO",NA,"",1200,"","21/06/2013 23:15",2,"QM",1,4944," "," ",0,1,0,0,0,0,0,0,0,0,0,0,0,0,0,0,0,6642,"ESTADO, AV DO",NA,"",9,"BOM RETIRO",1,0,"ESTADO, AV DO 1200 SAO PAULO SP",-23.5260214,-46.6292979
"11854","D061302128",74573,"CARDOSO DE ABREU, RUA",64700,"CRISTOVAO MENDES, RUA",0,"","22/06/2013 00:25",4,"AT",53,4486," "," ",0,0,1,0,0,0,0,0,0,0,0,0,0,0,0,0,0,64700,"CRISTOVAO MENDES, RUA",74573,"CARDOSO DE ABREU, RUA",3,"ANHANGUERA",0,1,"CARDOSO DE ABREU, RUA SAO PAULO SP &  CRISTOVAO MENDES, RUA SAO PAULO SP",-23.5519493,-46.398746
"11855","D061301067",64137,"FRANCISCO MACHADO DA SILVA, AV",NA,"",1,"","22/06/2013 00:35",2,"CO",38,5739," "," ",0,1,1,0,0,0,0,0,0,0,0,0,0,0,0,0,0,64137,"FRANCISCO MACHADO DA SILVA, AV",NA,"",13,"CACHOEIRINHA",1,0,"FRANCISCO MACHADO DA SILVA, AV 1 SAO PAULO SP",-23.4578826,-46.6615504
"11856","D061301655",9220,"INTERLAGOS, AV",6810,"EUSEBIO STEVAUX, AV ENG",0,"","22/06/2013 01:00",2,"CO",99,7240," "," ",1,1,0,0,0,0,0,0,0,0,0,0,0,0,0,0,0,6810,"EUSEBIO STEVAUX, AV ENG",9220,"INTERLAGOS, AV",16,"CAMPO GRANDE",1,0,"INTERLAGOS, AV SAO PAULO SP &  EUSEBIO STEVAUX, AV ENG SAO PAULO SP",-23.6872639,-46.6953006
"11857","D061300750",19817,"VITAL BRASIL, AV",855,"ALVARENGA, RUA",0,"","22/06/2013 01:20",2,"CH",51,6391," "," ",1,0,0,0,0,0,0,0,0,0,0,0,0,0,0,0,0,855,"ALVARENGA, RUA",19817,"VITAL BRASIL, AV",12,"BUTANTA",2,0,"VITAL BRASIL, AV SAO PAULO SP &  ALVARENGA, RUA SAO PAULO SP",-23.5696565,-46.7140386
"11858","D061300991",14767,"NOVA CANTAREIRA, AV",NA,"",610,"","22/06/2013 02:00",2,"QM",20,5880,"C"," ",0,1,0,0,0,0,0,0,0,0,0,0,0,0,0,0,0,14767,"NOVA CANTAREIRA, AV",NA,"",83,"TREMEMBE",2,0,"NOVA CANTAREIRA, AV 610 SAO PAULO SP",-23.4814529,-46.6123996
"11859","D061300778",16878,"RAPOSO TAVARES, VIA",NA,"",16400,"","22/06/2013 02:00",2,"CP",75,5610," "," ",1,0,0,0,0,0,0,0,0,0,0,0,0,0,0,0,0,16878,"RAPOSO TAVARES, VIA",NA,"",13,"CACHOEIRINHA",3,0,"RAPOSO TAVARES, VIA 16400 SAO PAULO SP",-23.5212306,-48.4918122
"11860","D061301517",34128,"JOAO DE LUCA, AV VER",NA,"",1721,"","22/06/2013 02:00",2,"CT",43,6640,"C"," ",1,0,0,0,0,0,0,0,0,0,0,1,0,0,0,0,0,34128,"JOAO DE LUCA, AV VER",NA,"",42,"JARDIM ANGELA",3,0,"JOAO DE LUCA, AV VER 1721 SAO PAULO SP",-23.657267,-46.6645748
"11861","D061302156",15507,"TEOTONIO VILELA, AV SEN",2483,"ATLANTICA ANT. ROBERT KENNEDY, AV",0,"","22/06/2013 02:23",2,"CL",48,4907,"C"," ",2,0,0,0,0,0,0,0,0,0,0,0,0,0,0,0,0,2483,"ATLANTICA ANT. ROBERT KENNEDY, AV",15507,"TEOTONIO VILELA, AV SEN",23,"CIDADE DUTRA",0,1,"TEOTONIO VILELA, AV SEN SAO PAULO SP &  ATLANTICA ANT. ROBERT KENNEDY, AV SAO PAULO SP",-23.7290679,-46.698928
"11862","D061301180",61021,"ANTONIO NASCENTES, RUA",NA,"",57,"","22/06/2013 02:50",2,"CH",73,6716," "," ",2,0,0,0,0,0,0,0,0,0,0,0,0,0,0,0,0,61021,"ANTONIO NASCENTES, RUA",NA,"",38,"JACANA",1,0,"ANTONIO NASCENTES, RUA 57 SAO PAULO SP",-23.4572939,-46.5733311
"11863","D061300671",34682,"CAMPO LIMPO, ES DO",16339,"CARLOS LACERDA, AV",0,"","22/06/2013 04:30",4,"AT",37,5618," "," ",0,0,0,0,0,0,0,0,0,0,0,1,0,0,0,0,0,16339,"CARLOS LACERDA, AV",34682,"CAMPO LIMPO, ES DO",17,"CAMPO LIMPO",1,0,"CAMPO LIMPO, ES DO SAO PAULO SP &  CARLOS LACERDA, AV SAO PAULO SP",-23.2019463,-46.785846
"11865","D061302152",16053,"JOSE BARROS MAGALDI, RUA",NA,"",867,"","22/06/2013 06:00",2,"CO",47,7746," "," ",1,1,0,0,0,0,0,0,0,0,0,0,0,0,0,0,0,16053,"JOSE BARROS MAGALDI, RUA",NA,"",32,"IGUATEMI",2,3,"JOSE BARROS MAGALDI, RUA 867 SAO PAULO SP",-23.6653104,-46.7370924
"11866","D061301980",36318,"OSVALDO PUCCI, AV",29409,"BALTASAR SALDONI, RUA",0,"","22/06/2013 06:00",2,"CH",53,4489," "," ",1,0,0,0,0,0,0,0,0,0,0,0,0,0,0,0,0,29409,"BALTASAR SALDONI, RUA",36318,"OSVALDO PUCCI, AV",58,"PARQUE DO CARMO",3,0,"OSVALDO PUCCI, AV SAO PAULO SP &  BALTASAR SALDONI, RUA SAO PAULO SP",-23.567444,-46.4632265
"11867","D061301595",78222,"AURELIO DUARTE DE OLIVEIRA, RUA",NA,"",17,"","22/06/2013 06:15",4,"AT",92,3994," "," ",1,0,0,0,0,0,0,0,0,0,0,0,0,0,0,0,0,78222,"AURELIO DUARTE DE OLIVEIRA, RUA",NA,"",29,"FREGUESIA DO O",1,0,"AURELIO DUARTE DE OLIVEIRA, RUA 17 SAO PAULO SP",-23.6516094,-46.7339676
"11868","D061302071",17824,"SAPOPEMBA, AV",NA,"",7374,"","22/06/2013 06:30",2,"CO",70,6685," "," ",1,1,0,0,0,0,0,0,0,0,0,0,0,0,0,0,0,17824,"SAPOPEMBA, AV",NA,"",33,"IPIRANGA",1,0,"SAPOPEMBA, AV 7374 SAO PAULO SP",-23.59423,-46.5274318
"11869","D061301519",34128,"JOAO DE LUCA, AV VER",3234,"BENTO IBANEZ, RUA PDE",0,"","22/06/2013 07:36",2,"CT",43,6668," "," ",0,2,0,0,0,0,0,0,0,0,0,0,0,0,0,0,0,3234,"BENTO IBANEZ, RUA PDE",34128,"JOAO DE LUCA, AV VER",22,"CIDADE ADEMAR",1,0,"JOAO DE LUCA, AV VER SAO PAULO SP &  BENTO IBANEZ, RUA PDE SAO PAULO SP",-23.6515585,-46.6690912
"11870","D061301464",19931,"WASHINGTON LUIS, AV",NA,"",3010,"","22/06/2013 07:55",2,"CT",11,7256," "," ",1,1,0,0,0,0,0,0,0,0,0,0,0,0,0,0,0,19931,"WASHINGTON LUIS, AV",NA,"",30,"GRAJAU",1,0,"WASHINGTON LUIS, AV 3010 SAO PAULO SP",-23.6522516,-46.6813411
"11871","D061300848",6238,"NACOES UNIDAS, AV DAS",NA,"",1230,"","22/06/2013 08:00",2,"CO",91,4675," "," ",2,0,0,0,0,0,0,0,0,0,0,0,0,0,0,1,0,13014,"MARGINAL DO RIO PINHEIROS, AV",NA,"",90,"VILA LEOPOLDINA",1,0,"NACOES UNIDAS, AV DAS 1230 SAO PAULO SP",-23.5326094,-46.7472838
"11872","D061300903",3792,"CACHOEIRA DO ARARI, RUA",NA,"",126,"","22/06/2013 08:00",2,"CH",9,5886," "," ",1,0,0,0,0,0,0,0,0,0,0,0,0,0,0,0,0,3792,"CACHOEIRA DO ARARI, RUA",NA,"",88,"VILA GUILHERME",2,0,"CACHOEIRA DO ARARI, RUA 126 SAO PAULO SP",-23.5049447,-46.596454
"11873","D061301609",8368,"GUARAPIRANGA, AV",NA,"",1200,"","22/06/2013 08:04",4,"AT",92,7743," "," ",0,1,0,0,0,0,0,0,0,0,0,0,0,0,0,0,0,8368,"GUARAPIRANGA, AV",NA,"",45,"JARDIM SAO LUIS",1,0,"GUARAPIRANGA, AV 1200 SAO PAULO SP",-23.6803395,-46.7347739
"11874","D061300281",6925,"FAWCETT, RUA CEL",17579,"EDUARDO FERREIRA FRANCA, RUA",0,"","22/06/2013 08:10",2,"CO",26,5646," "," ",0,1,0,0,0,0,0,0,0,0,0,0,0,0,0,0,0,6925,"FAWCETT, RUA CEL",17579,"EDUARDO FERREIRA FRANCA, RUA",27,"CURSINO",1,0,"FAWCETT, RUA CEL SAO PAULO SP &  EDUARDO FERREIRA FRANCA, RUA SAO PAULO SP",-23.6328775,-46.6147007
"11875","D061301493",33015,"SADAMU INOUE, AV",NA,"",8400,"","22/06/2013 08:22",2,"CH",25,4909," "," ",1,0,0,0,0,0,0,0,0,0,0,0,0,0,0,0,0,33015,"SADAMU INOUE, AV",NA,"",76,"SAO MIGUEL",2,0,"SADAMU INOUE, AV 8400 SAO PAULO SP",-23.8280953,-46.7311456
"11877","D061301539",99716,"UNIAO DOS MOVIMENTOS, RUA",NA,"",85,"","22/06/2013 08:46",2,"CH",47,7705," "," ",0,0,0,1,0,0,0,0,0,0,0,0,0,0,0,0,0,99716,"UNIAO DOS MOVIMENTOS, RUA",NA,"",29,"FREGUESIA DO O",2,0,"UNIAO DOS MOVIMENTOS, RUA 85 SAO PAULO SP",-23.6768041,-46.7885459
"11878","D061301352",17824,"SAPOPEMBA, AV",NA,"",6367,"","22/06/2013 09:29",2,"QD",42,4215," "," ",0,0,1,0,0,0,0,0,0,0,0,0,0,0,0,0,0,17824,"SAPOPEMBA, AV",NA,"",33,"IPIRANGA",1,0,"SAPOPEMBA, AV 6367 SAO PAULO SP",-23.587222,-46.5325391
"11879","D061300992",351,"AGUA FRIA, AV",NA,"",393,"","22/06/2013 10:00",2,"QM",20,5892," "," ",0,1,0,0,0,0,0,0,0,0,0,0,0,0,0,0,0,351,"AGUA FRIA, AV",NA,"",71,"SANTANA",1,0,"AGUA FRIA, AV 393 SAO PAULO SP",-23.485334,-46.6229211
"11880","D061301914",2878,"BARREIRA GRANDE, AV DA",NA,"",1379,"","22/06/2013 10:30",2,"CO",41,6712," "," ",1,1,0,0,0,0,0,0,0,0,0,0,0,0,0,0,0,2878,"BARREIRA GRANDE, AV DA",NA,"",78,"SAPOPEMBA",1,0,"BARREIRA GRANDE, AV DA 1379 SAO PAULO SP",-23.5847325,-46.5220838
"11881","D061300567",5565,"CRUZEIRO, RUA",17054,"RIBEIRO DE ALMEIDA, RUA DR",0,"","22/06/2013 11:00",4,"AT",23,5962," "," ",0,0,0,0,0,0,0,0,0,0,0,1,0,0,0,0,0,5565,"CRUZEIRO, RUA",17054,"RIBEIRO DE ALMEIDA, RUA DR",70,"SANTA CECILIA",1,0,"CRUZEIRO, RUA SAO PAULO SP &  RIBEIRO DE ALMEIDA, RUA DR SAO PAULO SP",-22.5864305,-44.9771325
"11882","D061300311",19100,"BANDEIRANTES, AV DOS",10678,"JORGE FALEIROS, RUA",0,"","22/06/2013 11:30",2,"CO",27,6826," "," ",1,1,0,0,0,0,0,0,0,0,0,0,0,0,0,0,0,10678,"JORGE FALEIROS, RUA",19100,"BANDEIRANTES, AV DOS",63,"PINHEIROS",1,0,"BANDEIRANTES, AV DOS SAO PAULO SP &  JORGE FALEIROS, RUA SAO PAULO SP",-23.6016317,-46.6827292
"11883","D061301147",15425,"CANTIDIO SAMPAIO, AV DEP",3771,"INAJAR DE SOUZA, AV",0,"","22/06/2013 11:45",2,"CO",72,5777," "," ",1,1,0,0,0,0,0,0,0,0,0,0,0,0,0,0,0,3771,"INAJAR DE SOUZA, AV",15425,"CANTIDIO SAMPAIO, AV DEP",13,"CACHOEIRINHA",1,0,"CANTIDIO SAMPAIO, AV DEP SAO PAULO SP &  INAJAR DE SOUZA, AV SAO PAULO SP",-23.4351468,-46.7178155
"11884","D061301095",13768,"MAZZINI, RUA",NA,"",1433,"","22/06/2013 12:00",2,"CO",39,6731," "," ",1,1,0,0,0,0,0,0,0,0,0,0,0,0,0,0,0,13768,"MAZZINI, RUA",NA,"",49,"LIBERDADE",1,0,"MAZZINI, RUA 1433 SAO PAULO SP",-23.5648817,-46.6258183
"11886","D061301249",43777,"CARVALHO PINTO, AV GOV",8045,"GODOI, RUA SEN",0,"","22/06/2013 12:29",2,"CT",10,7096," "," ",1,1,0,0,0,0,0,0,0,0,0,0,0,0,0,0,0,8045,"GODOI, RUA SEN",43777,"CARVALHO PINTO, AV GOV",60,"PENHA",1,0,"CARVALHO PINTO, AV GOV SAO PAULO SP &  GODOI, RUA SEN SAO PAULO SP",-23.5149544,-46.5203738
"11887","D061300711",46890,"ALEXIOS JAFET (ESTR.CAMPINAS), AV",NA,"",1400,"","22/06/2013 12:36",4,"AT",46,5979," "," ",0,1,0,0,0,0,0,0,0,0,0,0,0,0,0,0,0,46890,"ALEXIOS JAFET (ESTR.CAMPINAS), AV",NA,"",41,"JARAGUA",1,0,"ALEXIOS JAFET (ESTR.CAMPINAS), AV 1400 SAO PAULO SP",-23.5720285,-46.6592023
"11888","D061301780",30240,"CRIUVA, RUA",NA,"",785,"","22/06/2013 12:56",2,"CT",32,5249," "," ",0,1,0,0,0,0,0,0,0,0,0,0,0,0,0,0,0,30240,"CRIUVA, RUA",NA,"",53,"MOEMA",1,0,"CRIUVA, RUA 785 SAO PAULO SP",-23.5197901,-46.4324191
"11889","D061300313",35829,"MOREIRA GUIMARAES, AV",NA,"",1097,"","22/06/2013 13:00",2,"CO",27,9397," "," ",0,1,0,0,0,0,0,0,0,0,0,1,0,0,0,0,0,35829,"MOREIRA GUIMARAES, AV",NA,"",24,"CIDADE LIDER",1,0,"MOREIRA GUIMARAES, AV 1097 SAO PAULO SP",-23.6154814,-46.6596081
"11890","D061301221",8538,"GUSTAVO ADOLFO, AV",NA,"",100,"","22/06/2013 13:05",2,"CO",90,2543," "," ",1,1,0,0,0,0,0,0,0,0,0,0,0,0,0,0,0,8538,"GUSTAVO ADOLFO, AV",NA,"",94,"VILA MEDEIROS",1,0,"GUSTAVO ADOLFO, AV 100 SAO PAULO SP",-23.4814982,-46.5984075
"11892","D061300335",8431,"GUATAPARA, RUA",NA,"",215,"","22/06/2013 13:45",2,"CO",35,8561," "," ",1,1,0,0,0,0,0,0,0,0,0,0,0,0,0,0,0,8431,"GUATAPARA, RUA",NA,"",42,"JARDIM ANGELA",1,0,"GUATAPARA, RUA 215 SAO PAULO SP",-23.6341245,-46.6400729
"11893","D061300226",7691,"GABRIEL MONTEIRO DA SILVA, AL",3581,"BRASIL, AV",0,"","22/06/2013 14:00",2,"CO",78,6441," "," ",0,1,0,0,0,0,0,0,0,0,0,1,0,0,0,0,0,3581,"BRASIL, AV",7691,"GABRIEL MONTEIRO DA SILVA, AL",44,"JARDIM PAULISTA",1,0,"GABRIEL MONTEIRO DA SILVA, AL SAO PAULO SP &  BRASIL, AV SAO PAULO SP",-23.574341,-46.6853256
"11895","D061301465",9573,"LUIZ SERAPHICO JUNIOR, RUA",9600,"BRAGANCA PAULISTA, RUA",0,"","22/06/2013 14:15",2,"CO",11,7265," "," ",0,0,1,1,0,0,0,0,0,0,0,0,0,0,0,0,0,9573,"LUIZ SERAPHICO JUNIOR, RUA",9600,"BRAGANCA PAULISTA, RUA",72,"SANTO AMARO",4,0,"LUIZ SERAPHICO JUNIOR, RUA SAO PAULO SP &  BRAGANCA PAULISTA, RUA SAO PAULO SP",-23.6377819,-46.7196393
"11896","D061301865",21253,"AGUIA DE HAIA, AV",NA,"",162,"","22/06/2013 14:36",4,"AT",64,6807," "," ",0,1,0,0,0,0,0,0,0,0,0,0,0,0,0,0,0,21253,"AGUIA DE HAIA, AV",NA,"",0,"NULL",1,0,"AGUIA DE HAIA, AV 162 SAO PAULO SP",-23.5393932,-46.4827731
"11897","D061300222",11989,"LORENA, AL",2497,"AUGUSTA, RUA",0,"","22/06/2013 15:11",2,"CO",78,5478," "," ",0,1,0,0,0,0,0,0,0,0,0,1,0,0,0,0,0,2497,"AUGUSTA, RUA",11989,"LORENA, AL",44,"JARDIM PAULISTA",1,0,"LORENA, AL SAO PAULO SP &  AUGUSTA, RUA SAO PAULO SP",-23.5692166,-46.6600477
"11898","D061301159",18447,"BENJAMIN FERREIRA, RUA",NA,"",265,"","22/06/2013 15:16",2,"CO",73,6020," "," ",0,1,0,0,0,0,0,0,0,0,0,0,0,0,0,1,0,18447,"BENJAMIN FERREIRA, RUA",NA,"",8,"BELEM",1,0,"BENJAMIN FERREIRA, RUA 265 SAO PAULO SP",-23.4815067,-46.638146
"11899","D061301204",27601,"FELICIANO MALABIA, RUA",NA,"",80,"","22/06/2013 15:17",4,"AT",74,5779," "," ",0,0,0,0,0,0,0,0,0,0,0,0,0,0,0,1,0,27601,"FELICIANO MALABIA, RUA",NA,"",40,"JAGUARE",1,0,"FELICIANO MALABIA, RUA 80 SAO PAULO SP",-23.4507646,-46.6970699
"11900","D061301181",7061,"FERNAO DIAS, VIA",NA,"",83500,"","22/06/2013 15:20",2,"CP",73,6733," "," ",1,0,0,0,0,0,0,0,0,0,0,0,0,0,0,0,0,7061,"FERNAO DIAS, VIA",NA,"",38,"JACANA",1,0,"FERNAO DIAS, VIA 83500 SAO PAULO SP",-23.4609146,-46.5715728
"11902","D061301466",222,"ADOLFO PINHEIRO, AV",3041,"BELA VISTA, RUA",0,"","22/06/2013 15:48",2,"CO",11,7273," "," ",2,0,0,0,0,0,0,0,0,0,0,0,0,0,0,0,0,222,"ADOLFO PINHEIRO, AV",999,"SANTO AMARO, AV",72,"SANTO AMARO",2,0,"ADOLFO PINHEIRO, AV SAO PAULO SP &  BELA VISTA, RUA SAO PAULO SP",-23.6416691,-46.6982672
"11903","D061300504",7301,"FRADIQUE COUTINHO, RUA",NA,"",1640,"","22/06/2013 15:50",2,"CL",14,6419," "," ",1,1,0,0,0,0,0,0,0,0,0,0,0,0,0,0,0,7301,"FRADIQUE COUTINHO, RUA",NA,"",63,"PINHEIROS",1,0,"FRADIQUE COUTINHO, RUA 1640 SAO PAULO SP",-23.5536151,-46.6930677
"11904","D061300307",14531,"NHAMBIQUARAS, AL DOS",NA,"",986,"","22/06/2013 15:54",4,"AT",27,6621," "," ",1,0,0,0,0,0,0,0,0,0,0,0,0,0,0,0,0,14531,"NHAMBIQUARAS, AL DOS",NA,"",53,"MOEMA",2,0,"NHAMBIQUARAS, AL DOS 986 SAO PAULO SP",-23.607572,-46.6598743
"11906","D061302006",99312,"EDUARDO SANCHEZ, RUA",NA,"",170,"","22/06/2013 16:04",4,"AT",54,8730," "," ",1,0,0,0,0,0,0,0,0,0,0,0,0,0,0,0,0,99312,"EDUARDO SANCHEZ, RUA",NA,"",25,"CIDADE TIRADENT",1,0,"EDUARDO SANCHEZ, RUA 170 SAO PAULO SP",-23.5894294,-46.4007566
"11907","D061301903",37331,"INACIO DONATI, RUA",NA,"",200,"","22/06/2013 16:23",4,"AT",103,5251," "," ",0,0,0,0,0,0,0,0,0,0,0,0,0,0,0,1,0,37331,"INACIO DONATI, RUA",NA,"",51,"MANDAQUI",1,0,"INACIO DONATI, RUA 200 SAO PAULO SP",-23.5412631,-46.4354548
"11908","D061301467",19931,"WASHINGTON LUIS, AV",NA,"",2737,"","22/06/2013 16:30",2,"CO",11,7276,"B"," ",1,1,0,0,0,0,0,0,0,0,0,0,0,0,0,0,0,19931,"WASHINGTON LUIS, AV",NA,"",30,"GRAJAU",1,0,"WASHINGTON LUIS, AV 2737 SAO PAULO SP",-23.6527329,-46.6797088
"11909","D061302073",70603,"FAUSTINO XAVIER DE NOVAIS, RUA",44562,"AVA GADNER, RUA",0,"","22/06/2013 16:30",2,"CO",70,6743," "," ",1,1,0,0,0,0,0,0,0,0,0,0,0,0,0,0,0,44562,"AVA GADNER, RUA",70603,"FAUSTINO XAVIER DE NOVAIS, RUA",78,"SAPOPEMBA",2,0,"FAUSTINO XAVIER DE NOVAIS, RUA SAO PAULO SP &  AVA GADNER, RUA SAO PAULO SP",-23.6107081,-46.5213954
"11910","D061300061",9276,"IPIRANGA, AV",NA,"",313,"","22/06/2013 16:45",2,"CO",3,3813," "," ",0,1,0,0,0,0,0,1,0,0,0,0,0,0,0,0,0,9276,"IPIRANGA, AV",NA,"",67,"REPUBLICA",1,0,"IPIRANGA, AV 313 SAO PAULO SP",-23.5453325,-46.6441936
"11911","D061302104",9276,"IPIRANGA, AV",NA,"",313,"","22/06/2013 16:45",2,"CO",2,3813," "," ",0,1,1,0,0,0,0,0,0,0,0,0,0,0,0,0,0,9276,"IPIRANGA, AV",NA,"",67,"REPUBLICA",0,1,"IPIRANGA, AV 313 SAO PAULO SP",-23.5453325,-46.6441936
"11912","D061301581",8368,"GUARAPIRANGA, AV",NA,"",2000,"","22/06/2013 17:30",4,"AA",92,1927," "," ",0,1,0,0,0,0,0,0,0,0,0,0,0,0,0,0,0,8368,"GUARAPIRANGA, AV",NA,"",45,"JARDIM SAO LUIS",1,0,"GUARAPIRANGA, AV 2000 SAO PAULO SP",-23.6677904,-46.7320677
"11913","D061300619",855,"ALVARENGA, RUA",NA,"",11,"","22/06/2013 19:00",2,"CO",34,3749," "," ",0,1,0,0,0,0,0,0,0,0,0,1,0,0,0,0,0,855,"ALVARENGA, RUA",NA,"",55,"MORUMBI",1,0,"ALVARENGA, RUA 11 SAO PAULO SP",-23.5800312,-46.7059613
"11914","D061301130",64651,"NICIA COUTINHO PATRICIO, RUA",NA,"",300,"","22/06/2013 19:00",2,"CO",45,5785," "," ",0,1,0,0,0,0,0,0,0,0,0,1,0,0,0,0,0,64651,"NICIA COUTINHO PATRICIO, RUA",NA,"",40,"JAGUARE",1,0,"NICIA COUTINHO PATRICIO, RUA 300 SAO PAULO SP",-23.4645596,-46.6838938
"11916","D061300037",11818,"LIBERDADE, AV DA",17813,"SAO JOAQUIM, RUA CDSSA DE",0,"","22/06/2013 19:20",2,"SI",1,5489," "," ",1,1,0,0,0,0,0,0,0,0,0,0,0,0,0,0,0,11818,"LIBERDADE, AV DA",17813,"SAO JOAQUIM, RUA CDSSA DE",NA,"",1,0,"LIBERDADE, AV DA SAO PAULO SP &  SAO JOAQUIM, RUA CDSSA DE SAO PAULO SP",-23.5579135,-46.6369998
"11917","D061301866",7344,"FRANCISCO ALARICO BERGAMO, RUA",NA,"",1084,"","22/06/2013 19:30",2,"CO",64,6823," "," ",0,1,0,0,0,0,0,0,0,0,0,0,0,0,0,1,0,7344,"FRANCISCO ALARICO BERGAMO, RUA",NA,"",36,"ITAQUERA",1,0,"FRANCISCO ALARICO BERGAMO, RUA 1084 SAO PAULO SP",-23.5208593,-46.454155
"11918","D061301846",46936,"JACU-PESSEGO/NOVA TRABALHADORE, AV",NA,"",96,"","22/06/2013 19:45",4,"AT",63,5260," "," ",0,0,0,0,0,0,0,0,0,0,0,0,0,0,0,1,0,46936,"JACU-PESSEGO/NOVA TRABALHADORE, AV",NA,"",46,"JOSE BONIFACIO",3,0,"JACU-PESSEGO/NOVA TRABALHADORE, AV 96 SAO PAULO SP",-23.5318356,-46.4561684