"","id_acidente","codloga","logradouroA","codlogb","logradouroB","alt_num","referencia","data","cod_acid","tipo_acidente","dp","numero_BO","sentido","pista","automovel","moto","onibus","caminhao","bicicleta","moto_taxi","onibus_fretado","onibus_urbano","microonibus","van","vuc","caminhonete","carreta","jipe","outros","sem_informacao","carroca","princ_a","paiA","princ_b","paiB","cod_distrito","distrito","vit_ferida","vit_morta","local","lat","lon"
"11920","D061301720",16247,"PINEDO, AV DE",NA,"",10,"","22/06/2013 20:50",4,"AT",102,7284," "," ",1,0,0,0,0,0,0,0,0,0,0,0,0,0,0,0,0,16247,"PINEDO, AV DE",NA,"",32,"IGUATEMI",1,0,"PINEDO, AV DE 10 SAO PAULO SP",-23.6663475,-46.7123388
"11921","D061301790",17820,"TITO, AV MAL",10393,"JOAO NERY, ES DOM",0,"","22/06/2013 20:50",2,"CO",50,7753," "," ",1,1,0,0,0,0,0,0,0,0,0,0,0,0,0,0,0,10393,"JOAO NERY, ES DOM",17820,"TITO, AV MAL",35,"ITAIM PAULISTA",2,0,"TITO, AV MAL SAO PAULO SP &  JOAO NERY, ES DOM SAO PAULO SP",-23.4934955,-46.4410574
"11922","D061301781",11542,"NORDESTINA, AV",62951,"ARVORE DA CERA, RUA",0,"","22/06/2013 21:00",2,"SI",32,5267," "," ",1,1,0,0,0,0,0,0,0,0,0,0,0,0,0,0,0,11542,"NORDESTINA, AV",62951,"ARVORE DA CERA, RUA",86,"VILA CURUCA",1,0,"NORDESTINA, AV SAO PAULO SP &  ARVORE DA CERA, RUA SAO PAULO SP",-23.5296164,-46.4159067
"11923","D061300993",20087,"ZUMKELLER, AV",8238,"GUACA, AV DO",0,"","22/06/2013 21:09",2,"CO",20,5923," "," ",1,1,0,0,0,0,0,0,0,0,0,0,0,0,0,0,0,8238,"GUACA, AV DO",20087,"ZUMKELLER, AV",51,"MANDAQUI",1,0,"ZUMKELLER, AV SAO PAULO SP &  GUACA, AV DO SAO PAULO SP",-23.475446,-46.6347736
"11924","D061300127",8614,"HEITOR PEIXOTO, RUA",NA,"",569,"","22/06/2013 21:50",2,"CO",6,4991," "," ",1,1,0,0,0,0,0,0,0,0,0,0,0,0,0,0,0,8614,"HEITOR PEIXOTO, RUA",NA,"",14,"CAMBUCI",1,0,"HEITOR PEIXOTO, RUA 569 SAO PAULO SP",-23.5754567,-46.6217841
"11925","D061300282",5689,"DANIEL, RUA S",NA,"",407,"","22/06/2013 22:04",2,"CO",26,5672,"B"," ",1,1,0,0,0,0,0,0,0,0,0,0,0,0,0,0,0,5689,"DANIEL, RUA S",NA,"",27,"CURSINO",1,0,"DANIEL, RUA S 407 SAO PAULO SP",-23.451017,-46.5653459
"11926","D061300422",19100,"BANDEIRANTES, AV DOS",17064,"RIBEIRO DO VALE, RUA",0,"","22/06/2013 22:16",4,"AT",96,6636," "," ",0,0,0,0,0,0,0,0,0,0,0,1,0,0,0,0,0,17064,"RIBEIRO DO VALE, RUA",19100,"BANDEIRANTES, AV DOS",34,"ITAIM BIBI",1,0,"BANDEIRANTES, AV DOS SAO PAULO SP &  RIBEIRO DO VALE, RUA SAO PAULO SP",-23.6016317,-46.6827292
"11927","D061301551",15979,"PEDRO SANTALUCIA, RUA",NA,"",273,"","22/06/2013 22:30",2,"CO",48,4922," "," ",0,1,0,0,0,0,0,0,0,0,0,0,0,0,0,1,0,15979,"PEDRO SANTALUCIA, RUA",NA,"",32,"IGUATEMI",1,0,"PEDRO SANTALUCIA, RUA 273 SAO PAULO SP",-23.7003313,-46.6914117
"11928","D061301918",98894,"JAMES NARES, RUA",NA,"",11,"","22/06/2013 22:30",2,"CO",41,900083," "," ",1,1,0,0,0,0,0,0,0,0,0,0,0,0,0,0,0,98894,"JAMES NARES, RUA",NA,"",78,"SAPOPEMBA",1,0,"JAMES NARES, RUA 11 SAO PAULO SP",-23.5928029,-46.5092303
"11929","D061301494",32541,"PAULO GUILGUER REIMBERG, AV",NA,"",3103,"","22/06/2013 22:48",2,"CF",25,4921," "," ",1,0,1,0,0,0,0,0,0,0,0,0,0,0,0,0,0,32541,"PAULO GUILGUER REIMBERG, AV",NA,"",32,"IGUATEMI",4,0,"PAULO GUILGUER REIMBERG, AV 3103 SAO PAULO SP",-23.779319,-46.6917917
"11930","D061301951",1306,"ANDRE DE ALMEIDA, RUA",NA,"",1885,"","22/06/2013 23:00",2,"CT",49,8758," "," ",2,0,0,0,0,0,0,0,0,0,0,0,0,0,0,0,0,1306,"ANDRE DE ALMEIDA, RUA",NA,"",75,"SAO MATEUS",1,0,"ANDRE DE ALMEIDA, RUA 1885 SAO PAULO SP",-23.5952994,-46.4770437
"11931","D061301353",10494,"FIRMINO ALVES, RUA",NA,"",75,"","22/06/2013 23:00",2,"QM",42,4248," "," ",0,1,0,0,0,0,0,0,0,0,0,0,0,0,0,0,0,10494,"FIRMINO ALVES, RUA",NA,"",74,"SAO LUCAS",1,0,"FIRMINO ALVES, RUA 75 SAO PAULO SP",-23.5968837,-46.548569
"11932","D061300820",9710,"JOSE HOR. MEIRELLES TEIXEIRA, RUA PROF",NA,"",40,"","22/06/2013 23:30",2,"CH",89,5659," "," ",3,0,0,0,0,0,0,0,0,0,0,0,0,0,0,0,0,9710,"JOSE HOR. MEIRELLES TEIXEIRA, RUA PROF",NA,"",96,"VILA SONIA",1,0,"JOSE HOR. MEIRELLES TEIXEIRA, RUA PROF 40 SAO PAULO SP",-23.5561159,-46.410898
"11933","D061300505",7257,"FONSECA RODRIGUES, AV PROF",16082,"PEREIRA DE ANDRADE, AV PDE",0,"","22/06/2013 23:45",2,"CL",14,6425," "," ",2,0,0,0,0,0,0,0,0,0,0,0,0,0,0,0,0,2714,"BAGIRU, AV",7257,"FONSECA RODRIGUES, AV PROF",NA,"",1,0,"FONSECA RODRIGUES, AV PROF SAO PAULO SP &  PEREIRA DE ANDRADE, AV PDE SAO PAULO SP",-23.551963,-46.7110012
"11934","D061300666",16339,"CARLOS LACERDA, AV",NA,"",585,"","22/06/2013 23:50",4,"AT",37,5204," "," ",1,0,0,0,0,0,0,0,0,0,0,0,0,0,0,0,0,16339,"CARLOS LACERDA, AV",NA,"",29,"FREGUESIA DO O",1,0,"CARLOS LACERDA, AV 585 SAO PAULO SP",-23.6369109,-46.778788
"11935","D061300552",19259,"TURIASSU, RUA",NA,"",1170,"","22/06/2013 23:50",4,"AT",23,3558," "," ",1,0,0,0,0,0,0,0,0,0,0,0,0,0,0,0,0,19259,"TURIASSU, RUA",NA,"",19,"CAPAO REDONDO",1,0,"TURIASSU, RUA 1170 SAO PAULO SP",-23.5314801,-46.6741454
"11936","D061300308",24507,"LINO DE MORAES LEME, AV DR",4596,"CATARINA, AV STA",0,"","23/06/2013 00:15",2,"QF",27,6641," "," ",1,0,0,0,0,0,0,0,0,0,0,0,0,0,0,0,0,4596,"CATARINA, AV STA",24507,"LINO DE MORAES LEME, AV DR",15,"CAMPO BELO",1,0,"LINO DE MORAES LEME, AV DR SAO PAULO SP &  CATARINA, AV STA SAO PAULO SP",-23.6412649,-46.6657886
"11937","D061300433",2235,"ARMANDO DE ARRUDA PEREIRA, AV ENG",NA,"",5000,"","23/06/2013 01:40",2,"CO",97,1713," "," ",1,1,0,0,0,0,0,0,0,0,0,0,0,0,0,0,0,2235,"ARMANDO DE ARRUDA PEREIRA, AV ENG",NA,"",37,"JABAQUARA",1,0,"ARMANDO DE ARRUDA PEREIRA, AV ENG 5000 SAO PAULO SP",-23.6680917,-46.636225
"11939","D061301791",17820,"TITO, AV MAL",61027,"ESTEVAO RIBEIRO GARCIA, RUA",0,"","23/06/2013 03:00",2,"CL",50,7759," "," ",1,1,0,0,0,0,0,0,0,0,0,0,0,0,0,0,0,17820,"TITO, AV MAL",61027,"ESTEVAO RIBEIRO GARCIA, RUA",NA,"",2,0,"TITO, AV MAL SAO PAULO SP &  ESTEVAO RIBEIRO GARCIA, RUA SAO PAULO SP",-23.4934955,-46.4410574
"11940","D061301802",71944,"DOMINGOS FERNANDES NOBRE, RUA",NA,"",185,"","23/06/2013 03:30",2,"CO",59,7852," "," ",2,0,0,0,0,0,0,0,0,0,0,0,0,0,0,0,0,71944,"DOMINGOS FERNANDES NOBRE, RUA",NA,"",54,"MOOCA",1,0,"DOMINGOS FERNANDES NOBRE, RUA 185 SAO PAULO SP",-23.4901977,-46.3938618
"11941","D061300128",6642,"ESTADO, AV DO",NA,"",5814,"","23/06/2013 03:35",2,"CH",6,4995," "," ",0,0,0,0,0,0,0,0,0,0,0,1,0,0,0,0,0,6642,"ESTADO, AV DO",NA,"",9,"BOM RETIRO",4,0,"ESTADO, AV DO 5814 SAO PAULO SP",-23.5471748,-46.629431
"11942","D061301096",11321,"JULIO BUONO, AV",5705,"DANTAS CORTEZ, RUA MAJ",0,"","23/06/2013 03:40",2,"CO",39,6750," "," ",2,0,0,0,0,0,0,0,0,0,0,0,0,0,0,0,0,5705,"DANTAS CORTEZ, RUA MAJ",11321,"JULIO BUONO, AV",94,"VILA MEDEIROS",2,0,"JULIO BUONO, AV SAO PAULO SP &  DANTAS CORTEZ, RUA MAJ SAO PAULO SP",-23.497339,-46.598904
"11943","D061301576",15507,"TEOTONIO VILELA, AV SEN",44105,"LUIZ ROTTA, RUA",0,"","23/06/2013 04:20",2,"CO",85,3239,"B"," ",0,1,0,0,0,0,0,0,0,0,0,0,0,0,0,0,0,13817,"MENDES, ES DOS",15507,"TEOTONIO VILELA, AV SEN",23,"CIDADE DUTRA",2,0,"TEOTONIO VILELA, AV SEN SAO PAULO SP &  LUIZ ROTTA, RUA SAO PAULO SP",-23.7290679,-46.698928
"11944","D061301952",9044,"RAGUEB CHOHFI, AV",75482,"DOMINGOS DE MENDONCA, RUA",0,"","23/06/2013 04:40",2,"CO",49,8759," "," ",0,1,1,0,0,0,0,0,0,0,0,0,0,0,0,0,0,9044,"RAGUEB CHOHFI, AV",75482,"DOMINGOS DE MENDONCA, RUA",32,"IGUATEMI",1,0,"RAGUEB CHOHFI, AV SAO PAULO SP &  DOMINGOS DE MENDONCA, RUA SAO PAULO SP",-23.5962789,-46.4358414
"11945","D061300640",16337,"ELISEU DE ALMEIDA, AV",NA,"",2700,"","23/06/2013 05:00",2,"CH",34,5665," "," ",1,0,0,0,0,0,0,0,0,0,0,0,0,0,0,0,0,16337,"ELISEU DE ALMEIDA, AV",NA,"",0,"NULL",2,0,"ELISEU DE ALMEIDA, AV 2700 SAO PAULO SP",-23.5889519,-46.7333587
"11946","D061301413",3956,"CAMBERRA, RUA",NA,"",653,"","23/06/2013 06:00",2,"CH",58,3916," "," ",1,0,0,0,0,0,0,0,0,0,0,0,0,0,0,0,0,3956,"CAMBERRA, RUA",NA,"",87,"VILA FORMOSA",1,0,"CAMBERRA, RUA 653 SAO PAULO SP",-23.5659739,-46.5530909
"11947","D061301610",4754,"AGOSTINHO RUBIN, AV",NA,"",606,"","23/06/2013 06:16",2,"CT",92,7784," "," ",1,0,1,0,0,0,0,0,0,0,0,0,0,0,0,0,0,4754,"AGOSTINHO RUBIN, AV",NA,"",19,"CAPAO REDONDO",2,0,"AGOSTINHO RUBIN, AV 606 SAO PAULO SP",-23.6609466,-46.7577803
"11949","D061300441",2235,"ARMANDO DE ARRUDA PEREIRA, AV ENG",NA,"",3721,"","23/06/2013 06:20",2,"CH",97,5679," "," ",1,0,0,0,0,0,0,0,0,0,0,0,0,0,0,0,0,2235,"ARMANDO DE ARRUDA PEREIRA, AV ENG",NA,"",37,"JABAQUARA",1,0,"ARMANDO DE ARRUDA PEREIRA, AV ENG 3721 SAO PAULO SP",-23.6578838,-46.6357957
"11950","D061301566",42148,"BRUNO TAUT, RUA",NA,"",20,"","23/06/2013 06:26",2,"CL",80,6703," "," ",1,1,0,0,0,0,0,0,0,0,0,0,0,0,0,0,0,42148,"BRUNO TAUT, RUA",NA,"",22,"CIDADE ADEMAR",1,0,"BRUNO TAUT, RUA 20 SAO PAULO SP",-23.686968,-46.6672551
"11951","D061300994",13133,"MARIA AMALIA LOPES AZEVEDO, RUA",NA,"",576,"","23/06/2013 06:56",2,"CO",20,5932," "," ",2,0,0,0,0,0,0,0,0,0,0,0,0,0,0,0,0,13133,"MARIA AMALIA LOPES AZEVEDO, RUA",NA,"",83,"TREMEMBE",1,0,"MARIA AMALIA LOPES AZEVEDO, RUA 576 SAO PAULO SP",-23.4585424,-46.6198457
"11952","D061301182",16263,"PINHEIROS, RUA DOS",NA,"",29,"","23/06/2013 07:00",2,"CO",73,6755," "," ",0,1,0,0,0,0,0,0,0,0,0,0,0,0,0,1,0,16263,"PINHEIROS, RUA DOS",NA,"",63,"PINHEIROS",1,0,"PINHEIROS, RUA DOS 29 SAO PAULO SP",-23.4438711,-46.5780802
"11953","D061302153",9220,"INTERLAGOS, AV",5852,"ANGELO BADA, RUA",0,"","23/06/2013 07:00",2,"CO",98,6725," "," ",2,0,0,0,0,0,0,0,0,0,0,0,0,0,0,0,0,5852,"ANGELO BADA, RUA",9220,"INTERLAGOS, AV",81,"SOCORRO",0,1,"INTERLAGOS, AV SAO PAULO SP &  ANGELO BADA, RUA SAO PAULO SP",-23.6872639,-46.6953006
"11954","D061300189",5797,"DEODORO, PCA MAL",NA,"",162,"","23/06/2013 07:45",4,"AT",77,2723," "," ",0,1,0,0,0,0,0,0,0,0,0,0,0,0,0,0,0,5797,"DEODORO, PCA MAL",NA,"",11,"BRASILANDIA",3,0,"DEODORO, PCA MAL 162 SAO PAULO SP",-23.5347739,-46.6545293
"11955","D061300337",4597,"CATARINA, RUA STA",NA,"",2233,"","23/06/2013 07:46",2,"CH",35,8592," "," ",1,0,0,0,0,0,0,0,0,0,0,0,0,0,0,0,0,4597,"CATARINA, RUA STA",NA,"",82,"TATUAPE",3,0,"CATARINA, RUA STA 2233 SAO PAULO SP",-23.6533651,-46.6574795
"11956","D061301862",23441,"SONHO GAUCHO, RUA",14581,"NICOLAU JACINTO, AV",0,"","23/06/2013 08:00",2,"SI",64,5124,"B"," ",1,1,0,0,0,0,0,0,0,0,0,0,0,0,0,0,0,13718,"MORRO DO DESCANSO, RUA",23441,"SONHO GAUCHO, RUA",65,"PONTE RASA",1,0,"SONHO GAUCHO, RUA SAO PAULO SP &  NICOLAU JACINTO, AV SAO PAULO SP",-23.5240136,-46.4760057
"11957","D061301402",14213,"MOOCA, RUA DA",7033,"FERNANDO FALCAO, RUA",0,"","23/06/2013 08:36",2,"CO",57,4249," "," ",2,0,0,0,0,0,0,0,0,0,0,0,0,0,0,0,0,7033,"FERNANDO FALCAO, RUA",14213,"MOOCA, RUA DA",NA,"",1,0,"MOOCA, RUA DA SAO PAULO SP &  FERNANDO FALCAO, RUA SAO PAULO SP",-23.5549376,-46.6077126
"11958","D061301762",9632,"ITINGUCU, RUA",4387,"CARLOS MARIA STEIMBERG, RUA",0,"","23/06/2013 11:40",2,"CL",24,6851," "," ",2,0,0,0,0,0,0,0,0,0,0,0,0,0,0,0,0,4387,"CARLOS MARIA STEIMBERG, RUA",9632,"ITINGUCU, RUA",5,"ARTUR ALVIM",2,0,"ITINGUCU, RUA SAO PAULO SP &  CARLOS MARIA STEIMBERG, RUA SAO PAULO SP",-23.5270874,-46.5021154
"11959","D061302056",17135,"RIO DAS PEDRAS, AV",6648,"ESTADO DO CEARA, RUA",0,"","23/06/2013 11:40",2,"QF",69,8782," "," ",0,0,1,0,0,0,0,0,0,0,0,0,0,0,0,0,0,6648,"ESTADO DO CEARA, RUA",17135,"RIO DAS PEDRAS, AV",75,"SAO MATEUS",1,0,"RIO DAS PEDRAS, AV SAO PAULO SP &  ESTADO DO CEARA, RUA SAO PAULO SP",-23.5630062,-46.5152683
"11960","D061301184",42220,"USHIKICHI KAMYIA, RUA",NA,"",71,"","23/06/2013 12:30",2,"CO",73,6766," "," ",1,1,0,0,0,0,0,0,0,0,0,0,0,0,0,0,0,42220,"USHIKICHI KAMYIA, RUA",NA,"",38,"JACANA",1,0,"USHIKICHI KAMYIA, RUA 71 SAO PAULO SP",-23.4400918,-46.5708488
"11961","D061301953",9044,"RAGUEB CHOHFI, AV",NA,"",3000,"","23/06/2013 13:00",2,"CT",49,8767," "," ",0,2,0,0,0,0,0,0,0,0,0,0,0,0,0,0,0,9044,"RAGUEB CHOHFI, AV",NA,"",32,"IGUATEMI",2,0,"RAGUEB CHOHFI, AV 3000 SAO PAULO SP",-23.5968338,-46.4564753
"11962","D061300381",64798,"JORGE MORAIS, RUA",76119,"JOSE PEREIRA CRUZ, RUA",0,"","23/06/2013 13:12",4,"AT",83,5697," "," ",0,1,0,0,0,0,0,0,0,0,0,0,0,0,0,0,0,64798,"JORGE MORAIS, RUA",76119,"JOSE PEREIRA CRUZ, RUA",69,"SACOMA",1,0,"JORGE MORAIS, RUA SAO PAULO SP &  JOSE PEREIRA CRUZ, RUA SAO PAULO SP",-23.6515597,-46.6070929
"11963","D061301019",13417,"MARINA, AV STA",NA,"",2367,"","23/06/2013 14:08",2,"CO",28,3310," "," ",1,1,0,0,0,0,0,0,0,0,0,0,0,0,0,0,0,13417,"MARINA, AV STA",NA,"",6,"BARRA FUNDA",1,0,"MARINA, AV STA 2367 SAO PAULO SP",-23.5040124,-46.6938181
"11966","D061300245",9338,"IRINEU, RUA STO",NA,"",380,"","23/06/2013 14:40",2,"CO",16,8604," "," ",1,1,0,0,0,0,0,0,0,0,0,0,0,0,0,0,0,9338,"IRINEU, RUA STO",NA,"",79,"SAUDE",1,0,"IRINEU, RUA STO 380 SAO PAULO SP",-23.603056,-46.6272617
"11968","D061301183",7061,"FERNAO DIAS, VIA",NA,"",76000,"","23/06/2013 15:00",2,"CO",73,6765," "," ",2,0,0,0,0,0,0,0,0,0,0,0,0,0,0,0,0,7061,"FERNAO DIAS, VIA",NA,"",38,"JACANA",4,0,"FERNAO DIAS, VIA 76000 SAO PAULO SP",-23.4609146,-46.5715728
"11969","D061301205",67402,"ANTONIO SEBASTIAO SOBRINHO, RUA",NA,"",633,"","23/06/2013 15:00",2,"QM",74,5825," "," ",0,1,0,0,0,0,0,0,0,0,0,0,0,0,0,0,0,67402,"ANTONIO SEBASTIAO SOBRINHO, RUA",NA,"",52,"MARSILAC",1,0,"ANTONIO SEBASTIAO SOBRINHO, RUA 633 SAO PAULO SP",-23.4467612,-46.7285357
"11970","D061301148",15425,"CANTIDIO SAMPAIO, AV DEP",NA,"",1465,"","23/06/2013 15:00",2,"CT",72,5827," "," ",2,0,0,0,0,0,0,0,0,0,0,0,0,0,0,0,0,15425,"CANTIDIO SAMPAIO, AV DEP",NA,"",41,"JARAGUA",1,0,"CANTIDIO SAMPAIO, AV DEP 1465 SAO PAULO SP",-23.465387,-46.6796033
"11972","D061301552",15507,"TEOTONIO VILELA, AV SEN",NA,"",1109,"","23/06/2013 16:13",2,"CO",48,4949," "," ",1,1,0,0,0,0,0,0,0,0,0,0,0,0,0,0,0,15507,"TEOTONIO VILELA, AV SEN",NA,"",23,"CIDADE DUTRA",2,0,"TEOTONIO VILELA, AV SEN 1109 SAO PAULO SP",-23.7111543,-46.6991551
"11973","D061301114",19045,"THOMAZ ANTONIO VILLANI, RUA",NA,"",194,"","23/06/2013 16:30",2,"SI",40,7030," "," ",1,1,0,0,0,0,0,0,0,0,0,0,0,0,0,0,0,19045,"THOMAZ ANTONIO VILLANI, RUA",NA,"",44,"JARDIM PAULISTA",1,0,"THOMAZ ANTONIO VILLANI, RUA 194 SAO PAULO SP",-23.4876227,-46.6746873
"11974","D061302035",9580,"ITAQUERA, AV",NA,"",2200,"","23/06/2013 17:15",4,"AT",66,4556," "," ",1,0,0,0,0,0,0,0,0,0,0,0,0,0,0,0,0,9580,"ITAQUERA, AV",NA,"",24,"CIDADE LIDER",1,0,"ITAQUERA, AV 2200 SAO PAULO SP",-23.5490733,-46.5045184
"11975","D061301981",60675,"AFONSO DE SAMPAIO E SOUSA, AV",NA,"",1034,"","23/06/2013 17:20",2,"QM",53,4557," "," ",0,1,0,0,0,0,0,0,0,0,0,0,0,0,0,0,0,60675,"AFONSO DE SAMPAIO E SOUSA, AV",NA,"",51,"MANDAQUI",1,0,"AFONSO DE SAMPAIO E SOUSA, AV 1034 SAO PAULO SP",-23.5706959,-46.4698928
"11976","D061300119",12238,"LUIS GAMA, RUA",4829,"CESARIO RAMALHO, RUA",0,"","23/06/2013 17:50",4,"AT",6,3069," "," ",1,0,0,0,0,0,0,0,0,0,0,0,0,0,0,0,0,4829,"CESARIO RAMALHO, RUA",12238,"LUIS GAMA, RUA",14,"CAMBUCI",1,0,"LUIS GAMA, RUA SAO PAULO SP &  CESARIO RAMALHO, RUA SAO PAULO SP",-23.557946,-46.6220371
"11979","D061301520",11116,"JOSE NEVES, RUA",NA,"",408,"","23/06/2013 19:25",2,"CO",43,6733," "," ",1,1,0,0,0,0,0,0,0,0,0,0,0,0,0,0,0,11116,"JOSE NEVES, RUA",NA,"",22,"CIDADE ADEMAR",2,0,"JOSE NEVES, RUA 408 SAO PAULO SP",-23.658948,-46.6758178
"11980","D061301403",906,"ALVARO RAMOS, AV",6932,"FEIJO, AV REG",0,"","23/06/2013 19:30",2,"CF",57,4268," "," ",0,1,1,0,0,0,0,0,0,0,0,0,0,0,0,0,0,906,"ALVARO RAMOS, AV",6932,"FEIJO, AV REG",1,"AGUA RASA",2,0,"ALVARO RAMOS, AV SAO PAULO SP &  FEIJO, AV REG SAO PAULO SP",-23.5475494,-46.5829937
"11981","D061300793",16838,"RAIMUNDO PEREIRA DE MAGAL., AV",NA,"",8272,"","23/06/2013 19:45",2,"CO",87,6022," "," ",2,0,0,0,0,0,0,0,0,0,0,0,0,0,0,0,0,16838,"RAIMUNDO PEREIRA DE MAGAL., AV",NA,"",31,"GUAIANASES",1,0,"RAIMUNDO PEREIRA DE MAGAL., AV 8272 SAO PAULO SP",-23.4650431,-46.7216067
"11982","D061301656",6238,"NACOES UNIDAS, AV DAS",5503,"CRISTALINO ROLIM DE FREITAS, RUA",0,"","23/06/2013 19:55",2,"CH",99,7317,"C"," ",1,0,0,0,0,0,0,0,0,0,0,0,0,0,0,0,0,5503,"CRISTALINO ROLIM DE FREITAS, RUA",6238,"NACOES UNIDAS, AV DAS",16,"CAMPO GRANDE",1,0,"NACOES UNIDAS, AV DAS SAO PAULO SP &  CRISTALINO ROLIM DE FREITAS, RUA SAO PAULO SP",-23.5735935,-46.7008864
"11983","D061301069",15426,"PARADA PINTO, AV",NA,"",2260,"","23/06/2013 20:27",2,"CO",38,5835," "," ",1,1,0,0,0,0,0,0,0,0,0,0,0,0,0,0,0,15426,"PARADA PINTO, AV",NA,"",8,"BELEM",1,0,"PARADA PINTO, AV 2260 SAO PAULO SP",-23.4702179,-46.6491201
"11984","D061300571",33234,"MARGINAL DIREITA DO TIETE, AV",NA,"",2563,"","23/06/2013 20:30",2,"CO",33,4719," "," ",2,0,0,1,0,0,0,0,0,0,0,0,0,0,0,0,0,29772,"MARGINAL DO RIO TIETE, AV",NA,"",39,"JAGUARA",1,0,"MARGINAL DIREITA DO TIETE, AV 2563 SAO PAULO SP",-23.5168419,-46.7418003
"11985","D061301691",15507,"TEOTONIO VILELA, AV SEN",NA,"",4863,"","23/06/2013 20:38",2,"SI",101,4955," "," ",1,1,0,0,0,0,0,0,0,0,0,0,0,0,0,0,0,15507,"TEOTONIO VILELA, AV SEN",NA,"",23,"CIDADE DUTRA",2,0,"TEOTONIO VILELA, AV SEN 4863 SAO PAULO SP",-23.7592396,-46.7153523
"11987","D061301852",2429,"ASSIS RIBEIRO, RUA DR",NA,"",10170,"","23/06/2013 21:00",2,"CT",63,7193," "," ",2,0,0,0,0,0,0,0,0,0,0,0,0,0,0,0,0,2429,"ASSIS RIBEIRO, RUA DR",NA,"",28,"ERMELINO MATARA",1,0,"ASSIS RIBEIRO, RUA DR 10170 SAO PAULO SP",-23.4880004,-46.4653962
"11988","D061300960",8695,"HENRIQUE LEITAO, RUA",11576,"LAMARTINE DOS SANTOS, RUA",0,"","23/06/2013 21:40",2,"CO",19,2376," "," ",1,1,0,0,0,0,0,0,0,0,0,0,0,0,0,0,0,1649,"ANTONIO DA SILVA, RUA",8695,"HENRIQUE LEITAO, RUA",91,"VILA MARIA",1,0,"HENRIQUE LEITAO, RUA SAO PAULO SP &  LAMARTINE DOS SANTOS, RUA SAO PAULO SP",-23.5059107,-46.5927913
"11989","D061301097",18664,"TANQUE VELHO, RUA",4122,"CANEDOS, RUA",0,"","23/06/2013 21:51",2,"CO",39,6773,"B"," ",2,0,0,0,0,0,0,0,0,0,0,0,0,0,0,0,0,4122,"CANEDOS, RUA",18664,"TANQUE VELHO, RUA",84,"TUCURUVI",1,0,"TANQUE VELHO, RUA SAO PAULO SP &  CANEDOS, RUA SAO PAULO SP",-23.4801758,-46.5995594
"11990","D061301999",99999,"METALURGICOS, AV DOS",NA,"",192,"","23/06/2013 22:00",2,"CO",54,3704," "," ",1,1,0,0,0,0,0,0,0,0,0,0,0,0,0,0,0,99999,"METALURGICOS, AV DOS",NA,"",25,"CIDADE TIRADENT",1,0,"METALURGICOS, AV DOS 192 SAO PAULO SP",-23.5864328,-46.4092953
"11991","D061302103",5845,"DIAS DA SILVA, RUA",7840,"GAVEA, RUA",0,"","23/06/2013 22:36",2,"CO",20,5964," "," ",1,1,0,0,0,0,0,0,0,0,0,0,0,0,0,0,0,5845,"DIAS DA SILVA, RUA",7840,"GAVEA, RUA",91,"VILA MARIA",0,1,"DIAS DA SILVA, RUA SAO PAULO SP &  GAVEA, RUA SAO PAULO SP",-23.5193903,-46.5890947
"11992","D061301115",5738,"DARIO RIBEIRO, RUA PROF",NA,"",1160,"","23/06/2013 22:40",2,"QM",40,7050," "," ",0,1,0,0,0,0,0,0,0,0,0,0,0,0,0,0,0,5738,"DARIO RIBEIRO, RUA PROF",NA,"",50,"LIMAO",2,0,"DARIO RIBEIRO, RUA PROF 1160 SAO PAULO SP",-23.4916942,-46.667133
"11993","D061301763",9962,"JARAUARA, RUA",14452,"NEA, RUA",0,"","23/06/2013 22:40",4,"AT",24,6865," "," ",0,0,0,0,0,0,0,1,0,0,0,0,0,0,0,0,0,9962,"JARAUARA, RUA",14452,"NEA, RUA",60,"PENHA",1,0,"JARAUARA, RUA SAO PAULO SP &  NEA, RUA SAO PAULO SP",-23.5276613,-46.4965306
"11994","D061300382",5618,"CURSINO, AV DO",NA,"",3860,"","23/06/2013 22:50",4,"AT",83,5715," "," ",0,1,0,0,0,0,0,0,0,0,0,0,0,0,0,0,0,5618,"CURSINO, AV DO",NA,"",27,"CURSINO",2,0,"CURSINO, AV DO 3860 SAO PAULO SP",-23.6349925,-46.615586
"11996","D061301034",6361,"ELISIO TEIXEIRA LEITE, AV",NA,"",250,"","23/06/2013 23:50",2,"CH",28,7048," "," ",1,0,0,0,0,0,0,0,0,0,0,0,0,0,0,0,0,6361,"ELISIO TEIXEIRA LEITE, AV",NA,"",29,"FREGUESIA DO O",1,0,"ELISIO TEIXEIRA LEITE, AV 250 SAO PAULO SP",-23.4906498,-46.6972883
"11997","D061300283",64135,"ARRIGO BOITO, RUA",NA,"",169,"","24/06/2013 00:05",4,"AT",26,5722," "," ",1,0,0,0,0,0,0,0,0,0,0,0,0,0,0,0,0,64135,"ARRIGO BOITO, RUA",NA,"",0,"NULL",1,0,"ARRIGO BOITO, RUA 169 SAO PAULO SP",-23.637451,-46.6020118