"","id_acidente","codloga","logradouroA","codlogb","logradouroB","alt_num","referencia","data","cod_acid","tipo_acidente","dp","numero_BO","sentido","pista","automovel","moto","onibus","caminhao","bicicleta","moto_taxi","onibus_fretado","onibus_urbano","microonibus","van","vuc","caminhonete","carreta","jipe","outros","sem_informacao","carroca","princ_a","paiA","princ_b","paiB","cod_distrito","distrito","vit_ferida","vit_morta","local","lat","lon"
"11998","D061302102",13019,"ESCOLA POLITECNICA, AV",NA,"",2600,"","24/06/2013 01:50",2,"CH",14,6453," "," ",2,0,0,0,0,0,0,0,0,0,0,0,0,0,0,0,0,13019,"ESCOLA POLITECNICA, AV",NA,"",40,"JAGUARE",4,3,"ESCOLA POLITECNICA, AV 2600 SAO PAULO SP",-23.5623573,-46.7493277
"11999","D061301251",929,"ALVINOPOLIS, RUA",11790,"LEOPOLDO DE FREITAS, RUA",0,"","24/06/2013 05:45",2,"CL",10,7171," "," ",1,0,0,0,0,0,0,1,0,0,0,0,0,0,0,0,0,929,"ALVINOPOLIS, RUA",11790,"LEOPOLDO DE FREITAS, RUA",60,"PENHA",1,0,"ALVINOPOLIS, RUA SAO PAULO SP &  LEOPOLDO DE FREITAS, RUA SAO PAULO SP",-23.5319118,-46.5363014
"12000","D061300593",33234,"MARGINAL DIREITA DO TIETE, AV",NA,"",15000,"","24/06/2013 06:20",2,"CO",33,6030," "," ",1,1,0,0,0,0,0,0,0,0,0,0,0,0,0,0,0,29772,"MARGINAL DO RIO TIETE, AV",NA,"",39,"JAGUARA",1,0,"MARGINAL DIREITA DO TIETE, AV 15000 SAO PAULO SP",-23.5167773,-46.7424361
"12001","D061301506",5606,"CUPECE, AV",NA,"",200,"","24/06/2013 06:20",2,"CO",43,2405," "," ",0,1,0,0,0,0,0,0,0,0,0,0,0,0,0,1,0,5606,"CUPECE, AV",NA,"",22,"CIDADE ADEMAR",1,0,"CUPECE, AV 200 SAO PAULO SP",-23.6626179,-46.6622987
"12002","D061300995",19884,"VOLUNTARIOS DA PATRIA, RUA",3813,"CAETANO ALVARES, AV ENG",0,"","24/06/2013 06:30",2,"CO",20,5969," "," ",1,1,0,0,0,0,0,0,0,0,0,0,0,0,0,0,0,3813,"CAETANO ALVARES, AV ENG",13534,"MARIQUINHA VIANA, RUA",71,"SANTANA",2,0,"VOLUNTARIOS DA PATRIA, RUA SAO PAULO SP &  CAETANO ALVARES, AV ENG SAO PAULO SP",-23.5033096,-46.6263934
"12004","D061300788",10251,"JOAO DE OLIVEIRA, RUA SOLD",NA,"",44,"","24/06/2013 07:00",2,"CO",87,3112," "," ",1,1,0,0,0,0,0,0,0,0,0,0,0,0,0,0,0,10251,"JOAO DE OLIVEIRA, RUA SOLD",NA,"",64,"PIRITUBA",1,0,"JOAO DE OLIVEIRA, RUA SOLD 44 SAO PAULO SP",-23.489731,-46.7272545
"12005","D061300029",6642,"ESTADO, AV DO",NA,"",2963,"","24/06/2013 07:25",2,"CL",1,5067," "," ",1,1,0,0,0,0,0,0,1,0,0,0,0,0,0,0,0,6642,"ESTADO, AV DO",NA,"",9,"BOM RETIRO",1,0,"ESTADO, AV DO 2963 SAO PAULO SP",-23.5405786,-46.6276858
"12006","D061301049",277,"AFONSO LOPES VIEIRA, RUA",NA,"",484,"","24/06/2013 07:25",2,"CO",38,3160," "," ",1,0,0,0,0,0,0,0,0,0,0,0,0,0,0,0,0,277,"AFONSO LOPES VIEIRA, RUA",NA,"",13,"CACHOEIRINHA",1,0,"AFONSO LOPES VIEIRA, RUA 484 SAO PAULO SP",-23.4629998,-46.6625109
"12008","D061301125",17789,"SANTO ANGELO, RUA BR DE",NA,"",544,"","24/06/2013 07:50",2,"QM",45,1620,"C"," ",0,1,0,0,0,0,0,0,0,0,0,0,0,0,0,0,0,17789,"SANTO ANGELO, RUA BR DE",NA,"",40,"JAGUARE",1,0,"SANTO ANGELO, RUA BR DE 544 SAO PAULO SP",-23.477169,-46.6870875
"12009","D061300118",16128,"PERO CORREIA, RUA",NA,"",421,"","24/06/2013 09:00",2,"CO",6,2887," "," ",1,1,0,0,0,0,0,0,0,0,0,0,0,0,0,0,0,16128,"PERO CORREIA, RUA",NA,"",37,"JABAQUARA",2,0,"PERO CORREIA, RUA 421 SAO PAULO SP",-23.5844693,-46.6235796
"12010","D061301468",6238,"NACOES UNIDAS, AV DAS",NA,"",14400,"","24/06/2013 09:32",2,"QM",11,7337," "," ",0,1,0,0,0,0,0,0,0,0,0,0,0,0,0,0,0,13014,"MARGINAL DO RIO PINHEIROS, AV",NA,"",90,"VILA LEOPOLDINA",1,0,"NACOES UNIDAS, AV DAS 14400 SAO PAULO SP",-23.6791522,-46.6960853
"12011","D061300974",19884,"VOLUNTARIOS DA PATRIA, RUA",NA,"",4040,"","24/06/2013 10:00",2,"CO",20,3237," "," ",1,1,0,0,0,0,0,0,0,0,0,0,0,0,0,0,0,19884,"VOLUNTARIOS DA PATRIA, RUA",NA,"",8,"BELEM",1,0,"VOLUNTARIOS DA PATRIA, RUA 4040 SAO PAULO SP",-23.4854969,-46.6286297
"12012","D061300730",12502,"MAGALHAES DE CASTRO, AV",NA,"",12,"","24/06/2013 10:30",2,"CO",51,2822," "," ",1,2,0,0,0,0,0,0,0,0,0,0,0,0,0,0,0,13014,"MARGINAL DO RIO PINHEIROS, AV",NA,"",12,"BUTANTA",1,0,"MAGALHAES DE CASTRO, AV 12 SAO PAULO SP",-23.5599747,-46.7107987
"12013","D061300069",16725,"QUEIROS, AV SEN",19745,"VINTE E CINCO DE MARCO, RUA",0,"","24/06/2013 11:10",2,"CO",3,5021," "," ",1,1,0,0,0,0,0,0,0,0,0,0,0,0,0,0,0,16725,"QUEIROS, AV SEN",19745,"VINTE E CINCO DE MARCO, RUA",80,"SE",1,0,"QUEIROS, AV SEN SAO PAULO SP &  VINTE E CINCO DE MARCO, RUA SAO PAULO SP",-23.5398615,-46.6301291
"12014","D061301548",20936,"GUAIUBA, RUA",NA,"",357,"","24/06/2013 11:25",4,"AT",48,2402," "," ",1,0,0,0,0,0,0,0,0,0,0,0,0,0,0,0,0,20936,"GUAIUBA, RUA",NA,"",32,"IGUATEMI",1,0,"GUAIUBA, RUA 357 SAO PAULO SP",-23.7077193,-46.6994898
"12015","D061300822",8000,"GIOVANNI GRONCHI, AV",NA,"",3500,"","24/06/2013 11:30",2,"CO",89,5702," "," ",1,1,0,0,0,0,0,0,0,0,0,0,0,0,0,0,0,8000,"GIOVANNI GRONCHI, AV",NA,"",55,"MORUMBI",1,0,"GIOVANNI GRONCHI, AV 3500 SAO PAULO SP",-23.6114743,-46.7280182
"12016","D061301098",17728,"SANATORIO, AV",18444,"SOTOMANO, RUA TTE",0,"","24/06/2013 11:30",2,"CO",39,7007," "," ",2,0,0,0,0,0,0,0,0,0,0,0,0,0,0,0,0,17728,"SANATORIO, AV",18444,"SOTOMANO, RUA TTE",94,"VILA MEDEIROS",1,0,"SANATORIO, AV SAO PAULO SP &  SOTOMANO, RUA TTE SAO PAULO SP",-23.4696865,-46.5651743
"12018","D061301414",24792,"SAIGON, RUA",NA,"",216,"","24/06/2013 12:10",4,"AT",58,900024," "," ",1,0,0,0,0,0,0,0,0,0,0,0,0,0,0,0,0,24792,"SAIGON, RUA",NA,"",46,"JOSE BONIFACIO",1,0,"SAIGON, RUA 216 SAO PAULO SP",-23.5685733,-46.545017
"12019","D061301738",17820,"TITO, AV MAL",NA,"",2245,"","24/06/2013 12:10",2,"CF",22,2944," "," ",1,1,0,0,0,0,0,0,0,0,0,0,0,0,0,0,0,17820,"TITO, AV MAL",NA,"",53,"MOEMA",1,0,"TITO, AV MAL 2245 SAO PAULO SP",-23.4943896,-46.4240659
"12020","D061300693",7153,"FIORELLI PECCICACCO, RUA",NA,"",536,"","24/06/2013 13:00",2,"QM",46,2862," "," ",0,1,0,0,0,0,0,0,0,0,0,0,0,0,0,0,0,7153,"FIORELLI PECCICACCO, RUA",NA,"",62,"PERUS",2,0,"FIORELLI PECCICACCO, RUA 536 SAO PAULO SP",-23.4043862,-46.7509781
"12022","D061301792",3790,"CACHOEIRA ALTA, RUA",NA,"",1001,"","24/06/2013 13:25",4,"AT",50,7793," "," ",0,0,0,0,0,0,0,0,1,0,0,0,0,0,0,0,0,3790,"CACHOEIRA ALTA, RUA",NA,"",54,"MOOCA",1,0,"CACHOEIRA ALTA, RUA 1001 SAO PAULO SP",-23.5055966,-46.3944962
"12023","D061300866",17162,"RIO PEQUENO, AV DO",NA,"",900,"","24/06/2013 13:35",2,"SI",93,4412," "," ",0,1,0,0,0,0,0,0,0,0,0,0,0,0,0,0,0,17162,"RIO PEQUENO, AV DO",NA,"",13,"CACHOEIRINHA",1,0,"RIO PEQUENO, AV DO 900 SAO PAULO SP",-23.5666979,-46.7540418
"12024","D061301982",18838,"TERESA, RUA STA",NA,"",611,"","24/06/2013 13:43",4,"AT",53,4572," "," ",1,0,0,0,0,0,0,0,0,0,0,0,0,0,0,0,0,18838,"TERESA, RUA STA",NA,"",1,"AGUA RASA",1,0,"TERESA, RUA STA 611 SAO PAULO SP",-23.5845319,-46.4191114
"12025","D061300889",14916,"OLAVO EGIDIO, RUA DR",NA,"",324,"","24/06/2013 14:08",4,"AT",9,3510,"B"," ",1,0,0,0,0,0,0,0,0,0,0,0,0,0,0,0,0,14916,"OLAVO EGIDIO, RUA DR",NA,"",47,"LAJEADO",1,0,"OLAVO EGIDIO, RUA DR 324 SAO PAULO SP",-23.4999907,-46.6225264
"12026","D061300050",17799,"SANTOS DUMONT, AV",NA,"",153,"","24/06/2013 15:30",4,"AT",2,3861," "," ",1,0,0,0,0,0,0,0,0,0,0,0,0,0,0,0,0,17799,"SANTOS DUMONT, AV",NA,"",15,"CAMPO BELO",3,0,"SANTOS DUMONT, AV 153 SAO PAULO SP",-23.5272958,-46.6314877
"12027","D061300553",18519,"SUMARE, AV",1940,"APIACAS, RUA",0,"","24/06/2013 16:30",2,"CO",23,3589," "," ",0,1,0,0,0,0,0,0,0,0,0,1,0,0,0,0,0,1940,"APIACAS, RUA",18519,"SUMARE, AV",61,"PERDIZES",1,0,"SUMARE, AV SAO PAULO SP &  APIACAS, RUA SAO PAULO SP",-22.8071539,-47.223149
"12028","D061301721",17110,"RIO BONITO, AV DO",NA,"",100,"","24/06/2013 17:00",2,"CO",102,7370," "," ",0,0,0,0,1,0,0,0,0,1,0,0,0,0,0,0,0,17110,"RIO BONITO, AV DO",NA,"",32,"IGUATEMI",1,0,"RIO BONITO, AV DO 100 SAO PAULO SP",-23.6762073,-46.7118785
"12029","D061301035",10212,"JOAO CORDEIRO, RUA",NA,"",1146,"","24/06/2013 17:56",4,"AT",28,7080,"C"," ",1,0,0,0,0,0,0,0,0,0,0,0,0,0,0,0,0,10212,"JOAO CORDEIRO, RUA",NA,"",29,"FREGUESIA DO O",1,0,"JOAO CORDEIRO, RUA 1146 SAO PAULO SP",-23.4900283,-46.7067176
"12030","D061300265",14245,"MOREIRA E COSTA, RUA",19628,"VICENTE DA COSTA, RUA",0,"","24/06/2013 18:00",4,"AT",17,8681," "," ",0,0,0,0,0,0,0,0,0,0,0,0,0,0,0,1,0,14245,"MOREIRA E COSTA, RUA",19628,"VICENTE DA COSTA, RUA",33,"IPIRANGA",1,0,"MOREIRA E COSTA, RUA SAO PAULO SP &  VICENTE DA COSTA, RUA SAO PAULO SP",-23.5899201,-46.6137873
"12031","D061300391",1247,"ANCHIETA, VIA",NA,"",11500,"","24/06/2013 18:05",2,"CO",95,2901," "," ",0,1,0,0,0,0,0,0,0,0,0,1,0,0,0,0,0,1247,"ANCHIETA, VIA",NA,"",33,"IPIRANGA",1,0,"ANCHIETA, VIA 11500 SAO PAULO SP",-23.6433577,-46.5860313
"12032","D061301339",5880,"DINO, RUA DR",NA,"",999,"","24/06/2013 18:10",2,"CO",42,2251," "," ",1,1,0,0,0,0,0,0,0,0,0,0,0,0,0,0,0,5880,"DINO, RUA DR",NA,"",74,"SAO LUCAS",1,0,"DINO, RUA DR 999 SAO PAULO SP",-23.5859999,-46.5595421
"12033","D061301327",4502,"CARRAO, AV CONS",NA,"",1306,"","24/06/2013 18:14",2,"CO",31,3949," "," ",2,0,0,0,0,0,0,1,0,0,0,0,0,0,0,0,0,4502,"CARRAO, AV CONS",NA,"",20,"CARRAO",1,0,"CARRAO, AV CONS 1306 SAO PAULO SP",-23.5432555,-46.5471842
"12036","D061300400",5762,"DELAMARE, AV ALM",NA,"",3000,"","24/06/2013 18:42",2,"CO",95,5744," "," ",3,0,0,0,0,0,0,0,0,0,0,0,0,0,0,0,0,5762,"DELAMARE, AV ALM",NA,"",33,"IPIRANGA",1,0,"DELAMARE, AV ALM 3000 SAO PAULO SP",-23.6106679,-46.586097
"12037","D061300781",16728,"QUEIROS TELES, AV ENG",NA,"",502,"","24/06/2013 18:42",2,"CH",75,6485," "," ",0,1,0,0,0,0,0,0,0,0,0,0,0,0,0,0,0,16728,"QUEIROS TELES, AV ENG",NA,"",13,"CACHOEIRINHA",1,0,"QUEIROS TELES, AV ENG 502 SAO PAULO SP",-23.5769215,-46.7800754
"12039","D061301578",15507,"TEOTONIO VILELA, AV SEN",NA,"",7000,"","24/06/2013 18:52",4,"AT",85,4983," "," ",1,1,0,0,0,0,0,0,0,0,0,0,0,0,0,0,0,15507,"TEOTONIO VILELA, AV SEN",NA,"",23,"CIDADE DUTRA",2,0,"TEOTONIO VILELA, AV SEN 7000 SAO PAULO SP",-23.7567074,-46.7140567
"12040","D061300641",17822,"SAPETUBA, RUA",3937,"CAMARGO, RUA",0,"","24/06/2013 19:00",2,"CO",34,5724," "," ",1,1,0,0,0,0,0,0,0,0,0,0,0,0,0,0,0,3937,"CAMARGO, RUA",17822,"SAPETUBA, RUA",12,"BUTANTA",1,0,"SAPETUBA, RUA SAO PAULO SP &  CAMARGO, RUA SAO PAULO SP",-23.5733923,-46.7111489
"12042","D061301386",65634,"FRANCISCO FALCONI, AV",NA,"",1030,"","24/06/2013 19:19",4,"AT",56,4288," "," ",1,0,0,0,0,0,0,0,0,0,0,0,0,0,0,0,0,65634,"FRANCISCO FALCONI, AV",NA,"",26,"CONSOLACAO",1,0,"FRANCISCO FALCONI, AV 1030 SAO PAULO SP",-23.5916866,-46.5667683
"12043","D061302021",71582,"DIOGO DE MORAES LARA, RUA",NA,"",395,"","24/06/2013 19:30",2,"CH",55,8840," "," ",1,0,0,1,0,0,0,0,0,0,0,0,0,0,0,0,0,71582,"DIOGO DE MORAES LARA, RUA",NA,"",55,"MORUMBI",1,0,"DIOGO DE MORAES LARA, RUA 395 SAO PAULO SP",-23.6257931,-46.4643445
"12044","D061300525",8699,"HENRIQUE MARTINS, RUA",13814,"MENA BARRETO, RUA GAL",0,"","24/06/2013 19:30",4,"AT",15,3124," "," ",1,0,0,0,0,0,0,0,0,0,0,0,0,0,0,0,0,8699,"HENRIQUE MARTINS, RUA",13814,"MENA BARRETO, RUA GAL",44,"JARDIM PAULISTA",1,0,"HENRIQUE MARTINS, RUA SAO PAULO SP &  MENA BARRETO, RUA GAL SAO PAULO SP",-23.5819207,-46.6674676
"12045","D061301825",3,"PIROFONE, RUA DO",NA,"",471,"","24/06/2013 20:30",4,"AT",62,6896," "," ",1,0,0,0,0,0,0,0,0,0,0,0,0,0,0,0,0,3,"PIROFONE, RUA DO",NA,"",42,"JARDIM ANGELA",1,0,"PIROFONE, RUA DO 471 SAO PAULO SP",-23.6812519,-46.7652044
"12046","D061301867",21253,"AGUIA DE HAIA, AV",NA,"",2700,"","24/06/2013 20:56",4,"AT",64,6897," "," ",0,1,0,0,0,0,0,0,0,0,0,0,0,0,0,0,0,21253,"AGUIA DE HAIA, AV",NA,"",0,"NULL",1,0,"AGUIA DE HAIA, AV 2700 SAO PAULO SP",-23.5215549,-46.4754363
"12048","D061300507",6897,"FARIA LIMA, AV BRIG",NA,"",3000,"","24/06/2013 22:58",2,"CO",14,6487," "," ",1,1,0,0,0,0,0,0,0,0,0,1,0,0,0,0,0,6897,"FARIA LIMA, AV BRIG",NA,"",63,"PINHEIROS",1,0,"FARIA LIMA, AV BRIG 3000 SAO PAULO SP",-23.5907334,-46.6821098
"12049","D061301185",9066,"IMBIRAS, RUA",NA,"",297,"","25/06/2013 00:42",2,"CO",73,6856," "," ",3,0,0,1,0,0,0,0,0,0,0,0,0,0,0,0,0,9066,"IMBIRAS, RUA",NA,"",83,"TREMEMBE",3,0,"IMBIRAS, RUA 297 SAO PAULO SP",-23.4636372,-46.5956965
"12050","D061301600",10270,"JOAO DIAS, AV",NA,"",2780,"","25/06/2013 04:00",2,"CO",92,5159," "," ",0,1,0,0,0,0,0,0,0,0,0,0,0,0,0,1,0,10270,"JOAO DIAS, AV",NA,"",72,"SANTO AMARO",1,0,"JOAO DIAS, AV 2780 SAO PAULO SP",-23.6441836,-46.7319007
"12051","D061302052",17824,"SAPOPEMBA, AV",NA,"",12360,"","25/06/2013 04:20",4,"AT",69,6818," "," ",1,0,0,0,0,0,0,0,0,0,0,0,0,0,0,0,0,17824,"SAPOPEMBA, AV",NA,"",33,"IPIRANGA",1,0,"SAPOPEMBA, AV 12360 SAO PAULO SP",-23.6126238,-46.4882577
"12052","D061302105",15967,"PEDRO I, AV DOM",NA,"",982,"","25/06/2013 05:11",2,"QM",6,2991," "," ",0,1,0,0,0,0,0,0,0,0,0,0,0,0,0,0,0,15967,"PEDRO I, AV DOM",NA,"",12,"BUTANTA",0,1,"PEDRO I, AV DOM 982 SAO PAULO SP",-23.574057,-46.6110312
"12053","D061301469",10270,"JOAO DIAS, AV",NA,"",2200,"","25/06/2013 06:30",2,"QM",11,7392," "," ",0,1,0,0,0,0,0,0,0,0,0,0,0,0,0,1,0,10270,"JOAO DIAS, AV",NA,"",72,"SANTO AMARO",1,0,"JOAO DIAS, AV 2200 SAO PAULO SP",-23.6447354,-46.7213883
"12056","D061301410",5539,"CRISTOVAO GIRAO, RUA",NA,"",200,"","25/06/2013 07:00",2,"CH",58,1320," "," ",1,1,0,0,0,0,0,0,0,0,0,0,0,0,0,0,0,5539,"CRISTOVAO GIRAO, RUA",NA,"",87,"VILA FORMOSA",1,0,"CRISTOVAO GIRAO, RUA 200 SAO PAULO SP",-23.5661549,-46.543299
"12057","D061301727",4936,"CEMBIRA, RUA",NA,"",532,"","25/06/2013 07:30",2,"CO",22,1709," "," ",2,0,0,0,0,0,0,0,0,0,0,0,0,0,0,0,0,4936,"CEMBIRA, RUA",NA,"",86,"VILA CURUCA",1,0,"CEMBIRA, RUA 532 SAO PAULO SP",-23.5012457,-46.4276592
"12059","D061301222",7444,"FRANCISCO FRANCO MACHADO, RUA",NA,"",55,"","25/06/2013 07:35",2,"CL",90,2549," "," ",1,1,0,0,0,0,0,0,0,0,0,0,0,0,0,0,0,7444,"FRANCISCO FRANCO MACHADO, RUA",NA,"",94,"VILA MEDEIROS",1,0,"FRANCISCO FRANCO MACHADO, RUA 55 SAO PAULO SP",-23.4920695,-46.5737054
"12060","D061300150",543,"ALCANTARA MACHADO, AV",NA,"",2250,"","25/06/2013 07:53",2,"CO",8,5054," "," ",1,1,0,0,0,0,0,0,0,0,0,0,0,0,0,0,0,543,"ALCANTARA MACHADO, AV",NA,"",10,"BRAS",1,0,"ALCANTARA MACHADO, AV 2250 SAO PAULO SP",-23.5462535,-46.5989791
"12061","D061301020",34562,"JOAO PAULO I, AV",NA,"",1246,"","25/06/2013 08:00",2,"CO",28,3358," "," ",1,1,0,0,0,0,0,0,0,0,0,0,0,0,0,0,0,34562,"JOAO PAULO I, AV",NA,"",4,"ARICANDUVA",2,0,"JOAO PAULO I, AV 1246 SAO PAULO SP",-23.4831856,-46.6872943
"12062","D061301476",4371,"CARLOS GOMES, RUA",NA,"",400,"","25/06/2013 08:20",2,"CO",11,7731," "," ",0,1,0,0,0,0,0,0,0,0,0,0,0,0,0,1,0,4371,"CARLOS GOMES, RUA",NA,"",72,"SANTO AMARO",1,0,"CARLOS GOMES, RUA 400 SAO PAULO SP",-23.4694079,-46.3510185
"12063","D061301593",59676,"FRANCISCO ASSIS GARRIDO, RUA",NA,"",250,"","25/06/2013 08:30",2,"CO",92,3954," "," ",1,1,0,0,0,0,0,0,0,0,0,0,0,0,0,0,0,59676,"FRANCISCO ASSIS GARRIDO, RUA",NA,"",29,"FREGUESIA DO O",1,0,"FRANCISCO ASSIS GARRIDO, RUA 250 SAO PAULO SP",-23.656451,-46.7397886
"12064","D061301983",6927,"HARRY DANHENBERG, RUA",NA,"",46,"","25/06/2013 08:30",2,"QD",53,4590," "," ",0,0,1,0,0,0,0,0,0,0,0,0,0,0,0,0,0,6927,"HARRY DANHENBERG, RUA",NA,"",24,"CIDADE LIDER",1,0,"HARRY DANHENBERG, RUA 46 SAO PAULO SP",-23.8586379,-46.7157276
"12065","D061301793",9477,"ITAJUIBE, RUA",NA,"",858,"","25/06/2013 08:47",2,"CO",50,7839," "," ",0,0,0,0,1,0,0,1,0,0,0,0,0,0,0,0,0,9477,"ITAJUIBE, RUA",NA,"",35,"ITAIM PAULISTA",1,0,"ITAJUIBE, RUA 858 SAO PAULO SP",-23.503933,-46.3903045
"12066","D061301799",9264,"IPES, AV DOS",67835,"BALIEIRA BRANCA, RUA",0,"","25/06/2013 09:40",2,"CO",59,2197," "," ",2,0,0,0,0,0,0,0,0,0,0,0,0,0,0,0,0,9264,"IPES, AV DOS",67835,"BALIEIRA BRANCA, RUA",86,"VILA CURUCA",1,0,"IPES, AV DOS SAO PAULO SP &  BALIEIRA BRANCA, RUA SAO PAULO SP",-23.494625,-46.415071
"12067","D061300411",7658,"FUNCHAL, RUA",NA,"",222,"","25/06/2013 10:00",2,"CO",96,2969," "," ",1,1,0,0,0,0,0,0,0,0,0,0,0,0,0,0,0,7658,"FUNCHAL, RUA",NA,"",34,"ITAIM BIBI",1,0,"FUNCHAL, RUA 222 SAO PAULO SP",-23.5566941,-46.7997863
"12068","D061300825",8000,"GIOVANNI GRONCHI, AV",NA,"",3500,"","25/06/2013 10:00",2,"CO",89,5794," "," ",2,0,0,0,0,0,0,0,0,0,0,0,0,0,0,0,0,8000,"GIOVANNI GRONCHI, AV",NA,"",55,"MORUMBI",1,0,"GIOVANNI GRONCHI, AV 3500 SAO PAULO SP",-23.6114743,-46.7280182
"12069","D061301307",6440,"EMILIA MARENGO, RUA",12101,"LUCILIA DE QUEIROZ, RUA",0,"","25/06/2013 10:00",2,"CO",30,3262," "," ",2,0,0,0,0,0,0,0,0,0,0,0,0,0,0,0,0,1967,"APUCARANA, RUA",6440,"EMILIA MARENGO, RUA",82,"TATUAPE",1,0,"EMILIA MARENGO, RUA SAO PAULO SP &  LUCILIA DE QUEIROZ, RUA SAO PAULO SP",-23.554111,-46.5606591
"12070","D061300183",18197,"SILVA TELES, RUA",17278,"RODOVALHO DA FONSECA, RUA",0,"","25/06/2013 10:05",2,"CO",12,7223," "," ",1,1,0,0,0,0,0,0,0,0,0,0,0,0,0,0,0,17278,"RODOVALHO DA FONSECA, RUA",18197,"SILVA TELES, RUA",NA,"",1,0,"SILVA TELES, RUA SAO PAULO SP &  RODOVALHO DA FONSECA, RUA SAO PAULO SP",-23.5299486,-46.6104577
"12071","D061302130",15032,"ORATORIO, AV DO",14792,"NOVA TIMBOTEUA, RUA",0,"","25/06/2013 11:00",4,"AT",70,3077," "," ",0,0,1,0,0,0,0,0,0,0,0,0,0,0,0,0,0,14792,"NOVA TIMBOTEUA, RUA",15032,"ORATORIO, AV DO",74,"SAO LUCAS",0,1,"ORATORIO, AV DO SAO PAULO SP &  NOVA TIMBOTEUA, RUA SAO PAULO SP",-23.5978656,-46.5401521
"12072","D061301004",99052,"SANTA INES, ES",NA,"",434,"","25/06/2013 11:20",2,"CO",20,900117," "," ",1,1,0,0,0,0,0,0,0,0,0,0,0,0,0,0,0,99052,"SANTA INES, ES",NA,"",13,"CACHOEIRINHA",1,0,"SANTA INES, ES 434 SAO PAULO SP",-23.4247784,-46.66141
"12075","D061301847",13881,"MIGUEL, AV S",NA,"",6300,"","25/06/2013 12:00",2,"CO",63,5350," "," ",1,1,0,0,0,0,0,0,0,0,0,0,0,0,0,0,0,13881,"MIGUEL, AV S",NA,"",65,"PONTE RASA",1,0,"MIGUEL, AV S 6300 SAO PAULO SP",-23.5045497,-46.4733051
"12076","D061301308",34122,"MELO FREIRE, RUA",7014,"FERNANDES PINHEIRO, RUA",0,"","25/06/2013 12:09",2,"CO",30,3264," "," ",1,1,0,0,0,0,0,0,0,0,0,0,0,0,0,0,0,7014,"FERNANDES PINHEIRO, RUA",34122,"MELO FREIRE, RUA",82,"TATUAPE",1,0,"MELO FREIRE, RUA SAO PAULO SP &  FERNANDES PINHEIRO, RUA SAO PAULO SP",-23.5391715,-46.5695321
"12077","D061301954",21220,"CADENCIA, RUA",NA,"",127,"","25/06/2013 13:24",4,"AT",49,8871," "," ",1,0,0,0,0,0,0,0,0,0,0,0,0,0,0,0,0,21220,"CADENCIA, RUA",NA,"",75,"SAO MATEUS",1,0,"CADENCIA, RUA 127 SAO PAULO SP",-23.6093738,-46.4642716
"12078","D061301782",9806,"PIRES DO RIO, AV",NA,"",2980,"","25/06/2013 13:30",2,"CO",32,8197," "," ",1,0,0,0,0,0,0,1,0,0,0,0,0,0,0,0,0,9806,"PIRES DO RIO, AV",NA,"",76,"SAO MIGUEL",2,0,"PIRES DO RIO, AV 2980 SAO PAULO SP",-23.523414,-46.4437878
"12079","D061301800",4751,"TOMAS LOPES DE CAMARGO, AV",NA,"",100,"","25/06/2013 13:42",2,"CF",59,2204," "," ",1,1,0,0,0,0,0,0,0,0,0,0,0,0,0,0,0,4751,"TOMAS LOPES DE CAMARGO, AV",NA,"",54,"MOOCA",1,0,"TOMAS LOPES DE CAMARGO, AV 100 SAO PAULO SP",-23.4828011,-46.383454
"12081","D061301764",98965,"CALIM EID, AV",NA,"",444,"","25/06/2013 14:33",2,"CO",24,6924," "," ",1,1,0,0,0,0,0,0,0,0,0,0,0,0,0,0,0,98965,"CALIM EID, AV",NA,"",60,"PENHA",1,0,"CALIM EID, AV 444 SAO PAULO SP",-23.5202952,-46.5084955
"12082","D061301575",15507,"TEOTONIO VILELA, AV SEN",NA,"",7200,"","25/06/2013 15:22",4,"AT",85,3024," "," ",1,0,0,0,0,0,0,0,0,0,0,0,0,0,0,0,0,15507,"TEOTONIO VILELA, AV SEN",NA,"",23,"CIDADE DUTRA",1,0,"TEOTONIO VILELA, AV SEN 7200 SAO PAULO SP",-23.7592943,-46.7153536
"12083","D061300564",8811,"HOMEM DE MELO, RUA DR",4248,"CARDOSO DE ALMEIDA, RUA",0,"","25/06/2013 16:00",4,"AT",23,4771," "," ",0,0,0,0,0,0,0,0,0,0,0,0,0,0,0,1,0,4248,"CARDOSO DE ALMEIDA, RUA",8811,"HOMEM DE MELO, RUA DR",61,"PERDIZES",1,0,"HOMEM DE MELO, RUA DR SAO PAULO SP &  CARDOSO DE ALMEIDA, RUA SAO PAULO SP",-23.5387026,-46.665355
"12085","D061300392",19583,"VERGUEIRO, RUA",14326,"MURIAE, RUA",0,"","25/06/2013 17:00",2,"CL",95,2921," "," ",1,1,0,0,0,0,0,0,0,0,0,0,0,0,0,0,0,14326,"MURIAE, RUA",19583,"VERGUEIRO, RUA",33,"IPIRANGA",1,0,"VERGUEIRO, RUA SAO PAULO SP &  MURIAE, RUA SAO PAULO SP",-23.6104332,-46.6085751