"","id_acidente","codloga","logradouroA","codlogb","logradouroB","alt_num","referencia","data","cod_acid","tipo_acidente","dp","numero_BO","sentido","pista","automovel","moto","onibus","caminhao","bicicleta","moto_taxi","onibus_fretado","onibus_urbano","microonibus","van","vuc","caminhonete","carreta","jipe","outros","sem_informacao","carroca","princ_a","paiA","princ_b","paiB","cod_distrito","distrito","vit_ferida","vit_morta","local","lat","lon"
"12086","D061300594",1232,"ANASTACIO, AV DO",NA,"",500,"","25/06/2013 17:40",2,"QM",33,6081," "," ",0,1,0,0,0,0,0,0,0,0,0,0,0,0,0,0,0,1232,"ANASTACIO, AV DO",NA,"",73,"SAO DOMINGOS",1,0,"ANASTACIO, AV DO 500 SAO PAULO SP",-23.5038115,-46.7330684
"12087","D061301693",15507,"TEOTONIO VILELA, AV SEN",NA,"",2000,"","25/06/2013 18:20",2,"QM",101,5031," "," ",0,1,0,0,0,0,0,0,0,0,0,0,0,0,0,0,0,15507,"TEOTONIO VILELA, AV SEN",NA,"",23,"CIDADE DUTRA",1,0,"TEOTONIO VILELA, AV SEN 2000 SAO PAULO SP",-23.7188008,-46.6989695
"12088","D061300972",12897,"MARCELINO MACHADO, PCA",17577,"SABOIA DE MEDEIROS, RUA PDE",0,"","25/06/2013 18:25",2,"CO",19,6022," "," ",1,1,0,0,0,0,0,0,0,0,0,0,0,0,0,0,0,12897,"MARCELINO MACHADO, PCA",17577,"SABOIA DE MEDEIROS, RUA PDE",NA,"",1,0,"MARCELINO MACHADO, PCA SAO PAULO SP &  SABOIA DE MEDEIROS, RUA PDE SAO PAULO SP",-23.4979035,-46.5859068
"12089","D061301229",15126,"OSCAR ROSSINI, RUA CABO",3615,"BASILIO NOGUEIRA DA COSTA, AL PSARG",0,"","25/06/2013 18:41",2,"CO",90,6852," "," ",0,1,0,0,0,0,0,0,0,0,0,1,0,0,0,0,0,3615,"BASILIO NOGUEIRA DA COSTA, AL PSARG",15126,"OSCAR ROSSINI, RUA CABO",91,"VILA MARIA",1,0,"OSCAR ROSSINI, RUA CABO SAO PAULO SP &  BASILIO NOGUEIRA DA COSTA, AL PSARG SAO PAULO SP",-23.5160731,-46.570264
"12090","D061300643",73482,"BONIFACIO DUX, RUA FREI",NA,"",87,"","25/06/2013 18:50",4,"AT",34,5754," "," ",1,0,0,0,0,0,0,0,0,0,0,0,0,0,0,0,0,73482,"BONIFACIO DUX, RUA FREI",NA,"",13,"CACHOEIRINHA",1,0,"BONIFACIO DUX, RUA FREI 87 SAO PAULO SP",-23.6021506,-46.7281045
"12091","D061301896",16679,"PUCCI, RUA CAP",NA,"",100,"","25/06/2013 19:00",4,"AT",68,7870," "," ",1,0,0,0,0,0,0,0,0,0,0,0,0,0,0,0,0,16679,"PUCCI, RUA CAP",NA,"",50,"LIMAO",1,0,"PUCCI, RUA CAP 100 SAO PAULO SP",-23.542024,-46.4093189
"12092","D061301747",17820,"TITO, AV MAL",NA,"",2068,"","25/06/2013 19:30",2,"CO",22,5359," "," ",1,1,0,0,0,0,0,0,0,0,0,0,0,0,0,0,0,17820,"TITO, AV MAL",NA,"",53,"MOEMA",1,0,"TITO, AV MAL 2068 SAO PAULO SP",-23.4947324,-46.4262932
"12093","D061300672",99949,"CARLOS CALDEIRA FILHO, AV",17566,"SABIN, AV",0,"","25/06/2013 20:00",2,"SI",37,5752," "," ",0,1,0,0,0,0,0,0,0,0,0,0,0,0,0,0,0,17566,"SABIN, AV",99949,"CARLOS CALDEIRA FILHO, AV",19,"CAPAO REDONDO",2,0,"CARLOS CALDEIRA FILHO, AV SAO PAULO SP &  SABIN, AV SAO PAULO SP",-23.6481998,-46.7582692
"12094","D061300463",6544,"ERMANO MARCHETTI, AV",41846,"PEDRO CORAZZA, PCA DR",0,"","25/06/2013 20:06",2,"CL",7,7177," "," ",0,2,0,0,0,0,0,0,0,0,0,0,0,0,0,0,0,6471,"SAO VICENTE, AV MARQ DE",41846,"PEDRO CORAZZA, PCA DR",6,"BARRA FUNDA",1,0,"ERMANO MARCHETTI, AV SAO PAULO SP &  PEDRO CORAZZA, PCA DR SAO PAULO SP",-23.5138014,-46.7023128
"12095","D061300129",10908,"JOSE DE QUEIROS ARANHA, RUA DR",553,"ALCEU WAMOSY, RUA",0,"","25/06/2013 20:30",4,"AT",6,5067," "," ",1,0,0,0,0,0,0,0,0,0,0,0,0,0,0,0,0,553,"ALCEU WAMOSY, RUA",10908,"JOSE DE QUEIROS ARANHA, RUA DR",92,"VILA MARIANA",1,0,"JOSE DE QUEIROS ARANHA, RUA DR SAO PAULO SP &  ALCEU WAMOSY, RUA SAO PAULO SP",-23.5804687,-46.6366519
"12096","D061300780",8603,"HEITOR ANTONIO EIRAS GARCIA, AV ENG",NA,"",100,"","25/06/2013 21:00",2,"CO",75,5757," "," ",1,1,0,0,0,0,0,0,0,0,0,0,0,0,0,0,0,8603,"HEITOR ANTONIO EIRAS GARCIA, AV ENG",NA,"",68,"RIO PEQUENO",1,0,"HEITOR ANTONIO EIRAS GARCIA, AV ENG 100 SAO PAULO SP",-23.5736649,-46.7371901
"12097","D061302007",26565,"SOUZA RAMOS, AV",NA,"",39,"","25/06/2013 21:00",4,"AT",54,8896," "," ",1,0,0,0,0,0,0,0,0,0,0,0,0,0,0,0,0,26565,"SOUZA RAMOS, AV",NA,"",50,"LIMAO",1,0,"SOUZA RAMOS, AV 39 SAO PAULO SP",-23.5683159,-46.4136381
"12098","D061301567",20048,"YERVANT KISSAJIKIAN, AV",NA,"",1757,"","25/06/2013 22:00",4,"AT",80,6813," "," ",1,0,0,0,0,0,0,0,0,0,0,0,0,0,0,0,0,20048,"YERVANT KISSAJIKIAN, AV",NA,"",29,"FREGUESIA DO O",1,0,"YERVANT KISSAJIKIAN, AV 1757 SAO PAULO SP",-23.67421,-46.6634052
"12099","D061302106",1571,"ANTONIO AYROSA, RUA",NA,"",446,"","25/06/2013 23:09",2,"TB",33,6083," "," ",0,1,0,0,0,0,0,0,0,0,0,0,0,0,0,0,0,1571,"ANTONIO AYROSA, RUA",NA,"",39,"JAGUARA",1,1,"ANTONIO AYROSA, RUA 446 SAO PAULO SP",-23.5130331,-46.7541792
"12100","D061301692",10036,"JEQUIRITUBA, RUA",NA,"",2700,"","25/06/2013 23:12",2,"CO",101,5008,"B"," ",0,1,0,0,0,0,0,0,0,0,0,0,0,0,0,0,0,10036,"JEQUIRITUBA, RUA",NA,"",30,"GRAJAU",1,0,"JEQUIRITUBA, RUA 2700 SAO PAULO SP",-23.7420106,-46.6820441
"12101","D061301252",25957,"ARICANDUVA, PTE",NA,"",10,"","25/06/2013 23:30",2,"CO",10,7255," "," ",0,1,0,0,0,0,0,0,0,0,0,0,0,0,0,1,0,25957,"ARICANDUVA, PTE",NA,"",3,"ANHANGUERA",1,0,"ARICANDUVA, PTE 10 SAO PAULO SP",-23.5988586,-46.5185365
"12103","D061300714",43031,"PAULO ZINGG, AV JORN",NA,"",100,"","25/06/2013 23:50",2,"CO",46,6082," "," ",0,2,0,0,0,0,0,0,0,0,0,0,0,0,0,0,0,43031,"PAULO ZINGG, AV JORN",NA,"",31,"GUAIANASES",2,0,"PAULO ZINGG, AV JORN 100 SAO PAULO SP",-23.4828613,-46.7677427
"12106","D061300621",15270,"PACAEMBU, AV",NA,"",4144,"","26/06/2013 03:10",2,"CH",34,3759," "," ",1,0,0,0,0,0,0,0,0,0,0,0,0,0,0,0,0,15270,"PACAEMBU, AV",NA,"",19,"CAPAO REDONDO",1,0,"PACAEMBU, AV 4144 SAO PAULO SP",-23.56269,-46.6551384
"12107","D061301186",6428,"EMERENCIANA, RUA IRMA",NA,"",461,"","26/06/2013 04:30",2,"CH",73,6875," "," ",0,0,0,0,0,0,0,0,0,0,0,0,0,0,0,1,0,6428,"EMERENCIANA, RUA IRMA",NA,"",38,"JACANA",1,0,"EMERENCIANA, RUA IRMA 461 SAO PAULO SP",-23.4667338,-46.5800606
"12108","D061301987",36385,"GO SUGAYA, RUA",NA,"",300,"","26/06/2013 05:40",4,"AT",53,4668," "," ",0,1,0,0,0,0,0,0,0,0,0,0,0,0,0,0,0,36385,"GO SUGAYA, RUA",NA,"",50,"LIMAO",1,0,"GO SUGAYA, RUA 300 SAO PAULO SP",-23.5866365,-46.4347909
"12109","D061301450",6337,"ELIAS ZARZUR, RUA COMEN",10628,"JOB LANE, RUA",0,"","26/06/2013 06:30",4,"AT",11,6766," "," ",1,0,0,0,0,0,0,0,0,0,0,0,0,0,0,0,0,6337,"ELIAS ZARZUR, RUA COMEN",10628,"JOB LANE, RUA",72,"SANTO AMARO",1,0,"ELIAS ZARZUR, RUA COMEN SAO PAULO SP &  JOB LANE, RUA SAO PAULO SP",-23.6510504,-46.701594
"12110","D061300620",16337,"ELISEU DE ALMEIDA, AV",19145,"TRES PODERES, AV DOS",0,"","26/06/2013 06:30",2,"CO",34,3758," "," ",0,0,0,0,0,0,0,0,0,0,0,2,0,0,0,0,0,16337,"ELISEU DE ALMEIDA, AV",19145,"TRES PODERES, AV DOS",12,"BUTANTA",2,0,"ELISEU DE ALMEIDA, AV SAO PAULO SP &  TRES PODERES, AV DOS SAO PAULO SP",-23.580821,-46.721895
"12111","D061300248",9200,"NHANDU, AV",2634,"AUETIS, AL DOS",0,"","26/06/2013 07:10",2,"CO",16,8747," "," ",2,0,0,0,0,0,0,0,0,0,0,0,0,0,0,0,0,2634,"AUETIS, AL DOS",9200,"NHANDU, AV",79,"SAUDE",1,0,"NHANDU, AV SAO PAULO SP &  AUETIS, AL DOS SAO PAULO SP",-23.6167966,-46.6452186
"12112","D061300944",21876,"CAMPO DE BAGATELLE, PCA",NA,"",100,"","26/06/2013 07:10",2,"QM",13,7141," "," ",0,1,0,0,0,0,0,0,0,0,0,0,0,0,0,0,0,21876,"CAMPO DE BAGATELLE, PCA",NA,"",8,"BELEM",1,0,"CAMPO DE BAGATELLE, PCA 100 SAO PAULO SP",-23.5147611,-46.6283227
"12113","D061301388",24338,"LUIZ IGNACIO ANHAIA MELLO, AV PROF",NA,"",1511,"","26/06/2013 07:15",4,"AT",56,4323," "," ",0,1,0,0,0,0,0,0,0,0,0,0,0,0,0,0,0,24338,"LUIZ IGNACIO ANHAIA MELLO, AV PROF",NA,"",26,"CONSOLACAO",1,0,"LUIZ IGNACIO ANHAIA MELLO, AV PROF 1511 SAO PAULO SP",-23.5844928,-46.5792739
"12114","D061300167",15652,"PAULINO GUIMARAES, RUA",NA,"",73,"","26/06/2013 07:20",2,"CO",12,3492," "," ",1,0,0,0,0,0,0,1,0,0,0,0,0,0,0,0,0,15652,"PAULINO GUIMARAES, RUA",NA,"",9,"BOM RETIRO",3,0,"PAULINO GUIMARAES, RUA 73 SAO PAULO SP",-23.5241412,-46.6280192
"12115","D061301875",9580,"ITAQUERA, AV",NA,"",7374,"","26/06/2013 07:30",4,"AT",65,2159," "," ",0,1,0,0,0,0,0,0,0,0,0,0,0,0,0,0,0,9580,"ITAQUERA, AV",NA,"",24,"CIDADE LIDER",1,0,"ITAQUERA, AV 7374 SAO PAULO SP",-23.5462097,-46.4610711
"12117","D061301484",38475,"HENRIQUE MUZZIO, RUA",NA,"",154,"","26/06/2013 08:00",4,"AT",25,1656," "," ",1,0,0,0,0,0,0,0,0,0,0,0,0,0,0,0,0,38475,"HENRIQUE MUZZIO, RUA",NA,"",32,"IGUATEMI",1,0,"HENRIQUE MUZZIO, RUA 154 SAO PAULO SP",-23.7871134,-46.6848322
"12119","D061300694",1429,"ANHANGUERA, VIA",NA,"",21000,"","26/06/2013 09:00",2,"CO",46,2897," "," ",1,1,0,0,0,0,0,0,0,0,0,1,0,0,0,0,0,1429,"ANHANGUERA, VIA",NA,"",73,"SAO DOMINGOS",1,0,"ANHANGUERA, VIA 21000 SAO PAULO SP",-23.4900941,-46.7665396
"12120","D061300099",1845,"ANTONIO PRUDENTE, RUA PROF",NA,"",210,"","26/06/2013 09:30",2,"CO",5,3331," "," ",1,1,0,0,0,0,0,0,0,0,0,0,0,0,0,0,0,1845,"ANTONIO PRUDENTE, RUA PROF",NA,"",49,"LIBERDADE",1,0,"ANTONIO PRUDENTE, RUA PROF 210 SAO PAULO SP",-23.5659064,-46.6375768
"12121","D061300731",16878,"RAPOSO TAVARES, VIA",NA,"",12800,"","26/06/2013 10:30",2,"CO",51,2867," "," ",0,2,0,0,0,0,0,0,0,0,0,0,0,0,0,0,0,16878,"RAPOSO TAVARES, VIA",NA,"",13,"CACHOEIRINHA",1,0,"RAPOSO TAVARES, VIA 12800 SAO PAULO SP",-23.5325862,-48.4380912
"12122","D061300657",99949,"CARLOS CALDEIRA FILHO, AV",34682,"CAMPO LIMPO, ES DO",0,"","26/06/2013 11:31",2,"QM",37,4910,"C"," ",0,1,0,0,0,0,0,0,0,0,0,0,0,0,0,0,0,34682,"CAMPO LIMPO, ES DO",99949,"CARLOS CALDEIRA FILHO, AV",45,"JARDIM SAO LUIS",1,0,"CARLOS CALDEIRA FILHO, AV SAO PAULO SP &  CAMPO LIMPO, ES DO SAO PAULO SP",-23.6481998,-46.7582692
"12123","D061300890",2455,"ATALIBA LEONEL, AV GAL",14347,"AZIR ANTONIO SALTON, RUA",0,"","26/06/2013 12:00",2,"CO",9,3552,"B"," ",2,0,0,0,0,0,0,0,0,0,0,0,0,0,0,0,0,2455,"ATALIBA LEONEL, AV GAL",14347,"AZIR ANTONIO SALTON, RUA",88,"VILA GUILHERME",1,0,"ATALIBA LEONEL, AV GAL SAO PAULO SP &  AZIR ANTONIO SALTON, RUA SAO PAULO SP",-23.4953219,-46.6109674
"12124","D061301985",13294,"MARIA LUIZA AMERICANO, AV",NA,"",2000,"","26/06/2013 12:00",2,"CO",53,4617," "," ",1,1,0,0,0,0,0,0,0,0,0,0,0,0,0,0,0,13294,"MARIA LUIZA AMERICANO, AV",NA,"",58,"PARQUE DO CARMO",1,0,"MARIA LUIZA AMERICANO, AV 2000 SAO PAULO SP",-23.5646417,-46.4744185
"12125","D061300537",4933,"CIDADE JARDIM, AV",NA,"",4300,"","26/06/2013 12:30",2,"CO",15,7508,"C"," ",1,1,0,0,0,0,0,0,0,0,0,0,0,0,0,0,0,4933,"CIDADE JARDIM, AV",NA,"",63,"PINHEIROS",1,0,"CIDADE JARDIM, AV 4300 SAO PAULO SP",-23.5813192,-46.6845938
"12126","D061301955",22161,"NEBULOSAS, RUA",NA,"",50,"","26/06/2013 13:00",4,"AT",49,8923," "," ",0,1,0,0,0,0,0,0,0,0,0,0,0,0,0,0,0,22161,"NEBULOSAS, RUA",NA,"",55,"MORUMBI",1,0,"NEBULOSAS, RUA 50 SAO PAULO SP",-23.6117083,-46.4648905
"12127","D061301956",68027,"ANTONIO ASSUNCAO FERREIRA, RUA",NA,"",293,"","26/06/2013 14:00",4,"AT",49,8926," "," ",0,0,0,0,0,0,0,0,0,0,0,1,0,0,0,0,0,68027,"ANTONIO ASSUNCAO FERREIRA, RUA",NA,"",55,"MORUMBI",1,0,"ANTONIO ASSUNCAO FERREIRA, RUA 293 SAO PAULO SP",-23.598691,-46.4531835
"12128","D061301021",36284,"PETRONIO PORTELA, AV MIN",NA,"",281,"","26/06/2013 14:10",2,"CO",28,3390," "," ",1,1,0,0,0,0,0,0,0,0,0,0,0,0,0,0,0,36284,"PETRONIO PORTELA, AV MIN",NA,"",4,"ARICANDUVA",1,0,"PETRONIO PORTELA, AV MIN 281 SAO PAULO SP",-23.4963226,-46.7029975
"12130","D061301395",17961,"SEBASTIAO PRETO, RUA",NA,"",77,"","26/06/2013 14:20",2,"CO",57,2565," "," ",1,1,0,0,0,0,0,0,0,0,0,0,0,0,0,0,0,17961,"SEBASTIAO PRETO, RUA",NA,"",33,"IPIRANGA",1,0,"SEBASTIAO PRETO, RUA 77 SAO PAULO SP",-23.5682171,-46.5880593
"12131","D061301884",72808,"GERONIMO BARBOSA DA SILVA, RUA",NA,"",1400,"","26/06/2013 14:50",2,"CL",67,1722," "," ",0,1,0,0,0,0,0,1,0,0,0,0,0,0,0,0,0,72808,"GERONIMO BARBOSA DA SILVA, RUA",NA,"",50,"LIMAO",1,0,"GERONIMO BARBOSA DA SILVA, RUA 1400 SAO PAULO SP",-23.5204485,-46.3999723
"12132","D061301541",35658,"GARCIA DE ORTA, RUA",NA,"",561,"","26/06/2013 16:00",2,"QM",47,8485," "," ",0,1,0,0,0,0,0,0,0,0,0,0,0,0,0,0,0,35658,"GARCIA DE ORTA, RUA",NA,"",29,"FREGUESIA DO O",1,0,"GARCIA DE ORTA, RUA 561 SAO PAULO SP",-23.685671,-46.7910295
"12133","D061301623",22144,"CARLOS DE REZENDE ENOUT, RUA DR",NA,"",587,"","26/06/2013 16:10",2,"CO",98,6837," "," ",1,1,0,0,0,0,0,0,0,0,0,0,0,0,0,0,0,22144,"CARLOS DE REZENDE ENOUT, RUA DR",NA,"",29,"FREGUESIA DO O",2,0,"CARLOS DE REZENDE ENOUT, RUA DR 587 SAO PAULO SP",-23.702621,-46.6386349
"12134","D061300961",541,"ALCANTARA, RUA",967,"AMAMBAI, RUA",0,"","26/06/2013 16:30",2,"CO",19,2405," "," ",1,0,0,0,0,0,0,0,0,0,0,1,0,0,0,0,0,541,"ALCANTARA, RUA",967,"AMAMBAI, RUA",91,"VILA MARIA",1,0,"ALCANTARA, RUA SAO PAULO SP &  AMAMBAI, RUA SAO PAULO SP",-23.5232036,-46.5919291
"12136","D061301309",9572,"ITAPURA, RUA",2673,"AZEVEDO SOARES, RUA",0,"","26/06/2013 16:41",2,"CO",30,3295," "," ",0,1,0,0,0,0,0,0,0,0,0,1,0,0,0,0,0,2673,"AZEVEDO SOARES, RUA",9572,"ITAPURA, RUA",82,"TATUAPE",1,0,"ITAPURA, RUA SAO PAULO SP &  AZEVEDO SOARES, RUA SAO PAULO SP",-23.5454198,-46.5662715
"12137","D061301657",7917,"GERALDO SANT'ANA, AV SARG",NA,"",1250,"","26/06/2013 17:00",2,"CO",99,7452," "," ",2,1,0,0,0,0,0,0,0,0,0,0,0,0,0,0,0,7917,"GERALDO SANT'ANA, AV SARG",NA,"",16,"CAMPO GRANDE",1,0,"GERALDO SANT'ANA, AV SARG 1250 SAO PAULO SP",-23.6647592,-46.6791525
"12138","D061301495",32541,"PAULO GUILGUER REIMBERG, AV",NA,"",32,"","26/06/2013 17:15",2,"QD",25,5041,"B"," ",0,0,0,0,0,0,0,1,0,0,0,0,0,0,0,0,0,32541,"PAULO GUILGUER REIMBERG, AV",NA,"",32,"IGUATEMI",1,0,"PAULO GUILGUER REIMBERG, AV 32 SAO PAULO SP",-23.7689079,-46.716188
"12140","D061300424",14267,"MORUMBI, AV",NA,"",8824,"","26/06/2013 18:10",4,"AT",96,6789," "," ",1,0,0,0,0,0,0,0,0,0,0,0,0,0,0,0,0,14267,"MORUMBI, AV",NA,"",55,"MORUMBI",1,0,"MORUMBI, AV 8824 SAO PAULO SP",-23.6212408,-46.6899081
"12141","D061301294",27094,"SALIM FARAH MALUF, AV",17824,"SAPOPEMBA, AV",0,"","26/06/2013 18:20",2,"CT",29,4335," "," ",1,1,0,0,0,0,0,0,0,0,0,0,0,0,0,0,0,126,"ACRE, RUA DO",27094,"SALIM FARAH MALUF, AV",1,"AGUA RASA",1,0,"SALIM FARAH MALUF, AV SAO PAULO SP &  SAPOPEMBA, AV SAO PAULO SP",-23.5555392,-46.5773751
"12142","D061302131",8670,"HENRIQUE, RUA STO",9632,"ITINGUCU, RUA",0,"","26/06/2013 18:20",4,"AT",24,6975," "," ",0,0,1,0,0,0,0,0,0,0,0,0,0,0,0,0,0,8670,"HENRIQUE, RUA STO",9632,"ITINGUCU, RUA",60,"PENHA",0,1,"HENRIQUE, RUA STO SAO PAULO SP &  ITINGUCU, RUA SAO PAULO SP",-23.5257532,-46.4991258
"12145","D061301915",11341,"JULIO PARIGOT, RUA",98256,"EMILIO MENEGHINI, AV VER",0,"","26/06/2013 18:40",2,"CL",41,6892," "," ",0,1,0,0,0,0,0,0,0,0,0,1,0,0,0,0,0,11341,"JULIO PARIGOT, RUA",98256,"EMILIO MENEGHINI, AV VER",4,"ARICANDUVA",2,0,"JULIO PARIGOT, RUA SAO PAULO SP &  EMILIO MENEGHINI, AV VER SAO PAULO SP",-23.5711752,-46.5129719
"12146","D061301723",8368,"GUARAPIRANGA, AV",NA,"",173,"","26/06/2013 18:45",2,"CO",102,7455," "," ",1,1,0,0,0,0,0,0,0,0,0,0,0,0,0,0,0,8368,"GUARAPIRANGA, AV",NA,"",45,"JARDIM SAO LUIS",1,0,"GUARAPIRANGA, AV 173 SAO PAULO SP",-23.669937,-46.7341108
"12148","D061300751",5309,"CORIFEU DE AZEVEDO MARQUES, AV",NA,"",1350,"","26/06/2013 19:12",2,"QM",51,6556," "," ",0,1,0,0,0,0,0,0,0,0,0,0,0,0,0,0,0,5309,"CORIFEU DE AZEVEDO MARQUES, AV",NA,"",12,"BUTANTA",1,0,"CORIFEU DE AZEVEDO MARQUES, AV 1350 SAO PAULO SP",-23.5740215,-46.7268236
"12149","D061301766",954,"AMADOR BUENO DA VEIGA, AV",NA,"",2550,"","26/06/2013 19:40",4,"AT",24,6978," "," ",0,0,0,0,0,0,0,1,0,0,0,0,0,0,0,0,0,954,"AMADOR BUENO DA VEIGA, AV",NA,"",60,"PENHA",1,0,"AMADOR BUENO DA VEIGA, AV 2550 SAO PAULO SP",-23.5231283,-46.5212392
"12150","D061300533",7691,"GABRIEL MONTEIRO DA SILVA, AL",4711,"CEILAO, RUA",0,"","26/06/2013 20:30",2,"CO",15,6558," "," ",1,1,0,0,0,0,0,0,0,0,0,0,0,0,0,0,0,4711,"CEILAO, RUA",7691,"GABRIEL MONTEIRO DA SILVA, AL",63,"PINHEIROS",1,0,"GABRIEL MONTEIRO DA SILVA, AL SAO PAULO SP &  CEILAO, RUA SAO PAULO SP",-23.574341,-46.6853256
"12151","D061300908",20045,"ZARA, RUA",NA,"",1,"","26/06/2013 20:30",2,"CO",13,3233," "," ",0,1,0,0,0,0,0,0,0,0,0,1,0,0,0,0,0,20045,"ZARA, RUA",NA,"",23,"CIDADE DUTRA",1,0,"ZARA, RUA 1 SAO PAULO SP",-23.5155441,-46.6565391
"12152","D061301369",13805,"MELO PEIXOTO, RUA",6578,"ERNESTO MARIANO, RUA DR",0,"","26/06/2013 20:30",2,"CO",52,7297," "," ",1,1,0,0,0,0,0,0,0,0,0,0,0,0,0,0,0,6578,"ERNESTO MARIANO, RUA DR",13805,"MELO PEIXOTO, RUA",82,"TATUAPE",1,0,"MELO PEIXOTO, RUA SAO PAULO SP &  ERNESTO MARIANO, RUA DR SAO PAULO SP",-23.5373908,-46.5639017
"12153","D061300249",11675,"LEANDRO DUPRE, RUA",833,"ALTINO ARANTES, AV DR",0,"","26/06/2013 21:45",2,"CO",16,8785," "," ",1,1,0,0,0,0,0,0,0,0,0,0,0,0,0,0,0,833,"ALTINO ARANTES, AV DR",11675,"LEANDRO DUPRE, RUA",79,"SAUDE",1,0,"LEANDRO DUPRE, RUA SAO PAULO SP &  ALTINO ARANTES, AV DR SAO PAULO SP",-23.6938008,-46.7000485
"12154","D061300534",4933,"CIDADE JARDIM, AV",79371,"HAROLDO VELOSO, RUA BRIG",0,"","26/06/2013 22:08",2,"CO",15,6560," "," ",1,0,0,1,0,0,0,0,0,0,0,0,0,0,0,0,0,4933,"CIDADE JARDIM, AV",79371,"HAROLDO VELOSO, RUA BRIG",63,"PINHEIROS",1,0,"CIDADE JARDIM, AV SAO PAULO SP &  HAROLDO VELOSO, RUA BRIG SAO PAULO SP",-23.5807195,-46.684166
"12155","D061300284",14705,"SAUDE, RUA NSRA DA",NA,"",377,"","26/06/2013 22:25",4,"AT",26,5825," "," ",1,0,0,0,0,0,0,0,0,0,0,0,0,0,0,0,0,14705,"SAUDE, RUA NSRA DA",NA,"",69,"SACOMA",1,0,"SAUDE, RUA NSRA DA 377 SAO PAULO SP",-23.6224471,-46.61059
"12156","D061300151",6642,"ESTADO, AV DO",NA,"",4953,"","26/06/2013 23:00",2,"CL",8,5100,"C"," ",1,1,0,0,0,0,0,0,0,0,0,0,0,0,0,0,0,6642,"ESTADO, AV DO",NA,"",9,"BOM RETIRO",1,0,"ESTADO, AV DO 4953 SAO PAULO SP",-23.5713011,-46.6044841
"12157","D061301295",650,"ALEXANDRINO, RUA ALM",NA,"",608,"","26/06/2013 23:00",4,"AT",29,4341," "," ",1,0,0,0,0,0,0,0,0,0,0,0,0,0,0,0,0,650,"ALEXANDRINO, RUA ALM",NA,"",1,"AGUA RASA",1,0,"ALEXANDRINO, RUA ALM 608 SAO PAULO SP",-23.5709329,-46.5686156
"12158","D061300824",8000,"GIOVANNI GRONCHI, AV",NA,"",2800,"","26/06/2013 23:01",4,"AT",89,5781," "," ",0,1,0,0,0,0,0,0,0,0,0,0,0,0,0,0,0,8000,"GIOVANNI GRONCHI, AV",NA,"",55,"MORUMBI",2,0,"GIOVANNI GRONCHI, AV 2800 SAO PAULO SP",-23.6060396,-46.7253213
"12159","D061301957",2181,"ARICANDUVA, AV",63684,"PACHECO GATO, RUA",0,"","26/06/2013 23:30",2,"CT",49,8952," "," ",2,0,0,0,0,0,0,0,0,0,0,0,0,0,0,0,0,2181,"ARICANDUVA, AV",63684,"PACHECO GATO, RUA",NA,"",2,0,"ARICANDUVA, AV SAO PAULO SP &  PACHECO GATO, RUA SAO PAULO SP",-23.5479783,-46.5260893
"12160","D061300695",35449,"BANDEIRANTES, VIA DOS",NA,"",27000,"","27/06/2013 01:14",2,"CO",46,2915," "," ",1,0,0,0,0,0,0,0,0,0,0,1,0,0,0,0,0,35449,"BANDEIRANTES, VIA DOS",NA,"",64,"PIRITUBA",1,0,"BANDEIRANTES, VIA DOS 27000 SAO PAULO SP",-23.5962255,-46.6921266
"12161","D061300188",989,"AMARAL GURGEL, RUA",18102,"SERTORIO, RUA MAJ",0,"","27/06/2013 05:30",2,"CL",77,2722," "," ",1,0,0,0,0,0,0,0,0,0,0,0,0,0,0,1,0,989,"AMARAL GURGEL, RUA",18102,"SERTORIO, RUA MAJ",NA,"",1,0,"AMARAL GURGEL, RUA SAO PAULO SP &  SERTORIO, RUA MAJ SAO PAULO SP",-23.5419473,-46.6475939
"12162","D061300763",16878,"RAPOSO TAVARES, VIA",NA,"",16600,"","27/06/2013 05:50",2,"CO",75,2189," "," ",2,0,0,1,0,0,0,0,0,0,0,0,0,0,0,0,0,16878,"RAPOSO TAVARES, VIA",NA,"",13,"CACHOEIRINHA",1,0,"RAPOSO TAVARES, VIA 16600 SAO PAULO SP",-23.5206735,-48.4937264
"12163","D061301310",14507,"NESTOR DE BARROS, RUA",NA,"",289,"","27/06/2013 05:50",4,"AT",30,3299," "," ",0,0,1,0,0,0,0,0,0,0,0,0,0,0,0,0,0,14507,"NESTOR DE BARROS, RUA",NA,"",27,"CURSINO",1,0,"NESTOR DE BARROS, RUA 289 SAO PAULO SP",-23.5541759,-46.5587784
"12164","D061301958",13671,"MATEO BEI, AV",NA,"",856,"","27/06/2013 06:44",2,"CO",49,8966," "," ",0,1,1,0,0,0,0,0,0,0,0,0,0,0,0,0,0,13671,"MATEO BEI, AV",NA,"",75,"SAO MATEUS",1,0,"MATEO BEI, AV 856 SAO PAULO SP",-23.5909163,-46.4895262
"12165","D061300526",5105,"CLODOMIRO AMAZONAS, RUA",13898,"MIGUEL CALFAT, RUA COMEN",0,"","27/06/2013 06:50",2,"CT",15,3146," "," ",1,1,0,0,0,0,0,0,0,0,0,0,0,0,0,0,0,5105,"CLODOMIRO AMAZONAS, RUA",13898,"MIGUEL CALFAT, RUA COMEN",34,"ITAIM BIBI",1,0,"CLODOMIRO AMAZONAS, RUA SAO PAULO SP &  MIGUEL CALFAT, RUA COMEN SAO PAULO SP",-23.5903386,-46.6781311